ISO-10303-21;
HEADER;
FILE_DESCRIPTION(('Open CASCADE Model'),'2;1');
FILE_NAME('Open CASCADE Shape Model','2026-09-25T08:30:36',('Author'),(
    'Open CASCADE'),'Open CASCADE STEP processor 7.8','Open CASCADE 7.8'
  ,'Unknown');
FILE_SCHEMA(('AUTOMOTIVE_DESIGN { 1 0 10303 214 1 1 1 1 }'));
ENDSEC;
DATA;
#1 = APPLICATION_PROTOCOL_DEFINITION('international standard',
  'automotive_design',2000,#2);
#2 = APPLICATION_CONTEXT(
  'core data for automotive mechanical design processes');
#3 = SHAPE_DEFINITION_REPRESENTATION(#4,#10);
#4 = PRODUCT_DEFINITION_SHAPE('','',#5);
#5 = PRODUCT_DEFINITION('design','',#6,#9);
#6 = PRODUCT_DEFINITION_FORMATION('','',#7);
#7 = PRODUCT('Open CASCADE STEP translator 7.8 2',
  'Open CASCADE STEP translator 7.8 2','',(#8));
#8 = PRODUCT_CONTEXT('',#2,'mechanical');
#9 = PRODUCT_DEFINITION_CONTEXT('part definition',#2,'design');
#10 = ADVANCED_BREP_SHAPE_REPRESENTATION('',(#11,#15),#3095);
#11 = AXIS2_PLACEMENT_3D('',#12,#13,#14);
#12 = CARTESIAN_POINT('',(0.,0.,0.));
#13 = DIRECTION('',(0.,0.,1.));
#14 = DIRECTION('',(1.,0.,-0.));
#15 = MANIFOLD_SOLID_BREP('',#16);
#16 = CLOSED_SHELL('',(#17,#137,#443,#493,#547,#1414,#1441,#1468,#1495,
    #1522,#1529,#1605,#1654,#1703,#1730,#1799,#1846,#1893,#1918,#1987,
    #2034,#2081,#2106,#2175,#2222,#2269,#2294,#2363,#2410,#2457,#2482,
    #2551,#2598,#2645,#2670,#2739,#2786,#2833,#2858,#2927,#2974,#3021,
    #3046));
#17 = ADVANCED_FACE('',(#18),#32,.F.);
#18 = FACE_BOUND('',#19,.F.);
#19 = EDGE_LOOP('',(#20,#55,#83,#111));
#20 = ORIENTED_EDGE('',*,*,#21,.F.);
#21 = EDGE_CURVE('',#22,#24,#26,.T.);
#22 = VERTEX_POINT('',#23);
#23 = CARTESIAN_POINT('',(-42.4,-28.9,7.));
#24 = VERTEX_POINT('',#25);
#25 = CARTESIAN_POINT('',(-42.4,28.9,7.));
#26 = SURFACE_CURVE('',#27,(#31,#43),.PCURVE_S1.);
#27 = LINE('',#28,#29);
#28 = CARTESIAN_POINT('',(-42.4,-30.9,7.));
#29 = VECTOR('',#30,1.);
#30 = DIRECTION('',(0.,1.,0.));
#31 = PCURVE('',#32,#37);
#32 = PLANE('',#33);
#33 = AXIS2_PLACEMENT_3D('',#34,#35,#36);
#34 = CARTESIAN_POINT('',(-42.4,-30.9,0.));
#35 = DIRECTION('',(1.,0.,0.));
#36 = DIRECTION('',(0.,0.,1.));
#37 = DEFINITIONAL_REPRESENTATION('',(#38),#42);
#38 = LINE('',#39,#40);
#39 = CARTESIAN_POINT('',(7.,0.));
#40 = VECTOR('',#41,1.);
#41 = DIRECTION('',(0.,-1.));
#42 = ( GEOMETRIC_REPRESENTATION_CONTEXT(2) 
PARAMETRIC_REPRESENTATION_CONTEXT() REPRESENTATION_CONTEXT('2D SPACE',''
  ) );
#43 = PCURVE('',#44,#49);
#44 = PLANE('',#45);
#45 = AXIS2_PLACEMENT_3D('',#46,#47,#48);
#46 = CARTESIAN_POINT('',(-42.4,-30.9,7.));
#47 = DIRECTION('',(0.,0.,1.));
#48 = DIRECTION('',(1.,0.,0.));
#49 = DEFINITIONAL_REPRESENTATION('',(#50),#54);
#50 = LINE('',#51,#52);
#51 = CARTESIAN_POINT('',(0.,0.));
#52 = VECTOR('',#53,1.);
#53 = DIRECTION('',(0.,1.));
#54 = ( GEOMETRIC_REPRESENTATION_CONTEXT(2) 
PARAMETRIC_REPRESENTATION_CONTEXT() REPRESENTATION_CONTEXT('2D SPACE',''
  ) );
#55 = ORIENTED_EDGE('',*,*,#56,.F.);
#56 = EDGE_CURVE('',#57,#22,#59,.T.);
#57 = VERTEX_POINT('',#58);
#58 = CARTESIAN_POINT('',(-42.4,-28.9,0.));
#59 = SURFACE_CURVE('',#60,(#64,#71),.PCURVE_S1.);
#60 = LINE('',#61,#62);
#61 = CARTESIAN_POINT('',(-42.4,-28.9,0.));
#62 = VECTOR('',#63,1.);
#63 = DIRECTION('',(0.,0.,1.));
#64 = PCURVE('',#32,#65);
#65 = DEFINITIONAL_REPRESENTATION('',(#66),#70);
#66 = LINE('',#67,#68);
#67 = CARTESIAN_POINT('',(0.,-2.));
#68 = VECTOR('',#69,1.);
#69 = DIRECTION('',(1.,0.));
#70 = ( GEOMETRIC_REPRESENTATION_CONTEXT(2) 
PARAMETRIC_REPRESENTATION_CONTEXT() REPRESENTATION_CONTEXT('2D SPACE',''
  ) );
#71 = PCURVE('',#72,#77);
#72 = CYLINDRICAL_SURFACE('',#73,2.);
#73 = AXIS2_PLACEMENT_3D('',#74,#75,#76);
#74 = CARTESIAN_POINT('',(-40.4,-28.9,0.));
#75 = DIRECTION('',(0.,0.,1.));
#76 = DIRECTION('',(-1.,-0.,0.));
#77 = DEFINITIONAL_REPRESENTATION('',(#78),#82);
#78 = LINE('',#79,#80);
#79 = CARTESIAN_POINT('',(0.,0.));
#80 = VECTOR('',#81,1.);
#81 = DIRECTION('',(0.,1.));
#82 = ( GEOMETRIC_REPRESENTATION_CONTEXT(2) 
PARAMETRIC_REPRESENTATION_CONTEXT() REPRESENTATION_CONTEXT('2D SPACE',''
  ) );
#83 = ORIENTED_EDGE('',*,*,#84,.T.);
#84 = EDGE_CURVE('',#57,#85,#87,.T.);
#85 = VERTEX_POINT('',#86);
#86 = CARTESIAN_POINT('',(-42.4,28.9,0.));
#87 = SURFACE_CURVE('',#88,(#92,#99),.PCURVE_S1.);
#88 = LINE('',#89,#90);
#89 = CARTESIAN_POINT('',(-42.4,-30.9,0.));
#90 = VECTOR('',#91,1.);
#91 = DIRECTION('',(0.,1.,0.));
#92 = PCURVE('',#32,#93);
#93 = DEFINITIONAL_REPRESENTATION('',(#94),#98);
#94 = LINE('',#95,#96);
#95 = CARTESIAN_POINT('',(0.,0.));
#96 = VECTOR('',#97,1.);
#97 = DIRECTION('',(0.,-1.));
#98 = ( GEOMETRIC_REPRESENTATION_CONTEXT(2) 
PARAMETRIC_REPRESENTATION_CONTEXT() REPRESENTATION_CONTEXT('2D SPACE',''
  ) );
#99 = PCURVE('',#100,#105);
#100 = PLANE('',#101);
#101 = AXIS2_PLACEMENT_3D('',#102,#103,#104);
#102 = CARTESIAN_POINT('',(-42.4,-30.9,0.));
#103 = DIRECTION('',(0.,0.,1.));
#104 = DIRECTION('',(1.,0.,0.));
#105 = DEFINITIONAL_REPRESENTATION('',(#106),#110);
#106 = LINE('',#107,#108);
#107 = CARTESIAN_POINT('',(0.,0.));
#108 = VECTOR('',#109,1.);
#109 = DIRECTION('',(0.,1.));
#110 = ( GEOMETRIC_REPRESENTATION_CONTEXT(2) 
PARAMETRIC_REPRESENTATION_CONTEXT() REPRESENTATION_CONTEXT('2D SPACE',''
  ) );
#111 = ORIENTED_EDGE('',*,*,#112,.T.);
#112 = EDGE_CURVE('',#85,#24,#113,.T.);
#113 = SURFACE_CURVE('',#114,(#118,#125),.PCURVE_S1.);
#114 = LINE('',#115,#116);
#115 = CARTESIAN_POINT('',(-42.4,28.9,0.));
#116 = VECTOR('',#117,1.);
#117 = DIRECTION('',(0.,0.,1.));
#118 = PCURVE('',#32,#119);
#119 = DEFINITIONAL_REPRESENTATION('',(#120),#124);
#120 = LINE('',#121,#122);
#121 = CARTESIAN_POINT('',(0.,-59.8));
#122 = VECTOR('',#123,1.);
#123 = DIRECTION('',(1.,0.));
#124 = ( GEOMETRIC_REPRESENTATION_CONTEXT(2) 
PARAMETRIC_REPRESENTATION_CONTEXT() REPRESENTATION_CONTEXT('2D SPACE',''
  ) );
#125 = PCURVE('',#126,#131);
#126 = CYLINDRICAL_SURFACE('',#127,2.);
#127 = AXIS2_PLACEMENT_3D('',#128,#129,#130);
#128 = CARTESIAN_POINT('',(-40.4,28.9,0.));
#129 = DIRECTION('',(0.,0.,1.));
#130 = DIRECTION('',(-1.,-0.,0.));
#131 = DEFINITIONAL_REPRESENTATION('',(#132),#136);
#132 = LINE('',#133,#134);
#133 = CARTESIAN_POINT('',(-0.,0.));
#134 = VECTOR('',#135,1.);
#135 = DIRECTION('',(-0.,1.));
#136 = ( GEOMETRIC_REPRESENTATION_CONTEXT(2) 
PARAMETRIC_REPRESENTATION_CONTEXT() REPRESENTATION_CONTEXT('2D SPACE',''
  ) );
#137 = ADVANCED_FACE('',(#138,#337),#44,.T.);
#138 = FACE_BOUND('',#139,.T.);
#139 = EDGE_LOOP('',(#140,#141,#165,#193,#226,#254,#283,#311));
#140 = ORIENTED_EDGE('',*,*,#21,.F.);
#141 = ORIENTED_EDGE('',*,*,#142,.T.);
#142 = EDGE_CURVE('',#22,#143,#145,.T.);
#143 = VERTEX_POINT('',#144);
#144 = CARTESIAN_POINT('',(-40.4,-30.9,7.));
#145 = SURFACE_CURVE('',#146,(#151,#158),.PCURVE_S1.);
#146 = CIRCLE('',#147,2.);
#147 = AXIS2_PLACEMENT_3D('',#148,#149,#150);
#148 = CARTESIAN_POINT('',(-40.4,-28.9,7.));
#149 = DIRECTION('',(0.,0.,1.));
#150 = DIRECTION('',(0.,-1.,0.));
#151 = PCURVE('',#44,#152);
#152 = DEFINITIONAL_REPRESENTATION('',(#153),#157);
#153 = CIRCLE('',#154,2.);
#154 = AXIS2_PLACEMENT_2D('',#155,#156);
#155 = CARTESIAN_POINT('',(2.,2.));
#156 = DIRECTION('',(0.,-1.));
#157 = ( GEOMETRIC_REPRESENTATION_CONTEXT(2) 
PARAMETRIC_REPRESENTATION_CONTEXT() REPRESENTATION_CONTEXT('2D SPACE',''
  ) );
#158 = PCURVE('',#72,#159);
#159 = DEFINITIONAL_REPRESENTATION('',(#160),#164);
#160 = LINE('',#161,#162);
#161 = CARTESIAN_POINT('',(-4.712388980385,7.));
#162 = VECTOR('',#163,1.);
#163 = DIRECTION('',(1.,0.));
#164 = ( GEOMETRIC_REPRESENTATION_CONTEXT(2) 
PARAMETRIC_REPRESENTATION_CONTEXT() REPRESENTATION_CONTEXT('2D SPACE',''
  ) );
#165 = ORIENTED_EDGE('',*,*,#166,.T.);
#166 = EDGE_CURVE('',#143,#167,#169,.T.);
#167 = VERTEX_POINT('',#168);
#168 = CARTESIAN_POINT('',(40.4,-30.9,7.));
#169 = SURFACE_CURVE('',#170,(#174,#181),.PCURVE_S1.);
#170 = LINE('',#171,#172);
#171 = CARTESIAN_POINT('',(-42.4,-30.9,7.));
#172 = VECTOR('',#173,1.);
#173 = DIRECTION('',(1.,0.,0.));
#174 = PCURVE('',#44,#175);
#175 = DEFINITIONAL_REPRESENTATION('',(#176),#180);
#176 = LINE('',#177,#178);
#177 = CARTESIAN_POINT('',(0.,0.));
#178 = VECTOR('',#179,1.);
#179 = DIRECTION('',(1.,0.));
#180 = ( GEOMETRIC_REPRESENTATION_CONTEXT(2) 
PARAMETRIC_REPRESENTATION_CONTEXT() REPRESENTATION_CONTEXT('2D SPACE',''
  ) );
#181 = PCURVE('',#182,#187);
#182 = PLANE('',#183);
#183 = AXIS2_PLACEMENT_3D('',#184,#185,#186);
#184 = CARTESIAN_POINT('',(-42.4,-30.9,0.));
#185 = DIRECTION('',(0.,1.,0.));
#186 = DIRECTION('',(0.,0.,1.));
#187 = DEFINITIONAL_REPRESENTATION('',(#188),#192);
#188 = LINE('',#189,#190);
#189 = CARTESIAN_POINT('',(7.,0.));
#190 = VECTOR('',#191,1.);
#191 = DIRECTION('',(0.,1.));
#192 = ( GEOMETRIC_REPRESENTATION_CONTEXT(2) 
PARAMETRIC_REPRESENTATION_CONTEXT() REPRESENTATION_CONTEXT('2D SPACE',''
  ) );
#193 = ORIENTED_EDGE('',*,*,#194,.F.);
#194 = EDGE_CURVE('',#195,#167,#197,.T.);
#195 = VERTEX_POINT('',#196);
#196 = CARTESIAN_POINT('',(42.4,-28.9,7.));
#197 = SURFACE_CURVE('',#198,(#203,#214),.PCURVE_S1.);
#198 = CIRCLE('',#199,2.);
#199 = AXIS2_PLACEMENT_3D('',#200,#201,#202);
#200 = CARTESIAN_POINT('',(40.4,-28.9,7.));
#201 = DIRECTION('',(-0.,-0.,-1.));
#202 = DIRECTION('',(0.,-1.,0.));
#203 = PCURVE('',#44,#204);
#204 = DEFINITIONAL_REPRESENTATION('',(#205),#213);
#205 = ( BOUNDED_CURVE() B_SPLINE_CURVE(2,(#206,#207,#208,#209,#210,#211
,#212),.UNSPECIFIED.,.T.,.F.) B_SPLINE_CURVE_WITH_KNOTS((1,2,2,2,2,1),(
    -2.094395102393,0.,2.094395102393,4.188790204786,6.28318530718,
8.377580409573),.UNSPECIFIED.) CURVE() GEOMETRIC_REPRESENTATION_ITEM() 
RATIONAL_B_SPLINE_CURVE((1.,0.5,1.,0.5,1.,0.5,1.)) REPRESENTATION_ITEM(
  '') );
#206 = CARTESIAN_POINT('',(82.8,0.));
#207 = CARTESIAN_POINT('',(79.335898384862,0.));
#208 = CARTESIAN_POINT('',(81.067949192431,3.));
#209 = CARTESIAN_POINT('',(82.8,6.));
#210 = CARTESIAN_POINT('',(84.532050807569,3.));
#211 = CARTESIAN_POINT('',(86.264101615138,3.10862446895E-15));
#212 = CARTESIAN_POINT('',(82.8,0.));
#213 = ( GEOMETRIC_REPRESENTATION_CONTEXT(2) 
PARAMETRIC_REPRESENTATION_CONTEXT() REPRESENTATION_CONTEXT('2D SPACE',''
  ) );
#214 = PCURVE('',#215,#220);
#215 = CYLINDRICAL_SURFACE('',#216,2.);
#216 = AXIS2_PLACEMENT_3D('',#217,#218,#219);
#217 = CARTESIAN_POINT('',(40.4,-28.9,0.));
#218 = DIRECTION('',(0.,0.,1.));
#219 = DIRECTION('',(1.,0.,-0.));
#220 = DEFINITIONAL_REPRESENTATION('',(#221),#225);
#221 = LINE('',#222,#223);
#222 = CARTESIAN_POINT('',(4.712388980385,7.));
#223 = VECTOR('',#224,1.);
#224 = DIRECTION('',(-1.,0.));
#225 = ( GEOMETRIC_REPRESENTATION_CONTEXT(2) 
PARAMETRIC_REPRESENTATION_CONTEXT() REPRESENTATION_CONTEXT('2D SPACE',''
  ) );
#226 = ORIENTED_EDGE('',*,*,#227,.T.);
#227 = EDGE_CURVE('',#195,#228,#230,.T.);
#228 = VERTEX_POINT('',#229);
#229 = CARTESIAN_POINT('',(42.4,28.9,7.));
#230 = SURFACE_CURVE('',#231,(#235,#242),.PCURVE_S1.);
#231 = LINE('',#232,#233);
#232 = CARTESIAN_POINT('',(42.4,-30.9,7.));
#233 = VECTOR('',#234,1.);
#234 = DIRECTION('',(0.,1.,0.));
#235 = PCURVE('',#44,#236);
#236 = DEFINITIONAL_REPRESENTATION('',(#237),#241);
#237 = LINE('',#238,#239);
#238 = CARTESIAN_POINT('',(84.8,0.));
#239 = VECTOR('',#240,1.);
#240 = DIRECTION('',(0.,1.));
#241 = ( GEOMETRIC_REPRESENTATION_CONTEXT(2) 
PARAMETRIC_REPRESENTATION_CONTEXT() REPRESENTATION_CONTEXT('2D SPACE',''
  ) );
#242 = PCURVE('',#243,#248);
#243 = PLANE('',#244);
#244 = AXIS2_PLACEMENT_3D('',#245,#246,#247);
#245 = CARTESIAN_POINT('',(42.4,-30.9,0.));
#246 = DIRECTION('',(1.,0.,0.));
#247 = DIRECTION('',(0.,0.,1.));
#248 = DEFINITIONAL_REPRESENTATION('',(#249),#253);
#249 = LINE('',#250,#251);
#250 = CARTESIAN_POINT('',(7.,0.));
#251 = VECTOR('',#252,1.);
#252 = DIRECTION('',(0.,-1.));
#253 = ( GEOMETRIC_REPRESENTATION_CONTEXT(2) 
PARAMETRIC_REPRESENTATION_CONTEXT() REPRESENTATION_CONTEXT('2D SPACE',''
  ) );
#254 = ORIENTED_EDGE('',*,*,#255,.T.);
#255 = EDGE_CURVE('',#228,#256,#258,.T.);
#256 = VERTEX_POINT('',#257);
#257 = CARTESIAN_POINT('',(40.4,30.9,7.));
#258 = SURFACE_CURVE('',#259,(#264,#271),.PCURVE_S1.);
#259 = CIRCLE('',#260,2.);
#260 = AXIS2_PLACEMENT_3D('',#261,#262,#263);
#261 = CARTESIAN_POINT('',(40.4,28.9,7.));
#262 = DIRECTION('',(0.,0.,1.));
#263 = DIRECTION('',(0.,-1.,0.));
#264 = PCURVE('',#44,#265);
#265 = DEFINITIONAL_REPRESENTATION('',(#266),#270);
#266 = CIRCLE('',#267,2.);
#267 = AXIS2_PLACEMENT_2D('',#268,#269);
#268 = CARTESIAN_POINT('',(82.8,59.8));
#269 = DIRECTION('',(0.,-1.));
#270 = ( GEOMETRIC_REPRESENTATION_CONTEXT(2) 
PARAMETRIC_REPRESENTATION_CONTEXT() REPRESENTATION_CONTEXT('2D SPACE',''
  ) );
#271 = PCURVE('',#272,#277);
#272 = CYLINDRICAL_SURFACE('',#273,2.);
#273 = AXIS2_PLACEMENT_3D('',#274,#275,#276);
#274 = CARTESIAN_POINT('',(40.4,28.9,0.));
#275 = DIRECTION('',(0.,0.,1.));
#276 = DIRECTION('',(1.,0.,-0.));
#277 = DEFINITIONAL_REPRESENTATION('',(#278),#282);
#278 = LINE('',#279,#280);
#279 = CARTESIAN_POINT('',(-1.570796326795,7.));
#280 = VECTOR('',#281,1.);
#281 = DIRECTION('',(1.,0.));
#282 = ( GEOMETRIC_REPRESENTATION_CONTEXT(2) 
PARAMETRIC_REPRESENTATION_CONTEXT() REPRESENTATION_CONTEXT('2D SPACE',''
  ) );
#283 = ORIENTED_EDGE('',*,*,#284,.F.);
#284 = EDGE_CURVE('',#285,#256,#287,.T.);
#285 = VERTEX_POINT('',#286);
#286 = CARTESIAN_POINT('',(-40.4,30.9,7.));
#287 = SURFACE_CURVE('',#288,(#292,#299),.PCURVE_S1.);
#288 = LINE('',#289,#290);
#289 = CARTESIAN_POINT('',(-42.4,30.9,7.));
#290 = VECTOR('',#291,1.);
#291 = DIRECTION('',(1.,0.,0.));
#292 = PCURVE('',#44,#293);
#293 = DEFINITIONAL_REPRESENTATION('',(#294),#298);
#294 = LINE('',#295,#296);
#295 = CARTESIAN_POINT('',(0.,61.8));
#296 = VECTOR('',#297,1.);
#297 = DIRECTION('',(1.,0.));
#298 = ( GEOMETRIC_REPRESENTATION_CONTEXT(2) 
PARAMETRIC_REPRESENTATION_CONTEXT() REPRESENTATION_CONTEXT('2D SPACE',''
  ) );
#299 = PCURVE('',#300,#305);
#300 = PLANE('',#301);
#301 = AXIS2_PLACEMENT_3D('',#302,#303,#304);
#302 = CARTESIAN_POINT('',(-42.4,30.9,0.));
#303 = DIRECTION('',(0.,1.,0.));
#304 = DIRECTION('',(0.,0.,1.));
#305 = DEFINITIONAL_REPRESENTATION('',(#306),#310);
#306 = LINE('',#307,#308);
#307 = CARTESIAN_POINT('',(7.,0.));
#308 = VECTOR('',#309,1.);
#309 = DIRECTION('',(0.,1.));
#310 = ( GEOMETRIC_REPRESENTATION_CONTEXT(2) 
PARAMETRIC_REPRESENTATION_CONTEXT() REPRESENTATION_CONTEXT('2D SPACE',''
  ) );
#311 = ORIENTED_EDGE('',*,*,#312,.F.);
#312 = EDGE_CURVE('',#24,#285,#313,.T.);
#313 = SURFACE_CURVE('',#314,(#319,#330),.PCURVE_S1.);
#314 = CIRCLE('',#315,2.);
#315 = AXIS2_PLACEMENT_3D('',#316,#317,#318);
#316 = CARTESIAN_POINT('',(-40.4,28.9,7.));
#317 = DIRECTION('',(-0.,-0.,-1.));
#318 = DIRECTION('',(0.,-1.,0.));
#319 = PCURVE('',#44,#320);
#320 = DEFINITIONAL_REPRESENTATION('',(#321),#329);
#321 = ( BOUNDED_CURVE() B_SPLINE_CURVE(2,(#322,#323,#324,#325,#326,#327
,#328),.UNSPECIFIED.,.T.,.F.) B_SPLINE_CURVE_WITH_KNOTS((1,2,2,2,2,1),(
    -2.094395102393,0.,2.094395102393,4.188790204786,6.28318530718,
8.377580409573),.UNSPECIFIED.) CURVE() GEOMETRIC_REPRESENTATION_ITEM() 
RATIONAL_B_SPLINE_CURVE((1.,0.5,1.,0.5,1.,0.5,1.)) REPRESENTATION_ITEM(
  '') );
#322 = CARTESIAN_POINT('',(2.,57.8));
#323 = CARTESIAN_POINT('',(-1.464101615138,57.8));
#324 = CARTESIAN_POINT('',(0.267949192431,60.8));
#325 = CARTESIAN_POINT('',(2.,63.8));
#326 = CARTESIAN_POINT('',(3.732050807569,60.8));
#327 = CARTESIAN_POINT('',(5.464101615138,57.8));
#328 = CARTESIAN_POINT('',(2.,57.8));
#329 = ( GEOMETRIC_REPRESENTATION_CONTEXT(2) 
PARAMETRIC_REPRESENTATION_CONTEXT() REPRESENTATION_CONTEXT('2D SPACE',''
  ) );
#330 = PCURVE('',#126,#331);
#331 = DEFINITIONAL_REPRESENTATION('',(#332),#336);
#332 = LINE('',#333,#334);
#333 = CARTESIAN_POINT('',(1.570796326795,7.));
#334 = VECTOR('',#335,1.);
#335 = DIRECTION('',(-1.,0.));
#336 = ( GEOMETRIC_REPRESENTATION_CONTEXT(2) 
PARAMETRIC_REPRESENTATION_CONTEXT() REPRESENTATION_CONTEXT('2D SPACE',''
  ) );
#337 = FACE_BOUND('',#338,.T.);
#338 = EDGE_LOOP('',(#339,#367,#393,#419));
#339 = ORIENTED_EDGE('',*,*,#340,.T.);
#340 = EDGE_CURVE('',#341,#343,#345,.T.);
#341 = VERTEX_POINT('',#342);
#342 = CARTESIAN_POINT('',(40.4,-28.9,7.));
#343 = VERTEX_POINT('',#344);
#344 = CARTESIAN_POINT('',(-40.4,-28.9,7.));
#345 = SURFACE_CURVE('',#346,(#350,#356),.PCURVE_S1.);
#346 = LINE('',#347,#348);
#347 = CARTESIAN_POINT('',(-41.4,-28.9,7.));
#348 = VECTOR('',#349,1.);
#349 = DIRECTION('',(-1.,0.,0.));
#350 = PCURVE('',#44,#351);
#351 = DEFINITIONAL_REPRESENTATION('',(#352),#355);
#352 = B_SPLINE_CURVE_WITH_KNOTS('',1,(#353,#354),.UNSPECIFIED.,.F.,.F.,
  (2,2),(-81.8,-1.),.PIECEWISE_BEZIER_KNOTS.);
#353 = CARTESIAN_POINT('',(82.8,2.));
#354 = CARTESIAN_POINT('',(2.,2.));
#355 = ( GEOMETRIC_REPRESENTATION_CONTEXT(2) 
PARAMETRIC_REPRESENTATION_CONTEXT() REPRESENTATION_CONTEXT('2D SPACE',''
  ) );
#356 = PCURVE('',#357,#362);
#357 = PLANE('',#358);
#358 = AXIS2_PLACEMENT_3D('',#359,#360,#361);
#359 = CARTESIAN_POINT('',(-40.4,-28.9,2.));
#360 = DIRECTION('',(0.,1.,0.));
#361 = DIRECTION('',(0.,0.,1.));
#362 = DEFINITIONAL_REPRESENTATION('',(#363),#366);
#363 = B_SPLINE_CURVE_WITH_KNOTS('',1,(#364,#365),.UNSPECIFIED.,.F.,.F.,
  (2,2),(-81.8,-1.),.PIECEWISE_BEZIER_KNOTS.);
#364 = CARTESIAN_POINT('',(5.,80.8));
#365 = CARTESIAN_POINT('',(5.,0.));
#366 = ( GEOMETRIC_REPRESENTATION_CONTEXT(2) 
PARAMETRIC_REPRESENTATION_CONTEXT() REPRESENTATION_CONTEXT('2D SPACE',''
  ) );
#367 = ORIENTED_EDGE('',*,*,#368,.T.);
#368 = EDGE_CURVE('',#343,#369,#371,.T.);
#369 = VERTEX_POINT('',#370);
#370 = CARTESIAN_POINT('',(-40.4,28.9,7.));
#371 = SURFACE_CURVE('',#372,(#376,#382),.PCURVE_S1.);
#372 = LINE('',#373,#374);
#373 = CARTESIAN_POINT('',(-40.4,-29.9,7.));
#374 = VECTOR('',#375,1.);
#375 = DIRECTION('',(0.,1.,0.));
#376 = PCURVE('',#44,#377);
#377 = DEFINITIONAL_REPRESENTATION('',(#378),#381);
#378 = B_SPLINE_CURVE_WITH_KNOTS('',1,(#379,#380),.UNSPECIFIED.,.F.,.F.,
  (2,2),(1.,58.8),.PIECEWISE_BEZIER_KNOTS.);
#379 = CARTESIAN_POINT('',(2.,2.));
#380 = CARTESIAN_POINT('',(2.,59.8));
#381 = ( GEOMETRIC_REPRESENTATION_CONTEXT(2) 
PARAMETRIC_REPRESENTATION_CONTEXT() REPRESENTATION_CONTEXT('2D SPACE',''
  ) );
#382 = PCURVE('',#383,#388);
#383 = PLANE('',#384);
#384 = AXIS2_PLACEMENT_3D('',#385,#386,#387);
#385 = CARTESIAN_POINT('',(-40.4,-28.9,2.));
#386 = DIRECTION('',(1.,0.,0.));
#387 = DIRECTION('',(0.,0.,1.));
#388 = DEFINITIONAL_REPRESENTATION('',(#389),#392);
#389 = B_SPLINE_CURVE_WITH_KNOTS('',1,(#390,#391),.UNSPECIFIED.,.F.,.F.,
  (2,2),(1.,58.8),.PIECEWISE_BEZIER_KNOTS.);
#390 = CARTESIAN_POINT('',(5.,0.));
#391 = CARTESIAN_POINT('',(5.,-57.8));
#392 = ( GEOMETRIC_REPRESENTATION_CONTEXT(2) 
PARAMETRIC_REPRESENTATION_CONTEXT() REPRESENTATION_CONTEXT('2D SPACE',''
  ) );
#393 = ORIENTED_EDGE('',*,*,#394,.F.);
#394 = EDGE_CURVE('',#395,#369,#397,.T.);
#395 = VERTEX_POINT('',#396);
#396 = CARTESIAN_POINT('',(40.4,28.9,7.));
#397 = SURFACE_CURVE('',#398,(#402,#408),.PCURVE_S1.);
#398 = LINE('',#399,#400);
#399 = CARTESIAN_POINT('',(-41.4,28.9,7.));
#400 = VECTOR('',#401,1.);
#401 = DIRECTION('',(-1.,0.,0.));
#402 = PCURVE('',#44,#403);
#403 = DEFINITIONAL_REPRESENTATION('',(#404),#407);
#404 = B_SPLINE_CURVE_WITH_KNOTS('',1,(#405,#406),.UNSPECIFIED.,.F.,.F.,
  (2,2),(-81.8,-1.),.PIECEWISE_BEZIER_KNOTS.);
#405 = CARTESIAN_POINT('',(82.8,59.8));
#406 = CARTESIAN_POINT('',(2.,59.8));
#407 = ( GEOMETRIC_REPRESENTATION_CONTEXT(2) 
PARAMETRIC_REPRESENTATION_CONTEXT() REPRESENTATION_CONTEXT('2D SPACE',''
  ) );
#408 = PCURVE('',#409,#414);
#409 = PLANE('',#410);
#410 = AXIS2_PLACEMENT_3D('',#411,#412,#413);
#411 = CARTESIAN_POINT('',(-40.4,28.9,2.));
#412 = DIRECTION('',(0.,1.,0.));
#413 = DIRECTION('',(0.,0.,1.));
#414 = DEFINITIONAL_REPRESENTATION('',(#415),#418);
#415 = B_SPLINE_CURVE_WITH_KNOTS('',1,(#416,#417),.UNSPECIFIED.,.F.,.F.,
  (2,2),(-81.8,-1.),.PIECEWISE_BEZIER_KNOTS.);
#416 = CARTESIAN_POINT('',(5.,80.8));
#417 = CARTESIAN_POINT('',(5.,0.));
#418 = ( GEOMETRIC_REPRESENTATION_CONTEXT(2) 
PARAMETRIC_REPRESENTATION_CONTEXT() REPRESENTATION_CONTEXT('2D SPACE',''
  ) );
#419 = ORIENTED_EDGE('',*,*,#420,.F.);
#420 = EDGE_CURVE('',#341,#395,#421,.T.);
#421 = SURFACE_CURVE('',#422,(#426,#432),.PCURVE_S1.);
#422 = LINE('',#423,#424);
#423 = CARTESIAN_POINT('',(40.4,-29.9,7.));
#424 = VECTOR('',#425,1.);
#425 = DIRECTION('',(0.,1.,0.));
#426 = PCURVE('',#44,#427);
#427 = DEFINITIONAL_REPRESENTATION('',(#428),#431);
#428 = B_SPLINE_CURVE_WITH_KNOTS('',1,(#429,#430),.UNSPECIFIED.,.F.,.F.,
  (2,2),(1.,58.8),.PIECEWISE_BEZIER_KNOTS.);
#429 = CARTESIAN_POINT('',(82.8,2.));
#430 = CARTESIAN_POINT('',(82.8,59.8));
#431 = ( GEOMETRIC_REPRESENTATION_CONTEXT(2) 
PARAMETRIC_REPRESENTATION_CONTEXT() REPRESENTATION_CONTEXT('2D SPACE',''
  ) );
#432 = PCURVE('',#433,#438);
#433 = PLANE('',#434);
#434 = AXIS2_PLACEMENT_3D('',#435,#436,#437);
#435 = CARTESIAN_POINT('',(40.4,-28.9,2.));
#436 = DIRECTION('',(1.,0.,0.));
#437 = DIRECTION('',(0.,0.,1.));
#438 = DEFINITIONAL_REPRESENTATION('',(#439),#442);
#439 = B_SPLINE_CURVE_WITH_KNOTS('',1,(#440,#441),.UNSPECIFIED.,.F.,.F.,
  (2,2),(1.,58.8),.PIECEWISE_BEZIER_KNOTS.);
#440 = CARTESIAN_POINT('',(5.,0.));
#441 = CARTESIAN_POINT('',(5.,-57.8));
#442 = ( GEOMETRIC_REPRESENTATION_CONTEXT(2) 
PARAMETRIC_REPRESENTATION_CONTEXT() REPRESENTATION_CONTEXT('2D SPACE',''
  ) );
#443 = ADVANCED_FACE('',(#444),#72,.T.);
#444 = FACE_BOUND('',#445,.T.);
#445 = EDGE_LOOP('',(#446,#470,#491,#492));
#446 = ORIENTED_EDGE('',*,*,#447,.T.);
#447 = EDGE_CURVE('',#57,#448,#450,.T.);
#448 = VERTEX_POINT('',#449);
#449 = CARTESIAN_POINT('',(-40.4,-30.9,0.));
#450 = SURFACE_CURVE('',#451,(#456,#463),.PCURVE_S1.);
#451 = CIRCLE('',#452,2.);
#452 = AXIS2_PLACEMENT_3D('',#453,#454,#455);
#453 = CARTESIAN_POINT('',(-40.4,-28.9,0.));
#454 = DIRECTION('',(0.,0.,1.));
#455 = DIRECTION('',(0.,-1.,0.));
#456 = PCURVE('',#72,#457);
#457 = DEFINITIONAL_REPRESENTATION('',(#458),#462);
#458 = LINE('',#459,#460);
#459 = CARTESIAN_POINT('',(-4.712388980385,0.));
#460 = VECTOR('',#461,1.);
#461 = DIRECTION('',(1.,0.));
#462 = ( GEOMETRIC_REPRESENTATION_CONTEXT(2) 
PARAMETRIC_REPRESENTATION_CONTEXT() REPRESENTATION_CONTEXT('2D SPACE',''
  ) );
#463 = PCURVE('',#100,#464);
#464 = DEFINITIONAL_REPRESENTATION('',(#465),#469);
#465 = CIRCLE('',#466,2.);
#466 = AXIS2_PLACEMENT_2D('',#467,#468);
#467 = CARTESIAN_POINT('',(2.,2.));
#468 = DIRECTION('',(0.,-1.));
#469 = ( GEOMETRIC_REPRESENTATION_CONTEXT(2) 
PARAMETRIC_REPRESENTATION_CONTEXT() REPRESENTATION_CONTEXT('2D SPACE',''
  ) );
#470 = ORIENTED_EDGE('',*,*,#471,.T.);
#471 = EDGE_CURVE('',#448,#143,#472,.T.);
#472 = SURFACE_CURVE('',#473,(#477,#484),.PCURVE_S1.);
#473 = LINE('',#474,#475);
#474 = CARTESIAN_POINT('',(-40.4,-30.9,0.));
#475 = VECTOR('',#476,1.);
#476 = DIRECTION('',(0.,0.,1.));
#477 = PCURVE('',#72,#478);
#478 = DEFINITIONAL_REPRESENTATION('',(#479),#483);
#479 = LINE('',#480,#481);
#480 = CARTESIAN_POINT('',(1.570796326795,0.));
#481 = VECTOR('',#482,1.);
#482 = DIRECTION('',(0.,1.));
#483 = ( GEOMETRIC_REPRESENTATION_CONTEXT(2) 
PARAMETRIC_REPRESENTATION_CONTEXT() REPRESENTATION_CONTEXT('2D SPACE',''
  ) );
#484 = PCURVE('',#182,#485);
#485 = DEFINITIONAL_REPRESENTATION('',(#486),#490);
#486 = LINE('',#487,#488);
#487 = CARTESIAN_POINT('',(0.,2.));
#488 = VECTOR('',#489,1.);
#489 = DIRECTION('',(1.,0.));
#490 = ( GEOMETRIC_REPRESENTATION_CONTEXT(2) 
PARAMETRIC_REPRESENTATION_CONTEXT() REPRESENTATION_CONTEXT('2D SPACE',''
  ) );
#491 = ORIENTED_EDGE('',*,*,#142,.F.);
#492 = ORIENTED_EDGE('',*,*,#56,.F.);
#493 = ADVANCED_FACE('',(#494),#126,.T.);
#494 = FACE_BOUND('',#495,.F.);
#495 = EDGE_LOOP('',(#496,#524,#545,#546));
#496 = ORIENTED_EDGE('',*,*,#497,.T.);
#497 = EDGE_CURVE('',#85,#498,#500,.T.);
#498 = VERTEX_POINT('',#499);
#499 = CARTESIAN_POINT('',(-40.4,30.9,0.));
#500 = SURFACE_CURVE('',#501,(#506,#513),.PCURVE_S1.);
#501 = CIRCLE('',#502,2.);
#502 = AXIS2_PLACEMENT_3D('',#503,#504,#505);
#503 = CARTESIAN_POINT('',(-40.4,28.9,0.));
#504 = DIRECTION('',(-0.,-0.,-1.));
#505 = DIRECTION('',(0.,-1.,0.));
#506 = PCURVE('',#126,#507);
#507 = DEFINITIONAL_REPRESENTATION('',(#508),#512);
#508 = LINE('',#509,#510);
#509 = CARTESIAN_POINT('',(1.570796326795,-0.));
#510 = VECTOR('',#511,1.);
#511 = DIRECTION('',(-1.,0.));
#512 = ( GEOMETRIC_REPRESENTATION_CONTEXT(2) 
PARAMETRIC_REPRESENTATION_CONTEXT() REPRESENTATION_CONTEXT('2D SPACE',''
  ) );
#513 = PCURVE('',#100,#514);
#514 = DEFINITIONAL_REPRESENTATION('',(#515),#523);
#515 = ( BOUNDED_CURVE() B_SPLINE_CURVE(2,(#516,#517,#518,#519,#520,#521
,#522),.UNSPECIFIED.,.T.,.F.) B_SPLINE_CURVE_WITH_KNOTS((1,2,2,2,2,1),(
    -2.094395102393,0.,2.094395102393,4.188790204786,6.28318530718,
8.377580409573),.UNSPECIFIED.) CURVE() GEOMETRIC_REPRESENTATION_ITEM() 
RATIONAL_B_SPLINE_CURVE((1.,0.5,1.,0.5,1.,0.5,1.)) REPRESENTATION_ITEM(
  '') );
#516 = CARTESIAN_POINT('',(2.,57.8));
#517 = CARTESIAN_POINT('',(-1.464101615138,57.8));
#518 = CARTESIAN_POINT('',(0.267949192431,60.8));
#519 = CARTESIAN_POINT('',(2.,63.8));
#520 = CARTESIAN_POINT('',(3.732050807569,60.8));
#521 = CARTESIAN_POINT('',(5.464101615138,57.8));
#522 = CARTESIAN_POINT('',(2.,57.8));
#523 = ( GEOMETRIC_REPRESENTATION_CONTEXT(2) 
PARAMETRIC_REPRESENTATION_CONTEXT() REPRESENTATION_CONTEXT('2D SPACE',''
  ) );
#524 = ORIENTED_EDGE('',*,*,#525,.T.);
#525 = EDGE_CURVE('',#498,#285,#526,.T.);
#526 = SURFACE_CURVE('',#527,(#531,#538),.PCURVE_S1.);
#527 = LINE('',#528,#529);
#528 = CARTESIAN_POINT('',(-40.4,30.9,0.));
#529 = VECTOR('',#530,1.);
#530 = DIRECTION('',(0.,0.,1.));
#531 = PCURVE('',#126,#532);
#532 = DEFINITIONAL_REPRESENTATION('',(#533),#537);
#533 = LINE('',#534,#535);
#534 = CARTESIAN_POINT('',(-1.570796326795,0.));
#535 = VECTOR('',#536,1.);
#536 = DIRECTION('',(-0.,1.));
#537 = ( GEOMETRIC_REPRESENTATION_CONTEXT(2) 
PARAMETRIC_REPRESENTATION_CONTEXT() REPRESENTATION_CONTEXT('2D SPACE',''
  ) );
#538 = PCURVE('',#300,#539);
#539 = DEFINITIONAL_REPRESENTATION('',(#540),#544);
#540 = LINE('',#541,#542);
#541 = CARTESIAN_POINT('',(0.,2.));
#542 = VECTOR('',#543,1.);
#543 = DIRECTION('',(1.,0.));
#544 = ( GEOMETRIC_REPRESENTATION_CONTEXT(2) 
PARAMETRIC_REPRESENTATION_CONTEXT() REPRESENTATION_CONTEXT('2D SPACE',''
  ) );
#545 = ORIENTED_EDGE('',*,*,#312,.F.);
#546 = ORIENTED_EDGE('',*,*,#112,.F.);
#547 = ADVANCED_FACE('',(#548,#672,#778,#884,#990,#1096,#1202,#1308),
  #100,.F.);
#548 = FACE_BOUND('',#549,.F.);
#549 = EDGE_LOOP('',(#550,#551,#552,#575,#603,#626,#650,#671));
#550 = ORIENTED_EDGE('',*,*,#84,.F.);
#551 = ORIENTED_EDGE('',*,*,#447,.T.);
#552 = ORIENTED_EDGE('',*,*,#553,.T.);
#553 = EDGE_CURVE('',#448,#554,#556,.T.);
#554 = VERTEX_POINT('',#555);
#555 = CARTESIAN_POINT('',(40.4,-30.9,0.));
#556 = SURFACE_CURVE('',#557,(#561,#568),.PCURVE_S1.);
#557 = LINE('',#558,#559);
#558 = CARTESIAN_POINT('',(-42.4,-30.9,0.));
#559 = VECTOR('',#560,1.);
#560 = DIRECTION('',(1.,0.,0.));
#561 = PCURVE('',#100,#562);
#562 = DEFINITIONAL_REPRESENTATION('',(#563),#567);
#563 = LINE('',#564,#565);
#564 = CARTESIAN_POINT('',(0.,0.));
#565 = VECTOR('',#566,1.);
#566 = DIRECTION('',(1.,0.));
#567 = ( GEOMETRIC_REPRESENTATION_CONTEXT(2) 
PARAMETRIC_REPRESENTATION_CONTEXT() REPRESENTATION_CONTEXT('2D SPACE',''
  ) );
#568 = PCURVE('',#182,#569);
#569 = DEFINITIONAL_REPRESENTATION('',(#570),#574);
#570 = LINE('',#571,#572);
#571 = CARTESIAN_POINT('',(0.,0.));
#572 = VECTOR('',#573,1.);
#573 = DIRECTION('',(0.,1.));
#574 = ( GEOMETRIC_REPRESENTATION_CONTEXT(2) 
PARAMETRIC_REPRESENTATION_CONTEXT() REPRESENTATION_CONTEXT('2D SPACE',''
  ) );
#575 = ORIENTED_EDGE('',*,*,#576,.F.);
#576 = EDGE_CURVE('',#577,#554,#579,.T.);
#577 = VERTEX_POINT('',#578);
#578 = CARTESIAN_POINT('',(42.4,-28.9,0.));
#579 = SURFACE_CURVE('',#580,(#585,#596),.PCURVE_S1.);
#580 = CIRCLE('',#581,2.);
#581 = AXIS2_PLACEMENT_3D('',#582,#583,#584);
#582 = CARTESIAN_POINT('',(40.4,-28.9,0.));
#583 = DIRECTION('',(-0.,-0.,-1.));
#584 = DIRECTION('',(0.,-1.,0.));
#585 = PCURVE('',#100,#586);
#586 = DEFINITIONAL_REPRESENTATION('',(#587),#595);
#587 = ( BOUNDED_CURVE() B_SPLINE_CURVE(2,(#588,#589,#590,#591,#592,#593
,#594),.UNSPECIFIED.,.T.,.F.) B_SPLINE_CURVE_WITH_KNOTS((1,2,2,2,2,1),(
    -2.094395102393,0.,2.094395102393,4.188790204786,6.28318530718,
8.377580409573),.UNSPECIFIED.) CURVE() GEOMETRIC_REPRESENTATION_ITEM() 
RATIONAL_B_SPLINE_CURVE((1.,0.5,1.,0.5,1.,0.5,1.)) REPRESENTATION_ITEM(
  '') );
#588 = CARTESIAN_POINT('',(82.8,0.));
#589 = CARTESIAN_POINT('',(79.335898384862,0.));
#590 = CARTESIAN_POINT('',(81.067949192431,3.));
#591 = CARTESIAN_POINT('',(82.8,6.));
#592 = CARTESIAN_POINT('',(84.532050807569,3.));
#593 = CARTESIAN_POINT('',(86.264101615138,3.10862446895E-15));
#594 = CARTESIAN_POINT('',(82.8,0.));
#595 = ( GEOMETRIC_REPRESENTATION_CONTEXT(2) 
PARAMETRIC_REPRESENTATION_CONTEXT() REPRESENTATION_CONTEXT('2D SPACE',''
  ) );
#596 = PCURVE('',#215,#597);
#597 = DEFINITIONAL_REPRESENTATION('',(#598),#602);
#598 = LINE('',#599,#600);
#599 = CARTESIAN_POINT('',(4.712388980385,-0.));
#600 = VECTOR('',#601,1.);
#601 = DIRECTION('',(-1.,0.));
#602 = ( GEOMETRIC_REPRESENTATION_CONTEXT(2) 
PARAMETRIC_REPRESENTATION_CONTEXT() REPRESENTATION_CONTEXT('2D SPACE',''
  ) );
#603 = ORIENTED_EDGE('',*,*,#604,.T.);
#604 = EDGE_CURVE('',#577,#605,#607,.T.);
#605 = VERTEX_POINT('',#606);
#606 = CARTESIAN_POINT('',(42.4,28.9,0.));
#607 = SURFACE_CURVE('',#608,(#612,#619),.PCURVE_S1.);
#608 = LINE('',#609,#610);
#609 = CARTESIAN_POINT('',(42.4,-30.9,0.));
#610 = VECTOR('',#611,1.);
#611 = DIRECTION('',(0.,1.,0.));
#612 = PCURVE('',#100,#613);
#613 = DEFINITIONAL_REPRESENTATION('',(#614),#618);
#614 = LINE('',#615,#616);
#615 = CARTESIAN_POINT('',(84.8,0.));
#616 = VECTOR('',#617,1.);
#617 = DIRECTION('',(0.,1.));
#618 = ( GEOMETRIC_REPRESENTATION_CONTEXT(2) 
PARAMETRIC_REPRESENTATION_CONTEXT() REPRESENTATION_CONTEXT('2D SPACE',''
  ) );
#619 = PCURVE('',#243,#620);
#620 = DEFINITIONAL_REPRESENTATION('',(#621),#625);
#621 = LINE('',#622,#623);
#622 = CARTESIAN_POINT('',(0.,0.));
#623 = VECTOR('',#624,1.);
#624 = DIRECTION('',(0.,-1.));
#625 = ( GEOMETRIC_REPRESENTATION_CONTEXT(2) 
PARAMETRIC_REPRESENTATION_CONTEXT() REPRESENTATION_CONTEXT('2D SPACE',''
  ) );
#626 = ORIENTED_EDGE('',*,*,#627,.T.);
#627 = EDGE_CURVE('',#605,#628,#630,.T.);
#628 = VERTEX_POINT('',#629);
#629 = CARTESIAN_POINT('',(40.4,30.9,0.));
#630 = SURFACE_CURVE('',#631,(#636,#643),.PCURVE_S1.);
#631 = CIRCLE('',#632,2.);
#632 = AXIS2_PLACEMENT_3D('',#633,#634,#635);
#633 = CARTESIAN_POINT('',(40.4,28.9,0.));
#634 = DIRECTION('',(0.,0.,1.));
#635 = DIRECTION('',(0.,-1.,0.));
#636 = PCURVE('',#100,#637);
#637 = DEFINITIONAL_REPRESENTATION('',(#638),#642);
#638 = CIRCLE('',#639,2.);
#639 = AXIS2_PLACEMENT_2D('',#640,#641);
#640 = CARTESIAN_POINT('',(82.8,59.8));
#641 = DIRECTION('',(0.,-1.));
#642 = ( GEOMETRIC_REPRESENTATION_CONTEXT(2) 
PARAMETRIC_REPRESENTATION_CONTEXT() REPRESENTATION_CONTEXT('2D SPACE',''
  ) );
#643 = PCURVE('',#272,#644);
#644 = DEFINITIONAL_REPRESENTATION('',(#645),#649);
#645 = LINE('',#646,#647);
#646 = CARTESIAN_POINT('',(-1.570796326795,0.));
#647 = VECTOR('',#648,1.);
#648 = DIRECTION('',(1.,0.));
#649 = ( GEOMETRIC_REPRESENTATION_CONTEXT(2) 
PARAMETRIC_REPRESENTATION_CONTEXT() REPRESENTATION_CONTEXT('2D SPACE',''
  ) );
#650 = ORIENTED_EDGE('',*,*,#651,.F.);
#651 = EDGE_CURVE('',#498,#628,#652,.T.);
#652 = SURFACE_CURVE('',#653,(#657,#664),.PCURVE_S1.);
#653 = LINE('',#654,#655);
#654 = CARTESIAN_POINT('',(-42.4,30.9,0.));
#655 = VECTOR('',#656,1.);
#656 = DIRECTION('',(1.,0.,0.));
#657 = PCURVE('',#100,#658);
#658 = DEFINITIONAL_REPRESENTATION('',(#659),#663);
#659 = LINE('',#660,#661);
#660 = CARTESIAN_POINT('',(0.,61.8));
#661 = VECTOR('',#662,1.);
#662 = DIRECTION('',(1.,0.));
#663 = ( GEOMETRIC_REPRESENTATION_CONTEXT(2) 
PARAMETRIC_REPRESENTATION_CONTEXT() REPRESENTATION_CONTEXT('2D SPACE',''
  ) );
#664 = PCURVE('',#300,#665);
#665 = DEFINITIONAL_REPRESENTATION('',(#666),#670);
#666 = LINE('',#667,#668);
#667 = CARTESIAN_POINT('',(0.,0.));
#668 = VECTOR('',#669,1.);
#669 = DIRECTION('',(0.,1.));
#670 = ( GEOMETRIC_REPRESENTATION_CONTEXT(2) 
PARAMETRIC_REPRESENTATION_CONTEXT() REPRESENTATION_CONTEXT('2D SPACE',''
  ) );
#671 = ORIENTED_EDGE('',*,*,#497,.F.);
#672 = FACE_BOUND('',#673,.F.);
#673 = EDGE_LOOP('',(#674,#702,#728,#754));
#674 = ORIENTED_EDGE('',*,*,#675,.T.);
#675 = EDGE_CURVE('',#676,#678,#680,.T.);
#676 = VERTEX_POINT('',#677);
#677 = CARTESIAN_POINT('',(-27.,-19.5,0.));
#678 = VERTEX_POINT('',#679);
#679 = CARTESIAN_POINT('',(-31.,-19.5,0.));
#680 = SURFACE_CURVE('',#681,(#685,#691),.PCURVE_S1.);
#681 = LINE('',#682,#683);
#682 = CARTESIAN_POINT('',(-36.7,-19.5,0.));
#683 = VECTOR('',#684,1.);
#684 = DIRECTION('',(-1.,0.,0.));
#685 = PCURVE('',#100,#686);
#686 = DEFINITIONAL_REPRESENTATION('',(#687),#690);
#687 = B_SPLINE_CURVE_WITH_KNOTS('',1,(#688,#689),.UNSPECIFIED.,.F.,.F.,
  (2,2),(-9.7,-5.7),.PIECEWISE_BEZIER_KNOTS.);
#688 = CARTESIAN_POINT('',(15.4,11.4));
#689 = CARTESIAN_POINT('',(11.4,11.4));
#690 = ( GEOMETRIC_REPRESENTATION_CONTEXT(2) 
PARAMETRIC_REPRESENTATION_CONTEXT() REPRESENTATION_CONTEXT('2D SPACE',''
  ) );
#691 = PCURVE('',#692,#697);
#692 = PLANE('',#693);
#693 = AXIS2_PLACEMENT_3D('',#694,#695,#696);
#694 = CARTESIAN_POINT('',(-31.,-19.5,-1.));
#695 = DIRECTION('',(0.,1.,0.));
#696 = DIRECTION('',(0.,0.,1.));
#697 = DEFINITIONAL_REPRESENTATION('',(#698),#701);
#698 = B_SPLINE_CURVE_WITH_KNOTS('',1,(#699,#700),.UNSPECIFIED.,.F.,.F.,
  (2,2),(-9.7,-5.7),.PIECEWISE_BEZIER_KNOTS.);
#699 = CARTESIAN_POINT('',(1.,4.));
#700 = CARTESIAN_POINT('',(1.,0.));
#701 = ( GEOMETRIC_REPRESENTATION_CONTEXT(2) 
PARAMETRIC_REPRESENTATION_CONTEXT() REPRESENTATION_CONTEXT('2D SPACE',''
  ) );
#702 = ORIENTED_EDGE('',*,*,#703,.T.);
#703 = EDGE_CURVE('',#678,#704,#706,.T.);
#704 = VERTEX_POINT('',#705);
#705 = CARTESIAN_POINT('',(-31.,-10.5,0.));
#706 = SURFACE_CURVE('',#707,(#711,#717),.PCURVE_S1.);
#707 = LINE('',#708,#709);
#708 = CARTESIAN_POINT('',(-31.,-25.2,0.));
#709 = VECTOR('',#710,1.);
#710 = DIRECTION('',(0.,1.,0.));
#711 = PCURVE('',#100,#712);
#712 = DEFINITIONAL_REPRESENTATION('',(#713),#716);
#713 = B_SPLINE_CURVE_WITH_KNOTS('',1,(#714,#715),.UNSPECIFIED.,.F.,.F.,
  (2,2),(5.7,14.7),.PIECEWISE_BEZIER_KNOTS.);
#714 = CARTESIAN_POINT('',(11.4,11.4));
#715 = CARTESIAN_POINT('',(11.4,20.4));
#716 = ( GEOMETRIC_REPRESENTATION_CONTEXT(2) 
PARAMETRIC_REPRESENTATION_CONTEXT() REPRESENTATION_CONTEXT('2D SPACE',''
  ) );
#717 = PCURVE('',#718,#723);
#718 = PLANE('',#719);
#719 = AXIS2_PLACEMENT_3D('',#720,#721,#722);
#720 = CARTESIAN_POINT('',(-31.,-19.5,-1.));
#721 = DIRECTION('',(1.,0.,0.));
#722 = DIRECTION('',(0.,0.,1.));
#723 = DEFINITIONAL_REPRESENTATION('',(#724),#727);
#724 = B_SPLINE_CURVE_WITH_KNOTS('',1,(#725,#726),.UNSPECIFIED.,.F.,.F.,
  (2,2),(5.7,14.7),.PIECEWISE_BEZIER_KNOTS.);
#725 = CARTESIAN_POINT('',(1.,0.));
#726 = CARTESIAN_POINT('',(1.,-9.));
#727 = ( GEOMETRIC_REPRESENTATION_CONTEXT(2) 
PARAMETRIC_REPRESENTATION_CONTEXT() REPRESENTATION_CONTEXT('2D SPACE',''
  ) );
#728 = ORIENTED_EDGE('',*,*,#729,.F.);
#729 = EDGE_CURVE('',#730,#704,#732,.T.);
#730 = VERTEX_POINT('',#731);
#731 = CARTESIAN_POINT('',(-27.,-10.5,0.));
#732 = SURFACE_CURVE('',#733,(#737,#743),.PCURVE_S1.);
#733 = LINE('',#734,#735);
#734 = CARTESIAN_POINT('',(-36.7,-10.5,0.));
#735 = VECTOR('',#736,1.);
#736 = DIRECTION('',(-1.,0.,0.));
#737 = PCURVE('',#100,#738);
#738 = DEFINITIONAL_REPRESENTATION('',(#739),#742);
#739 = B_SPLINE_CURVE_WITH_KNOTS('',1,(#740,#741),.UNSPECIFIED.,.F.,.F.,
  (2,2),(-9.7,-5.7),.PIECEWISE_BEZIER_KNOTS.);
#740 = CARTESIAN_POINT('',(15.4,20.4));
#741 = CARTESIAN_POINT('',(11.4,20.4));
#742 = ( GEOMETRIC_REPRESENTATION_CONTEXT(2) 
PARAMETRIC_REPRESENTATION_CONTEXT() REPRESENTATION_CONTEXT('2D SPACE',''
  ) );
#743 = PCURVE('',#744,#749);
#744 = PLANE('',#745);
#745 = AXIS2_PLACEMENT_3D('',#746,#747,#748);
#746 = CARTESIAN_POINT('',(-31.,-10.5,-1.));
#747 = DIRECTION('',(0.,1.,0.));
#748 = DIRECTION('',(0.,0.,1.));
#749 = DEFINITIONAL_REPRESENTATION('',(#750),#753);
#750 = B_SPLINE_CURVE_WITH_KNOTS('',1,(#751,#752),.UNSPECIFIED.,.F.,.F.,
  (2,2),(-9.7,-5.7),.PIECEWISE_BEZIER_KNOTS.);
#751 = CARTESIAN_POINT('',(1.,4.));
#752 = CARTESIAN_POINT('',(1.,0.));
#753 = ( GEOMETRIC_REPRESENTATION_CONTEXT(2) 
PARAMETRIC_REPRESENTATION_CONTEXT() REPRESENTATION_CONTEXT('2D SPACE',''
  ) );
#754 = ORIENTED_EDGE('',*,*,#755,.F.);
#755 = EDGE_CURVE('',#676,#730,#756,.T.);
#756 = SURFACE_CURVE('',#757,(#761,#767),.PCURVE_S1.);
#757 = LINE('',#758,#759);
#758 = CARTESIAN_POINT('',(-27.,-25.2,0.));
#759 = VECTOR('',#760,1.);
#760 = DIRECTION('',(0.,1.,0.));
#761 = PCURVE('',#100,#762);
#762 = DEFINITIONAL_REPRESENTATION('',(#763),#766);
#763 = B_SPLINE_CURVE_WITH_KNOTS('',1,(#764,#765),.UNSPECIFIED.,.F.,.F.,
  (2,2),(5.7,14.7),.PIECEWISE_BEZIER_KNOTS.);
#764 = CARTESIAN_POINT('',(15.4,11.4));
#765 = CARTESIAN_POINT('',(15.4,20.4));
#766 = ( GEOMETRIC_REPRESENTATION_CONTEXT(2) 
PARAMETRIC_REPRESENTATION_CONTEXT() REPRESENTATION_CONTEXT('2D SPACE',''
  ) );
#767 = PCURVE('',#768,#773);
#768 = PLANE('',#769);
#769 = AXIS2_PLACEMENT_3D('',#770,#771,#772);
#770 = CARTESIAN_POINT('',(-27.,-19.5,-1.));
#771 = DIRECTION('',(1.,0.,0.));
#772 = DIRECTION('',(0.,0.,1.));
#773 = DEFINITIONAL_REPRESENTATION('',(#774),#777);
#774 = B_SPLINE_CURVE_WITH_KNOTS('',1,(#775,#776),.UNSPECIFIED.,.F.,.F.,
  (2,2),(5.7,14.7),.PIECEWISE_BEZIER_KNOTS.);
#775 = CARTESIAN_POINT('',(1.,0.));
#776 = CARTESIAN_POINT('',(1.,-9.));
#777 = ( GEOMETRIC_REPRESENTATION_CONTEXT(2) 
PARAMETRIC_REPRESENTATION_CONTEXT() REPRESENTATION_CONTEXT('2D SPACE',''
  ) );
#778 = FACE_BOUND('',#779,.F.);
#779 = EDGE_LOOP('',(#780,#808,#834,#860));
#780 = ORIENTED_EDGE('',*,*,#781,.T.);
#781 = EDGE_CURVE('',#782,#784,#786,.T.);
#782 = VERTEX_POINT('',#783);
#783 = CARTESIAN_POINT('',(31.,-19.5,0.));
#784 = VERTEX_POINT('',#785);
#785 = CARTESIAN_POINT('',(27.,-19.5,0.));
#786 = SURFACE_CURVE('',#787,(#791,#797),.PCURVE_S1.);
#787 = LINE('',#788,#789);
#788 = CARTESIAN_POINT('',(-7.7,-19.5,0.));
#789 = VECTOR('',#790,1.);
#790 = DIRECTION('',(-1.,0.,0.));
#791 = PCURVE('',#100,#792);
#792 = DEFINITIONAL_REPRESENTATION('',(#793),#796);
#793 = B_SPLINE_CURVE_WITH_KNOTS('',1,(#794,#795),.UNSPECIFIED.,.F.,.F.,
  (2,2),(-38.7,-34.7),.PIECEWISE_BEZIER_KNOTS.);
#794 = CARTESIAN_POINT('',(73.4,11.4));
#795 = CARTESIAN_POINT('',(69.4,11.4));
#796 = ( GEOMETRIC_REPRESENTATION_CONTEXT(2) 
PARAMETRIC_REPRESENTATION_CONTEXT() REPRESENTATION_CONTEXT('2D SPACE',''
  ) );
#797 = PCURVE('',#798,#803);
#798 = PLANE('',#799);
#799 = AXIS2_PLACEMENT_3D('',#800,#801,#802);
#800 = CARTESIAN_POINT('',(27.,-19.5,-1.));
#801 = DIRECTION('',(0.,1.,0.));
#802 = DIRECTION('',(0.,0.,1.));
#803 = DEFINITIONAL_REPRESENTATION('',(#804),#807);
#804 = B_SPLINE_CURVE_WITH_KNOTS('',1,(#805,#806),.UNSPECIFIED.,.F.,.F.,
  (2,2),(-38.7,-34.7),.PIECEWISE_BEZIER_KNOTS.);
#805 = CARTESIAN_POINT('',(1.,4.));
#806 = CARTESIAN_POINT('',(1.,0.));
#807 = ( GEOMETRIC_REPRESENTATION_CONTEXT(2) 
PARAMETRIC_REPRESENTATION_CONTEXT() REPRESENTATION_CONTEXT('2D SPACE',''
  ) );
#808 = ORIENTED_EDGE('',*,*,#809,.T.);
#809 = EDGE_CURVE('',#784,#810,#812,.T.);
#810 = VERTEX_POINT('',#811);
#811 = CARTESIAN_POINT('',(27.,-10.5,0.));
#812 = SURFACE_CURVE('',#813,(#817,#823),.PCURVE_S1.);
#813 = LINE('',#814,#815);
#814 = CARTESIAN_POINT('',(27.,-25.2,0.));
#815 = VECTOR('',#816,1.);
#816 = DIRECTION('',(0.,1.,0.));
#817 = PCURVE('',#100,#818);
#818 = DEFINITIONAL_REPRESENTATION('',(#819),#822);
#819 = B_SPLINE_CURVE_WITH_KNOTS('',1,(#820,#821),.UNSPECIFIED.,.F.,.F.,
  (2,2),(5.7,14.7),.PIECEWISE_BEZIER_KNOTS.);
#820 = CARTESIAN_POINT('',(69.4,11.4));
#821 = CARTESIAN_POINT('',(69.4,20.4));
#822 = ( GEOMETRIC_REPRESENTATION_CONTEXT(2) 
PARAMETRIC_REPRESENTATION_CONTEXT() REPRESENTATION_CONTEXT('2D SPACE',''
  ) );
#823 = PCURVE('',#824,#829);
#824 = PLANE('',#825);
#825 = AXIS2_PLACEMENT_3D('',#826,#827,#828);
#826 = CARTESIAN_POINT('',(27.,-19.5,-1.));
#827 = DIRECTION('',(1.,0.,0.));
#828 = DIRECTION('',(0.,0.,1.));
#829 = DEFINITIONAL_REPRESENTATION('',(#830),#833);
#830 = B_SPLINE_CURVE_WITH_KNOTS('',1,(#831,#832),.UNSPECIFIED.,.F.,.F.,
  (2,2),(5.7,14.7),.PIECEWISE_BEZIER_KNOTS.);
#831 = CARTESIAN_POINT('',(1.,0.));
#832 = CARTESIAN_POINT('',(1.,-9.));
#833 = ( GEOMETRIC_REPRESENTATION_CONTEXT(2) 
PARAMETRIC_REPRESENTATION_CONTEXT() REPRESENTATION_CONTEXT('2D SPACE',''
  ) );
#834 = ORIENTED_EDGE('',*,*,#835,.F.);
#835 = EDGE_CURVE('',#836,#810,#838,.T.);
#836 = VERTEX_POINT('',#837);
#837 = CARTESIAN_POINT('',(31.,-10.5,0.));
#838 = SURFACE_CURVE('',#839,(#843,#849),.PCURVE_S1.);
#839 = LINE('',#840,#841);
#840 = CARTESIAN_POINT('',(-7.7,-10.5,0.));
#841 = VECTOR('',#842,1.);
#842 = DIRECTION('',(-1.,0.,0.));
#843 = PCURVE('',#100,#844);
#844 = DEFINITIONAL_REPRESENTATION('',(#845),#848);
#845 = B_SPLINE_CURVE_WITH_KNOTS('',1,(#846,#847),.UNSPECIFIED.,.F.,.F.,
  (2,2),(-38.7,-34.7),.PIECEWISE_BEZIER_KNOTS.);
#846 = CARTESIAN_POINT('',(73.4,20.4));
#847 = CARTESIAN_POINT('',(69.4,20.4));
#848 = ( GEOMETRIC_REPRESENTATION_CONTEXT(2) 
PARAMETRIC_REPRESENTATION_CONTEXT() REPRESENTATION_CONTEXT('2D SPACE',''
  ) );
#849 = PCURVE('',#850,#855);
#850 = PLANE('',#851);
#851 = AXIS2_PLACEMENT_3D('',#852,#853,#854);
#852 = CARTESIAN_POINT('',(27.,-10.5,-1.));
#853 = DIRECTION('',(0.,1.,0.));
#854 = DIRECTION('',(0.,0.,1.));
#855 = DEFINITIONAL_REPRESENTATION('',(#856),#859);
#856 = B_SPLINE_CURVE_WITH_KNOTS('',1,(#857,#858),.UNSPECIFIED.,.F.,.F.,
  (2,2),(-38.7,-34.7),.PIECEWISE_BEZIER_KNOTS.);
#857 = CARTESIAN_POINT('',(1.,4.));
#858 = CARTESIAN_POINT('',(1.,0.));
#859 = ( GEOMETRIC_REPRESENTATION_CONTEXT(2) 
PARAMETRIC_REPRESENTATION_CONTEXT() REPRESENTATION_CONTEXT('2D SPACE',''
  ) );
#860 = ORIENTED_EDGE('',*,*,#861,.F.);
#861 = EDGE_CURVE('',#782,#836,#862,.T.);
#862 = SURFACE_CURVE('',#863,(#867,#873),.PCURVE_S1.);
#863 = LINE('',#864,#865);
#864 = CARTESIAN_POINT('',(31.,-25.2,0.));
#865 = VECTOR('',#866,1.);
#866 = DIRECTION('',(0.,1.,0.));
#867 = PCURVE('',#100,#868);
#868 = DEFINITIONAL_REPRESENTATION('',(#869),#872);
#869 = B_SPLINE_CURVE_WITH_KNOTS('',1,(#870,#871),.UNSPECIFIED.,.F.,.F.,
  (2,2),(5.7,14.7),.PIECEWISE_BEZIER_KNOTS.);
#870 = CARTESIAN_POINT('',(73.4,11.4));
#871 = CARTESIAN_POINT('',(73.4,20.4));
#872 = ( GEOMETRIC_REPRESENTATION_CONTEXT(2) 
PARAMETRIC_REPRESENTATION_CONTEXT() REPRESENTATION_CONTEXT('2D SPACE',''
  ) );
#873 = PCURVE('',#874,#879);
#874 = PLANE('',#875);
#875 = AXIS2_PLACEMENT_3D('',#876,#877,#878);
#876 = CARTESIAN_POINT('',(31.,-19.5,-1.));
#877 = DIRECTION('',(1.,0.,0.));
#878 = DIRECTION('',(0.,0.,1.));
#879 = DEFINITIONAL_REPRESENTATION('',(#880),#883);
#880 = B_SPLINE_CURVE_WITH_KNOTS('',1,(#881,#882),.UNSPECIFIED.,.F.,.F.,
  (2,2),(5.7,14.7),.PIECEWISE_BEZIER_KNOTS.);
#881 = CARTESIAN_POINT('',(1.,0.));
#882 = CARTESIAN_POINT('',(1.,-9.));
#883 = ( GEOMETRIC_REPRESENTATION_CONTEXT(2) 
PARAMETRIC_REPRESENTATION_CONTEXT() REPRESENTATION_CONTEXT('2D SPACE',''
  ) );
#884 = FACE_BOUND('',#885,.F.);
#885 = EDGE_LOOP('',(#886,#914,#940,#966));
#886 = ORIENTED_EDGE('',*,*,#887,.T.);
#887 = EDGE_CURVE('',#888,#890,#892,.T.);
#888 = VERTEX_POINT('',#889);
#889 = CARTESIAN_POINT('',(-27.,-4.5,0.));
#890 = VERTEX_POINT('',#891);
#891 = CARTESIAN_POINT('',(-31.,-4.5,0.));
#892 = SURFACE_CURVE('',#893,(#897,#903),.PCURVE_S1.);
#893 = LINE('',#894,#895);
#894 = CARTESIAN_POINT('',(-36.7,-4.5,0.));
#895 = VECTOR('',#896,1.);
#896 = DIRECTION('',(-1.,0.,0.));
#897 = PCURVE('',#100,#898);
#898 = DEFINITIONAL_REPRESENTATION('',(#899),#902);
#899 = B_SPLINE_CURVE_WITH_KNOTS('',1,(#900,#901),.UNSPECIFIED.,.F.,.F.,
  (2,2),(-9.7,-5.7),.PIECEWISE_BEZIER_KNOTS.);
#900 = CARTESIAN_POINT('',(15.4,26.4));
#901 = CARTESIAN_POINT('',(11.4,26.4));
#902 = ( GEOMETRIC_REPRESENTATION_CONTEXT(2) 
PARAMETRIC_REPRESENTATION_CONTEXT() REPRESENTATION_CONTEXT('2D SPACE',''
  ) );
#903 = PCURVE('',#904,#909);
#904 = PLANE('',#905);
#905 = AXIS2_PLACEMENT_3D('',#906,#907,#908);
#906 = CARTESIAN_POINT('',(-31.,-4.5,-1.));
#907 = DIRECTION('',(0.,1.,0.));
#908 = DIRECTION('',(0.,0.,1.));
#909 = DEFINITIONAL_REPRESENTATION('',(#910),#913);
#910 = B_SPLINE_CURVE_WITH_KNOTS('',1,(#911,#912),.UNSPECIFIED.,.F.,.F.,
  (2,2),(-9.7,-5.7),.PIECEWISE_BEZIER_KNOTS.);
#911 = CARTESIAN_POINT('',(1.,4.));
#912 = CARTESIAN_POINT('',(1.,0.));
#913 = ( GEOMETRIC_REPRESENTATION_CONTEXT(2) 
PARAMETRIC_REPRESENTATION_CONTEXT() REPRESENTATION_CONTEXT('2D SPACE',''
  ) );
#914 = ORIENTED_EDGE('',*,*,#915,.T.);
#915 = EDGE_CURVE('',#890,#916,#918,.T.);
#916 = VERTEX_POINT('',#917);
#917 = CARTESIAN_POINT('',(-31.,4.5,0.));
#918 = SURFACE_CURVE('',#919,(#923,#929),.PCURVE_S1.);
#919 = LINE('',#920,#921);
#920 = CARTESIAN_POINT('',(-31.,-17.7,0.));
#921 = VECTOR('',#922,1.);
#922 = DIRECTION('',(0.,1.,0.));
#923 = PCURVE('',#100,#924);
#924 = DEFINITIONAL_REPRESENTATION('',(#925),#928);
#925 = B_SPLINE_CURVE_WITH_KNOTS('',1,(#926,#927),.UNSPECIFIED.,.F.,.F.,
  (2,2),(13.2,22.2),.PIECEWISE_BEZIER_KNOTS.);
#926 = CARTESIAN_POINT('',(11.4,26.4));
#927 = CARTESIAN_POINT('',(11.4,35.4));
#928 = ( GEOMETRIC_REPRESENTATION_CONTEXT(2) 
PARAMETRIC_REPRESENTATION_CONTEXT() REPRESENTATION_CONTEXT('2D SPACE',''
  ) );
#929 = PCURVE('',#930,#935);
#930 = PLANE('',#931);
#931 = AXIS2_PLACEMENT_3D('',#932,#933,#934);
#932 = CARTESIAN_POINT('',(-31.,-4.5,-1.));
#933 = DIRECTION('',(1.,0.,0.));
#934 = DIRECTION('',(0.,0.,1.));
#935 = DEFINITIONAL_REPRESENTATION('',(#936),#939);
#936 = B_SPLINE_CURVE_WITH_KNOTS('',1,(#937,#938),.UNSPECIFIED.,.F.,.F.,
  (2,2),(13.2,22.2),.PIECEWISE_BEZIER_KNOTS.);
#937 = CARTESIAN_POINT('',(1.,0.));
#938 = CARTESIAN_POINT('',(1.,-9.));
#939 = ( GEOMETRIC_REPRESENTATION_CONTEXT(2) 
PARAMETRIC_REPRESENTATION_CONTEXT() REPRESENTATION_CONTEXT('2D SPACE',''
  ) );
#940 = ORIENTED_EDGE('',*,*,#941,.F.);
#941 = EDGE_CURVE('',#942,#916,#944,.T.);
#942 = VERTEX_POINT('',#943);
#943 = CARTESIAN_POINT('',(-27.,4.5,0.));
#944 = SURFACE_CURVE('',#945,(#949,#955),.PCURVE_S1.);
#945 = LINE('',#946,#947);
#946 = CARTESIAN_POINT('',(-36.7,4.5,0.));
#947 = VECTOR('',#948,1.);
#948 = DIRECTION('',(-1.,0.,0.));
#949 = PCURVE('',#100,#950);
#950 = DEFINITIONAL_REPRESENTATION('',(#951),#954);
#951 = B_SPLINE_CURVE_WITH_KNOTS('',1,(#952,#953),.UNSPECIFIED.,.F.,.F.,
  (2,2),(-9.7,-5.7),.PIECEWISE_BEZIER_KNOTS.);
#952 = CARTESIAN_POINT('',(15.4,35.4));
#953 = CARTESIAN_POINT('',(11.4,35.4));
#954 = ( GEOMETRIC_REPRESENTATION_CONTEXT(2) 
PARAMETRIC_REPRESENTATION_CONTEXT() REPRESENTATION_CONTEXT('2D SPACE',''
  ) );
#955 = PCURVE('',#956,#961);
#956 = PLANE('',#957);
#957 = AXIS2_PLACEMENT_3D('',#958,#959,#960);
#958 = CARTESIAN_POINT('',(-31.,4.5,-1.));
#959 = DIRECTION('',(0.,1.,0.));
#960 = DIRECTION('',(0.,0.,1.));
#961 = DEFINITIONAL_REPRESENTATION('',(#962),#965);
#962 = B_SPLINE_CURVE_WITH_KNOTS('',1,(#963,#964),.UNSPECIFIED.,.F.,.F.,
  (2,2),(-9.7,-5.7),.PIECEWISE_BEZIER_KNOTS.);
#963 = CARTESIAN_POINT('',(1.,4.));
#964 = CARTESIAN_POINT('',(1.,0.));
#965 = ( GEOMETRIC_REPRESENTATION_CONTEXT(2) 
PARAMETRIC_REPRESENTATION_CONTEXT() REPRESENTATION_CONTEXT('2D SPACE',''
  ) );
#966 = ORIENTED_EDGE('',*,*,#967,.F.);
#967 = EDGE_CURVE('',#888,#942,#968,.T.);
#968 = SURFACE_CURVE('',#969,(#973,#979),.PCURVE_S1.);
#969 = LINE('',#970,#971);
#970 = CARTESIAN_POINT('',(-27.,-17.7,0.));
#971 = VECTOR('',#972,1.);
#972 = DIRECTION('',(0.,1.,0.));
#973 = PCURVE('',#100,#974);
#974 = DEFINITIONAL_REPRESENTATION('',(#975),#978);
#975 = B_SPLINE_CURVE_WITH_KNOTS('',1,(#976,#977),.UNSPECIFIED.,.F.,.F.,
  (2,2),(13.2,22.2),.PIECEWISE_BEZIER_KNOTS.);
#976 = CARTESIAN_POINT('',(15.4,26.4));
#977 = CARTESIAN_POINT('',(15.4,35.4));
#978 = ( GEOMETRIC_REPRESENTATION_CONTEXT(2) 
PARAMETRIC_REPRESENTATION_CONTEXT() REPRESENTATION_CONTEXT('2D SPACE',''
  ) );
#979 = PCURVE('',#980,#985);
#980 = PLANE('',#981);
#981 = AXIS2_PLACEMENT_3D('',#982,#983,#984);
#982 = CARTESIAN_POINT('',(-27.,-4.5,-1.));
#983 = DIRECTION('',(1.,0.,0.));
#984 = DIRECTION('',(0.,0.,1.));
#985 = DEFINITIONAL_REPRESENTATION('',(#986),#989);
#986 = B_SPLINE_CURVE_WITH_KNOTS('',1,(#987,#988),.UNSPECIFIED.,.F.,.F.,
  (2,2),(13.2,22.2),.PIECEWISE_BEZIER_KNOTS.);
#987 = CARTESIAN_POINT('',(1.,0.));
#988 = CARTESIAN_POINT('',(1.,-9.));
#989 = ( GEOMETRIC_REPRESENTATION_CONTEXT(2) 
PARAMETRIC_REPRESENTATION_CONTEXT() REPRESENTATION_CONTEXT('2D SPACE',''
  ) );
#990 = FACE_BOUND('',#991,.F.);
#991 = EDGE_LOOP('',(#992,#1020,#1046,#1072));
#992 = ORIENTED_EDGE('',*,*,#993,.T.);
#993 = EDGE_CURVE('',#994,#996,#998,.T.);
#994 = VERTEX_POINT('',#995);
#995 = CARTESIAN_POINT('',(-27.,10.5,0.));
#996 = VERTEX_POINT('',#997);
#997 = CARTESIAN_POINT('',(-31.,10.5,0.));
#998 = SURFACE_CURVE('',#999,(#1003,#1009),.PCURVE_S1.);
#999 = LINE('',#1000,#1001);
#1000 = CARTESIAN_POINT('',(-36.7,10.5,0.));
#1001 = VECTOR('',#1002,1.);
#1002 = DIRECTION('',(-1.,0.,0.));
#1003 = PCURVE('',#100,#1004);
#1004 = DEFINITIONAL_REPRESENTATION('',(#1005),#1008);
#1005 = B_SPLINE_CURVE_WITH_KNOTS('',1,(#1006,#1007),.UNSPECIFIED.,.F.,
  .F.,(2,2),(-9.7,-5.7),.PIECEWISE_BEZIER_KNOTS.);
#1006 = CARTESIAN_POINT('',(15.4,41.4));
#1007 = CARTESIAN_POINT('',(11.4,41.4));
#1008 = ( GEOMETRIC_REPRESENTATION_CONTEXT(2) 
PARAMETRIC_REPRESENTATION_CONTEXT() REPRESENTATION_CONTEXT('2D SPACE',''
  ) );
#1009 = PCURVE('',#1010,#1015);
#1010 = PLANE('',#1011);
#1011 = AXIS2_PLACEMENT_3D('',#1012,#1013,#1014);
#1012 = CARTESIAN_POINT('',(-31.,10.5,-1.));
#1013 = DIRECTION('',(0.,1.,0.));
#1014 = DIRECTION('',(0.,0.,1.));
#1015 = DEFINITIONAL_REPRESENTATION('',(#1016),#1019);
#1016 = B_SPLINE_CURVE_WITH_KNOTS('',1,(#1017,#1018),.UNSPECIFIED.,.F.,
  .F.,(2,2),(-9.7,-5.7),.PIECEWISE_BEZIER_KNOTS.);
#1017 = CARTESIAN_POINT('',(1.,4.));
#1018 = CARTESIAN_POINT('',(1.,0.));
#1019 = ( GEOMETRIC_REPRESENTATION_CONTEXT(2) 
PARAMETRIC_REPRESENTATION_CONTEXT() REPRESENTATION_CONTEXT('2D SPACE',''
  ) );
#1020 = ORIENTED_EDGE('',*,*,#1021,.T.);
#1021 = EDGE_CURVE('',#996,#1022,#1024,.T.);
#1022 = VERTEX_POINT('',#1023);
#1023 = CARTESIAN_POINT('',(-31.,19.5,0.));
#1024 = SURFACE_CURVE('',#1025,(#1029,#1035),.PCURVE_S1.);
#1025 = LINE('',#1026,#1027);
#1026 = CARTESIAN_POINT('',(-31.,-10.2,0.));
#1027 = VECTOR('',#1028,1.);
#1028 = DIRECTION('',(0.,1.,0.));
#1029 = PCURVE('',#100,#1030);
#1030 = DEFINITIONAL_REPRESENTATION('',(#1031),#1034);
#1031 = B_SPLINE_CURVE_WITH_KNOTS('',1,(#1032,#1033),.UNSPECIFIED.,.F.,
  .F.,(2,2),(20.7,29.7),.PIECEWISE_BEZIER_KNOTS.);
#1032 = CARTESIAN_POINT('',(11.4,41.4));
#1033 = CARTESIAN_POINT('',(11.4,50.4));
#1034 = ( GEOMETRIC_REPRESENTATION_CONTEXT(2) 
PARAMETRIC_REPRESENTATION_CONTEXT() REPRESENTATION_CONTEXT('2D SPACE',''
  ) );
#1035 = PCURVE('',#1036,#1041);
#1036 = PLANE('',#1037);
#1037 = AXIS2_PLACEMENT_3D('',#1038,#1039,#1040);
#1038 = CARTESIAN_POINT('',(-31.,10.5,-1.));
#1039 = DIRECTION('',(1.,0.,0.));
#1040 = DIRECTION('',(0.,0.,1.));
#1041 = DEFINITIONAL_REPRESENTATION('',(#1042),#1045);
#1042 = B_SPLINE_CURVE_WITH_KNOTS('',1,(#1043,#1044),.UNSPECIFIED.,.F.,
  .F.,(2,2),(20.7,29.7),.PIECEWISE_BEZIER_KNOTS.);
#1043 = CARTESIAN_POINT('',(1.,0.));
#1044 = CARTESIAN_POINT('',(1.,-9.));
#1045 = ( GEOMETRIC_REPRESENTATION_CONTEXT(2) 
PARAMETRIC_REPRESENTATION_CONTEXT() REPRESENTATION_CONTEXT('2D SPACE',''
  ) );
#1046 = ORIENTED_EDGE('',*,*,#1047,.F.);
#1047 = EDGE_CURVE('',#1048,#1022,#1050,.T.);
#1048 = VERTEX_POINT('',#1049);
#1049 = CARTESIAN_POINT('',(-27.,19.5,0.));
#1050 = SURFACE_CURVE('',#1051,(#1055,#1061),.PCURVE_S1.);
#1051 = LINE('',#1052,#1053);
#1052 = CARTESIAN_POINT('',(-36.7,19.5,0.));
#1053 = VECTOR('',#1054,1.);
#1054 = DIRECTION('',(-1.,0.,0.));
#1055 = PCURVE('',#100,#1056);
#1056 = DEFINITIONAL_REPRESENTATION('',(#1057),#1060);
#1057 = B_SPLINE_CURVE_WITH_KNOTS('',1,(#1058,#1059),.UNSPECIFIED.,.F.,
  .F.,(2,2),(-9.7,-5.7),.PIECEWISE_BEZIER_KNOTS.);
#1058 = CARTESIAN_POINT('',(15.4,50.4));
#1059 = CARTESIAN_POINT('',(11.4,50.4));
#1060 = ( GEOMETRIC_REPRESENTATION_CONTEXT(2) 
PARAMETRIC_REPRESENTATION_CONTEXT() REPRESENTATION_CONTEXT('2D SPACE',''
  ) );
#1061 = PCURVE('',#1062,#1067);
#1062 = PLANE('',#1063);
#1063 = AXIS2_PLACEMENT_3D('',#1064,#1065,#1066);
#1064 = CARTESIAN_POINT('',(-31.,19.5,-1.));
#1065 = DIRECTION('',(0.,1.,0.));
#1066 = DIRECTION('',(0.,0.,1.));
#1067 = DEFINITIONAL_REPRESENTATION('',(#1068),#1071);
#1068 = B_SPLINE_CURVE_WITH_KNOTS('',1,(#1069,#1070),.UNSPECIFIED.,.F.,
  .F.,(2,2),(-9.7,-5.7),.PIECEWISE_BEZIER_KNOTS.);
#1069 = CARTESIAN_POINT('',(1.,4.));
#1070 = CARTESIAN_POINT('',(1.,0.));
#1071 = ( GEOMETRIC_REPRESENTATION_CONTEXT(2) 
PARAMETRIC_REPRESENTATION_CONTEXT() REPRESENTATION_CONTEXT('2D SPACE',''
  ) );
#1072 = ORIENTED_EDGE('',*,*,#1073,.F.);
#1073 = EDGE_CURVE('',#994,#1048,#1074,.T.);
#1074 = SURFACE_CURVE('',#1075,(#1079,#1085),.PCURVE_S1.);
#1075 = LINE('',#1076,#1077);
#1076 = CARTESIAN_POINT('',(-27.,-10.2,0.));
#1077 = VECTOR('',#1078,1.);
#1078 = DIRECTION('',(0.,1.,0.));
#1079 = PCURVE('',#100,#1080);
#1080 = DEFINITIONAL_REPRESENTATION('',(#1081),#1084);
#1081 = B_SPLINE_CURVE_WITH_KNOTS('',1,(#1082,#1083),.UNSPECIFIED.,.F.,
  .F.,(2,2),(20.7,29.7),.PIECEWISE_BEZIER_KNOTS.);
#1082 = CARTESIAN_POINT('',(15.4,41.4));
#1083 = CARTESIAN_POINT('',(15.4,50.4));
#1084 = ( GEOMETRIC_REPRESENTATION_CONTEXT(2) 
PARAMETRIC_REPRESENTATION_CONTEXT() REPRESENTATION_CONTEXT('2D SPACE',''
  ) );
#1085 = PCURVE('',#1086,#1091);
#1086 = PLANE('',#1087);
#1087 = AXIS2_PLACEMENT_3D('',#1088,#1089,#1090);
#1088 = CARTESIAN_POINT('',(-27.,10.5,-1.));
#1089 = DIRECTION('',(1.,0.,0.));
#1090 = DIRECTION('',(0.,0.,1.));
#1091 = DEFINITIONAL_REPRESENTATION('',(#1092),#1095);
#1092 = B_SPLINE_CURVE_WITH_KNOTS('',1,(#1093,#1094),.UNSPECIFIED.,.F.,
  .F.,(2,2),(20.7,29.7),.PIECEWISE_BEZIER_KNOTS.);
#1093 = CARTESIAN_POINT('',(1.,0.));
#1094 = CARTESIAN_POINT('',(1.,-9.));
#1095 = ( GEOMETRIC_REPRESENTATION_CONTEXT(2) 
PARAMETRIC_REPRESENTATION_CONTEXT() REPRESENTATION_CONTEXT('2D SPACE',''
  ) );
#1096 = FACE_BOUND('',#1097,.F.);
#1097 = EDGE_LOOP('',(#1098,#1126,#1152,#1178));
#1098 = ORIENTED_EDGE('',*,*,#1099,.T.);
#1099 = EDGE_CURVE('',#1100,#1102,#1104,.T.);
#1100 = VERTEX_POINT('',#1101);
#1101 = CARTESIAN_POINT('',(18.,-10.,0.));
#1102 = VERTEX_POINT('',#1103);
#1103 = CARTESIAN_POINT('',(-18.,-10.,0.));
#1104 = SURFACE_CURVE('',#1105,(#1109,#1115),.PCURVE_S1.);
#1105 = LINE('',#1106,#1107);
#1106 = CARTESIAN_POINT('',(-30.2,-10.,0.));
#1107 = VECTOR('',#1108,1.);
#1108 = DIRECTION('',(-1.,0.,0.));
#1109 = PCURVE('',#100,#1110);
#1110 = DEFINITIONAL_REPRESENTATION('',(#1111),#1114);
#1111 = B_SPLINE_CURVE_WITH_KNOTS('',1,(#1112,#1113),.UNSPECIFIED.,.F.,
  .F.,(2,2),(-48.2,-12.2),.PIECEWISE_BEZIER_KNOTS.);
#1112 = CARTESIAN_POINT('',(60.4,20.9));
#1113 = CARTESIAN_POINT('',(24.4,20.9));
#1114 = ( GEOMETRIC_REPRESENTATION_CONTEXT(2) 
PARAMETRIC_REPRESENTATION_CONTEXT() REPRESENTATION_CONTEXT('2D SPACE',''
  ) );
#1115 = PCURVE('',#1116,#1121);
#1116 = PLANE('',#1117);
#1117 = AXIS2_PLACEMENT_3D('',#1118,#1119,#1120);
#1118 = CARTESIAN_POINT('',(-18.,-10.,-1.));
#1119 = DIRECTION('',(0.,1.,0.));
#1120 = DIRECTION('',(0.,0.,1.));
#1121 = DEFINITIONAL_REPRESENTATION('',(#1122),#1125);
#1122 = B_SPLINE_CURVE_WITH_KNOTS('',1,(#1123,#1124),.UNSPECIFIED.,.F.,
  .F.,(2,2),(-48.2,-12.2),.PIECEWISE_BEZIER_KNOTS.);
#1123 = CARTESIAN_POINT('',(1.,36.));
#1124 = CARTESIAN_POINT('',(1.,0.));
#1125 = ( GEOMETRIC_REPRESENTATION_CONTEXT(2) 
PARAMETRIC_REPRESENTATION_CONTEXT() REPRESENTATION_CONTEXT('2D SPACE',''
  ) );
#1126 = ORIENTED_EDGE('',*,*,#1127,.T.);
#1127 = EDGE_CURVE('',#1102,#1128,#1130,.T.);
#1128 = VERTEX_POINT('',#1129);
#1129 = CARTESIAN_POINT('',(-18.,10.,0.));
#1130 = SURFACE_CURVE('',#1131,(#1135,#1141),.PCURVE_S1.);
#1131 = LINE('',#1132,#1133);
#1132 = CARTESIAN_POINT('',(-18.,-20.45,0.));
#1133 = VECTOR('',#1134,1.);
#1134 = DIRECTION('',(0.,1.,0.));
#1135 = PCURVE('',#100,#1136);
#1136 = DEFINITIONAL_REPRESENTATION('',(#1137),#1140);
#1137 = B_SPLINE_CURVE_WITH_KNOTS('',1,(#1138,#1139),.UNSPECIFIED.,.F.,
  .F.,(2,2),(10.45,30.45),.PIECEWISE_BEZIER_KNOTS.);
#1138 = CARTESIAN_POINT('',(24.4,20.9));
#1139 = CARTESIAN_POINT('',(24.4,40.9));
#1140 = ( GEOMETRIC_REPRESENTATION_CONTEXT(2) 
PARAMETRIC_REPRESENTATION_CONTEXT() REPRESENTATION_CONTEXT('2D SPACE',''
  ) );
#1141 = PCURVE('',#1142,#1147);
#1142 = PLANE('',#1143);
#1143 = AXIS2_PLACEMENT_3D('',#1144,#1145,#1146);
#1144 = CARTESIAN_POINT('',(-18.,-10.,-1.));
#1145 = DIRECTION('',(1.,0.,0.));
#1146 = DIRECTION('',(0.,0.,1.));
#1147 = DEFINITIONAL_REPRESENTATION('',(#1148),#1151);
#1148 = B_SPLINE_CURVE_WITH_KNOTS('',1,(#1149,#1150),.UNSPECIFIED.,.F.,
  .F.,(2,2),(10.45,30.45),.PIECEWISE_BEZIER_KNOTS.);
#1149 = CARTESIAN_POINT('',(1.,0.));
#1150 = CARTESIAN_POINT('',(1.,-20.));
#1151 = ( GEOMETRIC_REPRESENTATION_CONTEXT(2) 
PARAMETRIC_REPRESENTATION_CONTEXT() REPRESENTATION_CONTEXT('2D SPACE',''
  ) );
#1152 = ORIENTED_EDGE('',*,*,#1153,.F.);
#1153 = EDGE_CURVE('',#1154,#1128,#1156,.T.);
#1154 = VERTEX_POINT('',#1155);
#1155 = CARTESIAN_POINT('',(18.,10.,0.));
#1156 = SURFACE_CURVE('',#1157,(#1161,#1167),.PCURVE_S1.);
#1157 = LINE('',#1158,#1159);
#1158 = CARTESIAN_POINT('',(-30.2,10.,0.));
#1159 = VECTOR('',#1160,1.);
#1160 = DIRECTION('',(-1.,0.,0.));
#1161 = PCURVE('',#100,#1162);
#1162 = DEFINITIONAL_REPRESENTATION('',(#1163),#1166);
#1163 = B_SPLINE_CURVE_WITH_KNOTS('',1,(#1164,#1165),.UNSPECIFIED.,.F.,
  .F.,(2,2),(-48.2,-12.2),.PIECEWISE_BEZIER_KNOTS.);
#1164 = CARTESIAN_POINT('',(60.4,40.9));
#1165 = CARTESIAN_POINT('',(24.4,40.9));
#1166 = ( GEOMETRIC_REPRESENTATION_CONTEXT(2) 
PARAMETRIC_REPRESENTATION_CONTEXT() REPRESENTATION_CONTEXT('2D SPACE',''
  ) );
#1167 = PCURVE('',#1168,#1173);
#1168 = PLANE('',#1169);
#1169 = AXIS2_PLACEMENT_3D('',#1170,#1171,#1172);
#1170 = CARTESIAN_POINT('',(-18.,10.,-1.));
#1171 = DIRECTION('',(0.,1.,0.));
#1172 = DIRECTION('',(0.,0.,1.));
#1173 = DEFINITIONAL_REPRESENTATION('',(#1174),#1177);
#1174 = B_SPLINE_CURVE_WITH_KNOTS('',1,(#1175,#1176),.UNSPECIFIED.,.F.,
  .F.,(2,2),(-48.2,-12.2),.PIECEWISE_BEZIER_KNOTS.);
#1175 = CARTESIAN_POINT('',(1.,36.));
#1176 = CARTESIAN_POINT('',(1.,0.));
#1177 = ( GEOMETRIC_REPRESENTATION_CONTEXT(2) 
PARAMETRIC_REPRESENTATION_CONTEXT() REPRESENTATION_CONTEXT('2D SPACE',''
  ) );
#1178 = ORIENTED_EDGE('',*,*,#1179,.F.);
#1179 = EDGE_CURVE('',#1100,#1154,#1180,.T.);
#1180 = SURFACE_CURVE('',#1181,(#1185,#1191),.PCURVE_S1.);
#1181 = LINE('',#1182,#1183);
#1182 = CARTESIAN_POINT('',(18.,-20.45,0.));
#1183 = VECTOR('',#1184,1.);
#1184 = DIRECTION('',(0.,1.,0.));
#1185 = PCURVE('',#100,#1186);
#1186 = DEFINITIONAL_REPRESENTATION('',(#1187),#1190);
#1187 = B_SPLINE_CURVE_WITH_KNOTS('',1,(#1188,#1189),.UNSPECIFIED.,.F.,
  .F.,(2,2),(10.45,30.45),.PIECEWISE_BEZIER_KNOTS.);
#1188 = CARTESIAN_POINT('',(60.4,20.9));
#1189 = CARTESIAN_POINT('',(60.4,40.9));
#1190 = ( GEOMETRIC_REPRESENTATION_CONTEXT(2) 
PARAMETRIC_REPRESENTATION_CONTEXT() REPRESENTATION_CONTEXT('2D SPACE',''
  ) );
#1191 = PCURVE('',#1192,#1197);
#1192 = PLANE('',#1193);
#1193 = AXIS2_PLACEMENT_3D('',#1194,#1195,#1196);
#1194 = CARTESIAN_POINT('',(18.,-10.,-1.));
#1195 = DIRECTION('',(1.,0.,0.));
#1196 = DIRECTION('',(0.,0.,1.));
#1197 = DEFINITIONAL_REPRESENTATION('',(#1198),#1201);
#1198 = B_SPLINE_CURVE_WITH_KNOTS('',1,(#1199,#1200),.UNSPECIFIED.,.F.,
  .F.,(2,2),(10.45,30.45),.PIECEWISE_BEZIER_KNOTS.);
#1199 = CARTESIAN_POINT('',(1.,0.));
#1200 = CARTESIAN_POINT('',(1.,-20.));
#1201 = ( GEOMETRIC_REPRESENTATION_CONTEXT(2) 
PARAMETRIC_REPRESENTATION_CONTEXT() REPRESENTATION_CONTEXT('2D SPACE',''
  ) );
#1202 = FACE_BOUND('',#1203,.F.);
#1203 = EDGE_LOOP('',(#1204,#1232,#1258,#1284));
#1204 = ORIENTED_EDGE('',*,*,#1205,.T.);
#1205 = EDGE_CURVE('',#1206,#1208,#1210,.T.);
#1206 = VERTEX_POINT('',#1207);
#1207 = CARTESIAN_POINT('',(31.,-4.5,0.));
#1208 = VERTEX_POINT('',#1209);
#1209 = CARTESIAN_POINT('',(27.,-4.5,0.));
#1210 = SURFACE_CURVE('',#1211,(#1215,#1221),.PCURVE_S1.);
#1211 = LINE('',#1212,#1213);
#1212 = CARTESIAN_POINT('',(-7.7,-4.5,0.));
#1213 = VECTOR('',#1214,1.);
#1214 = DIRECTION('',(-1.,0.,0.));
#1215 = PCURVE('',#100,#1216);
#1216 = DEFINITIONAL_REPRESENTATION('',(#1217),#1220);
#1217 = B_SPLINE_CURVE_WITH_KNOTS('',1,(#1218,#1219),.UNSPECIFIED.,.F.,
  .F.,(2,2),(-38.7,-34.7),.PIECEWISE_BEZIER_KNOTS.);
#1218 = CARTESIAN_POINT('',(73.4,26.4));
#1219 = CARTESIAN_POINT('',(69.4,26.4));
#1220 = ( GEOMETRIC_REPRESENTATION_CONTEXT(2) 
PARAMETRIC_REPRESENTATION_CONTEXT() REPRESENTATION_CONTEXT('2D SPACE',''
  ) );
#1221 = PCURVE('',#1222,#1227);
#1222 = PLANE('',#1223);
#1223 = AXIS2_PLACEMENT_3D('',#1224,#1225,#1226);
#1224 = CARTESIAN_POINT('',(27.,-4.5,-1.));
#1225 = DIRECTION('',(0.,1.,0.));
#1226 = DIRECTION('',(0.,0.,1.));
#1227 = DEFINITIONAL_REPRESENTATION('',(#1228),#1231);
#1228 = B_SPLINE_CURVE_WITH_KNOTS('',1,(#1229,#1230),.UNSPECIFIED.,.F.,
  .F.,(2,2),(-38.7,-34.7),.PIECEWISE_BEZIER_KNOTS.);
#1229 = CARTESIAN_POINT('',(1.,4.));
#1230 = CARTESIAN_POINT('',(1.,0.));
#1231 = ( GEOMETRIC_REPRESENTATION_CONTEXT(2) 
PARAMETRIC_REPRESENTATION_CONTEXT() REPRESENTATION_CONTEXT('2D SPACE',''
  ) );
#1232 = ORIENTED_EDGE('',*,*,#1233,.T.);
#1233 = EDGE_CURVE('',#1208,#1234,#1236,.T.);
#1234 = VERTEX_POINT('',#1235);
#1235 = CARTESIAN_POINT('',(27.,4.5,0.));
#1236 = SURFACE_CURVE('',#1237,(#1241,#1247),.PCURVE_S1.);
#1237 = LINE('',#1238,#1239);
#1238 = CARTESIAN_POINT('',(27.,-17.7,0.));
#1239 = VECTOR('',#1240,1.);
#1240 = DIRECTION('',(0.,1.,0.));
#1241 = PCURVE('',#100,#1242);
#1242 = DEFINITIONAL_REPRESENTATION('',(#1243),#1246);
#1243 = B_SPLINE_CURVE_WITH_KNOTS('',1,(#1244,#1245),.UNSPECIFIED.,.F.,
  .F.,(2,2),(13.2,22.2),.PIECEWISE_BEZIER_KNOTS.);
#1244 = CARTESIAN_POINT('',(69.4,26.4));
#1245 = CARTESIAN_POINT('',(69.4,35.4));
#1246 = ( GEOMETRIC_REPRESENTATION_CONTEXT(2) 
PARAMETRIC_REPRESENTATION_CONTEXT() REPRESENTATION_CONTEXT('2D SPACE',''
  ) );
#1247 = PCURVE('',#1248,#1253);
#1248 = PLANE('',#1249);
#1249 = AXIS2_PLACEMENT_3D('',#1250,#1251,#1252);
#1250 = CARTESIAN_POINT('',(27.,-4.5,-1.));
#1251 = DIRECTION('',(1.,0.,0.));
#1252 = DIRECTION('',(0.,0.,1.));
#1253 = DEFINITIONAL_REPRESENTATION('',(#1254),#1257);
#1254 = B_SPLINE_CURVE_WITH_KNOTS('',1,(#1255,#1256),.UNSPECIFIED.,.F.,
  .F.,(2,2),(13.2,22.2),.PIECEWISE_BEZIER_KNOTS.);
#1255 = CARTESIAN_POINT('',(1.,0.));
#1256 = CARTESIAN_POINT('',(1.,-9.));
#1257 = ( GEOMETRIC_REPRESENTATION_CONTEXT(2) 
PARAMETRIC_REPRESENTATION_CONTEXT() REPRESENTATION_CONTEXT('2D SPACE',''
  ) );
#1258 = ORIENTED_EDGE('',*,*,#1259,.F.);
#1259 = EDGE_CURVE('',#1260,#1234,#1262,.T.);
#1260 = VERTEX_POINT('',#1261);
#1261 = CARTESIAN_POINT('',(31.,4.5,0.));
#1262 = SURFACE_CURVE('',#1263,(#1267,#1273),.PCURVE_S1.);
#1263 = LINE('',#1264,#1265);
#1264 = CARTESIAN_POINT('',(-7.7,4.5,0.));
#1265 = VECTOR('',#1266,1.);
#1266 = DIRECTION('',(-1.,0.,0.));
#1267 = PCURVE('',#100,#1268);
#1268 = DEFINITIONAL_REPRESENTATION('',(#1269),#1272);
#1269 = B_SPLINE_CURVE_WITH_KNOTS('',1,(#1270,#1271),.UNSPECIFIED.,.F.,
  .F.,(2,2),(-38.7,-34.7),.PIECEWISE_BEZIER_KNOTS.);
#1270 = CARTESIAN_POINT('',(73.4,35.4));
#1271 = CARTESIAN_POINT('',(69.4,35.4));
#1272 = ( GEOMETRIC_REPRESENTATION_CONTEXT(2) 
PARAMETRIC_REPRESENTATION_CONTEXT() REPRESENTATION_CONTEXT('2D SPACE',''
  ) );
#1273 = PCURVE('',#1274,#1279);
#1274 = PLANE('',#1275);
#1275 = AXIS2_PLACEMENT_3D('',#1276,#1277,#1278);
#1276 = CARTESIAN_POINT('',(27.,4.5,-1.));
#1277 = DIRECTION('',(0.,1.,0.));
#1278 = DIRECTION('',(0.,0.,1.));
#1279 = DEFINITIONAL_REPRESENTATION('',(#1280),#1283);
#1280 = B_SPLINE_CURVE_WITH_KNOTS('',1,(#1281,#1282),.UNSPECIFIED.,.F.,
  .F.,(2,2),(-38.7,-34.7),.PIECEWISE_BEZIER_KNOTS.);
#1281 = CARTESIAN_POINT('',(1.,4.));
#1282 = CARTESIAN_POINT('',(1.,0.));
#1283 = ( GEOMETRIC_REPRESENTATION_CONTEXT(2) 
PARAMETRIC_REPRESENTATION_CONTEXT() REPRESENTATION_CONTEXT('2D SPACE',''
  ) );
#1284 = ORIENTED_EDGE('',*,*,#1285,.F.);
#1285 = EDGE_CURVE('',#1206,#1260,#1286,.T.);
#1286 = SURFACE_CURVE('',#1287,(#1291,#1297),.PCURVE_S1.);
#1287 = LINE('',#1288,#1289);
#1288 = CARTESIAN_POINT('',(31.,-17.7,0.));
#1289 = VECTOR('',#1290,1.);
#1290 = DIRECTION('',(0.,1.,0.));
#1291 = PCURVE('',#100,#1292);
#1292 = DEFINITIONAL_REPRESENTATION('',(#1293),#1296);
#1293 = B_SPLINE_CURVE_WITH_KNOTS('',1,(#1294,#1295),.UNSPECIFIED.,.F.,
  .F.,(2,2),(13.2,22.2),.PIECEWISE_BEZIER_KNOTS.);
#1294 = CARTESIAN_POINT('',(73.4,26.4));
#1295 = CARTESIAN_POINT('',(73.4,35.4));
#1296 = ( GEOMETRIC_REPRESENTATION_CONTEXT(2) 
PARAMETRIC_REPRESENTATION_CONTEXT() REPRESENTATION_CONTEXT('2D SPACE',''
  ) );
#1297 = PCURVE('',#1298,#1303);
#1298 = PLANE('',#1299);
#1299 = AXIS2_PLACEMENT_3D('',#1300,#1301,#1302);
#1300 = CARTESIAN_POINT('',(31.,-4.5,-1.));
#1301 = DIRECTION('',(1.,0.,0.));
#1302 = DIRECTION('',(0.,0.,1.));
#1303 = DEFINITIONAL_REPRESENTATION('',(#1304),#1307);
#1304 = B_SPLINE_CURVE_WITH_KNOTS('',1,(#1305,#1306),.UNSPECIFIED.,.F.,
  .F.,(2,2),(13.2,22.2),.PIECEWISE_BEZIER_KNOTS.);
#1305 = CARTESIAN_POINT('',(1.,0.));
#1306 = CARTESIAN_POINT('',(1.,-9.));
#1307 = ( GEOMETRIC_REPRESENTATION_CONTEXT(2) 
PARAMETRIC_REPRESENTATION_CONTEXT() REPRESENTATION_CONTEXT('2D SPACE',''
  ) );
#1308 = FACE_BOUND('',#1309,.F.);
#1309 = EDGE_LOOP('',(#1310,#1338,#1364,#1390));
#1310 = ORIENTED_EDGE('',*,*,#1311,.T.);
#1311 = EDGE_CURVE('',#1312,#1314,#1316,.T.);
#1312 = VERTEX_POINT('',#1313);
#1313 = CARTESIAN_POINT('',(31.,10.5,0.));
#1314 = VERTEX_POINT('',#1315);
#1315 = CARTESIAN_POINT('',(27.,10.5,0.));
#1316 = SURFACE_CURVE('',#1317,(#1321,#1327),.PCURVE_S1.);
#1317 = LINE('',#1318,#1319);
#1318 = CARTESIAN_POINT('',(-7.7,10.5,0.));
#1319 = VECTOR('',#1320,1.);
#1320 = DIRECTION('',(-1.,0.,0.));
#1321 = PCURVE('',#100,#1322);
#1322 = DEFINITIONAL_REPRESENTATION('',(#1323),#1326);
#1323 = B_SPLINE_CURVE_WITH_KNOTS('',1,(#1324,#1325),.UNSPECIFIED.,.F.,
  .F.,(2,2),(-38.7,-34.7),.PIECEWISE_BEZIER_KNOTS.);
#1324 = CARTESIAN_POINT('',(73.4,41.4));
#1325 = CARTESIAN_POINT('',(69.4,41.4));
#1326 = ( GEOMETRIC_REPRESENTATION_CONTEXT(2) 
PARAMETRIC_REPRESENTATION_CONTEXT() REPRESENTATION_CONTEXT('2D SPACE',''
  ) );
#1327 = PCURVE('',#1328,#1333);
#1328 = PLANE('',#1329);
#1329 = AXIS2_PLACEMENT_3D('',#1330,#1331,#1332);
#1330 = CARTESIAN_POINT('',(27.,10.5,-1.));
#1331 = DIRECTION('',(0.,1.,0.));
#1332 = DIRECTION('',(0.,0.,1.));
#1333 = DEFINITIONAL_REPRESENTATION('',(#1334),#1337);
#1334 = B_SPLINE_CURVE_WITH_KNOTS('',1,(#1335,#1336),.UNSPECIFIED.,.F.,
  .F.,(2,2),(-38.7,-34.7),.PIECEWISE_BEZIER_KNOTS.);
#1335 = CARTESIAN_POINT('',(1.,4.));
#1336 = CARTESIAN_POINT('',(1.,0.));
#1337 = ( GEOMETRIC_REPRESENTATION_CONTEXT(2) 
PARAMETRIC_REPRESENTATION_CONTEXT() REPRESENTATION_CONTEXT('2D SPACE',''
  ) );
#1338 = ORIENTED_EDGE('',*,*,#1339,.T.);
#1339 = EDGE_CURVE('',#1314,#1340,#1342,.T.);
#1340 = VERTEX_POINT('',#1341);
#1341 = CARTESIAN_POINT('',(27.,19.5,0.));
#1342 = SURFACE_CURVE('',#1343,(#1347,#1353),.PCURVE_S1.);
#1343 = LINE('',#1344,#1345);
#1344 = CARTESIAN_POINT('',(27.,-10.2,0.));
#1345 = VECTOR('',#1346,1.);
#1346 = DIRECTION('',(0.,1.,0.));
#1347 = PCURVE('',#100,#1348);
#1348 = DEFINITIONAL_REPRESENTATION('',(#1349),#1352);
#1349 = B_SPLINE_CURVE_WITH_KNOTS('',1,(#1350,#1351),.UNSPECIFIED.,.F.,
  .F.,(2,2),(20.7,29.7),.PIECEWISE_BEZIER_KNOTS.);
#1350 = CARTESIAN_POINT('',(69.4,41.4));
#1351 = CARTESIAN_POINT('',(69.4,50.4));
#1352 = ( GEOMETRIC_REPRESENTATION_CONTEXT(2) 
PARAMETRIC_REPRESENTATION_CONTEXT() REPRESENTATION_CONTEXT('2D SPACE',''
  ) );
#1353 = PCURVE('',#1354,#1359);
#1354 = PLANE('',#1355);
#1355 = AXIS2_PLACEMENT_3D('',#1356,#1357,#1358);
#1356 = CARTESIAN_POINT('',(27.,10.5,-1.));
#1357 = DIRECTION('',(1.,0.,0.));
#1358 = DIRECTION('',(0.,0.,1.));
#1359 = DEFINITIONAL_REPRESENTATION('',(#1360),#1363);
#1360 = B_SPLINE_CURVE_WITH_KNOTS('',1,(#1361,#1362),.UNSPECIFIED.,.F.,
  .F.,(2,2),(20.7,29.7),.PIECEWISE_BEZIER_KNOTS.);
#1361 = CARTESIAN_POINT('',(1.,0.));
#1362 = CARTESIAN_POINT('',(1.,-9.));
#1363 = ( GEOMETRIC_REPRESENTATION_CONTEXT(2) 
PARAMETRIC_REPRESENTATION_CONTEXT() REPRESENTATION_CONTEXT('2D SPACE',''
  ) );
#1364 = ORIENTED_EDGE('',*,*,#1365,.F.);
#1365 = EDGE_CURVE('',#1366,#1340,#1368,.T.);
#1366 = VERTEX_POINT('',#1367);
#1367 = CARTESIAN_POINT('',(31.,19.5,0.));
#1368 = SURFACE_CURVE('',#1369,(#1373,#1379),.PCURVE_S1.);
#1369 = LINE('',#1370,#1371);
#1370 = CARTESIAN_POINT('',(-7.7,19.5,0.));
#1371 = VECTOR('',#1372,1.);
#1372 = DIRECTION('',(-1.,0.,0.));
#1373 = PCURVE('',#100,#1374);
#1374 = DEFINITIONAL_REPRESENTATION('',(#1375),#1378);
#1375 = B_SPLINE_CURVE_WITH_KNOTS('',1,(#1376,#1377),.UNSPECIFIED.,.F.,
  .F.,(2,2),(-38.7,-34.7),.PIECEWISE_BEZIER_KNOTS.);
#1376 = CARTESIAN_POINT('',(73.4,50.4));
#1377 = CARTESIAN_POINT('',(69.4,50.4));
#1378 = ( GEOMETRIC_REPRESENTATION_CONTEXT(2) 
PARAMETRIC_REPRESENTATION_CONTEXT() REPRESENTATION_CONTEXT('2D SPACE',''
  ) );
#1379 = PCURVE('',#1380,#1385);
#1380 = PLANE('',#1381);
#1381 = AXIS2_PLACEMENT_3D('',#1382,#1383,#1384);
#1382 = CARTESIAN_POINT('',(27.,19.5,-1.));
#1383 = DIRECTION('',(0.,1.,0.));
#1384 = DIRECTION('',(0.,0.,1.));
#1385 = DEFINITIONAL_REPRESENTATION('',(#1386),#1389);
#1386 = B_SPLINE_CURVE_WITH_KNOTS('',1,(#1387,#1388),.UNSPECIFIED.,.F.,
  .F.,(2,2),(-38.7,-34.7),.PIECEWISE_BEZIER_KNOTS.);
#1387 = CARTESIAN_POINT('',(1.,4.));
#1388 = CARTESIAN_POINT('',(1.,0.));
#1389 = ( GEOMETRIC_REPRESENTATION_CONTEXT(2) 
PARAMETRIC_REPRESENTATION_CONTEXT() REPRESENTATION_CONTEXT('2D SPACE',''
  ) );
#1390 = ORIENTED_EDGE('',*,*,#1391,.F.);
#1391 = EDGE_CURVE('',#1312,#1366,#1392,.T.);
#1392 = SURFACE_CURVE('',#1393,(#1397,#1403),.PCURVE_S1.);
#1393 = LINE('',#1394,#1395);
#1394 = CARTESIAN_POINT('',(31.,-10.2,0.));
#1395 = VECTOR('',#1396,1.);
#1396 = DIRECTION('',(0.,1.,0.));
#1397 = PCURVE('',#100,#1398);
#1398 = DEFINITIONAL_REPRESENTATION('',(#1399),#1402);
#1399 = B_SPLINE_CURVE_WITH_KNOTS('',1,(#1400,#1401),.UNSPECIFIED.,.F.,
  .F.,(2,2),(20.7,29.7),.PIECEWISE_BEZIER_KNOTS.);
#1400 = CARTESIAN_POINT('',(73.4,41.4));
#1401 = CARTESIAN_POINT('',(73.4,50.4));
#1402 = ( GEOMETRIC_REPRESENTATION_CONTEXT(2) 
PARAMETRIC_REPRESENTATION_CONTEXT() REPRESENTATION_CONTEXT('2D SPACE',''
  ) );
#1403 = PCURVE('',#1404,#1409);
#1404 = PLANE('',#1405);
#1405 = AXIS2_PLACEMENT_3D('',#1406,#1407,#1408);
#1406 = CARTESIAN_POINT('',(31.,10.5,-1.));
#1407 = DIRECTION('',(1.,0.,0.));
#1408 = DIRECTION('',(0.,0.,1.));
#1409 = DEFINITIONAL_REPRESENTATION('',(#1410),#1413);
#1410 = B_SPLINE_CURVE_WITH_KNOTS('',1,(#1411,#1412),.UNSPECIFIED.,.F.,
  .F.,(2,2),(20.7,29.7),.PIECEWISE_BEZIER_KNOTS.);
#1411 = CARTESIAN_POINT('',(1.,0.));
#1412 = CARTESIAN_POINT('',(1.,-9.));
#1413 = ( GEOMETRIC_REPRESENTATION_CONTEXT(2) 
PARAMETRIC_REPRESENTATION_CONTEXT() REPRESENTATION_CONTEXT('2D SPACE',''
  ) );
#1414 = ADVANCED_FACE('',(#1415),#182,.F.);
#1415 = FACE_BOUND('',#1416,.F.);
#1416 = EDGE_LOOP('',(#1417,#1418,#1419,#1420));
#1417 = ORIENTED_EDGE('',*,*,#553,.F.);
#1418 = ORIENTED_EDGE('',*,*,#471,.T.);
#1419 = ORIENTED_EDGE('',*,*,#166,.T.);
#1420 = ORIENTED_EDGE('',*,*,#1421,.F.);
#1421 = EDGE_CURVE('',#554,#167,#1422,.T.);
#1422 = SURFACE_CURVE('',#1423,(#1427,#1434),.PCURVE_S1.);
#1423 = LINE('',#1424,#1425);
#1424 = CARTESIAN_POINT('',(40.4,-30.9,0.));
#1425 = VECTOR('',#1426,1.);
#1426 = DIRECTION('',(0.,0.,1.));
#1427 = PCURVE('',#182,#1428);
#1428 = DEFINITIONAL_REPRESENTATION('',(#1429),#1433);
#1429 = LINE('',#1430,#1431);
#1430 = CARTESIAN_POINT('',(0.,82.8));
#1431 = VECTOR('',#1432,1.);
#1432 = DIRECTION('',(1.,0.));
#1433 = ( GEOMETRIC_REPRESENTATION_CONTEXT(2) 
PARAMETRIC_REPRESENTATION_CONTEXT() REPRESENTATION_CONTEXT('2D SPACE',''
  ) );
#1434 = PCURVE('',#215,#1435);
#1435 = DEFINITIONAL_REPRESENTATION('',(#1436),#1440);
#1436 = LINE('',#1437,#1438);
#1437 = CARTESIAN_POINT('',(-1.570796326795,0.));
#1438 = VECTOR('',#1439,1.);
#1439 = DIRECTION('',(-0.,1.));
#1440 = ( GEOMETRIC_REPRESENTATION_CONTEXT(2) 
PARAMETRIC_REPRESENTATION_CONTEXT() REPRESENTATION_CONTEXT('2D SPACE',''
  ) );
#1441 = ADVANCED_FACE('',(#1442),#300,.T.);
#1442 = FACE_BOUND('',#1443,.T.);
#1443 = EDGE_LOOP('',(#1444,#1445,#1446,#1447));
#1444 = ORIENTED_EDGE('',*,*,#651,.F.);
#1445 = ORIENTED_EDGE('',*,*,#525,.T.);
#1446 = ORIENTED_EDGE('',*,*,#284,.T.);
#1447 = ORIENTED_EDGE('',*,*,#1448,.F.);
#1448 = EDGE_CURVE('',#628,#256,#1449,.T.);
#1449 = SURFACE_CURVE('',#1450,(#1454,#1461),.PCURVE_S1.);
#1450 = LINE('',#1451,#1452);
#1451 = CARTESIAN_POINT('',(40.4,30.9,0.));
#1452 = VECTOR('',#1453,1.);
#1453 = DIRECTION('',(0.,0.,1.));
#1454 = PCURVE('',#300,#1455);
#1455 = DEFINITIONAL_REPRESENTATION('',(#1456),#1460);
#1456 = LINE('',#1457,#1458);
#1457 = CARTESIAN_POINT('',(0.,82.8));
#1458 = VECTOR('',#1459,1.);
#1459 = DIRECTION('',(1.,0.));
#1460 = ( GEOMETRIC_REPRESENTATION_CONTEXT(2) 
PARAMETRIC_REPRESENTATION_CONTEXT() REPRESENTATION_CONTEXT('2D SPACE',''
  ) );
#1461 = PCURVE('',#272,#1462);
#1462 = DEFINITIONAL_REPRESENTATION('',(#1463),#1467);
#1463 = LINE('',#1464,#1465);
#1464 = CARTESIAN_POINT('',(1.570796326795,0.));
#1465 = VECTOR('',#1466,1.);
#1466 = DIRECTION('',(0.,1.));
#1467 = ( GEOMETRIC_REPRESENTATION_CONTEXT(2) 
PARAMETRIC_REPRESENTATION_CONTEXT() REPRESENTATION_CONTEXT('2D SPACE',''
  ) );
#1468 = ADVANCED_FACE('',(#1469),#215,.T.);
#1469 = FACE_BOUND('',#1470,.F.);
#1470 = EDGE_LOOP('',(#1471,#1472,#1473,#1474));
#1471 = ORIENTED_EDGE('',*,*,#576,.T.);
#1472 = ORIENTED_EDGE('',*,*,#1421,.T.);
#1473 = ORIENTED_EDGE('',*,*,#194,.F.);
#1474 = ORIENTED_EDGE('',*,*,#1475,.F.);
#1475 = EDGE_CURVE('',#577,#195,#1476,.T.);
#1476 = SURFACE_CURVE('',#1477,(#1481,#1488),.PCURVE_S1.);
#1477 = LINE('',#1478,#1479);
#1478 = CARTESIAN_POINT('',(42.4,-28.9,0.));
#1479 = VECTOR('',#1480,1.);
#1480 = DIRECTION('',(0.,0.,1.));
#1481 = PCURVE('',#215,#1482);
#1482 = DEFINITIONAL_REPRESENTATION('',(#1483),#1487);
#1483 = LINE('',#1484,#1485);
#1484 = CARTESIAN_POINT('',(-0.,0.));
#1485 = VECTOR('',#1486,1.);
#1486 = DIRECTION('',(-0.,1.));
#1487 = ( GEOMETRIC_REPRESENTATION_CONTEXT(2) 
PARAMETRIC_REPRESENTATION_CONTEXT() REPRESENTATION_CONTEXT('2D SPACE',''
  ) );
#1488 = PCURVE('',#243,#1489);
#1489 = DEFINITIONAL_REPRESENTATION('',(#1490),#1494);
#1490 = LINE('',#1491,#1492);
#1491 = CARTESIAN_POINT('',(0.,-2.));
#1492 = VECTOR('',#1493,1.);
#1493 = DIRECTION('',(1.,0.));
#1494 = ( GEOMETRIC_REPRESENTATION_CONTEXT(2) 
PARAMETRIC_REPRESENTATION_CONTEXT() REPRESENTATION_CONTEXT('2D SPACE',''
  ) );
#1495 = ADVANCED_FACE('',(#1496),#272,.T.);
#1496 = FACE_BOUND('',#1497,.T.);
#1497 = EDGE_LOOP('',(#1498,#1499,#1500,#1501));
#1498 = ORIENTED_EDGE('',*,*,#627,.T.);
#1499 = ORIENTED_EDGE('',*,*,#1448,.T.);
#1500 = ORIENTED_EDGE('',*,*,#255,.F.);
#1501 = ORIENTED_EDGE('',*,*,#1502,.F.);
#1502 = EDGE_CURVE('',#605,#228,#1503,.T.);
#1503 = SURFACE_CURVE('',#1504,(#1508,#1515),.PCURVE_S1.);
#1504 = LINE('',#1505,#1506);
#1505 = CARTESIAN_POINT('',(42.4,28.9,0.));
#1506 = VECTOR('',#1507,1.);
#1507 = DIRECTION('',(0.,0.,1.));
#1508 = PCURVE('',#272,#1509);
#1509 = DEFINITIONAL_REPRESENTATION('',(#1510),#1514);
#1510 = LINE('',#1511,#1512);
#1511 = CARTESIAN_POINT('',(0.,0.));
#1512 = VECTOR('',#1513,1.);
#1513 = DIRECTION('',(0.,1.));
#1514 = ( GEOMETRIC_REPRESENTATION_CONTEXT(2) 
PARAMETRIC_REPRESENTATION_CONTEXT() REPRESENTATION_CONTEXT('2D SPACE',''
  ) );
#1515 = PCURVE('',#243,#1516);
#1516 = DEFINITIONAL_REPRESENTATION('',(#1517),#1521);
#1517 = LINE('',#1518,#1519);
#1518 = CARTESIAN_POINT('',(0.,-59.8));
#1519 = VECTOR('',#1520,1.);
#1520 = DIRECTION('',(1.,0.));
#1521 = ( GEOMETRIC_REPRESENTATION_CONTEXT(2) 
PARAMETRIC_REPRESENTATION_CONTEXT() REPRESENTATION_CONTEXT('2D SPACE',''
  ) );
#1522 = ADVANCED_FACE('',(#1523),#243,.T.);
#1523 = FACE_BOUND('',#1524,.T.);
#1524 = EDGE_LOOP('',(#1525,#1526,#1527,#1528));
#1525 = ORIENTED_EDGE('',*,*,#227,.F.);
#1526 = ORIENTED_EDGE('',*,*,#1475,.F.);
#1527 = ORIENTED_EDGE('',*,*,#604,.T.);
#1528 = ORIENTED_EDGE('',*,*,#1502,.T.);
#1529 = ADVANCED_FACE('',(#1530),#357,.T.);
#1530 = FACE_BOUND('',#1531,.T.);
#1531 = EDGE_LOOP('',(#1532,#1555,#1583,#1604));
#1532 = ORIENTED_EDGE('',*,*,#1533,.F.);
#1533 = EDGE_CURVE('',#1534,#341,#1536,.T.);
#1534 = VERTEX_POINT('',#1535);
#1535 = CARTESIAN_POINT('',(40.4,-28.9,2.));
#1536 = SURFACE_CURVE('',#1537,(#1541,#1548),.PCURVE_S1.);
#1537 = LINE('',#1538,#1539);
#1538 = CARTESIAN_POINT('',(40.4,-28.9,2.));
#1539 = VECTOR('',#1540,1.);
#1540 = DIRECTION('',(0.,0.,1.));
#1541 = PCURVE('',#357,#1542);
#1542 = DEFINITIONAL_REPRESENTATION('',(#1543),#1547);
#1543 = LINE('',#1544,#1545);
#1544 = CARTESIAN_POINT('',(0.,80.8));
#1545 = VECTOR('',#1546,1.);
#1546 = DIRECTION('',(1.,0.));
#1547 = ( GEOMETRIC_REPRESENTATION_CONTEXT(2) 
PARAMETRIC_REPRESENTATION_CONTEXT() REPRESENTATION_CONTEXT('2D SPACE',''
  ) );
#1548 = PCURVE('',#433,#1549);
#1549 = DEFINITIONAL_REPRESENTATION('',(#1550),#1554);
#1550 = LINE('',#1551,#1552);
#1551 = CARTESIAN_POINT('',(0.,0.));
#1552 = VECTOR('',#1553,1.);
#1553 = DIRECTION('',(1.,0.));
#1554 = ( GEOMETRIC_REPRESENTATION_CONTEXT(2) 
PARAMETRIC_REPRESENTATION_CONTEXT() REPRESENTATION_CONTEXT('2D SPACE',''
  ) );
#1555 = ORIENTED_EDGE('',*,*,#1556,.F.);
#1556 = EDGE_CURVE('',#1557,#1534,#1559,.T.);
#1557 = VERTEX_POINT('',#1558);
#1558 = CARTESIAN_POINT('',(-40.4,-28.9,2.));
#1559 = SURFACE_CURVE('',#1560,(#1564,#1571),.PCURVE_S1.);
#1560 = LINE('',#1561,#1562);
#1561 = CARTESIAN_POINT('',(-40.4,-28.9,2.));
#1562 = VECTOR('',#1563,1.);
#1563 = DIRECTION('',(1.,0.,0.));
#1564 = PCURVE('',#357,#1565);
#1565 = DEFINITIONAL_REPRESENTATION('',(#1566),#1570);
#1566 = LINE('',#1567,#1568);
#1567 = CARTESIAN_POINT('',(0.,0.));
#1568 = VECTOR('',#1569,1.);
#1569 = DIRECTION('',(0.,1.));
#1570 = ( GEOMETRIC_REPRESENTATION_CONTEXT(2) 
PARAMETRIC_REPRESENTATION_CONTEXT() REPRESENTATION_CONTEXT('2D SPACE',''
  ) );
#1571 = PCURVE('',#1572,#1577);
#1572 = PLANE('',#1573);
#1573 = AXIS2_PLACEMENT_3D('',#1574,#1575,#1576);
#1574 = CARTESIAN_POINT('',(-40.4,-28.9,2.));
#1575 = DIRECTION('',(0.,0.,1.));
#1576 = DIRECTION('',(1.,0.,0.));
#1577 = DEFINITIONAL_REPRESENTATION('',(#1578),#1582);
#1578 = LINE('',#1579,#1580);
#1579 = CARTESIAN_POINT('',(0.,0.));
#1580 = VECTOR('',#1581,1.);
#1581 = DIRECTION('',(1.,0.));
#1582 = ( GEOMETRIC_REPRESENTATION_CONTEXT(2) 
PARAMETRIC_REPRESENTATION_CONTEXT() REPRESENTATION_CONTEXT('2D SPACE',''
  ) );
#1583 = ORIENTED_EDGE('',*,*,#1584,.T.);
#1584 = EDGE_CURVE('',#1557,#343,#1585,.T.);
#1585 = SURFACE_CURVE('',#1586,(#1590,#1597),.PCURVE_S1.);
#1586 = LINE('',#1587,#1588);
#1587 = CARTESIAN_POINT('',(-40.4,-28.9,2.));
#1588 = VECTOR('',#1589,1.);
#1589 = DIRECTION('',(0.,0.,1.));
#1590 = PCURVE('',#357,#1591);
#1591 = DEFINITIONAL_REPRESENTATION('',(#1592),#1596);
#1592 = LINE('',#1593,#1594);
#1593 = CARTESIAN_POINT('',(0.,0.));
#1594 = VECTOR('',#1595,1.);
#1595 = DIRECTION('',(1.,0.));
#1596 = ( GEOMETRIC_REPRESENTATION_CONTEXT(2) 
PARAMETRIC_REPRESENTATION_CONTEXT() REPRESENTATION_CONTEXT('2D SPACE',''
  ) );
#1597 = PCURVE('',#383,#1598);
#1598 = DEFINITIONAL_REPRESENTATION('',(#1599),#1603);
#1599 = LINE('',#1600,#1601);
#1600 = CARTESIAN_POINT('',(0.,0.));
#1601 = VECTOR('',#1602,1.);
#1602 = DIRECTION('',(1.,0.));
#1603 = ( GEOMETRIC_REPRESENTATION_CONTEXT(2) 
PARAMETRIC_REPRESENTATION_CONTEXT() REPRESENTATION_CONTEXT('2D SPACE',''
  ) );
#1604 = ORIENTED_EDGE('',*,*,#340,.F.);
#1605 = ADVANCED_FACE('',(#1606),#433,.F.);
#1606 = FACE_BOUND('',#1607,.F.);
#1607 = EDGE_LOOP('',(#1608,#1609,#1632,#1653));
#1608 = ORIENTED_EDGE('',*,*,#1533,.F.);
#1609 = ORIENTED_EDGE('',*,*,#1610,.T.);
#1610 = EDGE_CURVE('',#1534,#1611,#1613,.T.);
#1611 = VERTEX_POINT('',#1612);
#1612 = CARTESIAN_POINT('',(40.4,28.9,2.));
#1613 = SURFACE_CURVE('',#1614,(#1618,#1625),.PCURVE_S1.);
#1614 = LINE('',#1615,#1616);
#1615 = CARTESIAN_POINT('',(40.4,-28.9,2.));
#1616 = VECTOR('',#1617,1.);
#1617 = DIRECTION('',(0.,1.,0.));
#1618 = PCURVE('',#433,#1619);
#1619 = DEFINITIONAL_REPRESENTATION('',(#1620),#1624);
#1620 = LINE('',#1621,#1622);
#1621 = CARTESIAN_POINT('',(0.,0.));
#1622 = VECTOR('',#1623,1.);
#1623 = DIRECTION('',(0.,-1.));
#1624 = ( GEOMETRIC_REPRESENTATION_CONTEXT(2) 
PARAMETRIC_REPRESENTATION_CONTEXT() REPRESENTATION_CONTEXT('2D SPACE',''
  ) );
#1625 = PCURVE('',#1572,#1626);
#1626 = DEFINITIONAL_REPRESENTATION('',(#1627),#1631);
#1627 = LINE('',#1628,#1629);
#1628 = CARTESIAN_POINT('',(80.8,0.));
#1629 = VECTOR('',#1630,1.);
#1630 = DIRECTION('',(0.,1.));
#1631 = ( GEOMETRIC_REPRESENTATION_CONTEXT(2) 
PARAMETRIC_REPRESENTATION_CONTEXT() REPRESENTATION_CONTEXT('2D SPACE',''
  ) );
#1632 = ORIENTED_EDGE('',*,*,#1633,.T.);
#1633 = EDGE_CURVE('',#1611,#395,#1634,.T.);
#1634 = SURFACE_CURVE('',#1635,(#1639,#1646),.PCURVE_S1.);
#1635 = LINE('',#1636,#1637);
#1636 = CARTESIAN_POINT('',(40.4,28.9,2.));
#1637 = VECTOR('',#1638,1.);
#1638 = DIRECTION('',(0.,0.,1.));
#1639 = PCURVE('',#433,#1640);
#1640 = DEFINITIONAL_REPRESENTATION('',(#1641),#1645);
#1641 = LINE('',#1642,#1643);
#1642 = CARTESIAN_POINT('',(0.,-57.8));
#1643 = VECTOR('',#1644,1.);
#1644 = DIRECTION('',(1.,0.));
#1645 = ( GEOMETRIC_REPRESENTATION_CONTEXT(2) 
PARAMETRIC_REPRESENTATION_CONTEXT() REPRESENTATION_CONTEXT('2D SPACE',''
  ) );
#1646 = PCURVE('',#409,#1647);
#1647 = DEFINITIONAL_REPRESENTATION('',(#1648),#1652);
#1648 = LINE('',#1649,#1650);
#1649 = CARTESIAN_POINT('',(0.,80.8));
#1650 = VECTOR('',#1651,1.);
#1651 = DIRECTION('',(1.,0.));
#1652 = ( GEOMETRIC_REPRESENTATION_CONTEXT(2) 
PARAMETRIC_REPRESENTATION_CONTEXT() REPRESENTATION_CONTEXT('2D SPACE',''
  ) );
#1653 = ORIENTED_EDGE('',*,*,#420,.F.);
#1654 = ADVANCED_FACE('',(#1655),#409,.F.);
#1655 = FACE_BOUND('',#1656,.F.);
#1656 = EDGE_LOOP('',(#1657,#1658,#1681,#1702));
#1657 = ORIENTED_EDGE('',*,*,#1633,.F.);
#1658 = ORIENTED_EDGE('',*,*,#1659,.F.);
#1659 = EDGE_CURVE('',#1660,#1611,#1662,.T.);
#1660 = VERTEX_POINT('',#1661);
#1661 = CARTESIAN_POINT('',(-40.4,28.9,2.));
#1662 = SURFACE_CURVE('',#1663,(#1667,#1674),.PCURVE_S1.);
#1663 = LINE('',#1664,#1665);
#1664 = CARTESIAN_POINT('',(-40.4,28.9,2.));
#1665 = VECTOR('',#1666,1.);
#1666 = DIRECTION('',(1.,0.,0.));
#1667 = PCURVE('',#409,#1668);
#1668 = DEFINITIONAL_REPRESENTATION('',(#1669),#1673);
#1669 = LINE('',#1670,#1671);
#1670 = CARTESIAN_POINT('',(0.,0.));
#1671 = VECTOR('',#1672,1.);
#1672 = DIRECTION('',(0.,1.));
#1673 = ( GEOMETRIC_REPRESENTATION_CONTEXT(2) 
PARAMETRIC_REPRESENTATION_CONTEXT() REPRESENTATION_CONTEXT('2D SPACE',''
  ) );
#1674 = PCURVE('',#1572,#1675);
#1675 = DEFINITIONAL_REPRESENTATION('',(#1676),#1680);
#1676 = LINE('',#1677,#1678);
#1677 = CARTESIAN_POINT('',(0.,57.8));
#1678 = VECTOR('',#1679,1.);
#1679 = DIRECTION('',(1.,0.));
#1680 = ( GEOMETRIC_REPRESENTATION_CONTEXT(2) 
PARAMETRIC_REPRESENTATION_CONTEXT() REPRESENTATION_CONTEXT('2D SPACE',''
  ) );
#1681 = ORIENTED_EDGE('',*,*,#1682,.T.);
#1682 = EDGE_CURVE('',#1660,#369,#1683,.T.);
#1683 = SURFACE_CURVE('',#1684,(#1688,#1695),.PCURVE_S1.);
#1684 = LINE('',#1685,#1686);
#1685 = CARTESIAN_POINT('',(-40.4,28.9,2.));
#1686 = VECTOR('',#1687,1.);
#1687 = DIRECTION('',(0.,0.,1.));
#1688 = PCURVE('',#409,#1689);
#1689 = DEFINITIONAL_REPRESENTATION('',(#1690),#1694);
#1690 = LINE('',#1691,#1692);
#1691 = CARTESIAN_POINT('',(0.,0.));
#1692 = VECTOR('',#1693,1.);
#1693 = DIRECTION('',(1.,0.));
#1694 = ( GEOMETRIC_REPRESENTATION_CONTEXT(2) 
PARAMETRIC_REPRESENTATION_CONTEXT() REPRESENTATION_CONTEXT('2D SPACE',''
  ) );
#1695 = PCURVE('',#383,#1696);
#1696 = DEFINITIONAL_REPRESENTATION('',(#1697),#1701);
#1697 = LINE('',#1698,#1699);
#1698 = CARTESIAN_POINT('',(0.,-57.8));
#1699 = VECTOR('',#1700,1.);
#1700 = DIRECTION('',(1.,0.));
#1701 = ( GEOMETRIC_REPRESENTATION_CONTEXT(2) 
PARAMETRIC_REPRESENTATION_CONTEXT() REPRESENTATION_CONTEXT('2D SPACE',''
  ) );
#1702 = ORIENTED_EDGE('',*,*,#394,.F.);
#1703 = ADVANCED_FACE('',(#1704),#383,.T.);
#1704 = FACE_BOUND('',#1705,.T.);
#1705 = EDGE_LOOP('',(#1706,#1707,#1728,#1729));
#1706 = ORIENTED_EDGE('',*,*,#1584,.F.);
#1707 = ORIENTED_EDGE('',*,*,#1708,.T.);
#1708 = EDGE_CURVE('',#1557,#1660,#1709,.T.);
#1709 = SURFACE_CURVE('',#1710,(#1714,#1721),.PCURVE_S1.);
#1710 = LINE('',#1711,#1712);
#1711 = CARTESIAN_POINT('',(-40.4,-28.9,2.));
#1712 = VECTOR('',#1713,1.);
#1713 = DIRECTION('',(0.,1.,0.));
#1714 = PCURVE('',#383,#1715);
#1715 = DEFINITIONAL_REPRESENTATION('',(#1716),#1720);
#1716 = LINE('',#1717,#1718);
#1717 = CARTESIAN_POINT('',(0.,0.));
#1718 = VECTOR('',#1719,1.);
#1719 = DIRECTION('',(0.,-1.));
#1720 = ( GEOMETRIC_REPRESENTATION_CONTEXT(2) 
PARAMETRIC_REPRESENTATION_CONTEXT() REPRESENTATION_CONTEXT('2D SPACE',''
  ) );
#1721 = PCURVE('',#1572,#1722);
#1722 = DEFINITIONAL_REPRESENTATION('',(#1723),#1727);
#1723 = LINE('',#1724,#1725);
#1724 = CARTESIAN_POINT('',(0.,0.));
#1725 = VECTOR('',#1726,1.);
#1726 = DIRECTION('',(0.,1.));
#1727 = ( GEOMETRIC_REPRESENTATION_CONTEXT(2) 
PARAMETRIC_REPRESENTATION_CONTEXT() REPRESENTATION_CONTEXT('2D SPACE',''
  ) );
#1728 = ORIENTED_EDGE('',*,*,#1682,.T.);
#1729 = ORIENTED_EDGE('',*,*,#368,.F.);
#1730 = ADVANCED_FACE('',(#1731),#692,.T.);
#1731 = FACE_BOUND('',#1732,.T.);
#1732 = EDGE_LOOP('',(#1733,#1756,#1757,#1780));
#1733 = ORIENTED_EDGE('',*,*,#1734,.F.);
#1734 = EDGE_CURVE('',#676,#1735,#1737,.T.);
#1735 = VERTEX_POINT('',#1736);
#1736 = CARTESIAN_POINT('',(-27.,-19.5,2.));
#1737 = SURFACE_CURVE('',#1738,(#1742,#1749),.PCURVE_S1.);
#1738 = LINE('',#1739,#1740);
#1739 = CARTESIAN_POINT('',(-27.,-19.5,-1.));
#1740 = VECTOR('',#1741,1.);
#1741 = DIRECTION('',(0.,0.,1.));
#1742 = PCURVE('',#692,#1743);
#1743 = DEFINITIONAL_REPRESENTATION('',(#1744),#1748);
#1744 = LINE('',#1745,#1746);
#1745 = CARTESIAN_POINT('',(0.,4.));
#1746 = VECTOR('',#1747,1.);
#1747 = DIRECTION('',(1.,0.));
#1748 = ( GEOMETRIC_REPRESENTATION_CONTEXT(2) 
PARAMETRIC_REPRESENTATION_CONTEXT() REPRESENTATION_CONTEXT('2D SPACE',''
  ) );
#1749 = PCURVE('',#768,#1750);
#1750 = DEFINITIONAL_REPRESENTATION('',(#1751),#1755);
#1751 = LINE('',#1752,#1753);
#1752 = CARTESIAN_POINT('',(0.,0.));
#1753 = VECTOR('',#1754,1.);
#1754 = DIRECTION('',(1.,0.));
#1755 = ( GEOMETRIC_REPRESENTATION_CONTEXT(2) 
PARAMETRIC_REPRESENTATION_CONTEXT() REPRESENTATION_CONTEXT('2D SPACE',''
  ) );
#1756 = ORIENTED_EDGE('',*,*,#675,.T.);
#1757 = ORIENTED_EDGE('',*,*,#1758,.T.);
#1758 = EDGE_CURVE('',#678,#1759,#1761,.T.);
#1759 = VERTEX_POINT('',#1760);
#1760 = CARTESIAN_POINT('',(-31.,-19.5,2.));
#1761 = SURFACE_CURVE('',#1762,(#1766,#1773),.PCURVE_S1.);
#1762 = LINE('',#1763,#1764);
#1763 = CARTESIAN_POINT('',(-31.,-19.5,-1.));
#1764 = VECTOR('',#1765,1.);
#1765 = DIRECTION('',(0.,0.,1.));
#1766 = PCURVE('',#692,#1767);
#1767 = DEFINITIONAL_REPRESENTATION('',(#1768),#1772);
#1768 = LINE('',#1769,#1770);
#1769 = CARTESIAN_POINT('',(0.,0.));
#1770 = VECTOR('',#1771,1.);
#1771 = DIRECTION('',(1.,0.));
#1772 = ( GEOMETRIC_REPRESENTATION_CONTEXT(2) 
PARAMETRIC_REPRESENTATION_CONTEXT() REPRESENTATION_CONTEXT('2D SPACE',''
  ) );
#1773 = PCURVE('',#718,#1774);
#1774 = DEFINITIONAL_REPRESENTATION('',(#1775),#1779);
#1775 = LINE('',#1776,#1777);
#1776 = CARTESIAN_POINT('',(0.,0.));
#1777 = VECTOR('',#1778,1.);
#1778 = DIRECTION('',(1.,0.));
#1779 = ( GEOMETRIC_REPRESENTATION_CONTEXT(2) 
PARAMETRIC_REPRESENTATION_CONTEXT() REPRESENTATION_CONTEXT('2D SPACE',''
  ) );
#1780 = ORIENTED_EDGE('',*,*,#1781,.F.);
#1781 = EDGE_CURVE('',#1735,#1759,#1782,.T.);
#1782 = SURFACE_CURVE('',#1783,(#1787,#1793),.PCURVE_S1.);
#1783 = LINE('',#1784,#1785);
#1784 = CARTESIAN_POINT('',(-35.7,-19.5,2.));
#1785 = VECTOR('',#1786,1.);
#1786 = DIRECTION('',(-1.,0.,0.));
#1787 = PCURVE('',#692,#1788);
#1788 = DEFINITIONAL_REPRESENTATION('',(#1789),#1792);
#1789 = B_SPLINE_CURVE_WITH_KNOTS('',1,(#1790,#1791),.UNSPECIFIED.,.F.,
  .F.,(2,2),(-8.7,-4.7),.PIECEWISE_BEZIER_KNOTS.);
#1790 = CARTESIAN_POINT('',(3.,4.));
#1791 = CARTESIAN_POINT('',(3.,0.));
#1792 = ( GEOMETRIC_REPRESENTATION_CONTEXT(2) 
PARAMETRIC_REPRESENTATION_CONTEXT() REPRESENTATION_CONTEXT('2D SPACE',''
  ) );
#1793 = PCURVE('',#1572,#1794);
#1794 = DEFINITIONAL_REPRESENTATION('',(#1795),#1798);
#1795 = B_SPLINE_CURVE_WITH_KNOTS('',1,(#1796,#1797),.UNSPECIFIED.,.F.,
  .F.,(2,2),(-8.7,-4.7),.PIECEWISE_BEZIER_KNOTS.);
#1796 = CARTESIAN_POINT('',(13.4,9.4));
#1797 = CARTESIAN_POINT('',(9.4,9.4));
#1798 = ( GEOMETRIC_REPRESENTATION_CONTEXT(2) 
PARAMETRIC_REPRESENTATION_CONTEXT() REPRESENTATION_CONTEXT('2D SPACE',''
  ) );
#1799 = ADVANCED_FACE('',(#1800),#768,.F.);
#1800 = FACE_BOUND('',#1801,.F.);
#1801 = EDGE_LOOP('',(#1802,#1803,#1804,#1827));
#1802 = ORIENTED_EDGE('',*,*,#1734,.F.);
#1803 = ORIENTED_EDGE('',*,*,#755,.T.);
#1804 = ORIENTED_EDGE('',*,*,#1805,.T.);
#1805 = EDGE_CURVE('',#730,#1806,#1808,.T.);
#1806 = VERTEX_POINT('',#1807);
#1807 = CARTESIAN_POINT('',(-27.,-10.5,2.));
#1808 = SURFACE_CURVE('',#1809,(#1813,#1820),.PCURVE_S1.);
#1809 = LINE('',#1810,#1811);
#1810 = CARTESIAN_POINT('',(-27.,-10.5,-1.));
#1811 = VECTOR('',#1812,1.);
#1812 = DIRECTION('',(0.,0.,1.));
#1813 = PCURVE('',#768,#1814);
#1814 = DEFINITIONAL_REPRESENTATION('',(#1815),#1819);
#1815 = LINE('',#1816,#1817);
#1816 = CARTESIAN_POINT('',(0.,-9.));
#1817 = VECTOR('',#1818,1.);
#1818 = DIRECTION('',(1.,0.));
#1819 = ( GEOMETRIC_REPRESENTATION_CONTEXT(2) 
PARAMETRIC_REPRESENTATION_CONTEXT() REPRESENTATION_CONTEXT('2D SPACE',''
  ) );
#1820 = PCURVE('',#744,#1821);
#1821 = DEFINITIONAL_REPRESENTATION('',(#1822),#1826);
#1822 = LINE('',#1823,#1824);
#1823 = CARTESIAN_POINT('',(0.,4.));
#1824 = VECTOR('',#1825,1.);
#1825 = DIRECTION('',(1.,0.));
#1826 = ( GEOMETRIC_REPRESENTATION_CONTEXT(2) 
PARAMETRIC_REPRESENTATION_CONTEXT() REPRESENTATION_CONTEXT('2D SPACE',''
  ) );
#1827 = ORIENTED_EDGE('',*,*,#1828,.F.);
#1828 = EDGE_CURVE('',#1735,#1806,#1829,.T.);
#1829 = SURFACE_CURVE('',#1830,(#1834,#1840),.PCURVE_S1.);
#1830 = LINE('',#1831,#1832);
#1831 = CARTESIAN_POINT('',(-27.,-24.2,2.));
#1832 = VECTOR('',#1833,1.);
#1833 = DIRECTION('',(0.,1.,0.));
#1834 = PCURVE('',#768,#1835);
#1835 = DEFINITIONAL_REPRESENTATION('',(#1836),#1839);
#1836 = B_SPLINE_CURVE_WITH_KNOTS('',1,(#1837,#1838),.UNSPECIFIED.,.F.,
  .F.,(2,2),(4.7,13.7),.PIECEWISE_BEZIER_KNOTS.);
#1837 = CARTESIAN_POINT('',(3.,0.));
#1838 = CARTESIAN_POINT('',(3.,-9.));
#1839 = ( GEOMETRIC_REPRESENTATION_CONTEXT(2) 
PARAMETRIC_REPRESENTATION_CONTEXT() REPRESENTATION_CONTEXT('2D SPACE',''
  ) );
#1840 = PCURVE('',#1572,#1841);
#1841 = DEFINITIONAL_REPRESENTATION('',(#1842),#1845);
#1842 = B_SPLINE_CURVE_WITH_KNOTS('',1,(#1843,#1844),.UNSPECIFIED.,.F.,
  .F.,(2,2),(4.7,13.7),.PIECEWISE_BEZIER_KNOTS.);
#1843 = CARTESIAN_POINT('',(13.4,9.4));
#1844 = CARTESIAN_POINT('',(13.4,18.4));
#1845 = ( GEOMETRIC_REPRESENTATION_CONTEXT(2) 
PARAMETRIC_REPRESENTATION_CONTEXT() REPRESENTATION_CONTEXT('2D SPACE',''
  ) );
#1846 = ADVANCED_FACE('',(#1847),#718,.T.);
#1847 = FACE_BOUND('',#1848,.T.);
#1848 = EDGE_LOOP('',(#1849,#1850,#1851,#1874));
#1849 = ORIENTED_EDGE('',*,*,#1758,.F.);
#1850 = ORIENTED_EDGE('',*,*,#703,.T.);
#1851 = ORIENTED_EDGE('',*,*,#1852,.T.);
#1852 = EDGE_CURVE('',#704,#1853,#1855,.T.);
#1853 = VERTEX_POINT('',#1854);
#1854 = CARTESIAN_POINT('',(-31.,-10.5,2.));
#1855 = SURFACE_CURVE('',#1856,(#1860,#1867),.PCURVE_S1.);
#1856 = LINE('',#1857,#1858);
#1857 = CARTESIAN_POINT('',(-31.,-10.5,-1.));
#1858 = VECTOR('',#1859,1.);
#1859 = DIRECTION('',(0.,0.,1.));
#1860 = PCURVE('',#718,#1861);
#1861 = DEFINITIONAL_REPRESENTATION('',(#1862),#1866);
#1862 = LINE('',#1863,#1864);
#1863 = CARTESIAN_POINT('',(0.,-9.));
#1864 = VECTOR('',#1865,1.);
#1865 = DIRECTION('',(1.,0.));
#1866 = ( GEOMETRIC_REPRESENTATION_CONTEXT(2) 
PARAMETRIC_REPRESENTATION_CONTEXT() REPRESENTATION_CONTEXT('2D SPACE',''
  ) );
#1867 = PCURVE('',#744,#1868);
#1868 = DEFINITIONAL_REPRESENTATION('',(#1869),#1873);
#1869 = LINE('',#1870,#1871);
#1870 = CARTESIAN_POINT('',(0.,0.));
#1871 = VECTOR('',#1872,1.);
#1872 = DIRECTION('',(1.,0.));
#1873 = ( GEOMETRIC_REPRESENTATION_CONTEXT(2) 
PARAMETRIC_REPRESENTATION_CONTEXT() REPRESENTATION_CONTEXT('2D SPACE',''
  ) );
#1874 = ORIENTED_EDGE('',*,*,#1875,.F.);
#1875 = EDGE_CURVE('',#1759,#1853,#1876,.T.);
#1876 = SURFACE_CURVE('',#1877,(#1881,#1887),.PCURVE_S1.);
#1877 = LINE('',#1878,#1879);
#1878 = CARTESIAN_POINT('',(-31.,-24.2,2.));
#1879 = VECTOR('',#1880,1.);
#1880 = DIRECTION('',(0.,1.,0.));
#1881 = PCURVE('',#718,#1882);
#1882 = DEFINITIONAL_REPRESENTATION('',(#1883),#1886);
#1883 = B_SPLINE_CURVE_WITH_KNOTS('',1,(#1884,#1885),.UNSPECIFIED.,.F.,
  .F.,(2,2),(4.7,13.7),.PIECEWISE_BEZIER_KNOTS.);
#1884 = CARTESIAN_POINT('',(3.,0.));
#1885 = CARTESIAN_POINT('',(3.,-9.));
#1886 = ( GEOMETRIC_REPRESENTATION_CONTEXT(2) 
PARAMETRIC_REPRESENTATION_CONTEXT() REPRESENTATION_CONTEXT('2D SPACE',''
  ) );
#1887 = PCURVE('',#1572,#1888);
#1888 = DEFINITIONAL_REPRESENTATION('',(#1889),#1892);
#1889 = B_SPLINE_CURVE_WITH_KNOTS('',1,(#1890,#1891),.UNSPECIFIED.,.F.,
  .F.,(2,2),(4.7,13.7),.PIECEWISE_BEZIER_KNOTS.);
#1890 = CARTESIAN_POINT('',(9.4,9.4));
#1891 = CARTESIAN_POINT('',(9.4,18.4));
#1892 = ( GEOMETRIC_REPRESENTATION_CONTEXT(2) 
PARAMETRIC_REPRESENTATION_CONTEXT() REPRESENTATION_CONTEXT('2D SPACE',''
  ) );
#1893 = ADVANCED_FACE('',(#1894),#744,.F.);
#1894 = FACE_BOUND('',#1895,.F.);
#1895 = EDGE_LOOP('',(#1896,#1897,#1898,#1899));
#1896 = ORIENTED_EDGE('',*,*,#1805,.F.);
#1897 = ORIENTED_EDGE('',*,*,#729,.T.);
#1898 = ORIENTED_EDGE('',*,*,#1852,.T.);
#1899 = ORIENTED_EDGE('',*,*,#1900,.F.);
#1900 = EDGE_CURVE('',#1806,#1853,#1901,.T.);
#1901 = SURFACE_CURVE('',#1902,(#1906,#1912),.PCURVE_S1.);
#1902 = LINE('',#1903,#1904);
#1903 = CARTESIAN_POINT('',(-35.7,-10.5,2.));
#1904 = VECTOR('',#1905,1.);
#1905 = DIRECTION('',(-1.,0.,0.));
#1906 = PCURVE('',#744,#1907);
#1907 = DEFINITIONAL_REPRESENTATION('',(#1908),#1911);
#1908 = B_SPLINE_CURVE_WITH_KNOTS('',1,(#1909,#1910),.UNSPECIFIED.,.F.,
  .F.,(2,2),(-8.7,-4.7),.PIECEWISE_BEZIER_KNOTS.);
#1909 = CARTESIAN_POINT('',(3.,4.));
#1910 = CARTESIAN_POINT('',(3.,0.));
#1911 = ( GEOMETRIC_REPRESENTATION_CONTEXT(2) 
PARAMETRIC_REPRESENTATION_CONTEXT() REPRESENTATION_CONTEXT('2D SPACE',''
  ) );
#1912 = PCURVE('',#1572,#1913);
#1913 = DEFINITIONAL_REPRESENTATION('',(#1914),#1917);
#1914 = B_SPLINE_CURVE_WITH_KNOTS('',1,(#1915,#1916),.UNSPECIFIED.,.F.,
  .F.,(2,2),(-8.7,-4.7),.PIECEWISE_BEZIER_KNOTS.);
#1915 = CARTESIAN_POINT('',(13.4,18.4));
#1916 = CARTESIAN_POINT('',(9.4,18.4));
#1917 = ( GEOMETRIC_REPRESENTATION_CONTEXT(2) 
PARAMETRIC_REPRESENTATION_CONTEXT() REPRESENTATION_CONTEXT('2D SPACE',''
  ) );
#1918 = ADVANCED_FACE('',(#1919),#798,.T.);
#1919 = FACE_BOUND('',#1920,.T.);
#1920 = EDGE_LOOP('',(#1921,#1944,#1945,#1968));
#1921 = ORIENTED_EDGE('',*,*,#1922,.F.);
#1922 = EDGE_CURVE('',#782,#1923,#1925,.T.);
#1923 = VERTEX_POINT('',#1924);
#1924 = CARTESIAN_POINT('',(31.,-19.5,2.));
#1925 = SURFACE_CURVE('',#1926,(#1930,#1937),.PCURVE_S1.);
#1926 = LINE('',#1927,#1928);
#1927 = CARTESIAN_POINT('',(31.,-19.5,-1.));
#1928 = VECTOR('',#1929,1.);
#1929 = DIRECTION('',(0.,0.,1.));
#1930 = PCURVE('',#798,#1931);
#1931 = DEFINITIONAL_REPRESENTATION('',(#1932),#1936);
#1932 = LINE('',#1933,#1934);
#1933 = CARTESIAN_POINT('',(0.,4.));
#1934 = VECTOR('',#1935,1.);
#1935 = DIRECTION('',(1.,0.));
#1936 = ( GEOMETRIC_REPRESENTATION_CONTEXT(2) 
PARAMETRIC_REPRESENTATION_CONTEXT() REPRESENTATION_CONTEXT('2D SPACE',''
  ) );
#1937 = PCURVE('',#874,#1938);
#1938 = DEFINITIONAL_REPRESENTATION('',(#1939),#1943);
#1939 = LINE('',#1940,#1941);
#1940 = CARTESIAN_POINT('',(0.,0.));
#1941 = VECTOR('',#1942,1.);
#1942 = DIRECTION('',(1.,0.));
#1943 = ( GEOMETRIC_REPRESENTATION_CONTEXT(2) 
PARAMETRIC_REPRESENTATION_CONTEXT() REPRESENTATION_CONTEXT('2D SPACE',''
  ) );
#1944 = ORIENTED_EDGE('',*,*,#781,.T.);
#1945 = ORIENTED_EDGE('',*,*,#1946,.T.);
#1946 = EDGE_CURVE('',#784,#1947,#1949,.T.);
#1947 = VERTEX_POINT('',#1948);
#1948 = CARTESIAN_POINT('',(27.,-19.5,2.));
#1949 = SURFACE_CURVE('',#1950,(#1954,#1961),.PCURVE_S1.);
#1950 = LINE('',#1951,#1952);
#1951 = CARTESIAN_POINT('',(27.,-19.5,-1.));
#1952 = VECTOR('',#1953,1.);
#1953 = DIRECTION('',(0.,0.,1.));
#1954 = PCURVE('',#798,#1955);
#1955 = DEFINITIONAL_REPRESENTATION('',(#1956),#1960);
#1956 = LINE('',#1957,#1958);
#1957 = CARTESIAN_POINT('',(0.,0.));
#1958 = VECTOR('',#1959,1.);
#1959 = DIRECTION('',(1.,0.));
#1960 = ( GEOMETRIC_REPRESENTATION_CONTEXT(2) 
PARAMETRIC_REPRESENTATION_CONTEXT() REPRESENTATION_CONTEXT('2D SPACE',''
  ) );
#1961 = PCURVE('',#824,#1962);
#1962 = DEFINITIONAL_REPRESENTATION('',(#1963),#1967);
#1963 = LINE('',#1964,#1965);
#1964 = CARTESIAN_POINT('',(0.,0.));
#1965 = VECTOR('',#1966,1.);
#1966 = DIRECTION('',(1.,0.));
#1967 = ( GEOMETRIC_REPRESENTATION_CONTEXT(2) 
PARAMETRIC_REPRESENTATION_CONTEXT() REPRESENTATION_CONTEXT('2D SPACE',''
  ) );
#1968 = ORIENTED_EDGE('',*,*,#1969,.F.);
#1969 = EDGE_CURVE('',#1923,#1947,#1970,.T.);
#1970 = SURFACE_CURVE('',#1971,(#1975,#1981),.PCURVE_S1.);
#1971 = LINE('',#1972,#1973);
#1972 = CARTESIAN_POINT('',(-6.7,-19.5,2.));
#1973 = VECTOR('',#1974,1.);
#1974 = DIRECTION('',(-1.,0.,0.));
#1975 = PCURVE('',#798,#1976);
#1976 = DEFINITIONAL_REPRESENTATION('',(#1977),#1980);
#1977 = B_SPLINE_CURVE_WITH_KNOTS('',1,(#1978,#1979),.UNSPECIFIED.,.F.,
  .F.,(2,2),(-37.7,-33.7),.PIECEWISE_BEZIER_KNOTS.);
#1978 = CARTESIAN_POINT('',(3.,4.));
#1979 = CARTESIAN_POINT('',(3.,0.));
#1980 = ( GEOMETRIC_REPRESENTATION_CONTEXT(2) 
PARAMETRIC_REPRESENTATION_CONTEXT() REPRESENTATION_CONTEXT('2D SPACE',''
  ) );
#1981 = PCURVE('',#1572,#1982);
#1982 = DEFINITIONAL_REPRESENTATION('',(#1983),#1986);
#1983 = B_SPLINE_CURVE_WITH_KNOTS('',1,(#1984,#1985),.UNSPECIFIED.,.F.,
  .F.,(2,2),(-37.7,-33.7),.PIECEWISE_BEZIER_KNOTS.);
#1984 = CARTESIAN_POINT('',(71.4,9.4));
#1985 = CARTESIAN_POINT('',(67.4,9.4));
#1986 = ( GEOMETRIC_REPRESENTATION_CONTEXT(2) 
PARAMETRIC_REPRESENTATION_CONTEXT() REPRESENTATION_CONTEXT('2D SPACE',''
  ) );
#1987 = ADVANCED_FACE('',(#1988),#874,.F.);
#1988 = FACE_BOUND('',#1989,.F.);
#1989 = EDGE_LOOP('',(#1990,#1991,#1992,#2015));
#1990 = ORIENTED_EDGE('',*,*,#1922,.F.);
#1991 = ORIENTED_EDGE('',*,*,#861,.T.);
#1992 = ORIENTED_EDGE('',*,*,#1993,.T.);
#1993 = EDGE_CURVE('',#836,#1994,#1996,.T.);
#1994 = VERTEX_POINT('',#1995);
#1995 = CARTESIAN_POINT('',(31.,-10.5,2.));
#1996 = SURFACE_CURVE('',#1997,(#2001,#2008),.PCURVE_S1.);
#1997 = LINE('',#1998,#1999);
#1998 = CARTESIAN_POINT('',(31.,-10.5,-1.));
#1999 = VECTOR('',#2000,1.);
#2000 = DIRECTION('',(0.,0.,1.));
#2001 = PCURVE('',#874,#2002);
#2002 = DEFINITIONAL_REPRESENTATION('',(#2003),#2007);
#2003 = LINE('',#2004,#2005);
#2004 = CARTESIAN_POINT('',(0.,-9.));
#2005 = VECTOR('',#2006,1.);
#2006 = DIRECTION('',(1.,0.));
#2007 = ( GEOMETRIC_REPRESENTATION_CONTEXT(2) 
PARAMETRIC_REPRESENTATION_CONTEXT() REPRESENTATION_CONTEXT('2D SPACE',''
  ) );
#2008 = PCURVE('',#850,#2009);
#2009 = DEFINITIONAL_REPRESENTATION('',(#2010),#2014);
#2010 = LINE('',#2011,#2012);
#2011 = CARTESIAN_POINT('',(0.,4.));
#2012 = VECTOR('',#2013,1.);
#2013 = DIRECTION('',(1.,0.));
#2014 = ( GEOMETRIC_REPRESENTATION_CONTEXT(2) 
PARAMETRIC_REPRESENTATION_CONTEXT() REPRESENTATION_CONTEXT('2D SPACE',''
  ) );
#2015 = ORIENTED_EDGE('',*,*,#2016,.F.);
#2016 = EDGE_CURVE('',#1923,#1994,#2017,.T.);
#2017 = SURFACE_CURVE('',#2018,(#2022,#2028),.PCURVE_S1.);
#2018 = LINE('',#2019,#2020);
#2019 = CARTESIAN_POINT('',(31.,-24.2,2.));
#2020 = VECTOR('',#2021,1.);
#2021 = DIRECTION('',(0.,1.,0.));
#2022 = PCURVE('',#874,#2023);
#2023 = DEFINITIONAL_REPRESENTATION('',(#2024),#2027);
#2024 = B_SPLINE_CURVE_WITH_KNOTS('',1,(#2025,#2026),.UNSPECIFIED.,.F.,
  .F.,(2,2),(4.7,13.7),.PIECEWISE_BEZIER_KNOTS.);
#2025 = CARTESIAN_POINT('',(3.,0.));
#2026 = CARTESIAN_POINT('',(3.,-9.));
#2027 = ( GEOMETRIC_REPRESENTATION_CONTEXT(2) 
PARAMETRIC_REPRESENTATION_CONTEXT() REPRESENTATION_CONTEXT('2D SPACE',''
  ) );
#2028 = PCURVE('',#1572,#2029);
#2029 = DEFINITIONAL_REPRESENTATION('',(#2030),#2033);
#2030 = B_SPLINE_CURVE_WITH_KNOTS('',1,(#2031,#2032),.UNSPECIFIED.,.F.,
  .F.,(2,2),(4.7,13.7),.PIECEWISE_BEZIER_KNOTS.);
#2031 = CARTESIAN_POINT('',(71.4,9.4));
#2032 = CARTESIAN_POINT('',(71.4,18.4));
#2033 = ( GEOMETRIC_REPRESENTATION_CONTEXT(2) 
PARAMETRIC_REPRESENTATION_CONTEXT() REPRESENTATION_CONTEXT('2D SPACE',''
  ) );
#2034 = ADVANCED_FACE('',(#2035),#824,.T.);
#2035 = FACE_BOUND('',#2036,.T.);
#2036 = EDGE_LOOP('',(#2037,#2038,#2039,#2062));
#2037 = ORIENTED_EDGE('',*,*,#1946,.F.);
#2038 = ORIENTED_EDGE('',*,*,#809,.T.);
#2039 = ORIENTED_EDGE('',*,*,#2040,.T.);
#2040 = EDGE_CURVE('',#810,#2041,#2043,.T.);
#2041 = VERTEX_POINT('',#2042);
#2042 = CARTESIAN_POINT('',(27.,-10.5,2.));
#2043 = SURFACE_CURVE('',#2044,(#2048,#2055),.PCURVE_S1.);
#2044 = LINE('',#2045,#2046);
#2045 = CARTESIAN_POINT('',(27.,-10.5,-1.));
#2046 = VECTOR('',#2047,1.);
#2047 = DIRECTION('',(0.,0.,1.));
#2048 = PCURVE('',#824,#2049);
#2049 = DEFINITIONAL_REPRESENTATION('',(#2050),#2054);
#2050 = LINE('',#2051,#2052);
#2051 = CARTESIAN_POINT('',(0.,-9.));
#2052 = VECTOR('',#2053,1.);
#2053 = DIRECTION('',(1.,0.));
#2054 = ( GEOMETRIC_REPRESENTATION_CONTEXT(2) 
PARAMETRIC_REPRESENTATION_CONTEXT() REPRESENTATION_CONTEXT('2D SPACE',''
  ) );
#2055 = PCURVE('',#850,#2056);
#2056 = DEFINITIONAL_REPRESENTATION('',(#2057),#2061);
#2057 = LINE('',#2058,#2059);
#2058 = CARTESIAN_POINT('',(0.,0.));
#2059 = VECTOR('',#2060,1.);
#2060 = DIRECTION('',(1.,0.));
#2061 = ( GEOMETRIC_REPRESENTATION_CONTEXT(2) 
PARAMETRIC_REPRESENTATION_CONTEXT() REPRESENTATION_CONTEXT('2D SPACE',''
  ) );
#2062 = ORIENTED_EDGE('',*,*,#2063,.F.);
#2063 = EDGE_CURVE('',#1947,#2041,#2064,.T.);
#2064 = SURFACE_CURVE('',#2065,(#2069,#2075),.PCURVE_S1.);
#2065 = LINE('',#2066,#2067);
#2066 = CARTESIAN_POINT('',(27.,-24.2,2.));
#2067 = VECTOR('',#2068,1.);
#2068 = DIRECTION('',(0.,1.,0.));
#2069 = PCURVE('',#824,#2070);
#2070 = DEFINITIONAL_REPRESENTATION('',(#2071),#2074);
#2071 = B_SPLINE_CURVE_WITH_KNOTS('',1,(#2072,#2073),.UNSPECIFIED.,.F.,
  .F.,(2,2),(4.7,13.7),.PIECEWISE_BEZIER_KNOTS.);
#2072 = CARTESIAN_POINT('',(3.,0.));
#2073 = CARTESIAN_POINT('',(3.,-9.));
#2074 = ( GEOMETRIC_REPRESENTATION_CONTEXT(2) 
PARAMETRIC_REPRESENTATION_CONTEXT() REPRESENTATION_CONTEXT('2D SPACE',''
  ) );
#2075 = PCURVE('',#1572,#2076);
#2076 = DEFINITIONAL_REPRESENTATION('',(#2077),#2080);
#2077 = B_SPLINE_CURVE_WITH_KNOTS('',1,(#2078,#2079),.UNSPECIFIED.,.F.,
  .F.,(2,2),(4.7,13.7),.PIECEWISE_BEZIER_KNOTS.);
#2078 = CARTESIAN_POINT('',(67.4,9.4));
#2079 = CARTESIAN_POINT('',(67.4,18.4));
#2080 = ( GEOMETRIC_REPRESENTATION_CONTEXT(2) 
PARAMETRIC_REPRESENTATION_CONTEXT() REPRESENTATION_CONTEXT('2D SPACE',''
  ) );
#2081 = ADVANCED_FACE('',(#2082),#850,.F.);
#2082 = FACE_BOUND('',#2083,.F.);
#2083 = EDGE_LOOP('',(#2084,#2085,#2086,#2087));
#2084 = ORIENTED_EDGE('',*,*,#1993,.F.);
#2085 = ORIENTED_EDGE('',*,*,#835,.T.);
#2086 = ORIENTED_EDGE('',*,*,#2040,.T.);
#2087 = ORIENTED_EDGE('',*,*,#2088,.F.);
#2088 = EDGE_CURVE('',#1994,#2041,#2089,.T.);
#2089 = SURFACE_CURVE('',#2090,(#2094,#2100),.PCURVE_S1.);
#2090 = LINE('',#2091,#2092);
#2091 = CARTESIAN_POINT('',(-6.7,-10.5,2.));
#2092 = VECTOR('',#2093,1.);
#2093 = DIRECTION('',(-1.,0.,0.));
#2094 = PCURVE('',#850,#2095);
#2095 = DEFINITIONAL_REPRESENTATION('',(#2096),#2099);
#2096 = B_SPLINE_CURVE_WITH_KNOTS('',1,(#2097,#2098),.UNSPECIFIED.,.F.,
  .F.,(2,2),(-37.7,-33.7),.PIECEWISE_BEZIER_KNOTS.);
#2097 = CARTESIAN_POINT('',(3.,4.));
#2098 = CARTESIAN_POINT('',(3.,0.));
#2099 = ( GEOMETRIC_REPRESENTATION_CONTEXT(2) 
PARAMETRIC_REPRESENTATION_CONTEXT() REPRESENTATION_CONTEXT('2D SPACE',''
  ) );
#2100 = PCURVE('',#1572,#2101);
#2101 = DEFINITIONAL_REPRESENTATION('',(#2102),#2105);
#2102 = B_SPLINE_CURVE_WITH_KNOTS('',1,(#2103,#2104),.UNSPECIFIED.,.F.,
  .F.,(2,2),(-37.7,-33.7),.PIECEWISE_BEZIER_KNOTS.);
#2103 = CARTESIAN_POINT('',(71.4,18.4));
#2104 = CARTESIAN_POINT('',(67.4,18.4));
#2105 = ( GEOMETRIC_REPRESENTATION_CONTEXT(2) 
PARAMETRIC_REPRESENTATION_CONTEXT() REPRESENTATION_CONTEXT('2D SPACE',''
  ) );
#2106 = ADVANCED_FACE('',(#2107),#904,.T.);
#2107 = FACE_BOUND('',#2108,.T.);
#2108 = EDGE_LOOP('',(#2109,#2132,#2133,#2156));
#2109 = ORIENTED_EDGE('',*,*,#2110,.F.);
#2110 = EDGE_CURVE('',#888,#2111,#2113,.T.);
#2111 = VERTEX_POINT('',#2112);
#2112 = CARTESIAN_POINT('',(-27.,-4.5,2.));
#2113 = SURFACE_CURVE('',#2114,(#2118,#2125),.PCURVE_S1.);
#2114 = LINE('',#2115,#2116);
#2115 = CARTESIAN_POINT('',(-27.,-4.5,-1.));
#2116 = VECTOR('',#2117,1.);
#2117 = DIRECTION('',(0.,0.,1.));
#2118 = PCURVE('',#904,#2119);
#2119 = DEFINITIONAL_REPRESENTATION('',(#2120),#2124);
#2120 = LINE('',#2121,#2122);
#2121 = CARTESIAN_POINT('',(0.,4.));
#2122 = VECTOR('',#2123,1.);
#2123 = DIRECTION('',(1.,0.));
#2124 = ( GEOMETRIC_REPRESENTATION_CONTEXT(2) 
PARAMETRIC_REPRESENTATION_CONTEXT() REPRESENTATION_CONTEXT('2D SPACE',''
  ) );
#2125 = PCURVE('',#980,#2126);
#2126 = DEFINITIONAL_REPRESENTATION('',(#2127),#2131);
#2127 = LINE('',#2128,#2129);
#2128 = CARTESIAN_POINT('',(0.,0.));
#2129 = VECTOR('',#2130,1.);
#2130 = DIRECTION('',(1.,0.));
#2131 = ( GEOMETRIC_REPRESENTATION_CONTEXT(2) 
PARAMETRIC_REPRESENTATION_CONTEXT() REPRESENTATION_CONTEXT('2D SPACE',''
  ) );
#2132 = ORIENTED_EDGE('',*,*,#887,.T.);
#2133 = ORIENTED_EDGE('',*,*,#2134,.T.);
#2134 = EDGE_CURVE('',#890,#2135,#2137,.T.);
#2135 = VERTEX_POINT('',#2136);
#2136 = CARTESIAN_POINT('',(-31.,-4.5,2.));
#2137 = SURFACE_CURVE('',#2138,(#2142,#2149),.PCURVE_S1.);
#2138 = LINE('',#2139,#2140);
#2139 = CARTESIAN_POINT('',(-31.,-4.5,-1.));
#2140 = VECTOR('',#2141,1.);
#2141 = DIRECTION('',(0.,0.,1.));
#2142 = PCURVE('',#904,#2143);
#2143 = DEFINITIONAL_REPRESENTATION('',(#2144),#2148);
#2144 = LINE('',#2145,#2146);
#2145 = CARTESIAN_POINT('',(0.,0.));
#2146 = VECTOR('',#2147,1.);
#2147 = DIRECTION('',(1.,0.));
#2148 = ( GEOMETRIC_REPRESENTATION_CONTEXT(2) 
PARAMETRIC_REPRESENTATION_CONTEXT() REPRESENTATION_CONTEXT('2D SPACE',''
  ) );
#2149 = PCURVE('',#930,#2150);
#2150 = DEFINITIONAL_REPRESENTATION('',(#2151),#2155);
#2151 = LINE('',#2152,#2153);
#2152 = CARTESIAN_POINT('',(0.,0.));
#2153 = VECTOR('',#2154,1.);
#2154 = DIRECTION('',(1.,0.));
#2155 = ( GEOMETRIC_REPRESENTATION_CONTEXT(2) 
PARAMETRIC_REPRESENTATION_CONTEXT() REPRESENTATION_CONTEXT('2D SPACE',''
  ) );
#2156 = ORIENTED_EDGE('',*,*,#2157,.F.);
#2157 = EDGE_CURVE('',#2111,#2135,#2158,.T.);
#2158 = SURFACE_CURVE('',#2159,(#2163,#2169),.PCURVE_S1.);
#2159 = LINE('',#2160,#2161);
#2160 = CARTESIAN_POINT('',(-35.7,-4.5,2.));
#2161 = VECTOR('',#2162,1.);
#2162 = DIRECTION('',(-1.,0.,0.));
#2163 = PCURVE('',#904,#2164);
#2164 = DEFINITIONAL_REPRESENTATION('',(#2165),#2168);
#2165 = B_SPLINE_CURVE_WITH_KNOTS('',1,(#2166,#2167),.UNSPECIFIED.,.F.,
  .F.,(2,2),(-8.7,-4.7),.PIECEWISE_BEZIER_KNOTS.);
#2166 = CARTESIAN_POINT('',(3.,4.));
#2167 = CARTESIAN_POINT('',(3.,0.));
#2168 = ( GEOMETRIC_REPRESENTATION_CONTEXT(2) 
PARAMETRIC_REPRESENTATION_CONTEXT() REPRESENTATION_CONTEXT('2D SPACE',''
  ) );
#2169 = PCURVE('',#1572,#2170);
#2170 = DEFINITIONAL_REPRESENTATION('',(#2171),#2174);
#2171 = B_SPLINE_CURVE_WITH_KNOTS('',1,(#2172,#2173),.UNSPECIFIED.,.F.,
  .F.,(2,2),(-8.7,-4.7),.PIECEWISE_BEZIER_KNOTS.);
#2172 = CARTESIAN_POINT('',(13.4,24.4));
#2173 = CARTESIAN_POINT('',(9.4,24.4));
#2174 = ( GEOMETRIC_REPRESENTATION_CONTEXT(2) 
PARAMETRIC_REPRESENTATION_CONTEXT() REPRESENTATION_CONTEXT('2D SPACE',''
  ) );
#2175 = ADVANCED_FACE('',(#2176),#980,.F.);
#2176 = FACE_BOUND('',#2177,.F.);
#2177 = EDGE_LOOP('',(#2178,#2179,#2180,#2203));
#2178 = ORIENTED_EDGE('',*,*,#2110,.F.);
#2179 = ORIENTED_EDGE('',*,*,#967,.T.);
#2180 = ORIENTED_EDGE('',*,*,#2181,.T.);
#2181 = EDGE_CURVE('',#942,#2182,#2184,.T.);
#2182 = VERTEX_POINT('',#2183);
#2183 = CARTESIAN_POINT('',(-27.,4.5,2.));
#2184 = SURFACE_CURVE('',#2185,(#2189,#2196),.PCURVE_S1.);
#2185 = LINE('',#2186,#2187);
#2186 = CARTESIAN_POINT('',(-27.,4.5,-1.));
#2187 = VECTOR('',#2188,1.);
#2188 = DIRECTION('',(0.,0.,1.));
#2189 = PCURVE('',#980,#2190);
#2190 = DEFINITIONAL_REPRESENTATION('',(#2191),#2195);
#2191 = LINE('',#2192,#2193);
#2192 = CARTESIAN_POINT('',(0.,-9.));
#2193 = VECTOR('',#2194,1.);
#2194 = DIRECTION('',(1.,0.));
#2195 = ( GEOMETRIC_REPRESENTATION_CONTEXT(2) 
PARAMETRIC_REPRESENTATION_CONTEXT() REPRESENTATION_CONTEXT('2D SPACE',''
  ) );
#2196 = PCURVE('',#956,#2197);
#2197 = DEFINITIONAL_REPRESENTATION('',(#2198),#2202);
#2198 = LINE('',#2199,#2200);
#2199 = CARTESIAN_POINT('',(0.,4.));
#2200 = VECTOR('',#2201,1.);
#2201 = DIRECTION('',(1.,0.));
#2202 = ( GEOMETRIC_REPRESENTATION_CONTEXT(2) 
PARAMETRIC_REPRESENTATION_CONTEXT() REPRESENTATION_CONTEXT('2D SPACE',''
  ) );
#2203 = ORIENTED_EDGE('',*,*,#2204,.F.);
#2204 = EDGE_CURVE('',#2111,#2182,#2205,.T.);
#2205 = SURFACE_CURVE('',#2206,(#2210,#2216),.PCURVE_S1.);
#2206 = LINE('',#2207,#2208);
#2207 = CARTESIAN_POINT('',(-27.,-16.7,2.));
#2208 = VECTOR('',#2209,1.);
#2209 = DIRECTION('',(0.,1.,0.));
#2210 = PCURVE('',#980,#2211);
#2211 = DEFINITIONAL_REPRESENTATION('',(#2212),#2215);
#2212 = B_SPLINE_CURVE_WITH_KNOTS('',1,(#2213,#2214),.UNSPECIFIED.,.F.,
  .F.,(2,2),(12.2,21.2),.PIECEWISE_BEZIER_KNOTS.);
#2213 = CARTESIAN_POINT('',(3.,0.));
#2214 = CARTESIAN_POINT('',(3.,-9.));
#2215 = ( GEOMETRIC_REPRESENTATION_CONTEXT(2) 
PARAMETRIC_REPRESENTATION_CONTEXT() REPRESENTATION_CONTEXT('2D SPACE',''
  ) );
#2216 = PCURVE('',#1572,#2217);
#2217 = DEFINITIONAL_REPRESENTATION('',(#2218),#2221);
#2218 = B_SPLINE_CURVE_WITH_KNOTS('',1,(#2219,#2220),.UNSPECIFIED.,.F.,
  .F.,(2,2),(12.2,21.2),.PIECEWISE_BEZIER_KNOTS.);
#2219 = CARTESIAN_POINT('',(13.4,24.4));
#2220 = CARTESIAN_POINT('',(13.4,33.4));
#2221 = ( GEOMETRIC_REPRESENTATION_CONTEXT(2) 
PARAMETRIC_REPRESENTATION_CONTEXT() REPRESENTATION_CONTEXT('2D SPACE',''
  ) );
#2222 = ADVANCED_FACE('',(#2223),#930,.T.);
#2223 = FACE_BOUND('',#2224,.T.);
#2224 = EDGE_LOOP('',(#2225,#2226,#2227,#2250));
#2225 = ORIENTED_EDGE('',*,*,#2134,.F.);
#2226 = ORIENTED_EDGE('',*,*,#915,.T.);
#2227 = ORIENTED_EDGE('',*,*,#2228,.T.);
#2228 = EDGE_CURVE('',#916,#2229,#2231,.T.);
#2229 = VERTEX_POINT('',#2230);
#2230 = CARTESIAN_POINT('',(-31.,4.5,2.));
#2231 = SURFACE_CURVE('',#2232,(#2236,#2243),.PCURVE_S1.);
#2232 = LINE('',#2233,#2234);
#2233 = CARTESIAN_POINT('',(-31.,4.5,-1.));
#2234 = VECTOR('',#2235,1.);
#2235 = DIRECTION('',(0.,0.,1.));
#2236 = PCURVE('',#930,#2237);
#2237 = DEFINITIONAL_REPRESENTATION('',(#2238),#2242);
#2238 = LINE('',#2239,#2240);
#2239 = CARTESIAN_POINT('',(0.,-9.));
#2240 = VECTOR('',#2241,1.);
#2241 = DIRECTION('',(1.,0.));
#2242 = ( GEOMETRIC_REPRESENTATION_CONTEXT(2) 
PARAMETRIC_REPRESENTATION_CONTEXT() REPRESENTATION_CONTEXT('2D SPACE',''
  ) );
#2243 = PCURVE('',#956,#2244);
#2244 = DEFINITIONAL_REPRESENTATION('',(#2245),#2249);
#2245 = LINE('',#2246,#2247);
#2246 = CARTESIAN_POINT('',(0.,0.));
#2247 = VECTOR('',#2248,1.);
#2248 = DIRECTION('',(1.,0.));
#2249 = ( GEOMETRIC_REPRESENTATION_CONTEXT(2) 
PARAMETRIC_REPRESENTATION_CONTEXT() REPRESENTATION_CONTEXT('2D SPACE',''
  ) );
#2250 = ORIENTED_EDGE('',*,*,#2251,.F.);
#2251 = EDGE_CURVE('',#2135,#2229,#2252,.T.);
#2252 = SURFACE_CURVE('',#2253,(#2257,#2263),.PCURVE_S1.);
#2253 = LINE('',#2254,#2255);
#2254 = CARTESIAN_POINT('',(-31.,-16.7,2.));
#2255 = VECTOR('',#2256,1.);
#2256 = DIRECTION('',(0.,1.,0.));
#2257 = PCURVE('',#930,#2258);
#2258 = DEFINITIONAL_REPRESENTATION('',(#2259),#2262);
#2259 = B_SPLINE_CURVE_WITH_KNOTS('',1,(#2260,#2261),.UNSPECIFIED.,.F.,
  .F.,(2,2),(12.2,21.2),.PIECEWISE_BEZIER_KNOTS.);
#2260 = CARTESIAN_POINT('',(3.,0.));
#2261 = CARTESIAN_POINT('',(3.,-9.));
#2262 = ( GEOMETRIC_REPRESENTATION_CONTEXT(2) 
PARAMETRIC_REPRESENTATION_CONTEXT() REPRESENTATION_CONTEXT('2D SPACE',''
  ) );
#2263 = PCURVE('',#1572,#2264);
#2264 = DEFINITIONAL_REPRESENTATION('',(#2265),#2268);
#2265 = B_SPLINE_CURVE_WITH_KNOTS('',1,(#2266,#2267),.UNSPECIFIED.,.F.,
  .F.,(2,2),(12.2,21.2),.PIECEWISE_BEZIER_KNOTS.);
#2266 = CARTESIAN_POINT('',(9.4,24.4));
#2267 = CARTESIAN_POINT('',(9.4,33.4));
#2268 = ( GEOMETRIC_REPRESENTATION_CONTEXT(2) 
PARAMETRIC_REPRESENTATION_CONTEXT() REPRESENTATION_CONTEXT('2D SPACE',''
  ) );
#2269 = ADVANCED_FACE('',(#2270),#956,.F.);
#2270 = FACE_BOUND('',#2271,.F.);
#2271 = EDGE_LOOP('',(#2272,#2273,#2274,#2275));
#2272 = ORIENTED_EDGE('',*,*,#2181,.F.);
#2273 = ORIENTED_EDGE('',*,*,#941,.T.);
#2274 = ORIENTED_EDGE('',*,*,#2228,.T.);
#2275 = ORIENTED_EDGE('',*,*,#2276,.F.);
#2276 = EDGE_CURVE('',#2182,#2229,#2277,.T.);
#2277 = SURFACE_CURVE('',#2278,(#2282,#2288),.PCURVE_S1.);
#2278 = LINE('',#2279,#2280);
#2279 = CARTESIAN_POINT('',(-35.7,4.5,2.));
#2280 = VECTOR('',#2281,1.);
#2281 = DIRECTION('',(-1.,0.,0.));
#2282 = PCURVE('',#956,#2283);
#2283 = DEFINITIONAL_REPRESENTATION('',(#2284),#2287);
#2284 = B_SPLINE_CURVE_WITH_KNOTS('',1,(#2285,#2286),.UNSPECIFIED.,.F.,
  .F.,(2,2),(-8.7,-4.7),.PIECEWISE_BEZIER_KNOTS.);
#2285 = CARTESIAN_POINT('',(3.,4.));
#2286 = CARTESIAN_POINT('',(3.,0.));
#2287 = ( GEOMETRIC_REPRESENTATION_CONTEXT(2) 
PARAMETRIC_REPRESENTATION_CONTEXT() REPRESENTATION_CONTEXT('2D SPACE',''
  ) );
#2288 = PCURVE('',#1572,#2289);
#2289 = DEFINITIONAL_REPRESENTATION('',(#2290),#2293);
#2290 = B_SPLINE_CURVE_WITH_KNOTS('',1,(#2291,#2292),.UNSPECIFIED.,.F.,
  .F.,(2,2),(-8.7,-4.7),.PIECEWISE_BEZIER_KNOTS.);
#2291 = CARTESIAN_POINT('',(13.4,33.4));
#2292 = CARTESIAN_POINT('',(9.4,33.4));
#2293 = ( GEOMETRIC_REPRESENTATION_CONTEXT(2) 
PARAMETRIC_REPRESENTATION_CONTEXT() REPRESENTATION_CONTEXT('2D SPACE',''
  ) );
#2294 = ADVANCED_FACE('',(#2295),#1010,.T.);
#2295 = FACE_BOUND('',#2296,.T.);
#2296 = EDGE_LOOP('',(#2297,#2320,#2321,#2344));
#2297 = ORIENTED_EDGE('',*,*,#2298,.F.);
#2298 = EDGE_CURVE('',#994,#2299,#2301,.T.);
#2299 = VERTEX_POINT('',#2300);
#2300 = CARTESIAN_POINT('',(-27.,10.5,2.));
#2301 = SURFACE_CURVE('',#2302,(#2306,#2313),.PCURVE_S1.);
#2302 = LINE('',#2303,#2304);
#2303 = CARTESIAN_POINT('',(-27.,10.5,-1.));
#2304 = VECTOR('',#2305,1.);
#2305 = DIRECTION('',(0.,0.,1.));
#2306 = PCURVE('',#1010,#2307);
#2307 = DEFINITIONAL_REPRESENTATION('',(#2308),#2312);
#2308 = LINE('',#2309,#2310);
#2309 = CARTESIAN_POINT('',(0.,4.));
#2310 = VECTOR('',#2311,1.);
#2311 = DIRECTION('',(1.,0.));
#2312 = ( GEOMETRIC_REPRESENTATION_CONTEXT(2) 
PARAMETRIC_REPRESENTATION_CONTEXT() REPRESENTATION_CONTEXT('2D SPACE',''
  ) );
#2313 = PCURVE('',#1086,#2314);
#2314 = DEFINITIONAL_REPRESENTATION('',(#2315),#2319);
#2315 = LINE('',#2316,#2317);
#2316 = CARTESIAN_POINT('',(0.,0.));
#2317 = VECTOR('',#2318,1.);
#2318 = DIRECTION('',(1.,0.));
#2319 = ( GEOMETRIC_REPRESENTATION_CONTEXT(2) 
PARAMETRIC_REPRESENTATION_CONTEXT() REPRESENTATION_CONTEXT('2D SPACE',''
  ) );
#2320 = ORIENTED_EDGE('',*,*,#993,.T.);
#2321 = ORIENTED_EDGE('',*,*,#2322,.T.);
#2322 = EDGE_CURVE('',#996,#2323,#2325,.T.);
#2323 = VERTEX_POINT('',#2324);
#2324 = CARTESIAN_POINT('',(-31.,10.5,2.));
#2325 = SURFACE_CURVE('',#2326,(#2330,#2337),.PCURVE_S1.);
#2326 = LINE('',#2327,#2328);
#2327 = CARTESIAN_POINT('',(-31.,10.5,-1.));
#2328 = VECTOR('',#2329,1.);
#2329 = DIRECTION('',(0.,0.,1.));
#2330 = PCURVE('',#1010,#2331);
#2331 = DEFINITIONAL_REPRESENTATION('',(#2332),#2336);
#2332 = LINE('',#2333,#2334);
#2333 = CARTESIAN_POINT('',(0.,0.));
#2334 = VECTOR('',#2335,1.);
#2335 = DIRECTION('',(1.,0.));
#2336 = ( GEOMETRIC_REPRESENTATION_CONTEXT(2) 
PARAMETRIC_REPRESENTATION_CONTEXT() REPRESENTATION_CONTEXT('2D SPACE',''
  ) );
#2337 = PCURVE('',#1036,#2338);
#2338 = DEFINITIONAL_REPRESENTATION('',(#2339),#2343);
#2339 = LINE('',#2340,#2341);
#2340 = CARTESIAN_POINT('',(0.,0.));
#2341 = VECTOR('',#2342,1.);
#2342 = DIRECTION('',(1.,0.));
#2343 = ( GEOMETRIC_REPRESENTATION_CONTEXT(2) 
PARAMETRIC_REPRESENTATION_CONTEXT() REPRESENTATION_CONTEXT('2D SPACE',''
  ) );
#2344 = ORIENTED_EDGE('',*,*,#2345,.F.);
#2345 = EDGE_CURVE('',#2299,#2323,#2346,.T.);
#2346 = SURFACE_CURVE('',#2347,(#2351,#2357),.PCURVE_S1.);
#2347 = LINE('',#2348,#2349);
#2348 = CARTESIAN_POINT('',(-35.7,10.5,2.));
#2349 = VECTOR('',#2350,1.);
#2350 = DIRECTION('',(-1.,0.,0.));
#2351 = PCURVE('',#1010,#2352);
#2352 = DEFINITIONAL_REPRESENTATION('',(#2353),#2356);
#2353 = B_SPLINE_CURVE_WITH_KNOTS('',1,(#2354,#2355),.UNSPECIFIED.,.F.,
  .F.,(2,2),(-8.7,-4.7),.PIECEWISE_BEZIER_KNOTS.);
#2354 = CARTESIAN_POINT('',(3.,4.));
#2355 = CARTESIAN_POINT('',(3.,0.));
#2356 = ( GEOMETRIC_REPRESENTATION_CONTEXT(2) 
PARAMETRIC_REPRESENTATION_CONTEXT() REPRESENTATION_CONTEXT('2D SPACE',''
  ) );
#2357 = PCURVE('',#1572,#2358);
#2358 = DEFINITIONAL_REPRESENTATION('',(#2359),#2362);
#2359 = B_SPLINE_CURVE_WITH_KNOTS('',1,(#2360,#2361),.UNSPECIFIED.,.F.,
  .F.,(2,2),(-8.7,-4.7),.PIECEWISE_BEZIER_KNOTS.);
#2360 = CARTESIAN_POINT('',(13.4,39.4));
#2361 = CARTESIAN_POINT('',(9.4,39.4));
#2362 = ( GEOMETRIC_REPRESENTATION_CONTEXT(2) 
PARAMETRIC_REPRESENTATION_CONTEXT() REPRESENTATION_CONTEXT('2D SPACE',''
  ) );
#2363 = ADVANCED_FACE('',(#2364),#1086,.F.);
#2364 = FACE_BOUND('',#2365,.F.);
#2365 = EDGE_LOOP('',(#2366,#2367,#2368,#2391));
#2366 = ORIENTED_EDGE('',*,*,#2298,.F.);
#2367 = ORIENTED_EDGE('',*,*,#1073,.T.);
#2368 = ORIENTED_EDGE('',*,*,#2369,.T.);
#2369 = EDGE_CURVE('',#1048,#2370,#2372,.T.);
#2370 = VERTEX_POINT('',#2371);
#2371 = CARTESIAN_POINT('',(-27.,19.5,2.));
#2372 = SURFACE_CURVE('',#2373,(#2377,#2384),.PCURVE_S1.);
#2373 = LINE('',#2374,#2375);
#2374 = CARTESIAN_POINT('',(-27.,19.5,-1.));
#2375 = VECTOR('',#2376,1.);
#2376 = DIRECTION('',(0.,0.,1.));
#2377 = PCURVE('',#1086,#2378);
#2378 = DEFINITIONAL_REPRESENTATION('',(#2379),#2383);
#2379 = LINE('',#2380,#2381);
#2380 = CARTESIAN_POINT('',(0.,-9.));
#2381 = VECTOR('',#2382,1.);
#2382 = DIRECTION('',(1.,0.));
#2383 = ( GEOMETRIC_REPRESENTATION_CONTEXT(2) 
PARAMETRIC_REPRESENTATION_CONTEXT() REPRESENTATION_CONTEXT('2D SPACE',''
  ) );
#2384 = PCURVE('',#1062,#2385);
#2385 = DEFINITIONAL_REPRESENTATION('',(#2386),#2390);
#2386 = LINE('',#2387,#2388);
#2387 = CARTESIAN_POINT('',(0.,4.));
#2388 = VECTOR('',#2389,1.);
#2389 = DIRECTION('',(1.,0.));
#2390 = ( GEOMETRIC_REPRESENTATION_CONTEXT(2) 
PARAMETRIC_REPRESENTATION_CONTEXT() REPRESENTATION_CONTEXT('2D SPACE',''
  ) );
#2391 = ORIENTED_EDGE('',*,*,#2392,.F.);
#2392 = EDGE_CURVE('',#2299,#2370,#2393,.T.);
#2393 = SURFACE_CURVE('',#2394,(#2398,#2404),.PCURVE_S1.);
#2394 = LINE('',#2395,#2396);
#2395 = CARTESIAN_POINT('',(-27.,-9.2,2.));
#2396 = VECTOR('',#2397,1.);
#2397 = DIRECTION('',(0.,1.,0.));
#2398 = PCURVE('',#1086,#2399);
#2399 = DEFINITIONAL_REPRESENTATION('',(#2400),#2403);
#2400 = B_SPLINE_CURVE_WITH_KNOTS('',1,(#2401,#2402),.UNSPECIFIED.,.F.,
  .F.,(2,2),(19.7,28.7),.PIECEWISE_BEZIER_KNOTS.);
#2401 = CARTESIAN_POINT('',(3.,0.));
#2402 = CARTESIAN_POINT('',(3.,-9.));
#2403 = ( GEOMETRIC_REPRESENTATION_CONTEXT(2) 
PARAMETRIC_REPRESENTATION_CONTEXT() REPRESENTATION_CONTEXT('2D SPACE',''
  ) );
#2404 = PCURVE('',#1572,#2405);
#2405 = DEFINITIONAL_REPRESENTATION('',(#2406),#2409);
#2406 = B_SPLINE_CURVE_WITH_KNOTS('',1,(#2407,#2408),.UNSPECIFIED.,.F.,
  .F.,(2,2),(19.7,28.7),.PIECEWISE_BEZIER_KNOTS.);
#2407 = CARTESIAN_POINT('',(13.4,39.4));
#2408 = CARTESIAN_POINT('',(13.4,48.4));
#2409 = ( GEOMETRIC_REPRESENTATION_CONTEXT(2) 
PARAMETRIC_REPRESENTATION_CONTEXT() REPRESENTATION_CONTEXT('2D SPACE',''
  ) );
#2410 = ADVANCED_FACE('',(#2411),#1036,.T.);
#2411 = FACE_BOUND('',#2412,.T.);
#2412 = EDGE_LOOP('',(#2413,#2414,#2415,#2438));
#2413 = ORIENTED_EDGE('',*,*,#2322,.F.);
#2414 = ORIENTED_EDGE('',*,*,#1021,.T.);
#2415 = ORIENTED_EDGE('',*,*,#2416,.T.);
#2416 = EDGE_CURVE('',#1022,#2417,#2419,.T.);
#2417 = VERTEX_POINT('',#2418);
#2418 = CARTESIAN_POINT('',(-31.,19.5,2.));
#2419 = SURFACE_CURVE('',#2420,(#2424,#2431),.PCURVE_S1.);
#2420 = LINE('',#2421,#2422);
#2421 = CARTESIAN_POINT('',(-31.,19.5,-1.));
#2422 = VECTOR('',#2423,1.);
#2423 = DIRECTION('',(0.,0.,1.));
#2424 = PCURVE('',#1036,#2425);
#2425 = DEFINITIONAL_REPRESENTATION('',(#2426),#2430);
#2426 = LINE('',#2427,#2428);
#2427 = CARTESIAN_POINT('',(0.,-9.));
#2428 = VECTOR('',#2429,1.);
#2429 = DIRECTION('',(1.,0.));
#2430 = ( GEOMETRIC_REPRESENTATION_CONTEXT(2) 
PARAMETRIC_REPRESENTATION_CONTEXT() REPRESENTATION_CONTEXT('2D SPACE',''
  ) );
#2431 = PCURVE('',#1062,#2432);
#2432 = DEFINITIONAL_REPRESENTATION('',(#2433),#2437);
#2433 = LINE('',#2434,#2435);
#2434 = CARTESIAN_POINT('',(0.,0.));
#2435 = VECTOR('',#2436,1.);
#2436 = DIRECTION('',(1.,0.));
#2437 = ( GEOMETRIC_REPRESENTATION_CONTEXT(2) 
PARAMETRIC_REPRESENTATION_CONTEXT() REPRESENTATION_CONTEXT('2D SPACE',''
  ) );
#2438 = ORIENTED_EDGE('',*,*,#2439,.F.);
#2439 = EDGE_CURVE('',#2323,#2417,#2440,.T.);
#2440 = SURFACE_CURVE('',#2441,(#2445,#2451),.PCURVE_S1.);
#2441 = LINE('',#2442,#2443);
#2442 = CARTESIAN_POINT('',(-31.,-9.2,2.));
#2443 = VECTOR('',#2444,1.);
#2444 = DIRECTION('',(0.,1.,0.));
#2445 = PCURVE('',#1036,#2446);
#2446 = DEFINITIONAL_REPRESENTATION('',(#2447),#2450);
#2447 = B_SPLINE_CURVE_WITH_KNOTS('',1,(#2448,#2449),.UNSPECIFIED.,.F.,
  .F.,(2,2),(19.7,28.7),.PIECEWISE_BEZIER_KNOTS.);
#2448 = CARTESIAN_POINT('',(3.,0.));
#2449 = CARTESIAN_POINT('',(3.,-9.));
#2450 = ( GEOMETRIC_REPRESENTATION_CONTEXT(2) 
PARAMETRIC_REPRESENTATION_CONTEXT() REPRESENTATION_CONTEXT('2D SPACE',''
  ) );
#2451 = PCURVE('',#1572,#2452);
#2452 = DEFINITIONAL_REPRESENTATION('',(#2453),#2456);
#2453 = B_SPLINE_CURVE_WITH_KNOTS('',1,(#2454,#2455),.UNSPECIFIED.,.F.,
  .F.,(2,2),(19.7,28.7),.PIECEWISE_BEZIER_KNOTS.);
#2454 = CARTESIAN_POINT('',(9.4,39.4));
#2455 = CARTESIAN_POINT('',(9.4,48.4));
#2456 = ( GEOMETRIC_REPRESENTATION_CONTEXT(2) 
PARAMETRIC_REPRESENTATION_CONTEXT() REPRESENTATION_CONTEXT('2D SPACE',''
  ) );
#2457 = ADVANCED_FACE('',(#2458),#1062,.F.);
#2458 = FACE_BOUND('',#2459,.F.);
#2459 = EDGE_LOOP('',(#2460,#2461,#2462,#2463));
#2460 = ORIENTED_EDGE('',*,*,#2369,.F.);
#2461 = ORIENTED_EDGE('',*,*,#1047,.T.);
#2462 = ORIENTED_EDGE('',*,*,#2416,.T.);
#2463 = ORIENTED_EDGE('',*,*,#2464,.F.);
#2464 = EDGE_CURVE('',#2370,#2417,#2465,.T.);
#2465 = SURFACE_CURVE('',#2466,(#2470,#2476),.PCURVE_S1.);
#2466 = LINE('',#2467,#2468);
#2467 = CARTESIAN_POINT('',(-35.7,19.5,2.));
#2468 = VECTOR('',#2469,1.);
#2469 = DIRECTION('',(-1.,0.,0.));
#2470 = PCURVE('',#1062,#2471);
#2471 = DEFINITIONAL_REPRESENTATION('',(#2472),#2475);
#2472 = B_SPLINE_CURVE_WITH_KNOTS('',1,(#2473,#2474),.UNSPECIFIED.,.F.,
  .F.,(2,2),(-8.7,-4.7),.PIECEWISE_BEZIER_KNOTS.);
#2473 = CARTESIAN_POINT('',(3.,4.));
#2474 = CARTESIAN_POINT('',(3.,0.));
#2475 = ( GEOMETRIC_REPRESENTATION_CONTEXT(2) 
PARAMETRIC_REPRESENTATION_CONTEXT() REPRESENTATION_CONTEXT('2D SPACE',''
  ) );
#2476 = PCURVE('',#1572,#2477);
#2477 = DEFINITIONAL_REPRESENTATION('',(#2478),#2481);
#2478 = B_SPLINE_CURVE_WITH_KNOTS('',1,(#2479,#2480),.UNSPECIFIED.,.F.,
  .F.,(2,2),(-8.7,-4.7),.PIECEWISE_BEZIER_KNOTS.);
#2479 = CARTESIAN_POINT('',(13.4,48.4));
#2480 = CARTESIAN_POINT('',(9.4,48.4));
#2481 = ( GEOMETRIC_REPRESENTATION_CONTEXT(2) 
PARAMETRIC_REPRESENTATION_CONTEXT() REPRESENTATION_CONTEXT('2D SPACE',''
  ) );
#2482 = ADVANCED_FACE('',(#2483),#1116,.T.);
#2483 = FACE_BOUND('',#2484,.T.);
#2484 = EDGE_LOOP('',(#2485,#2508,#2509,#2532));
#2485 = ORIENTED_EDGE('',*,*,#2486,.F.);
#2486 = EDGE_CURVE('',#1100,#2487,#2489,.T.);
#2487 = VERTEX_POINT('',#2488);
#2488 = CARTESIAN_POINT('',(18.,-10.,2.));
#2489 = SURFACE_CURVE('',#2490,(#2494,#2501),.PCURVE_S1.);
#2490 = LINE('',#2491,#2492);
#2491 = CARTESIAN_POINT('',(18.,-10.,-1.));
#2492 = VECTOR('',#2493,1.);
#2493 = DIRECTION('',(0.,0.,1.));
#2494 = PCURVE('',#1116,#2495);
#2495 = DEFINITIONAL_REPRESENTATION('',(#2496),#2500);
#2496 = LINE('',#2497,#2498);
#2497 = CARTESIAN_POINT('',(0.,36.));
#2498 = VECTOR('',#2499,1.);
#2499 = DIRECTION('',(1.,0.));
#2500 = ( GEOMETRIC_REPRESENTATION_CONTEXT(2) 
PARAMETRIC_REPRESENTATION_CONTEXT() REPRESENTATION_CONTEXT('2D SPACE',''
  ) );
#2501 = PCURVE('',#1192,#2502);
#2502 = DEFINITIONAL_REPRESENTATION('',(#2503),#2507);
#2503 = LINE('',#2504,#2505);
#2504 = CARTESIAN_POINT('',(0.,0.));
#2505 = VECTOR('',#2506,1.);
#2506 = DIRECTION('',(1.,0.));
#2507 = ( GEOMETRIC_REPRESENTATION_CONTEXT(2) 
PARAMETRIC_REPRESENTATION_CONTEXT() REPRESENTATION_CONTEXT('2D SPACE',''
  ) );
#2508 = ORIENTED_EDGE('',*,*,#1099,.T.);
#2509 = ORIENTED_EDGE('',*,*,#2510,.T.);
#2510 = EDGE_CURVE('',#1102,#2511,#2513,.T.);
#2511 = VERTEX_POINT('',#2512);
#2512 = CARTESIAN_POINT('',(-18.,-10.,2.));
#2513 = SURFACE_CURVE('',#2514,(#2518,#2525),.PCURVE_S1.);
#2514 = LINE('',#2515,#2516);
#2515 = CARTESIAN_POINT('',(-18.,-10.,-1.));
#2516 = VECTOR('',#2517,1.);
#2517 = DIRECTION('',(0.,0.,1.));
#2518 = PCURVE('',#1116,#2519);
#2519 = DEFINITIONAL_REPRESENTATION('',(#2520),#2524);
#2520 = LINE('',#2521,#2522);
#2521 = CARTESIAN_POINT('',(0.,0.));
#2522 = VECTOR('',#2523,1.);
#2523 = DIRECTION('',(1.,0.));
#2524 = ( GEOMETRIC_REPRESENTATION_CONTEXT(2) 
PARAMETRIC_REPRESENTATION_CONTEXT() REPRESENTATION_CONTEXT('2D SPACE',''
  ) );
#2525 = PCURVE('',#1142,#2526);
#2526 = DEFINITIONAL_REPRESENTATION('',(#2527),#2531);
#2527 = LINE('',#2528,#2529);
#2528 = CARTESIAN_POINT('',(0.,0.));
#2529 = VECTOR('',#2530,1.);
#2530 = DIRECTION('',(1.,0.));
#2531 = ( GEOMETRIC_REPRESENTATION_CONTEXT(2) 
PARAMETRIC_REPRESENTATION_CONTEXT() REPRESENTATION_CONTEXT('2D SPACE',''
  ) );
#2532 = ORIENTED_EDGE('',*,*,#2533,.F.);
#2533 = EDGE_CURVE('',#2487,#2511,#2534,.T.);
#2534 = SURFACE_CURVE('',#2535,(#2539,#2545),.PCURVE_S1.);
#2535 = LINE('',#2536,#2537);
#2536 = CARTESIAN_POINT('',(-29.2,-10.,2.));
#2537 = VECTOR('',#2538,1.);
#2538 = DIRECTION('',(-1.,0.,0.));
#2539 = PCURVE('',#1116,#2540);
#2540 = DEFINITIONAL_REPRESENTATION('',(#2541),#2544);
#2541 = B_SPLINE_CURVE_WITH_KNOTS('',1,(#2542,#2543),.UNSPECIFIED.,.F.,
  .F.,(2,2),(-47.2,-11.2),.PIECEWISE_BEZIER_KNOTS.);
#2542 = CARTESIAN_POINT('',(3.,36.));
#2543 = CARTESIAN_POINT('',(3.,0.));
#2544 = ( GEOMETRIC_REPRESENTATION_CONTEXT(2) 
PARAMETRIC_REPRESENTATION_CONTEXT() REPRESENTATION_CONTEXT('2D SPACE',''
  ) );
#2545 = PCURVE('',#1572,#2546);
#2546 = DEFINITIONAL_REPRESENTATION('',(#2547),#2550);
#2547 = B_SPLINE_CURVE_WITH_KNOTS('',1,(#2548,#2549),.UNSPECIFIED.,.F.,
  .F.,(2,2),(-47.2,-11.2),.PIECEWISE_BEZIER_KNOTS.);
#2548 = CARTESIAN_POINT('',(58.4,18.9));
#2549 = CARTESIAN_POINT('',(22.4,18.9));
#2550 = ( GEOMETRIC_REPRESENTATION_CONTEXT(2) 
PARAMETRIC_REPRESENTATION_CONTEXT() REPRESENTATION_CONTEXT('2D SPACE',''
  ) );
#2551 = ADVANCED_FACE('',(#2552),#1192,.F.);
#2552 = FACE_BOUND('',#2553,.F.);
#2553 = EDGE_LOOP('',(#2554,#2555,#2556,#2579));
#2554 = ORIENTED_EDGE('',*,*,#2486,.F.);
#2555 = ORIENTED_EDGE('',*,*,#1179,.T.);
#2556 = ORIENTED_EDGE('',*,*,#2557,.T.);
#2557 = EDGE_CURVE('',#1154,#2558,#2560,.T.);
#2558 = VERTEX_POINT('',#2559);
#2559 = CARTESIAN_POINT('',(18.,10.,2.));
#2560 = SURFACE_CURVE('',#2561,(#2565,#2572),.PCURVE_S1.);
#2561 = LINE('',#2562,#2563);
#2562 = CARTESIAN_POINT('',(18.,10.,-1.));
#2563 = VECTOR('',#2564,1.);
#2564 = DIRECTION('',(0.,0.,1.));
#2565 = PCURVE('',#1192,#2566);
#2566 = DEFINITIONAL_REPRESENTATION('',(#2567),#2571);
#2567 = LINE('',#2568,#2569);
#2568 = CARTESIAN_POINT('',(0.,-20.));
#2569 = VECTOR('',#2570,1.);
#2570 = DIRECTION('',(1.,0.));
#2571 = ( GEOMETRIC_REPRESENTATION_CONTEXT(2) 
PARAMETRIC_REPRESENTATION_CONTEXT() REPRESENTATION_CONTEXT('2D SPACE',''
  ) );
#2572 = PCURVE('',#1168,#2573);
#2573 = DEFINITIONAL_REPRESENTATION('',(#2574),#2578);
#2574 = LINE('',#2575,#2576);
#2575 = CARTESIAN_POINT('',(0.,36.));
#2576 = VECTOR('',#2577,1.);
#2577 = DIRECTION('',(1.,0.));
#2578 = ( GEOMETRIC_REPRESENTATION_CONTEXT(2) 
PARAMETRIC_REPRESENTATION_CONTEXT() REPRESENTATION_CONTEXT('2D SPACE',''
  ) );
#2579 = ORIENTED_EDGE('',*,*,#2580,.F.);
#2580 = EDGE_CURVE('',#2487,#2558,#2581,.T.);
#2581 = SURFACE_CURVE('',#2582,(#2586,#2592),.PCURVE_S1.);
#2582 = LINE('',#2583,#2584);
#2583 = CARTESIAN_POINT('',(18.,-19.45,2.));
#2584 = VECTOR('',#2585,1.);
#2585 = DIRECTION('',(0.,1.,0.));
#2586 = PCURVE('',#1192,#2587);
#2587 = DEFINITIONAL_REPRESENTATION('',(#2588),#2591);
#2588 = B_SPLINE_CURVE_WITH_KNOTS('',1,(#2589,#2590),.UNSPECIFIED.,.F.,
  .F.,(2,2),(9.45,29.45),.PIECEWISE_BEZIER_KNOTS.);
#2589 = CARTESIAN_POINT('',(3.,0.));
#2590 = CARTESIAN_POINT('',(3.,-20.));
#2591 = ( GEOMETRIC_REPRESENTATION_CONTEXT(2) 
PARAMETRIC_REPRESENTATION_CONTEXT() REPRESENTATION_CONTEXT('2D SPACE',''
  ) );
#2592 = PCURVE('',#1572,#2593);
#2593 = DEFINITIONAL_REPRESENTATION('',(#2594),#2597);
#2594 = B_SPLINE_CURVE_WITH_KNOTS('',1,(#2595,#2596),.UNSPECIFIED.,.F.,
  .F.,(2,2),(9.45,29.45),.PIECEWISE_BEZIER_KNOTS.);
#2595 = CARTESIAN_POINT('',(58.4,18.9));
#2596 = CARTESIAN_POINT('',(58.4,38.9));
#2597 = ( GEOMETRIC_REPRESENTATION_CONTEXT(2) 
PARAMETRIC_REPRESENTATION_CONTEXT() REPRESENTATION_CONTEXT('2D SPACE',''
  ) );
#2598 = ADVANCED_FACE('',(#2599),#1142,.T.);
#2599 = FACE_BOUND('',#2600,.T.);
#2600 = EDGE_LOOP('',(#2601,#2602,#2603,#2626));
#2601 = ORIENTED_EDGE('',*,*,#2510,.F.);
#2602 = ORIENTED_EDGE('',*,*,#1127,.T.);
#2603 = ORIENTED_EDGE('',*,*,#2604,.T.);
#2604 = EDGE_CURVE('',#1128,#2605,#2607,.T.);
#2605 = VERTEX_POINT('',#2606);
#2606 = CARTESIAN_POINT('',(-18.,10.,2.));
#2607 = SURFACE_CURVE('',#2608,(#2612,#2619),.PCURVE_S1.);
#2608 = LINE('',#2609,#2610);
#2609 = CARTESIAN_POINT('',(-18.,10.,-1.));
#2610 = VECTOR('',#2611,1.);
#2611 = DIRECTION('',(0.,0.,1.));
#2612 = PCURVE('',#1142,#2613);
#2613 = DEFINITIONAL_REPRESENTATION('',(#2614),#2618);
#2614 = LINE('',#2615,#2616);
#2615 = CARTESIAN_POINT('',(0.,-20.));
#2616 = VECTOR('',#2617,1.);
#2617 = DIRECTION('',(1.,0.));
#2618 = ( GEOMETRIC_REPRESENTATION_CONTEXT(2) 
PARAMETRIC_REPRESENTATION_CONTEXT() REPRESENTATION_CONTEXT('2D SPACE',''
  ) );
#2619 = PCURVE('',#1168,#2620);
#2620 = DEFINITIONAL_REPRESENTATION('',(#2621),#2625);
#2621 = LINE('',#2622,#2623);
#2622 = CARTESIAN_POINT('',(0.,0.));
#2623 = VECTOR('',#2624,1.);
#2624 = DIRECTION('',(1.,0.));
#2625 = ( GEOMETRIC_REPRESENTATION_CONTEXT(2) 
PARAMETRIC_REPRESENTATION_CONTEXT() REPRESENTATION_CONTEXT('2D SPACE',''
  ) );
#2626 = ORIENTED_EDGE('',*,*,#2627,.F.);
#2627 = EDGE_CURVE('',#2511,#2605,#2628,.T.);
#2628 = SURFACE_CURVE('',#2629,(#2633,#2639),.PCURVE_S1.);
#2629 = LINE('',#2630,#2631);
#2630 = CARTESIAN_POINT('',(-18.,-19.45,2.));
#2631 = VECTOR('',#2632,1.);
#2632 = DIRECTION('',(0.,1.,0.));
#2633 = PCURVE('',#1142,#2634);
#2634 = DEFINITIONAL_REPRESENTATION('',(#2635),#2638);
#2635 = B_SPLINE_CURVE_WITH_KNOTS('',1,(#2636,#2637),.UNSPECIFIED.,.F.,
  .F.,(2,2),(9.45,29.45),.PIECEWISE_BEZIER_KNOTS.);
#2636 = CARTESIAN_POINT('',(3.,0.));
#2637 = CARTESIAN_POINT('',(3.,-20.));
#2638 = ( GEOMETRIC_REPRESENTATION_CONTEXT(2) 
PARAMETRIC_REPRESENTATION_CONTEXT() REPRESENTATION_CONTEXT('2D SPACE',''
  ) );
#2639 = PCURVE('',#1572,#2640);
#2640 = DEFINITIONAL_REPRESENTATION('',(#2641),#2644);
#2641 = B_SPLINE_CURVE_WITH_KNOTS('',1,(#2642,#2643),.UNSPECIFIED.,.F.,
  .F.,(2,2),(9.45,29.45),.PIECEWISE_BEZIER_KNOTS.);
#2642 = CARTESIAN_POINT('',(22.4,18.9));
#2643 = CARTESIAN_POINT('',(22.4,38.9));
#2644 = ( GEOMETRIC_REPRESENTATION_CONTEXT(2) 
PARAMETRIC_REPRESENTATION_CONTEXT() REPRESENTATION_CONTEXT('2D SPACE',''
  ) );
#2645 = ADVANCED_FACE('',(#2646),#1168,.F.);
#2646 = FACE_BOUND('',#2647,.F.);
#2647 = EDGE_LOOP('',(#2648,#2649,#2650,#2651));
#2648 = ORIENTED_EDGE('',*,*,#2557,.F.);
#2649 = ORIENTED_EDGE('',*,*,#1153,.T.);
#2650 = ORIENTED_EDGE('',*,*,#2604,.T.);
#2651 = ORIENTED_EDGE('',*,*,#2652,.F.);
#2652 = EDGE_CURVE('',#2558,#2605,#2653,.T.);
#2653 = SURFACE_CURVE('',#2654,(#2658,#2664),.PCURVE_S1.);
#2654 = LINE('',#2655,#2656);
#2655 = CARTESIAN_POINT('',(-29.2,10.,2.));
#2656 = VECTOR('',#2657,1.);
#2657 = DIRECTION('',(-1.,0.,0.));
#2658 = PCURVE('',#1168,#2659);
#2659 = DEFINITIONAL_REPRESENTATION('',(#2660),#2663);
#2660 = B_SPLINE_CURVE_WITH_KNOTS('',1,(#2661,#2662),.UNSPECIFIED.,.F.,
  .F.,(2,2),(-47.2,-11.2),.PIECEWISE_BEZIER_KNOTS.);
#2661 = CARTESIAN_POINT('',(3.,36.));
#2662 = CARTESIAN_POINT('',(3.,0.));
#2663 = ( GEOMETRIC_REPRESENTATION_CONTEXT(2) 
PARAMETRIC_REPRESENTATION_CONTEXT() REPRESENTATION_CONTEXT('2D SPACE',''
  ) );
#2664 = PCURVE('',#1572,#2665);
#2665 = DEFINITIONAL_REPRESENTATION('',(#2666),#2669);
#2666 = B_SPLINE_CURVE_WITH_KNOTS('',1,(#2667,#2668),.UNSPECIFIED.,.F.,
  .F.,(2,2),(-47.2,-11.2),.PIECEWISE_BEZIER_KNOTS.);
#2667 = CARTESIAN_POINT('',(58.4,38.9));
#2668 = CARTESIAN_POINT('',(22.4,38.9));
#2669 = ( GEOMETRIC_REPRESENTATION_CONTEXT(2) 
PARAMETRIC_REPRESENTATION_CONTEXT() REPRESENTATION_CONTEXT('2D SPACE',''
  ) );
#2670 = ADVANCED_FACE('',(#2671),#1222,.T.);
#2671 = FACE_BOUND('',#2672,.T.);
#2672 = EDGE_LOOP('',(#2673,#2696,#2697,#2720));
#2673 = ORIENTED_EDGE('',*,*,#2674,.F.);
#2674 = EDGE_CURVE('',#1206,#2675,#2677,.T.);
#2675 = VERTEX_POINT('',#2676);
#2676 = CARTESIAN_POINT('',(31.,-4.5,2.));
#2677 = SURFACE_CURVE('',#2678,(#2682,#2689),.PCURVE_S1.);
#2678 = LINE('',#2679,#2680);
#2679 = CARTESIAN_POINT('',(31.,-4.5,-1.));
#2680 = VECTOR('',#2681,1.);
#2681 = DIRECTION('',(0.,0.,1.));
#2682 = PCURVE('',#1222,#2683);
#2683 = DEFINITIONAL_REPRESENTATION('',(#2684),#2688);
#2684 = LINE('',#2685,#2686);
#2685 = CARTESIAN_POINT('',(0.,4.));
#2686 = VECTOR('',#2687,1.);
#2687 = DIRECTION('',(1.,0.));
#2688 = ( GEOMETRIC_REPRESENTATION_CONTEXT(2) 
PARAMETRIC_REPRESENTATION_CONTEXT() REPRESENTATION_CONTEXT('2D SPACE',''
  ) );
#2689 = PCURVE('',#1298,#2690);
#2690 = DEFINITIONAL_REPRESENTATION('',(#2691),#2695);
#2691 = LINE('',#2692,#2693);
#2692 = CARTESIAN_POINT('',(0.,0.));
#2693 = VECTOR('',#2694,1.);
#2694 = DIRECTION('',(1.,0.));
#2695 = ( GEOMETRIC_REPRESENTATION_CONTEXT(2) 
PARAMETRIC_REPRESENTATION_CONTEXT() REPRESENTATION_CONTEXT('2D SPACE',''
  ) );
#2696 = ORIENTED_EDGE('',*,*,#1205,.T.);
#2697 = ORIENTED_EDGE('',*,*,#2698,.T.);
#2698 = EDGE_CURVE('',#1208,#2699,#2701,.T.);
#2699 = VERTEX_POINT('',#2700);
#2700 = CARTESIAN_POINT('',(27.,-4.5,2.));
#2701 = SURFACE_CURVE('',#2702,(#2706,#2713),.PCURVE_S1.);
#2702 = LINE('',#2703,#2704);
#2703 = CARTESIAN_POINT('',(27.,-4.5,-1.));
#2704 = VECTOR('',#2705,1.);
#2705 = DIRECTION('',(0.,0.,1.));
#2706 = PCURVE('',#1222,#2707);
#2707 = DEFINITIONAL_REPRESENTATION('',(#2708),#2712);
#2708 = LINE('',#2709,#2710);
#2709 = CARTESIAN_POINT('',(0.,0.));
#2710 = VECTOR('',#2711,1.);
#2711 = DIRECTION('',(1.,0.));
#2712 = ( GEOMETRIC_REPRESENTATION_CONTEXT(2) 
PARAMETRIC_REPRESENTATION_CONTEXT() REPRESENTATION_CONTEXT('2D SPACE',''
  ) );
#2713 = PCURVE('',#1248,#2714);
#2714 = DEFINITIONAL_REPRESENTATION('',(#2715),#2719);
#2715 = LINE('',#2716,#2717);
#2716 = CARTESIAN_POINT('',(0.,0.));
#2717 = VECTOR('',#2718,1.);
#2718 = DIRECTION('',(1.,0.));
#2719 = ( GEOMETRIC_REPRESENTATION_CONTEXT(2) 
PARAMETRIC_REPRESENTATION_CONTEXT() REPRESENTATION_CONTEXT('2D SPACE',''
  ) );
#2720 = ORIENTED_EDGE('',*,*,#2721,.F.);
#2721 = EDGE_CURVE('',#2675,#2699,#2722,.T.);
#2722 = SURFACE_CURVE('',#2723,(#2727,#2733),.PCURVE_S1.);
#2723 = LINE('',#2724,#2725);
#2724 = CARTESIAN_POINT('',(-6.7,-4.5,2.));
#2725 = VECTOR('',#2726,1.);
#2726 = DIRECTION('',(-1.,0.,0.));
#2727 = PCURVE('',#1222,#2728);
#2728 = DEFINITIONAL_REPRESENTATION('',(#2729),#2732);
#2729 = B_SPLINE_CURVE_WITH_KNOTS('',1,(#2730,#2731),.UNSPECIFIED.,.F.,
  .F.,(2,2),(-37.7,-33.7),.PIECEWISE_BEZIER_KNOTS.);
#2730 = CARTESIAN_POINT('',(3.,4.));
#2731 = CARTESIAN_POINT('',(3.,0.));
#2732 = ( GEOMETRIC_REPRESENTATION_CONTEXT(2) 
PARAMETRIC_REPRESENTATION_CONTEXT() REPRESENTATION_CONTEXT('2D SPACE',''
  ) );
#2733 = PCURVE('',#1572,#2734);
#2734 = DEFINITIONAL_REPRESENTATION('',(#2735),#2738);
#2735 = B_SPLINE_CURVE_WITH_KNOTS('',1,(#2736,#2737),.UNSPECIFIED.,.F.,
  .F.,(2,2),(-37.7,-33.7),.PIECEWISE_BEZIER_KNOTS.);
#2736 = CARTESIAN_POINT('',(71.4,24.4));
#2737 = CARTESIAN_POINT('',(67.4,24.4));
#2738 = ( GEOMETRIC_REPRESENTATION_CONTEXT(2) 
PARAMETRIC_REPRESENTATION_CONTEXT() REPRESENTATION_CONTEXT('2D SPACE',''
  ) );
#2739 = ADVANCED_FACE('',(#2740),#1298,.F.);
#2740 = FACE_BOUND('',#2741,.F.);
#2741 = EDGE_LOOP('',(#2742,#2743,#2744,#2767));
#2742 = ORIENTED_EDGE('',*,*,#2674,.F.);
#2743 = ORIENTED_EDGE('',*,*,#1285,.T.);
#2744 = ORIENTED_EDGE('',*,*,#2745,.T.);
#2745 = EDGE_CURVE('',#1260,#2746,#2748,.T.);
#2746 = VERTEX_POINT('',#2747);
#2747 = CARTESIAN_POINT('',(31.,4.5,2.));
#2748 = SURFACE_CURVE('',#2749,(#2753,#2760),.PCURVE_S1.);
#2749 = LINE('',#2750,#2751);
#2750 = CARTESIAN_POINT('',(31.,4.5,-1.));
#2751 = VECTOR('',#2752,1.);
#2752 = DIRECTION('',(0.,0.,1.));
#2753 = PCURVE('',#1298,#2754);
#2754 = DEFINITIONAL_REPRESENTATION('',(#2755),#2759);
#2755 = LINE('',#2756,#2757);
#2756 = CARTESIAN_POINT('',(0.,-9.));
#2757 = VECTOR('',#2758,1.);
#2758 = DIRECTION('',(1.,0.));
#2759 = ( GEOMETRIC_REPRESENTATION_CONTEXT(2) 
PARAMETRIC_REPRESENTATION_CONTEXT() REPRESENTATION_CONTEXT('2D SPACE',''
  ) );
#2760 = PCURVE('',#1274,#2761);
#2761 = DEFINITIONAL_REPRESENTATION('',(#2762),#2766);
#2762 = LINE('',#2763,#2764);
#2763 = CARTESIAN_POINT('',(0.,4.));
#2764 = VECTOR('',#2765,1.);
#2765 = DIRECTION('',(1.,0.));
#2766 = ( GEOMETRIC_REPRESENTATION_CONTEXT(2) 
PARAMETRIC_REPRESENTATION_CONTEXT() REPRESENTATION_CONTEXT('2D SPACE',''
  ) );
#2767 = ORIENTED_EDGE('',*,*,#2768,.F.);
#2768 = EDGE_CURVE('',#2675,#2746,#2769,.T.);
#2769 = SURFACE_CURVE('',#2770,(#2774,#2780),.PCURVE_S1.);
#2770 = LINE('',#2771,#2772);
#2771 = CARTESIAN_POINT('',(31.,-16.7,2.));
#2772 = VECTOR('',#2773,1.);
#2773 = DIRECTION('',(0.,1.,0.));
#2774 = PCURVE('',#1298,#2775);
#2775 = DEFINITIONAL_REPRESENTATION('',(#2776),#2779);
#2776 = B_SPLINE_CURVE_WITH_KNOTS('',1,(#2777,#2778),.UNSPECIFIED.,.F.,
  .F.,(2,2),(12.2,21.2),.PIECEWISE_BEZIER_KNOTS.);
#2777 = CARTESIAN_POINT('',(3.,0.));
#2778 = CARTESIAN_POINT('',(3.,-9.));
#2779 = ( GEOMETRIC_REPRESENTATION_CONTEXT(2) 
PARAMETRIC_REPRESENTATION_CONTEXT() REPRESENTATION_CONTEXT('2D SPACE',''
  ) );
#2780 = PCURVE('',#1572,#2781);
#2781 = DEFINITIONAL_REPRESENTATION('',(#2782),#2785);
#2782 = B_SPLINE_CURVE_WITH_KNOTS('',1,(#2783,#2784),.UNSPECIFIED.,.F.,
  .F.,(2,2),(12.2,21.2),.PIECEWISE_BEZIER_KNOTS.);
#2783 = CARTESIAN_POINT('',(71.4,24.4));
#2784 = CARTESIAN_POINT('',(71.4,33.4));
#2785 = ( GEOMETRIC_REPRESENTATION_CONTEXT(2) 
PARAMETRIC_REPRESENTATION_CONTEXT() REPRESENTATION_CONTEXT('2D SPACE',''
  ) );
#2786 = ADVANCED_FACE('',(#2787),#1248,.T.);
#2787 = FACE_BOUND('',#2788,.T.);
#2788 = EDGE_LOOP('',(#2789,#2790,#2791,#2814));
#2789 = ORIENTED_EDGE('',*,*,#2698,.F.);
#2790 = ORIENTED_EDGE('',*,*,#1233,.T.);
#2791 = ORIENTED_EDGE('',*,*,#2792,.T.);
#2792 = EDGE_CURVE('',#1234,#2793,#2795,.T.);
#2793 = VERTEX_POINT('',#2794);
#2794 = CARTESIAN_POINT('',(27.,4.5,2.));
#2795 = SURFACE_CURVE('',#2796,(#2800,#2807),.PCURVE_S1.);
#2796 = LINE('',#2797,#2798);
#2797 = CARTESIAN_POINT('',(27.,4.5,-1.));
#2798 = VECTOR('',#2799,1.);
#2799 = DIRECTION('',(0.,0.,1.));
#2800 = PCURVE('',#1248,#2801);
#2801 = DEFINITIONAL_REPRESENTATION('',(#2802),#2806);
#2802 = LINE('',#2803,#2804);
#2803 = CARTESIAN_POINT('',(0.,-9.));
#2804 = VECTOR('',#2805,1.);
#2805 = DIRECTION('',(1.,0.));
#2806 = ( GEOMETRIC_REPRESENTATION_CONTEXT(2) 
PARAMETRIC_REPRESENTATION_CONTEXT() REPRESENTATION_CONTEXT('2D SPACE',''
  ) );
#2807 = PCURVE('',#1274,#2808);
#2808 = DEFINITIONAL_REPRESENTATION('',(#2809),#2813);
#2809 = LINE('',#2810,#2811);
#2810 = CARTESIAN_POINT('',(0.,0.));
#2811 = VECTOR('',#2812,1.);
#2812 = DIRECTION('',(1.,0.));
#2813 = ( GEOMETRIC_REPRESENTATION_CONTEXT(2) 
PARAMETRIC_REPRESENTATION_CONTEXT() REPRESENTATION_CONTEXT('2D SPACE',''
  ) );
#2814 = ORIENTED_EDGE('',*,*,#2815,.F.);
#2815 = EDGE_CURVE('',#2699,#2793,#2816,.T.);
#2816 = SURFACE_CURVE('',#2817,(#2821,#2827),.PCURVE_S1.);
#2817 = LINE('',#2818,#2819);
#2818 = CARTESIAN_POINT('',(27.,-16.7,2.));
#2819 = VECTOR('',#2820,1.);
#2820 = DIRECTION('',(0.,1.,0.));
#2821 = PCURVE('',#1248,#2822);
#2822 = DEFINITIONAL_REPRESENTATION('',(#2823),#2826);
#2823 = B_SPLINE_CURVE_WITH_KNOTS('',1,(#2824,#2825),.UNSPECIFIED.,.F.,
  .F.,(2,2),(12.2,21.2),.PIECEWISE_BEZIER_KNOTS.);
#2824 = CARTESIAN_POINT('',(3.,0.));
#2825 = CARTESIAN_POINT('',(3.,-9.));
#2826 = ( GEOMETRIC_REPRESENTATION_CONTEXT(2) 
PARAMETRIC_REPRESENTATION_CONTEXT() REPRESENTATION_CONTEXT('2D SPACE',''
  ) );
#2827 = PCURVE('',#1572,#2828);
#2828 = DEFINITIONAL_REPRESENTATION('',(#2829),#2832);
#2829 = B_SPLINE_CURVE_WITH_KNOTS('',1,(#2830,#2831),.UNSPECIFIED.,.F.,
  .F.,(2,2),(12.2,21.2),.PIECEWISE_BEZIER_KNOTS.);
#2830 = CARTESIAN_POINT('',(67.4,24.4));
#2831 = CARTESIAN_POINT('',(67.4,33.4));
#2832 = ( GEOMETRIC_REPRESENTATION_CONTEXT(2) 
PARAMETRIC_REPRESENTATION_CONTEXT() REPRESENTATION_CONTEXT('2D SPACE',''
  ) );
#2833 = ADVANCED_FACE('',(#2834),#1274,.F.);
#2834 = FACE_BOUND('',#2835,.F.);
#2835 = EDGE_LOOP('',(#2836,#2837,#2838,#2839));
#2836 = ORIENTED_EDGE('',*,*,#2745,.F.);
#2837 = ORIENTED_EDGE('',*,*,#1259,.T.);
#2838 = ORIENTED_EDGE('',*,*,#2792,.T.);
#2839 = ORIENTED_EDGE('',*,*,#2840,.F.);
#2840 = EDGE_CURVE('',#2746,#2793,#2841,.T.);
#2841 = SURFACE_CURVE('',#2842,(#2846,#2852),.PCURVE_S1.);
#2842 = LINE('',#2843,#2844);
#2843 = CARTESIAN_POINT('',(-6.7,4.5,2.));
#2844 = VECTOR('',#2845,1.);
#2845 = DIRECTION('',(-1.,0.,0.));
#2846 = PCURVE('',#1274,#2847);
#2847 = DEFINITIONAL_REPRESENTATION('',(#2848),#2851);
#2848 = B_SPLINE_CURVE_WITH_KNOTS('',1,(#2849,#2850),.UNSPECIFIED.,.F.,
  .F.,(2,2),(-37.7,-33.7),.PIECEWISE_BEZIER_KNOTS.);
#2849 = CARTESIAN_POINT('',(3.,4.));
#2850 = CARTESIAN_POINT('',(3.,0.));
#2851 = ( GEOMETRIC_REPRESENTATION_CONTEXT(2) 
PARAMETRIC_REPRESENTATION_CONTEXT() REPRESENTATION_CONTEXT('2D SPACE',''
  ) );
#2852 = PCURVE('',#1572,#2853);
#2853 = DEFINITIONAL_REPRESENTATION('',(#2854),#2857);
#2854 = B_SPLINE_CURVE_WITH_KNOTS('',1,(#2855,#2856),.UNSPECIFIED.,.F.,
  .F.,(2,2),(-37.7,-33.7),.PIECEWISE_BEZIER_KNOTS.);
#2855 = CARTESIAN_POINT('',(71.4,33.4));
#2856 = CARTESIAN_POINT('',(67.4,33.4));
#2857 = ( GEOMETRIC_REPRESENTATION_CONTEXT(2) 
PARAMETRIC_REPRESENTATION_CONTEXT() REPRESENTATION_CONTEXT('2D SPACE',''
  ) );
#2858 = ADVANCED_FACE('',(#2859),#1328,.T.);
#2859 = FACE_BOUND('',#2860,.T.);
#2860 = EDGE_LOOP('',(#2861,#2884,#2885,#2908));
#2861 = ORIENTED_EDGE('',*,*,#2862,.F.);
#2862 = EDGE_CURVE('',#1312,#2863,#2865,.T.);
#2863 = VERTEX_POINT('',#2864);
#2864 = CARTESIAN_POINT('',(31.,10.5,2.));
#2865 = SURFACE_CURVE('',#2866,(#2870,#2877),.PCURVE_S1.);
#2866 = LINE('',#2867,#2868);
#2867 = CARTESIAN_POINT('',(31.,10.5,-1.));
#2868 = VECTOR('',#2869,1.);
#2869 = DIRECTION('',(0.,0.,1.));
#2870 = PCURVE('',#1328,#2871);
#2871 = DEFINITIONAL_REPRESENTATION('',(#2872),#2876);
#2872 = LINE('',#2873,#2874);
#2873 = CARTESIAN_POINT('',(0.,4.));
#2874 = VECTOR('',#2875,1.);
#2875 = DIRECTION('',(1.,0.));
#2876 = ( GEOMETRIC_REPRESENTATION_CONTEXT(2) 
PARAMETRIC_REPRESENTATION_CONTEXT() REPRESENTATION_CONTEXT('2D SPACE',''
  ) );
#2877 = PCURVE('',#1404,#2878);
#2878 = DEFINITIONAL_REPRESENTATION('',(#2879),#2883);
#2879 = LINE('',#2880,#2881);
#2880 = CARTESIAN_POINT('',(0.,0.));
#2881 = VECTOR('',#2882,1.);
#2882 = DIRECTION('',(1.,0.));
#2883 = ( GEOMETRIC_REPRESENTATION_CONTEXT(2) 
PARAMETRIC_REPRESENTATION_CONTEXT() REPRESENTATION_CONTEXT('2D SPACE',''
  ) );
#2884 = ORIENTED_EDGE('',*,*,#1311,.T.);
#2885 = ORIENTED_EDGE('',*,*,#2886,.T.);
#2886 = EDGE_CURVE('',#1314,#2887,#2889,.T.);
#2887 = VERTEX_POINT('',#2888);
#2888 = CARTESIAN_POINT('',(27.,10.5,2.));
#2889 = SURFACE_CURVE('',#2890,(#2894,#2901),.PCURVE_S1.);
#2890 = LINE('',#2891,#2892);
#2891 = CARTESIAN_POINT('',(27.,10.5,-1.));
#2892 = VECTOR('',#2893,1.);
#2893 = DIRECTION('',(0.,0.,1.));
#2894 = PCURVE('',#1328,#2895);
#2895 = DEFINITIONAL_REPRESENTATION('',(#2896),#2900);
#2896 = LINE('',#2897,#2898);
#2897 = CARTESIAN_POINT('',(0.,0.));
#2898 = VECTOR('',#2899,1.);
#2899 = DIRECTION('',(1.,0.));
#2900 = ( GEOMETRIC_REPRESENTATION_CONTEXT(2) 
PARAMETRIC_REPRESENTATION_CONTEXT() REPRESENTATION_CONTEXT('2D SPACE',''
  ) );
#2901 = PCURVE('',#1354,#2902);
#2902 = DEFINITIONAL_REPRESENTATION('',(#2903),#2907);
#2903 = LINE('',#2904,#2905);
#2904 = CARTESIAN_POINT('',(0.,0.));
#2905 = VECTOR('',#2906,1.);
#2906 = DIRECTION('',(1.,0.));
#2907 = ( GEOMETRIC_REPRESENTATION_CONTEXT(2) 
PARAMETRIC_REPRESENTATION_CONTEXT() REPRESENTATION_CONTEXT('2D SPACE',''
  ) );
#2908 = ORIENTED_EDGE('',*,*,#2909,.F.);
#2909 = EDGE_CURVE('',#2863,#2887,#2910,.T.);
#2910 = SURFACE_CURVE('',#2911,(#2915,#2921),.PCURVE_S1.);
#2911 = LINE('',#2912,#2913);
#2912 = CARTESIAN_POINT('',(-6.7,10.5,2.));
#2913 = VECTOR('',#2914,1.);
#2914 = DIRECTION('',(-1.,0.,0.));
#2915 = PCURVE('',#1328,#2916);
#2916 = DEFINITIONAL_REPRESENTATION('',(#2917),#2920);
#2917 = B_SPLINE_CURVE_WITH_KNOTS('',1,(#2918,#2919),.UNSPECIFIED.,.F.,
  .F.,(2,2),(-37.7,-33.7),.PIECEWISE_BEZIER_KNOTS.);
#2918 = CARTESIAN_POINT('',(3.,4.));
#2919 = CARTESIAN_POINT('',(3.,0.));
#2920 = ( GEOMETRIC_REPRESENTATION_CONTEXT(2) 
PARAMETRIC_REPRESENTATION_CONTEXT() REPRESENTATION_CONTEXT('2D SPACE',''
  ) );
#2921 = PCURVE('',#1572,#2922);
#2922 = DEFINITIONAL_REPRESENTATION('',(#2923),#2926);
#2923 = B_SPLINE_CURVE_WITH_KNOTS('',1,(#2924,#2925),.UNSPECIFIED.,.F.,
  .F.,(2,2),(-37.7,-33.7),.PIECEWISE_BEZIER_KNOTS.);
#2924 = CARTESIAN_POINT('',(71.4,39.4));
#2925 = CARTESIAN_POINT('',(67.4,39.4));
#2926 = ( GEOMETRIC_REPRESENTATION_CONTEXT(2) 
PARAMETRIC_REPRESENTATION_CONTEXT() REPRESENTATION_CONTEXT('2D SPACE',''
  ) );
#2927 = ADVANCED_FACE('',(#2928),#1404,.F.);
#2928 = FACE_BOUND('',#2929,.F.);
#2929 = EDGE_LOOP('',(#2930,#2931,#2932,#2955));
#2930 = ORIENTED_EDGE('',*,*,#2862,.F.);
#2931 = ORIENTED_EDGE('',*,*,#1391,.T.);
#2932 = ORIENTED_EDGE('',*,*,#2933,.T.);
#2933 = EDGE_CURVE('',#1366,#2934,#2936,.T.);
#2934 = VERTEX_POINT('',#2935);
#2935 = CARTESIAN_POINT('',(31.,19.5,2.));
#2936 = SURFACE_CURVE('',#2937,(#2941,#2948),.PCURVE_S1.);
#2937 = LINE('',#2938,#2939);
#2938 = CARTESIAN_POINT('',(31.,19.5,-1.));
#2939 = VECTOR('',#2940,1.);
#2940 = DIRECTION('',(0.,0.,1.));
#2941 = PCURVE('',#1404,#2942);
#2942 = DEFINITIONAL_REPRESENTATION('',(#2943),#2947);
#2943 = LINE('',#2944,#2945);
#2944 = CARTESIAN_POINT('',(0.,-9.));
#2945 = VECTOR('',#2946,1.);
#2946 = DIRECTION('',(1.,0.));
#2947 = ( GEOMETRIC_REPRESENTATION_CONTEXT(2) 
PARAMETRIC_REPRESENTATION_CONTEXT() REPRESENTATION_CONTEXT('2D SPACE',''
  ) );
#2948 = PCURVE('',#1380,#2949);
#2949 = DEFINITIONAL_REPRESENTATION('',(#2950),#2954);
#2950 = LINE('',#2951,#2952);
#2951 = CARTESIAN_POINT('',(0.,4.));
#2952 = VECTOR('',#2953,1.);
#2953 = DIRECTION('',(1.,0.));
#2954 = ( GEOMETRIC_REPRESENTATION_CONTEXT(2) 
PARAMETRIC_REPRESENTATION_CONTEXT() REPRESENTATION_CONTEXT('2D SPACE',''
  ) );
#2955 = ORIENTED_EDGE('',*,*,#2956,.F.);
#2956 = EDGE_CURVE('',#2863,#2934,#2957,.T.);
#2957 = SURFACE_CURVE('',#2958,(#2962,#2968),.PCURVE_S1.);
#2958 = LINE('',#2959,#2960);
#2959 = CARTESIAN_POINT('',(31.,-9.2,2.));
#2960 = VECTOR('',#2961,1.);
#2961 = DIRECTION('',(0.,1.,0.));
#2962 = PCURVE('',#1404,#2963);
#2963 = DEFINITIONAL_REPRESENTATION('',(#2964),#2967);
#2964 = B_SPLINE_CURVE_WITH_KNOTS('',1,(#2965,#2966),.UNSPECIFIED.,.F.,
  .F.,(2,2),(19.7,28.7),.PIECEWISE_BEZIER_KNOTS.);
#2965 = CARTESIAN_POINT('',(3.,0.));
#2966 = CARTESIAN_POINT('',(3.,-9.));
#2967 = ( GEOMETRIC_REPRESENTATION_CONTEXT(2) 
PARAMETRIC_REPRESENTATION_CONTEXT() REPRESENTATION_CONTEXT('2D SPACE',''
  ) );
#2968 = PCURVE('',#1572,#2969);
#2969 = DEFINITIONAL_REPRESENTATION('',(#2970),#2973);
#2970 = B_SPLINE_CURVE_WITH_KNOTS('',1,(#2971,#2972),.UNSPECIFIED.,.F.,
  .F.,(2,2),(19.7,28.7),.PIECEWISE_BEZIER_KNOTS.);
#2971 = CARTESIAN_POINT('',(71.4,39.4));
#2972 = CARTESIAN_POINT('',(71.4,48.4));
#2973 = ( GEOMETRIC_REPRESENTATION_CONTEXT(2) 
PARAMETRIC_REPRESENTATION_CONTEXT() REPRESENTATION_CONTEXT('2D SPACE',''
  ) );
#2974 = ADVANCED_FACE('',(#2975),#1380,.F.);
#2975 = FACE_BOUND('',#2976,.F.);
#2976 = EDGE_LOOP('',(#2977,#2978,#2979,#3002));
#2977 = ORIENTED_EDGE('',*,*,#2933,.F.);
#2978 = ORIENTED_EDGE('',*,*,#1365,.T.);
#2979 = ORIENTED_EDGE('',*,*,#2980,.T.);
#2980 = EDGE_CURVE('',#1340,#2981,#2983,.T.);
#2981 = VERTEX_POINT('',#2982);
#2982 = CARTESIAN_POINT('',(27.,19.5,2.));
#2983 = SURFACE_CURVE('',#2984,(#2988,#2995),.PCURVE_S1.);
#2984 = LINE('',#2985,#2986);
#2985 = CARTESIAN_POINT('',(27.,19.5,-1.));
#2986 = VECTOR('',#2987,1.);
#2987 = DIRECTION('',(0.,0.,1.));
#2988 = PCURVE('',#1380,#2989);
#2989 = DEFINITIONAL_REPRESENTATION('',(#2990),#2994);
#2990 = LINE('',#2991,#2992);
#2991 = CARTESIAN_POINT('',(0.,0.));
#2992 = VECTOR('',#2993,1.);
#2993 = DIRECTION('',(1.,0.));
#2994 = ( GEOMETRIC_REPRESENTATION_CONTEXT(2) 
PARAMETRIC_REPRESENTATION_CONTEXT() REPRESENTATION_CONTEXT('2D SPACE',''
  ) );
#2995 = PCURVE('',#1354,#2996);
#2996 = DEFINITIONAL_REPRESENTATION('',(#2997),#3001);
#2997 = LINE('',#2998,#2999);
#2998 = CARTESIAN_POINT('',(0.,-9.));
#2999 = VECTOR('',#3000,1.);
#3000 = DIRECTION('',(1.,0.));
#3001 = ( GEOMETRIC_REPRESENTATION_CONTEXT(2) 
PARAMETRIC_REPRESENTATION_CONTEXT() REPRESENTATION_CONTEXT('2D SPACE',''
  ) );
#3002 = ORIENTED_EDGE('',*,*,#3003,.F.);
#3003 = EDGE_CURVE('',#2934,#2981,#3004,.T.);
#3004 = SURFACE_CURVE('',#3005,(#3009,#3015),.PCURVE_S1.);
#3005 = LINE('',#3006,#3007);
#3006 = CARTESIAN_POINT('',(-6.7,19.5,2.));
#3007 = VECTOR('',#3008,1.);
#3008 = DIRECTION('',(-1.,0.,0.));
#3009 = PCURVE('',#1380,#3010);
#3010 = DEFINITIONAL_REPRESENTATION('',(#3011),#3014);
#3011 = B_SPLINE_CURVE_WITH_KNOTS('',1,(#3012,#3013),.UNSPECIFIED.,.F.,
  .F.,(2,2),(-37.7,-33.7),.PIECEWISE_BEZIER_KNOTS.);
#3012 = CARTESIAN_POINT('',(3.,4.));
#3013 = CARTESIAN_POINT('',(3.,0.));
#3014 = ( GEOMETRIC_REPRESENTATION_CONTEXT(2) 
PARAMETRIC_REPRESENTATION_CONTEXT() REPRESENTATION_CONTEXT('2D SPACE',''
  ) );
#3015 = PCURVE('',#1572,#3016);
#3016 = DEFINITIONAL_REPRESENTATION('',(#3017),#3020);
#3017 = B_SPLINE_CURVE_WITH_KNOTS('',1,(#3018,#3019),.UNSPECIFIED.,.F.,
  .F.,(2,2),(-37.7,-33.7),.PIECEWISE_BEZIER_KNOTS.);
#3018 = CARTESIAN_POINT('',(71.4,48.4));
#3019 = CARTESIAN_POINT('',(67.4,48.4));
#3020 = ( GEOMETRIC_REPRESENTATION_CONTEXT(2) 
PARAMETRIC_REPRESENTATION_CONTEXT() REPRESENTATION_CONTEXT('2D SPACE',''
  ) );
#3021 = ADVANCED_FACE('',(#3022),#1354,.T.);
#3022 = FACE_BOUND('',#3023,.T.);
#3023 = EDGE_LOOP('',(#3024,#3025,#3026,#3027));
#3024 = ORIENTED_EDGE('',*,*,#2886,.F.);
#3025 = ORIENTED_EDGE('',*,*,#1339,.T.);
#3026 = ORIENTED_EDGE('',*,*,#2980,.T.);
#3027 = ORIENTED_EDGE('',*,*,#3028,.F.);
#3028 = EDGE_CURVE('',#2887,#2981,#3029,.T.);
#3029 = SURFACE_CURVE('',#3030,(#3034,#3040),.PCURVE_S1.);
#3030 = LINE('',#3031,#3032);
#3031 = CARTESIAN_POINT('',(27.,-9.2,2.));
#3032 = VECTOR('',#3033,1.);
#3033 = DIRECTION('',(0.,1.,0.));
#3034 = PCURVE('',#1354,#3035);
#3035 = DEFINITIONAL_REPRESENTATION('',(#3036),#3039);
#3036 = B_SPLINE_CURVE_WITH_KNOTS('',1,(#3037,#3038),.UNSPECIFIED.,.F.,
  .F.,(2,2),(19.7,28.7),.PIECEWISE_BEZIER_KNOTS.);
#3037 = CARTESIAN_POINT('',(3.,0.));
#3038 = CARTESIAN_POINT('',(3.,-9.));
#3039 = ( GEOMETRIC_REPRESENTATION_CONTEXT(2) 
PARAMETRIC_REPRESENTATION_CONTEXT() REPRESENTATION_CONTEXT('2D SPACE',''
  ) );
#3040 = PCURVE('',#1572,#3041);
#3041 = DEFINITIONAL_REPRESENTATION('',(#3042),#3045);
#3042 = B_SPLINE_CURVE_WITH_KNOTS('',1,(#3043,#3044),.UNSPECIFIED.,.F.,
  .F.,(2,2),(19.7,28.7),.PIECEWISE_BEZIER_KNOTS.);
#3043 = CARTESIAN_POINT('',(67.4,39.4));
#3044 = CARTESIAN_POINT('',(67.4,48.4));
#3045 = ( GEOMETRIC_REPRESENTATION_CONTEXT(2) 
PARAMETRIC_REPRESENTATION_CONTEXT() REPRESENTATION_CONTEXT('2D SPACE',''
  ) );
#3046 = ADVANCED_FACE('',(#3047,#3053,#3059,#3065,#3071,#3077,#3083,
    #3089),#1572,.T.);
#3047 = FACE_BOUND('',#3048,.T.);
#3048 = EDGE_LOOP('',(#3049,#3050,#3051,#3052));
#3049 = ORIENTED_EDGE('',*,*,#1708,.F.);
#3050 = ORIENTED_EDGE('',*,*,#1556,.T.);
#3051 = ORIENTED_EDGE('',*,*,#1610,.T.);
#3052 = ORIENTED_EDGE('',*,*,#1659,.F.);
#3053 = FACE_BOUND('',#3054,.T.);
#3054 = EDGE_LOOP('',(#3055,#3056,#3057,#3058));
#3055 = ORIENTED_EDGE('',*,*,#1781,.T.);
#3056 = ORIENTED_EDGE('',*,*,#1875,.T.);
#3057 = ORIENTED_EDGE('',*,*,#1900,.F.);
#3058 = ORIENTED_EDGE('',*,*,#1828,.F.);
#3059 = FACE_BOUND('',#3060,.T.);
#3060 = EDGE_LOOP('',(#3061,#3062,#3063,#3064));
#3061 = ORIENTED_EDGE('',*,*,#1969,.T.);
#3062 = ORIENTED_EDGE('',*,*,#2063,.T.);
#3063 = ORIENTED_EDGE('',*,*,#2088,.F.);
#3064 = ORIENTED_EDGE('',*,*,#2016,.F.);
#3065 = FACE_BOUND('',#3066,.T.);
#3066 = EDGE_LOOP('',(#3067,#3068,#3069,#3070));
#3067 = ORIENTED_EDGE('',*,*,#2157,.T.);
#3068 = ORIENTED_EDGE('',*,*,#2251,.T.);
#3069 = ORIENTED_EDGE('',*,*,#2276,.F.);
#3070 = ORIENTED_EDGE('',*,*,#2204,.F.);
#3071 = FACE_BOUND('',#3072,.T.);
#3072 = EDGE_LOOP('',(#3073,#3074,#3075,#3076));
#3073 = ORIENTED_EDGE('',*,*,#2345,.T.);
#3074 = ORIENTED_EDGE('',*,*,#2439,.T.);
#3075 = ORIENTED_EDGE('',*,*,#2464,.F.);
#3076 = ORIENTED_EDGE('',*,*,#2392,.F.);
#3077 = FACE_BOUND('',#3078,.T.);
#3078 = EDGE_LOOP('',(#3079,#3080,#3081,#3082));
#3079 = ORIENTED_EDGE('',*,*,#2533,.T.);
#3080 = ORIENTED_EDGE('',*,*,#2627,.T.);
#3081 = ORIENTED_EDGE('',*,*,#2652,.F.);
#3082 = ORIENTED_EDGE('',*,*,#2580,.F.);
#3083 = FACE_BOUND('',#3084,.T.);
#3084 = EDGE_LOOP('',(#3085,#3086,#3087,#3088));
#3085 = ORIENTED_EDGE('',*,*,#2721,.T.);
#3086 = ORIENTED_EDGE('',*,*,#2815,.T.);
#3087 = ORIENTED_EDGE('',*,*,#2840,.F.);
#3088 = ORIENTED_EDGE('',*,*,#2768,.F.);
#3089 = FACE_BOUND('',#3090,.T.);
#3090 = EDGE_LOOP('',(#3091,#3092,#3093,#3094));
#3091 = ORIENTED_EDGE('',*,*,#2909,.T.);
#3092 = ORIENTED_EDGE('',*,*,#3028,.T.);
#3093 = ORIENTED_EDGE('',*,*,#3003,.F.);
#3094 = ORIENTED_EDGE('',*,*,#2956,.F.);
#3095 = ( GEOMETRIC_REPRESENTATION_CONTEXT(3) 
GLOBAL_UNCERTAINTY_ASSIGNED_CONTEXT((#3099)) 
GLOBAL_UNIT_ASSIGNED_CONTEXT((#3096,#3097,#3098)) REPRESENTATION_CONTEXT
('Context #1','3D Context with UNIT and UNCERTAINTY') );
#3096 = ( LENGTH_UNIT() NAMED_UNIT(*) SI_UNIT(.MILLI.,.METRE.) );
#3097 = ( NAMED_UNIT(*) PLANE_ANGLE_UNIT() SI_UNIT($,.RADIAN.) );
#3098 = ( NAMED_UNIT(*) SI_UNIT($,.STERADIAN.) SOLID_ANGLE_UNIT() );
#3099 = UNCERTAINTY_MEASURE_WITH_UNIT(LENGTH_MEASURE(1.E-07),#3096,
  'distance_accuracy_value','confusion accuracy');
#3100 = PRODUCT_RELATED_PRODUCT_CATEGORY('part',$,(#7));
ENDSEC;
END-ISO-10303-21;
