ISO-10303-21;
HEADER;
FILE_DESCRIPTION(('Open CASCADE Model'),'2;1');
FILE_NAME('Open CASCADE Shape Model','2026-09-28T16:00:11',('Author'),(
    'Open CASCADE'),'Open CASCADE STEP processor 7.8','Open CASCADE 7.8'
  ,'Unknown');
FILE_SCHEMA(('AUTOMOTIVE_DESIGN { 1 0 10303 214 1 1 1 1 }'));
ENDSEC;
DATA;
#1 = APPLICATION_PROTOCOL_DEFINITION('international standard',
  'automotive_design',2000,#2);
#2 = APPLICATION_CONTEXT(
  'core data for automotive mechanical design processes');
#3 = SHAPE_DEFINITION_REPRESENTATION(#4,#10);
#4 = PRODUCT_DEFINITION_SHAPE('','',#5);
#5 = PRODUCT_DEFINITION('design','',#6,#9);
#6 = PRODUCT_DEFINITION_FORMATION('','',#7);
#7 = PRODUCT('Open CASCADE STEP translator 7.8 4',
  'Open CASCADE STEP translator 7.8 4','',(#8));
#8 = PRODUCT_CONTEXT('',#2,'mechanical');
#9 = PRODUCT_DEFINITION_CONTEXT('part definition',#2,'design');
#10 = SHAPE_REPRESENTATION('',(#11,#15,#19,#23,#27,#31,#35,#39,#43,#47),
  #51);
#11 = AXIS2_PLACEMENT_3D('',#12,#13,#14);
#12 = CARTESIAN_POINT('',(0.,0.,0.));
#13 = DIRECTION('',(0.,0.,1.));
#14 = DIRECTION('',(1.,0.,-0.));
#15 = AXIS2_PLACEMENT_3D('',#16,#17,#18);
#16 = CARTESIAN_POINT('',(0.,0.,0.));
#17 = DIRECTION('',(0.,0.,1.));
#18 = DIRECTION('',(1.,0.,-0.));
#19 = AXIS2_PLACEMENT_3D('',#20,#21,#22);
#20 = CARTESIAN_POINT('',(0.,0.,0.));
#21 = DIRECTION('',(0.,0.,1.));
#22 = DIRECTION('',(1.,0.,-0.));
#23 = AXIS2_PLACEMENT_3D('',#24,#25,#26);
#24 = CARTESIAN_POINT('',(0.,0.,0.));
#25 = DIRECTION('',(0.,0.,1.));
#26 = DIRECTION('',(1.,0.,-0.));
#27 = AXIS2_PLACEMENT_3D('',#28,#29,#30);
#28 = CARTESIAN_POINT('',(0.,0.,0.));
#29 = DIRECTION('',(0.,0.,1.));
#30 = DIRECTION('',(1.,0.,-0.));
#31 = AXIS2_PLACEMENT_3D('',#32,#33,#34);
#32 = CARTESIAN_POINT('',(0.,0.,0.));
#33 = DIRECTION('',(0.,0.,1.));
#34 = DIRECTION('',(1.,0.,-0.));
#35 = AXIS2_PLACEMENT_3D('',#36,#37,#38);
#36 = CARTESIAN_POINT('',(0.,0.,0.));
#37 = DIRECTION('',(0.,0.,1.));
#38 = DIRECTION('',(1.,0.,-0.));
#39 = AXIS2_PLACEMENT_3D('',#40,#41,#42);
#40 = CARTESIAN_POINT('',(0.,0.,0.));
#41 = DIRECTION('',(0.,0.,1.));
#42 = DIRECTION('',(1.,0.,-0.));
#43 = AXIS2_PLACEMENT_3D('',#44,#45,#46);
#44 = CARTESIAN_POINT('',(0.,0.,0.));
#45 = DIRECTION('',(0.,0.,1.));
#46 = DIRECTION('',(1.,0.,-0.));
#47 = AXIS2_PLACEMENT_3D('',#48,#49,#50);
#48 = CARTESIAN_POINT('',(0.,0.,0.));
#49 = DIRECTION('',(0.,0.,1.));
#50 = DIRECTION('',(1.,0.,-0.));
#51 = ( GEOMETRIC_REPRESENTATION_CONTEXT(3) 
GLOBAL_UNCERTAINTY_ASSIGNED_CONTEXT((#55)) GLOBAL_UNIT_ASSIGNED_CONTEXT(
(#52,#53,#54)) REPRESENTATION_CONTEXT('Context #1',
  '3D Context with UNIT and UNCERTAINTY') );
#52 = ( LENGTH_UNIT() NAMED_UNIT(*) SI_UNIT(.MILLI.,.METRE.) );
#53 = ( NAMED_UNIT(*) PLANE_ANGLE_UNIT() SI_UNIT($,.RADIAN.) );
#54 = ( NAMED_UNIT(*) SI_UNIT($,.STERADIAN.) SOLID_ANGLE_UNIT() );
#55 = UNCERTAINTY_MEASURE_WITH_UNIT(LENGTH_MEASURE(1.E-07),#52,
  'distance_accuracy_value','confusion accuracy');
#56 = PRODUCT_RELATED_PRODUCT_CATEGORY('part',$,(#7));
#57 = SHAPE_DEFINITION_REPRESENTATION(#58,#64);
#58 = PRODUCT_DEFINITION_SHAPE('','',#59);
#59 = PRODUCT_DEFINITION('design','',#60,#63);
#60 = PRODUCT_DEFINITION_FORMATION('','',#61);
#61 = PRODUCT('Open CASCADE STEP translator 7.8 4.1',
  'Open CASCADE STEP translator 7.8 4.1','',(#62));
#62 = PRODUCT_CONTEXT('',#2,'mechanical');
#63 = PRODUCT_DEFINITION_CONTEXT('part definition',#2,'design');
#64 = ADVANCED_BREP_SHAPE_REPRESENTATION('',(#11,#65),#3227);
#65 = MANIFOLD_SOLID_BREP('',#66);
#66 = CLOSED_SHELL('',(#67,#187,#656,#706,#873,#900,#1034,#1083,#1188,
    #1237,#1434,#1556,#1605,#1654,#1681,#1893,#1942,#2037,#2086,#2183,
    #2237,#2393,#2421,#2493,#2520,#2549,#2576,#2583,#2807,#2814,#2821,
    #2871,#2898,#2927,#2954,#2961,#2988,#3088,#3095,#3144,#3193,#3220));
#67 = ADVANCED_FACE('',(#68),#82,.F.);
#68 = FACE_BOUND('',#69,.F.);
#69 = EDGE_LOOP('',(#70,#105,#133,#161));
#70 = ORIENTED_EDGE('',*,*,#71,.F.);
#71 = EDGE_CURVE('',#72,#74,#76,.T.);
#72 = VERTEX_POINT('',#73);
#73 = CARTESIAN_POINT('',(-85.,-83.,60.));
#74 = VERTEX_POINT('',#75);
#75 = CARTESIAN_POINT('',(-85.,-30.,60.));
#76 = SURFACE_CURVE('',#77,(#81,#93),.PCURVE_S1.);
#77 = LINE('',#78,#79);
#78 = CARTESIAN_POINT('',(-85.,-83.,60.));
#79 = VECTOR('',#80,1.);
#80 = DIRECTION('',(0.,1.,0.));
#81 = PCURVE('',#82,#87);
#82 = PLANE('',#83);
#83 = AXIS2_PLACEMENT_3D('',#84,#85,#86);
#84 = CARTESIAN_POINT('',(-85.,-85.,0.));
#85 = DIRECTION('',(1.,0.,0.));
#86 = DIRECTION('',(0.,0.,1.));
#87 = DEFINITIONAL_REPRESENTATION('',(#88),#92);
#88 = LINE('',#89,#90);
#89 = CARTESIAN_POINT('',(60.,-2.));
#90 = VECTOR('',#91,1.);
#91 = DIRECTION('',(0.,-1.));
#92 = ( GEOMETRIC_REPRESENTATION_CONTEXT(2) 
PARAMETRIC_REPRESENTATION_CONTEXT() REPRESENTATION_CONTEXT('2D SPACE',''
  ) );
#93 = PCURVE('',#94,#99);
#94 = PLANE('',#95);
#95 = AXIS2_PLACEMENT_3D('',#96,#97,#98);
#96 = CARTESIAN_POINT('',(-85.,-85.,60.));
#97 = DIRECTION('',(0.,0.,1.));
#98 = DIRECTION('',(1.,0.,-0.));
#99 = DEFINITIONAL_REPRESENTATION('',(#100),#104);
#100 = LINE('',#101,#102);
#101 = CARTESIAN_POINT('',(0.,2.));
#102 = VECTOR('',#103,1.);
#103 = DIRECTION('',(0.,1.));
#104 = ( GEOMETRIC_REPRESENTATION_CONTEXT(2) 
PARAMETRIC_REPRESENTATION_CONTEXT() REPRESENTATION_CONTEXT('2D SPACE',''
  ) );
#105 = ORIENTED_EDGE('',*,*,#106,.F.);
#106 = EDGE_CURVE('',#107,#72,#109,.T.);
#107 = VERTEX_POINT('',#108);
#108 = CARTESIAN_POINT('',(-85.,-83.,0.));
#109 = SURFACE_CURVE('',#110,(#114,#121),.PCURVE_S1.);
#110 = LINE('',#111,#112);
#111 = CARTESIAN_POINT('',(-85.,-83.,0.));
#112 = VECTOR('',#113,1.);
#113 = DIRECTION('',(0.,0.,1.));
#114 = PCURVE('',#82,#115);
#115 = DEFINITIONAL_REPRESENTATION('',(#116),#120);
#116 = LINE('',#117,#118);
#117 = CARTESIAN_POINT('',(0.,-2.));
#118 = VECTOR('',#119,1.);
#119 = DIRECTION('',(1.,0.));
#120 = ( GEOMETRIC_REPRESENTATION_CONTEXT(2) 
PARAMETRIC_REPRESENTATION_CONTEXT() REPRESENTATION_CONTEXT('2D SPACE',''
  ) );
#121 = PCURVE('',#122,#127);
#122 = CYLINDRICAL_SURFACE('',#123,2.);
#123 = AXIS2_PLACEMENT_3D('',#124,#125,#126);
#124 = CARTESIAN_POINT('',(-83.,-83.,0.));
#125 = DIRECTION('',(0.,0.,1.));
#126 = DIRECTION('',(-1.,-0.,0.));
#127 = DEFINITIONAL_REPRESENTATION('',(#128),#132);
#128 = LINE('',#129,#130);
#129 = CARTESIAN_POINT('',(0.,0.));
#130 = VECTOR('',#131,1.);
#131 = DIRECTION('',(0.,1.));
#132 = ( GEOMETRIC_REPRESENTATION_CONTEXT(2) 
PARAMETRIC_REPRESENTATION_CONTEXT() REPRESENTATION_CONTEXT('2D SPACE',''
  ) );
#133 = ORIENTED_EDGE('',*,*,#134,.T.);
#134 = EDGE_CURVE('',#107,#135,#137,.T.);
#135 = VERTEX_POINT('',#136);
#136 = CARTESIAN_POINT('',(-85.,-30.,0.));
#137 = SURFACE_CURVE('',#138,(#142,#149),.PCURVE_S1.);
#138 = LINE('',#139,#140);
#139 = CARTESIAN_POINT('',(-85.,-85.,0.));
#140 = VECTOR('',#141,1.);
#141 = DIRECTION('',(0.,1.,0.));
#142 = PCURVE('',#82,#143);
#143 = DEFINITIONAL_REPRESENTATION('',(#144),#148);
#144 = LINE('',#145,#146);
#145 = CARTESIAN_POINT('',(0.,0.));
#146 = VECTOR('',#147,1.);
#147 = DIRECTION('',(0.,-1.));
#148 = ( GEOMETRIC_REPRESENTATION_CONTEXT(2) 
PARAMETRIC_REPRESENTATION_CONTEXT() REPRESENTATION_CONTEXT('2D SPACE',''
  ) );
#149 = PCURVE('',#150,#155);
#150 = PLANE('',#151);
#151 = AXIS2_PLACEMENT_3D('',#152,#153,#154);
#152 = CARTESIAN_POINT('',(-85.,-85.,0.));
#153 = DIRECTION('',(0.,0.,1.));
#154 = DIRECTION('',(1.,0.,-0.));
#155 = DEFINITIONAL_REPRESENTATION('',(#156),#160);
#156 = LINE('',#157,#158);
#157 = CARTESIAN_POINT('',(0.,0.));
#158 = VECTOR('',#159,1.);
#159 = DIRECTION('',(0.,1.));
#160 = ( GEOMETRIC_REPRESENTATION_CONTEXT(2) 
PARAMETRIC_REPRESENTATION_CONTEXT() REPRESENTATION_CONTEXT('2D SPACE',''
  ) );
#161 = ORIENTED_EDGE('',*,*,#162,.T.);
#162 = EDGE_CURVE('',#135,#74,#163,.T.);
#163 = SURFACE_CURVE('',#164,(#168,#175),.PCURVE_S1.);
#164 = LINE('',#165,#166);
#165 = CARTESIAN_POINT('',(-85.,-30.,0.));
#166 = VECTOR('',#167,1.);
#167 = DIRECTION('',(0.,0.,1.));
#168 = PCURVE('',#82,#169);
#169 = DEFINITIONAL_REPRESENTATION('',(#170),#174);
#170 = LINE('',#171,#172);
#171 = CARTESIAN_POINT('',(0.,-55.));
#172 = VECTOR('',#173,1.);
#173 = DIRECTION('',(1.,0.));
#174 = ( GEOMETRIC_REPRESENTATION_CONTEXT(2) 
PARAMETRIC_REPRESENTATION_CONTEXT() REPRESENTATION_CONTEXT('2D SPACE',''
  ) );
#175 = PCURVE('',#176,#181);
#176 = CYLINDRICAL_SURFACE('',#177,2.);
#177 = AXIS2_PLACEMENT_3D('',#178,#179,#180);
#178 = CARTESIAN_POINT('',(-83.,-30.,0.));
#179 = DIRECTION('',(0.,0.,1.));
#180 = DIRECTION('',(-1.,-0.,0.));
#181 = DEFINITIONAL_REPRESENTATION('',(#182),#186);
#182 = LINE('',#183,#184);
#183 = CARTESIAN_POINT('',(6.28318530718,0.));
#184 = VECTOR('',#185,1.);
#185 = DIRECTION('',(-0.,1.));
#186 = ( GEOMETRIC_REPRESENTATION_CONTEXT(2) 
PARAMETRIC_REPRESENTATION_CONTEXT() REPRESENTATION_CONTEXT('2D SPACE',''
  ) );
#187 = ADVANCED_FACE('',(#188),#94,.T.);
#188 = FACE_BOUND('',#189,.T.);
#189 = EDGE_LOOP('',(#190,#191,#215,#243,#271,#299,#327,#355,#383,#411,
    #439,#467,#490,#518,#546,#574,#602,#630));
#190 = ORIENTED_EDGE('',*,*,#71,.F.);
#191 = ORIENTED_EDGE('',*,*,#192,.T.);
#192 = EDGE_CURVE('',#72,#193,#195,.T.);
#193 = VERTEX_POINT('',#194);
#194 = CARTESIAN_POINT('',(-83.,-85.,60.));
#195 = SURFACE_CURVE('',#196,(#201,#208),.PCURVE_S1.);
#196 = CIRCLE('',#197,2.);
#197 = AXIS2_PLACEMENT_3D('',#198,#199,#200);
#198 = CARTESIAN_POINT('',(-83.,-83.,60.));
#199 = DIRECTION('',(0.,0.,1.));
#200 = DIRECTION('',(0.,-1.,0.));
#201 = PCURVE('',#94,#202);
#202 = DEFINITIONAL_REPRESENTATION('',(#203),#207);
#203 = CIRCLE('',#204,2.);
#204 = AXIS2_PLACEMENT_2D('',#205,#206);
#205 = CARTESIAN_POINT('',(2.,2.));
#206 = DIRECTION('',(0.,-1.));
#207 = ( GEOMETRIC_REPRESENTATION_CONTEXT(2) 
PARAMETRIC_REPRESENTATION_CONTEXT() REPRESENTATION_CONTEXT('2D SPACE',''
  ) );
#208 = PCURVE('',#122,#209);
#209 = DEFINITIONAL_REPRESENTATION('',(#210),#214);
#210 = LINE('',#211,#212);
#211 = CARTESIAN_POINT('',(-4.712388980385,60.));
#212 = VECTOR('',#213,1.);
#213 = DIRECTION('',(1.,0.));
#214 = ( GEOMETRIC_REPRESENTATION_CONTEXT(2) 
PARAMETRIC_REPRESENTATION_CONTEXT() REPRESENTATION_CONTEXT('2D SPACE',''
  ) );
#215 = ORIENTED_EDGE('',*,*,#216,.T.);
#216 = EDGE_CURVE('',#193,#217,#219,.T.);
#217 = VERTEX_POINT('',#218);
#218 = CARTESIAN_POINT('',(-30.,-85.,60.));
#219 = SURFACE_CURVE('',#220,(#224,#231),.PCURVE_S1.);
#220 = LINE('',#221,#222);
#221 = CARTESIAN_POINT('',(-83.,-85.,60.));
#222 = VECTOR('',#223,1.);
#223 = DIRECTION('',(1.,0.,0.));
#224 = PCURVE('',#94,#225);
#225 = DEFINITIONAL_REPRESENTATION('',(#226),#230);
#226 = LINE('',#227,#228);
#227 = CARTESIAN_POINT('',(2.,0.));
#228 = VECTOR('',#229,1.);
#229 = DIRECTION('',(1.,0.));
#230 = ( GEOMETRIC_REPRESENTATION_CONTEXT(2) 
PARAMETRIC_REPRESENTATION_CONTEXT() REPRESENTATION_CONTEXT('2D SPACE',''
  ) );
#231 = PCURVE('',#232,#237);
#232 = PLANE('',#233);
#233 = AXIS2_PLACEMENT_3D('',#234,#235,#236);
#234 = CARTESIAN_POINT('',(-85.,-85.,0.));
#235 = DIRECTION('',(0.,1.,0.));
#236 = DIRECTION('',(0.,-0.,1.));
#237 = DEFINITIONAL_REPRESENTATION('',(#238),#242);
#238 = LINE('',#239,#240);
#239 = CARTESIAN_POINT('',(60.,2.));
#240 = VECTOR('',#241,1.);
#241 = DIRECTION('',(0.,1.));
#242 = ( GEOMETRIC_REPRESENTATION_CONTEXT(2) 
PARAMETRIC_REPRESENTATION_CONTEXT() REPRESENTATION_CONTEXT('2D SPACE',''
  ) );
#243 = ORIENTED_EDGE('',*,*,#244,.T.);
#244 = EDGE_CURVE('',#217,#245,#247,.T.);
#245 = VERTEX_POINT('',#246);
#246 = CARTESIAN_POINT('',(-30.,-82.8,60.));
#247 = SURFACE_CURVE('',#248,(#252,#259),.PCURVE_S1.);
#248 = LINE('',#249,#250);
#249 = CARTESIAN_POINT('',(-30.,-85.35,60.));
#250 = VECTOR('',#251,1.);
#251 = DIRECTION('',(0.,1.,0.));
#252 = PCURVE('',#94,#253);
#253 = DEFINITIONAL_REPRESENTATION('',(#254),#258);
#254 = LINE('',#255,#256);
#255 = CARTESIAN_POINT('',(55.,-0.35));
#256 = VECTOR('',#257,1.);
#257 = DIRECTION('',(0.,1.));
#258 = ( GEOMETRIC_REPRESENTATION_CONTEXT(2) 
PARAMETRIC_REPRESENTATION_CONTEXT() REPRESENTATION_CONTEXT('2D SPACE',''
  ) );
#259 = PCURVE('',#260,#265);
#260 = PLANE('',#261);
#261 = AXIS2_PLACEMENT_3D('',#262,#263,#264);
#262 = CARTESIAN_POINT('',(-30.,-85.7,12.));
#263 = DIRECTION('',(1.,0.,0.));
#264 = DIRECTION('',(0.,0.,1.));
#265 = DEFINITIONAL_REPRESENTATION('',(#266),#270);
#266 = LINE('',#267,#268);
#267 = CARTESIAN_POINT('',(48.,-0.35));
#268 = VECTOR('',#269,1.);
#269 = DIRECTION('',(0.,-1.));
#270 = ( GEOMETRIC_REPRESENTATION_CONTEXT(2) 
PARAMETRIC_REPRESENTATION_CONTEXT() REPRESENTATION_CONTEXT('2D SPACE',''
  ) );
#271 = ORIENTED_EDGE('',*,*,#272,.F.);
#272 = EDGE_CURVE('',#273,#245,#275,.T.);
#273 = VERTEX_POINT('',#274);
#274 = CARTESIAN_POINT('',(-69.2,-82.8,60.));
#275 = SURFACE_CURVE('',#276,(#280,#287),.PCURVE_S1.);
#276 = LINE('',#277,#278);
#277 = CARTESIAN_POINT('',(-69.2,-82.8,60.));
#278 = VECTOR('',#279,1.);
#279 = DIRECTION('',(1.,0.,0.));
#280 = PCURVE('',#94,#281);
#281 = DEFINITIONAL_REPRESENTATION('',(#282),#286);
#282 = LINE('',#283,#284);
#283 = CARTESIAN_POINT('',(15.8,2.2));
#284 = VECTOR('',#285,1.);
#285 = DIRECTION('',(1.,0.));
#286 = ( GEOMETRIC_REPRESENTATION_CONTEXT(2) 
PARAMETRIC_REPRESENTATION_CONTEXT() REPRESENTATION_CONTEXT('2D SPACE',''
  ) );
#287 = PCURVE('',#288,#293);
#288 = PLANE('',#289);
#289 = AXIS2_PLACEMENT_3D('',#290,#291,#292);
#290 = CARTESIAN_POINT('',(-69.2,-82.8,11.8));
#291 = DIRECTION('',(0.,1.,0.));
#292 = DIRECTION('',(0.,0.,1.));
#293 = DEFINITIONAL_REPRESENTATION('',(#294),#298);
#294 = LINE('',#295,#296);
#295 = CARTESIAN_POINT('',(48.2,0.));
#296 = VECTOR('',#297,1.);
#297 = DIRECTION('',(0.,1.));
#298 = ( GEOMETRIC_REPRESENTATION_CONTEXT(2) 
PARAMETRIC_REPRESENTATION_CONTEXT() REPRESENTATION_CONTEXT('2D SPACE',''
  ) );
#299 = ORIENTED_EDGE('',*,*,#300,.F.);
#300 = EDGE_CURVE('',#301,#273,#303,.T.);
#301 = VERTEX_POINT('',#302);
#302 = CARTESIAN_POINT('',(-69.2,-83.,60.));
#303 = SURFACE_CURVE('',#304,(#308,#315),.PCURVE_S1.);
#304 = LINE('',#305,#306);
#305 = CARTESIAN_POINT('',(-69.2,-85.,60.));
#306 = VECTOR('',#307,1.);
#307 = DIRECTION('',(0.,1.,0.));
#308 = PCURVE('',#94,#309);
#309 = DEFINITIONAL_REPRESENTATION('',(#310),#314);
#310 = LINE('',#311,#312);
#311 = CARTESIAN_POINT('',(15.8,0.));
#312 = VECTOR('',#313,1.);
#313 = DIRECTION('',(0.,1.));
#314 = ( GEOMETRIC_REPRESENTATION_CONTEXT(2) 
PARAMETRIC_REPRESENTATION_CONTEXT() REPRESENTATION_CONTEXT('2D SPACE',''
  ) );
#315 = PCURVE('',#316,#321);
#316 = PLANE('',#317);
#317 = AXIS2_PLACEMENT_3D('',#318,#319,#320);
#318 = CARTESIAN_POINT('',(-69.2,-85.,11.8));
#319 = DIRECTION('',(1.,0.,0.));
#320 = DIRECTION('',(0.,0.,1.));
#321 = DEFINITIONAL_REPRESENTATION('',(#322),#326);
#322 = LINE('',#323,#324);
#323 = CARTESIAN_POINT('',(48.2,0.));
#324 = VECTOR('',#325,1.);
#325 = DIRECTION('',(0.,-1.));
#326 = ( GEOMETRIC_REPRESENTATION_CONTEXT(2) 
PARAMETRIC_REPRESENTATION_CONTEXT() REPRESENTATION_CONTEXT('2D SPACE',''
  ) );
#327 = ORIENTED_EDGE('',*,*,#328,.T.);
#328 = EDGE_CURVE('',#301,#329,#331,.T.);
#329 = VERTEX_POINT('',#330);
#330 = CARTESIAN_POINT('',(-83.,-83.,60.));
#331 = SURFACE_CURVE('',#332,(#336,#343),.PCURVE_S1.);
#332 = LINE('',#333,#334);
#333 = CARTESIAN_POINT('',(-84.,-83.,60.));
#334 = VECTOR('',#335,1.);
#335 = DIRECTION('',(-1.,0.,0.));
#336 = PCURVE('',#94,#337);
#337 = DEFINITIONAL_REPRESENTATION('',(#338),#342);
#338 = LINE('',#339,#340);
#339 = CARTESIAN_POINT('',(1.,2.));
#340 = VECTOR('',#341,1.);
#341 = DIRECTION('',(-1.,0.));
#342 = ( GEOMETRIC_REPRESENTATION_CONTEXT(2) 
PARAMETRIC_REPRESENTATION_CONTEXT() REPRESENTATION_CONTEXT('2D SPACE',''
  ) );
#343 = PCURVE('',#344,#349);
#344 = PLANE('',#345);
#345 = AXIS2_PLACEMENT_3D('',#346,#347,#348);
#346 = CARTESIAN_POINT('',(-83.,-83.,2.));
#347 = DIRECTION('',(0.,1.,0.));
#348 = DIRECTION('',(0.,-0.,1.));
#349 = DEFINITIONAL_REPRESENTATION('',(#350),#354);
#350 = LINE('',#351,#352);
#351 = CARTESIAN_POINT('',(58.,-1.));
#352 = VECTOR('',#353,1.);
#353 = DIRECTION('',(0.,-1.));
#354 = ( GEOMETRIC_REPRESENTATION_CONTEXT(2) 
PARAMETRIC_REPRESENTATION_CONTEXT() REPRESENTATION_CONTEXT('2D SPACE',''
  ) );
#355 = ORIENTED_EDGE('',*,*,#356,.T.);
#356 = EDGE_CURVE('',#329,#357,#359,.T.);
#357 = VERTEX_POINT('',#358);
#358 = CARTESIAN_POINT('',(-83.,-72.7,60.));
#359 = SURFACE_CURVE('',#360,(#364,#371),.PCURVE_S1.);
#360 = LINE('',#361,#362);
#361 = CARTESIAN_POINT('',(-83.,-84.,60.));
#362 = VECTOR('',#363,1.);
#363 = DIRECTION('',(0.,1.,0.));
#364 = PCURVE('',#94,#365);
#365 = DEFINITIONAL_REPRESENTATION('',(#366),#370);
#366 = LINE('',#367,#368);
#367 = CARTESIAN_POINT('',(2.,1.));
#368 = VECTOR('',#369,1.);
#369 = DIRECTION('',(0.,1.));
#370 = ( GEOMETRIC_REPRESENTATION_CONTEXT(2) 
PARAMETRIC_REPRESENTATION_CONTEXT() REPRESENTATION_CONTEXT('2D SPACE',''
  ) );
#371 = PCURVE('',#372,#377);
#372 = PLANE('',#373);
#373 = AXIS2_PLACEMENT_3D('',#374,#375,#376);
#374 = CARTESIAN_POINT('',(-83.,-83.,2.));
#375 = DIRECTION('',(1.,0.,0.));
#376 = DIRECTION('',(0.,0.,1.));
#377 = DEFINITIONAL_REPRESENTATION('',(#378),#382);
#378 = LINE('',#379,#380);
#379 = CARTESIAN_POINT('',(58.,1.));
#380 = VECTOR('',#381,1.);
#381 = DIRECTION('',(0.,-1.));
#382 = ( GEOMETRIC_REPRESENTATION_CONTEXT(2) 
PARAMETRIC_REPRESENTATION_CONTEXT() REPRESENTATION_CONTEXT('2D SPACE',''
  ) );
#383 = ORIENTED_EDGE('',*,*,#384,.T.);
#384 = EDGE_CURVE('',#357,#385,#387,.T.);
#385 = VERTEX_POINT('',#386);
#386 = CARTESIAN_POINT('',(-82.8,-72.7,60.));
#387 = SURFACE_CURVE('',#388,(#392,#399),.PCURVE_S1.);
#388 = LINE('',#389,#390);
#389 = CARTESIAN_POINT('',(-85.,-72.7,60.));
#390 = VECTOR('',#391,1.);
#391 = DIRECTION('',(1.,0.,0.));
#392 = PCURVE('',#94,#393);
#393 = DEFINITIONAL_REPRESENTATION('',(#394),#398);
#394 = LINE('',#395,#396);
#395 = CARTESIAN_POINT('',(0.,12.3));
#396 = VECTOR('',#397,1.);
#397 = DIRECTION('',(1.,0.));
#398 = ( GEOMETRIC_REPRESENTATION_CONTEXT(2) 
PARAMETRIC_REPRESENTATION_CONTEXT() REPRESENTATION_CONTEXT('2D SPACE',''
  ) );
#399 = PCURVE('',#400,#405);
#400 = PLANE('',#401);
#401 = AXIS2_PLACEMENT_3D('',#402,#403,#404);
#402 = CARTESIAN_POINT('',(-85.,-72.7,11.8));
#403 = DIRECTION('',(0.,1.,0.));
#404 = DIRECTION('',(0.,0.,1.));
#405 = DEFINITIONAL_REPRESENTATION('',(#406),#410);
#406 = LINE('',#407,#408);
#407 = CARTESIAN_POINT('',(48.2,0.));
#408 = VECTOR('',#409,1.);
#409 = DIRECTION('',(0.,1.));
#410 = ( GEOMETRIC_REPRESENTATION_CONTEXT(2) 
PARAMETRIC_REPRESENTATION_CONTEXT() REPRESENTATION_CONTEXT('2D SPACE',''
  ) );
#411 = ORIENTED_EDGE('',*,*,#412,.T.);
#412 = EDGE_CURVE('',#385,#413,#415,.T.);
#413 = VERTEX_POINT('',#414);
#414 = CARTESIAN_POINT('',(-82.8,-40.3,60.));
#415 = SURFACE_CURVE('',#416,(#420,#427),.PCURVE_S1.);
#416 = LINE('',#417,#418);
#417 = CARTESIAN_POINT('',(-82.8,-72.7,60.));
#418 = VECTOR('',#419,1.);
#419 = DIRECTION('',(0.,1.,0.));
#420 = PCURVE('',#94,#421);
#421 = DEFINITIONAL_REPRESENTATION('',(#422),#426);
#422 = LINE('',#423,#424);
#423 = CARTESIAN_POINT('',(2.2,12.3));
#424 = VECTOR('',#425,1.);
#425 = DIRECTION('',(0.,1.));
#426 = ( GEOMETRIC_REPRESENTATION_CONTEXT(2) 
PARAMETRIC_REPRESENTATION_CONTEXT() REPRESENTATION_CONTEXT('2D SPACE',''
  ) );
#427 = PCURVE('',#428,#433);
#428 = PLANE('',#429);
#429 = AXIS2_PLACEMENT_3D('',#430,#431,#432);
#430 = CARTESIAN_POINT('',(-82.8,-72.7,11.8));
#431 = DIRECTION('',(1.,0.,0.));
#432 = DIRECTION('',(0.,0.,1.));
#433 = DEFINITIONAL_REPRESENTATION('',(#434),#438);
#434 = LINE('',#435,#436);
#435 = CARTESIAN_POINT('',(48.2,0.));
#436 = VECTOR('',#437,1.);
#437 = DIRECTION('',(0.,-1.));
#438 = ( GEOMETRIC_REPRESENTATION_CONTEXT(2) 
PARAMETRIC_REPRESENTATION_CONTEXT() REPRESENTATION_CONTEXT('2D SPACE',''
  ) );
#439 = ORIENTED_EDGE('',*,*,#440,.F.);
#440 = EDGE_CURVE('',#441,#413,#443,.T.);
#441 = VERTEX_POINT('',#442);
#442 = CARTESIAN_POINT('',(-83.,-40.3,60.));
#443 = SURFACE_CURVE('',#444,(#448,#455),.PCURVE_S1.);
#444 = LINE('',#445,#446);
#445 = CARTESIAN_POINT('',(-85.,-40.3,60.));
#446 = VECTOR('',#447,1.);
#447 = DIRECTION('',(1.,0.,0.));
#448 = PCURVE('',#94,#449);
#449 = DEFINITIONAL_REPRESENTATION('',(#450),#454);
#450 = LINE('',#451,#452);
#451 = CARTESIAN_POINT('',(0.,44.7));
#452 = VECTOR('',#453,1.);
#453 = DIRECTION('',(1.,0.));
#454 = ( GEOMETRIC_REPRESENTATION_CONTEXT(2) 
PARAMETRIC_REPRESENTATION_CONTEXT() REPRESENTATION_CONTEXT('2D SPACE',''
  ) );
#455 = PCURVE('',#456,#461);
#456 = PLANE('',#457);
#457 = AXIS2_PLACEMENT_3D('',#458,#459,#460);
#458 = CARTESIAN_POINT('',(-85.,-40.3,11.8));
#459 = DIRECTION('',(0.,1.,0.));
#460 = DIRECTION('',(0.,0.,1.));
#461 = DEFINITIONAL_REPRESENTATION('',(#462),#466);
#462 = LINE('',#463,#464);
#463 = CARTESIAN_POINT('',(48.2,0.));
#464 = VECTOR('',#465,1.);
#465 = DIRECTION('',(0.,1.));
#466 = ( GEOMETRIC_REPRESENTATION_CONTEXT(2) 
PARAMETRIC_REPRESENTATION_CONTEXT() REPRESENTATION_CONTEXT('2D SPACE',''
  ) );
#467 = ORIENTED_EDGE('',*,*,#468,.T.);
#468 = EDGE_CURVE('',#441,#469,#471,.T.);
#469 = VERTEX_POINT('',#470);
#470 = CARTESIAN_POINT('',(-83.,-30.,60.));
#471 = SURFACE_CURVE('',#472,(#476,#483),.PCURVE_S1.);
#472 = LINE('',#473,#474);
#473 = CARTESIAN_POINT('',(-83.,-84.,60.));
#474 = VECTOR('',#475,1.);
#475 = DIRECTION('',(0.,1.,0.));
#476 = PCURVE('',#94,#477);
#477 = DEFINITIONAL_REPRESENTATION('',(#478),#482);
#478 = LINE('',#479,#480);
#479 = CARTESIAN_POINT('',(2.,1.));
#480 = VECTOR('',#481,1.);
#481 = DIRECTION('',(0.,1.));
#482 = ( GEOMETRIC_REPRESENTATION_CONTEXT(2) 
PARAMETRIC_REPRESENTATION_CONTEXT() REPRESENTATION_CONTEXT('2D SPACE',''
  ) );
#483 = PCURVE('',#372,#484);
#484 = DEFINITIONAL_REPRESENTATION('',(#485),#489);
#485 = LINE('',#486,#487);
#486 = CARTESIAN_POINT('',(58.,1.));
#487 = VECTOR('',#488,1.);
#488 = DIRECTION('',(0.,-1.));
#489 = ( GEOMETRIC_REPRESENTATION_CONTEXT(2) 
PARAMETRIC_REPRESENTATION_CONTEXT() REPRESENTATION_CONTEXT('2D SPACE',''
  ) );
#490 = ORIENTED_EDGE('',*,*,#491,.F.);
#491 = EDGE_CURVE('',#492,#469,#494,.T.);
#492 = VERTEX_POINT('',#493);
#493 = CARTESIAN_POINT('',(-69.2,-30.,60.));
#494 = SURFACE_CURVE('',#495,(#499,#506),.PCURVE_S1.);
#495 = LINE('',#496,#497);
#496 = CARTESIAN_POINT('',(-84.,-30.,60.));
#497 = VECTOR('',#498,1.);
#498 = DIRECTION('',(-1.,0.,0.));
#499 = PCURVE('',#94,#500);
#500 = DEFINITIONAL_REPRESENTATION('',(#501),#505);
#501 = LINE('',#502,#503);
#502 = CARTESIAN_POINT('',(1.,55.));
#503 = VECTOR('',#504,1.);
#504 = DIRECTION('',(-1.,0.));
#505 = ( GEOMETRIC_REPRESENTATION_CONTEXT(2) 
PARAMETRIC_REPRESENTATION_CONTEXT() REPRESENTATION_CONTEXT('2D SPACE',''
  ) );
#506 = PCURVE('',#507,#512);
#507 = PLANE('',#508);
#508 = AXIS2_PLACEMENT_3D('',#509,#510,#511);
#509 = CARTESIAN_POINT('',(-83.,-30.,2.));
#510 = DIRECTION('',(0.,1.,0.));
#511 = DIRECTION('',(0.,-0.,1.));
#512 = DEFINITIONAL_REPRESENTATION('',(#513),#517);
#513 = LINE('',#514,#515);
#514 = CARTESIAN_POINT('',(58.,-1.));
#515 = VECTOR('',#516,1.);
#516 = DIRECTION('',(0.,-1.));
#517 = ( GEOMETRIC_REPRESENTATION_CONTEXT(2) 
PARAMETRIC_REPRESENTATION_CONTEXT() REPRESENTATION_CONTEXT('2D SPACE',''
  ) );
#518 = ORIENTED_EDGE('',*,*,#519,.F.);
#519 = EDGE_CURVE('',#520,#492,#522,.T.);
#520 = VERTEX_POINT('',#521);
#521 = CARTESIAN_POINT('',(-69.2,-30.2,60.));
#522 = SURFACE_CURVE('',#523,(#527,#534),.PCURVE_S1.);
#523 = LINE('',#524,#525);
#524 = CARTESIAN_POINT('',(-69.2,-30.2,60.));
#525 = VECTOR('',#526,1.);
#526 = DIRECTION('',(0.,1.,0.));
#527 = PCURVE('',#94,#528);
#528 = DEFINITIONAL_REPRESENTATION('',(#529),#533);
#529 = LINE('',#530,#531);
#530 = CARTESIAN_POINT('',(15.8,54.8));
#531 = VECTOR('',#532,1.);
#532 = DIRECTION('',(0.,1.));
#533 = ( GEOMETRIC_REPRESENTATION_CONTEXT(2) 
PARAMETRIC_REPRESENTATION_CONTEXT() REPRESENTATION_CONTEXT('2D SPACE',''
  ) );
#534 = PCURVE('',#535,#540);
#535 = PLANE('',#536);
#536 = AXIS2_PLACEMENT_3D('',#537,#538,#539);
#537 = CARTESIAN_POINT('',(-69.2,-30.2,11.8));
#538 = DIRECTION('',(1.,0.,0.));
#539 = DIRECTION('',(0.,0.,1.));
#540 = DEFINITIONAL_REPRESENTATION('',(#541),#545);
#541 = LINE('',#542,#543);
#542 = CARTESIAN_POINT('',(48.2,0.));
#543 = VECTOR('',#544,1.);
#544 = DIRECTION('',(0.,-1.));
#545 = ( GEOMETRIC_REPRESENTATION_CONTEXT(2) 
PARAMETRIC_REPRESENTATION_CONTEXT() REPRESENTATION_CONTEXT('2D SPACE',''
  ) );
#546 = ORIENTED_EDGE('',*,*,#547,.T.);
#547 = EDGE_CURVE('',#520,#548,#550,.T.);
#548 = VERTEX_POINT('',#549);
#549 = CARTESIAN_POINT('',(-28.,-30.2,60.));
#550 = SURFACE_CURVE('',#551,(#555,#562),.PCURVE_S1.);
#551 = LINE('',#552,#553);
#552 = CARTESIAN_POINT('',(-69.2,-30.2,60.));
#553 = VECTOR('',#554,1.);
#554 = DIRECTION('',(1.,0.,0.));
#555 = PCURVE('',#94,#556);
#556 = DEFINITIONAL_REPRESENTATION('',(#557),#561);
#557 = LINE('',#558,#559);
#558 = CARTESIAN_POINT('',(15.8,54.8));
#559 = VECTOR('',#560,1.);
#560 = DIRECTION('',(1.,0.));
#561 = ( GEOMETRIC_REPRESENTATION_CONTEXT(2) 
PARAMETRIC_REPRESENTATION_CONTEXT() REPRESENTATION_CONTEXT('2D SPACE',''
  ) );
#562 = PCURVE('',#563,#568);
#563 = PLANE('',#564);
#564 = AXIS2_PLACEMENT_3D('',#565,#566,#567);
#565 = CARTESIAN_POINT('',(-69.2,-30.2,11.8));
#566 = DIRECTION('',(0.,1.,0.));
#567 = DIRECTION('',(0.,0.,1.));
#568 = DEFINITIONAL_REPRESENTATION('',(#569),#573);
#569 = LINE('',#570,#571);
#570 = CARTESIAN_POINT('',(48.2,0.));
#571 = VECTOR('',#572,1.);
#572 = DIRECTION('',(0.,1.));
#573 = ( GEOMETRIC_REPRESENTATION_CONTEXT(2) 
PARAMETRIC_REPRESENTATION_CONTEXT() REPRESENTATION_CONTEXT('2D SPACE',''
  ) );
#574 = ORIENTED_EDGE('',*,*,#575,.T.);
#575 = EDGE_CURVE('',#548,#576,#578,.T.);
#576 = VERTEX_POINT('',#577);
#577 = CARTESIAN_POINT('',(-28.,-28.,60.));
#578 = SURFACE_CURVE('',#579,(#583,#590),.PCURVE_S1.);
#579 = LINE('',#580,#581);
#580 = CARTESIAN_POINT('',(-28.,-57.85,60.));
#581 = VECTOR('',#582,1.);
#582 = DIRECTION('',(0.,1.,0.));
#583 = PCURVE('',#94,#584);
#584 = DEFINITIONAL_REPRESENTATION('',(#585),#589);
#585 = LINE('',#586,#587);
#586 = CARTESIAN_POINT('',(57.,27.15));
#587 = VECTOR('',#588,1.);
#588 = DIRECTION('',(0.,1.));
#589 = ( GEOMETRIC_REPRESENTATION_CONTEXT(2) 
PARAMETRIC_REPRESENTATION_CONTEXT() REPRESENTATION_CONTEXT('2D SPACE',''
  ) );
#590 = PCURVE('',#591,#596);
#591 = PLANE('',#592);
#592 = AXIS2_PLACEMENT_3D('',#593,#594,#595);
#593 = CARTESIAN_POINT('',(-28.,-30.7,12.));
#594 = DIRECTION('',(1.,0.,0.));
#595 = DIRECTION('',(0.,0.,1.));
#596 = DEFINITIONAL_REPRESENTATION('',(#597),#601);
#597 = LINE('',#598,#599);
#598 = CARTESIAN_POINT('',(48.,27.15));
#599 = VECTOR('',#600,1.);
#600 = DIRECTION('',(0.,-1.));
#601 = ( GEOMETRIC_REPRESENTATION_CONTEXT(2) 
PARAMETRIC_REPRESENTATION_CONTEXT() REPRESENTATION_CONTEXT('2D SPACE',''
  ) );
#602 = ORIENTED_EDGE('',*,*,#603,.T.);
#603 = EDGE_CURVE('',#576,#604,#606,.T.);
#604 = VERTEX_POINT('',#605);
#605 = CARTESIAN_POINT('',(-83.,-28.,60.));
#606 = SURFACE_CURVE('',#607,(#611,#618),.PCURVE_S1.);
#607 = LINE('',#608,#609);
#608 = CARTESIAN_POINT('',(-7.,-28.,60.));
#609 = VECTOR('',#610,1.);
#610 = DIRECTION('',(-1.,0.,0.));
#611 = PCURVE('',#94,#612);
#612 = DEFINITIONAL_REPRESENTATION('',(#613),#617);
#613 = LINE('',#614,#615);
#614 = CARTESIAN_POINT('',(78.,57.));
#615 = VECTOR('',#616,1.);
#616 = DIRECTION('',(-1.,0.));
#617 = ( GEOMETRIC_REPRESENTATION_CONTEXT(2) 
PARAMETRIC_REPRESENTATION_CONTEXT() REPRESENTATION_CONTEXT('2D SPACE',''
  ) );
#618 = PCURVE('',#619,#624);
#619 = PLANE('',#620);
#620 = AXIS2_PLACEMENT_3D('',#621,#622,#623);
#621 = CARTESIAN_POINT('',(-85.,-28.,0.));
#622 = DIRECTION('',(0.,1.,0.));
#623 = DIRECTION('',(0.,-0.,1.));
#624 = DEFINITIONAL_REPRESENTATION('',(#625),#629);
#625 = LINE('',#626,#627);
#626 = CARTESIAN_POINT('',(60.,78.));
#627 = VECTOR('',#628,1.);
#628 = DIRECTION('',(0.,-1.));
#629 = ( GEOMETRIC_REPRESENTATION_CONTEXT(2) 
PARAMETRIC_REPRESENTATION_CONTEXT() REPRESENTATION_CONTEXT('2D SPACE',''
  ) );
#630 = ORIENTED_EDGE('',*,*,#631,.F.);
#631 = EDGE_CURVE('',#74,#604,#632,.T.);
#632 = SURFACE_CURVE('',#633,(#638,#649),.PCURVE_S1.);
#633 = CIRCLE('',#634,2.);
#634 = AXIS2_PLACEMENT_3D('',#635,#636,#637);
#635 = CARTESIAN_POINT('',(-83.,-30.,60.));
#636 = DIRECTION('',(-0.,-0.,-1.));
#637 = DIRECTION('',(0.,-1.,0.));
#638 = PCURVE('',#94,#639);
#639 = DEFINITIONAL_REPRESENTATION('',(#640),#648);
#640 = ( BOUNDED_CURVE() B_SPLINE_CURVE(2,(#641,#642,#643,#644,#645,#646
,#647),.UNSPECIFIED.,.T.,.F.) B_SPLINE_CURVE_WITH_KNOTS((1,2,2,2,2,1),(
    -2.094395102393,0.,2.094395102393,4.188790204786,6.28318530718,
8.377580409573),.UNSPECIFIED.) CURVE() GEOMETRIC_REPRESENTATION_ITEM() 
RATIONAL_B_SPLINE_CURVE((1.,0.5,1.,0.5,1.,0.5,1.)) REPRESENTATION_ITEM(
  '') );
#641 = CARTESIAN_POINT('',(2.,53.));
#642 = CARTESIAN_POINT('',(-1.464101615138,53.));
#643 = CARTESIAN_POINT('',(0.267949192431,56.));
#644 = CARTESIAN_POINT('',(2.,59.));
#645 = CARTESIAN_POINT('',(3.732050807569,56.));
#646 = CARTESIAN_POINT('',(5.464101615138,53.));
#647 = CARTESIAN_POINT('',(2.,53.));
#648 = ( GEOMETRIC_REPRESENTATION_CONTEXT(2) 
PARAMETRIC_REPRESENTATION_CONTEXT() REPRESENTATION_CONTEXT('2D SPACE',''
  ) );
#649 = PCURVE('',#176,#650);
#650 = DEFINITIONAL_REPRESENTATION('',(#651),#655);
#651 = LINE('',#652,#653);
#652 = CARTESIAN_POINT('',(7.853981633975,60.));
#653 = VECTOR('',#654,1.);
#654 = DIRECTION('',(-1.,0.));
#655 = ( GEOMETRIC_REPRESENTATION_CONTEXT(2) 
PARAMETRIC_REPRESENTATION_CONTEXT() REPRESENTATION_CONTEXT('2D SPACE',''
  ) );
#656 = ADVANCED_FACE('',(#657),#122,.T.);
#657 = FACE_BOUND('',#658,.T.);
#658 = EDGE_LOOP('',(#659,#683,#704,#705));
#659 = ORIENTED_EDGE('',*,*,#660,.T.);
#660 = EDGE_CURVE('',#107,#661,#663,.T.);
#661 = VERTEX_POINT('',#662);
#662 = CARTESIAN_POINT('',(-83.,-85.,0.));
#663 = SURFACE_CURVE('',#664,(#669,#676),.PCURVE_S1.);
#664 = CIRCLE('',#665,2.);
#665 = AXIS2_PLACEMENT_3D('',#666,#667,#668);
#666 = CARTESIAN_POINT('',(-83.,-83.,0.));
#667 = DIRECTION('',(0.,0.,1.));
#668 = DIRECTION('',(0.,-1.,0.));
#669 = PCURVE('',#122,#670);
#670 = DEFINITIONAL_REPRESENTATION('',(#671),#675);
#671 = LINE('',#672,#673);
#672 = CARTESIAN_POINT('',(-4.712388980385,0.));
#673 = VECTOR('',#674,1.);
#674 = DIRECTION('',(1.,0.));
#675 = ( GEOMETRIC_REPRESENTATION_CONTEXT(2) 
PARAMETRIC_REPRESENTATION_CONTEXT() REPRESENTATION_CONTEXT('2D SPACE',''
  ) );
#676 = PCURVE('',#150,#677);
#677 = DEFINITIONAL_REPRESENTATION('',(#678),#682);
#678 = CIRCLE('',#679,2.);
#679 = AXIS2_PLACEMENT_2D('',#680,#681);
#680 = CARTESIAN_POINT('',(2.,2.));
#681 = DIRECTION('',(0.,-1.));
#682 = ( GEOMETRIC_REPRESENTATION_CONTEXT(2) 
PARAMETRIC_REPRESENTATION_CONTEXT() REPRESENTATION_CONTEXT('2D SPACE',''
  ) );
#683 = ORIENTED_EDGE('',*,*,#684,.T.);
#684 = EDGE_CURVE('',#661,#193,#685,.T.);
#685 = SURFACE_CURVE('',#686,(#690,#697),.PCURVE_S1.);
#686 = LINE('',#687,#688);
#687 = CARTESIAN_POINT('',(-83.,-85.,0.));
#688 = VECTOR('',#689,1.);
#689 = DIRECTION('',(0.,0.,1.));
#690 = PCURVE('',#122,#691);
#691 = DEFINITIONAL_REPRESENTATION('',(#692),#696);
#692 = LINE('',#693,#694);
#693 = CARTESIAN_POINT('',(1.570796326795,0.));
#694 = VECTOR('',#695,1.);
#695 = DIRECTION('',(0.,1.));
#696 = ( GEOMETRIC_REPRESENTATION_CONTEXT(2) 
PARAMETRIC_REPRESENTATION_CONTEXT() REPRESENTATION_CONTEXT('2D SPACE',''
  ) );
#697 = PCURVE('',#232,#698);
#698 = DEFINITIONAL_REPRESENTATION('',(#699),#703);
#699 = LINE('',#700,#701);
#700 = CARTESIAN_POINT('',(0.,2.));
#701 = VECTOR('',#702,1.);
#702 = DIRECTION('',(1.,0.));
#703 = ( GEOMETRIC_REPRESENTATION_CONTEXT(2) 
PARAMETRIC_REPRESENTATION_CONTEXT() REPRESENTATION_CONTEXT('2D SPACE',''
  ) );
#704 = ORIENTED_EDGE('',*,*,#192,.F.);
#705 = ORIENTED_EDGE('',*,*,#106,.F.);
#706 = ADVANCED_FACE('',(#707),#150,.F.);
#707 = FACE_BOUND('',#708,.F.);
#708 = EDGE_LOOP('',(#709,#710,#711,#734,#767,#795,#824,#847));
#709 = ORIENTED_EDGE('',*,*,#134,.F.);
#710 = ORIENTED_EDGE('',*,*,#660,.T.);
#711 = ORIENTED_EDGE('',*,*,#712,.T.);
#712 = EDGE_CURVE('',#661,#713,#715,.T.);
#713 = VERTEX_POINT('',#714);
#714 = CARTESIAN_POINT('',(-7.,-85.,0.));
#715 = SURFACE_CURVE('',#716,(#720,#727),.PCURVE_S1.);
#716 = LINE('',#717,#718);
#717 = CARTESIAN_POINT('',(-85.,-85.,0.));
#718 = VECTOR('',#719,1.);
#719 = DIRECTION('',(1.,0.,0.));
#720 = PCURVE('',#150,#721);
#721 = DEFINITIONAL_REPRESENTATION('',(#722),#726);
#722 = LINE('',#723,#724);
#723 = CARTESIAN_POINT('',(0.,0.));
#724 = VECTOR('',#725,1.);
#725 = DIRECTION('',(1.,0.));
#726 = ( GEOMETRIC_REPRESENTATION_CONTEXT(2) 
PARAMETRIC_REPRESENTATION_CONTEXT() REPRESENTATION_CONTEXT('2D SPACE',''
  ) );
#727 = PCURVE('',#232,#728);
#728 = DEFINITIONAL_REPRESENTATION('',(#729),#733);
#729 = LINE('',#730,#731);
#730 = CARTESIAN_POINT('',(0.,0.));
#731 = VECTOR('',#732,1.);
#732 = DIRECTION('',(0.,1.));
#733 = ( GEOMETRIC_REPRESENTATION_CONTEXT(2) 
PARAMETRIC_REPRESENTATION_CONTEXT() REPRESENTATION_CONTEXT('2D SPACE',''
  ) );
#734 = ORIENTED_EDGE('',*,*,#735,.F.);
#735 = EDGE_CURVE('',#736,#713,#738,.T.);
#736 = VERTEX_POINT('',#737);
#737 = CARTESIAN_POINT('',(-5.,-83.,0.));
#738 = SURFACE_CURVE('',#739,(#744,#755),.PCURVE_S1.);
#739 = CIRCLE('',#740,2.);
#740 = AXIS2_PLACEMENT_3D('',#741,#742,#743);
#741 = CARTESIAN_POINT('',(-7.,-83.,0.));
#742 = DIRECTION('',(-0.,-0.,-1.));
#743 = DIRECTION('',(0.,-1.,0.));
#744 = PCURVE('',#150,#745);
#745 = DEFINITIONAL_REPRESENTATION('',(#746),#754);
#746 = ( BOUNDED_CURVE() B_SPLINE_CURVE(2,(#747,#748,#749,#750,#751,#752
,#753),.UNSPECIFIED.,.T.,.F.) B_SPLINE_CURVE_WITH_KNOTS((1,2,2,2,2,1),(
    -2.094395102393,0.,2.094395102393,4.188790204786,6.28318530718,
8.377580409573),.UNSPECIFIED.) CURVE() GEOMETRIC_REPRESENTATION_ITEM() 
RATIONAL_B_SPLINE_CURVE((1.,0.5,1.,0.5,1.,0.5,1.)) REPRESENTATION_ITEM(
  '') );
#747 = CARTESIAN_POINT('',(78.,0.));
#748 = CARTESIAN_POINT('',(74.535898384862,0.));
#749 = CARTESIAN_POINT('',(76.267949192431,3.));
#750 = CARTESIAN_POINT('',(78.,6.));
#751 = CARTESIAN_POINT('',(79.732050807569,3.));
#752 = CARTESIAN_POINT('',(81.464101615138,3.10862446895E-15));
#753 = CARTESIAN_POINT('',(78.,0.));
#754 = ( GEOMETRIC_REPRESENTATION_CONTEXT(2) 
PARAMETRIC_REPRESENTATION_CONTEXT() REPRESENTATION_CONTEXT('2D SPACE',''
  ) );
#755 = PCURVE('',#756,#761);
#756 = CYLINDRICAL_SURFACE('',#757,2.);
#757 = AXIS2_PLACEMENT_3D('',#758,#759,#760);
#758 = CARTESIAN_POINT('',(-7.,-83.,0.));
#759 = DIRECTION('',(0.,0.,1.));
#760 = DIRECTION('',(1.,0.,-0.));
#761 = DEFINITIONAL_REPRESENTATION('',(#762),#766);
#762 = LINE('',#763,#764);
#763 = CARTESIAN_POINT('',(10.995574287565,0.));
#764 = VECTOR('',#765,1.);
#765 = DIRECTION('',(-1.,0.));
#766 = ( GEOMETRIC_REPRESENTATION_CONTEXT(2) 
PARAMETRIC_REPRESENTATION_CONTEXT() REPRESENTATION_CONTEXT('2D SPACE',''
  ) );
#767 = ORIENTED_EDGE('',*,*,#768,.T.);
#768 = EDGE_CURVE('',#736,#769,#771,.T.);
#769 = VERTEX_POINT('',#770);
#770 = CARTESIAN_POINT('',(-5.,-30.,0.));
#771 = SURFACE_CURVE('',#772,(#776,#783),.PCURVE_S1.);
#772 = LINE('',#773,#774);
#773 = CARTESIAN_POINT('',(-5.,-85.,0.));
#774 = VECTOR('',#775,1.);
#775 = DIRECTION('',(0.,1.,0.));
#776 = PCURVE('',#150,#777);
#777 = DEFINITIONAL_REPRESENTATION('',(#778),#782);
#778 = LINE('',#779,#780);
#779 = CARTESIAN_POINT('',(80.,0.));
#780 = VECTOR('',#781,1.);
#781 = DIRECTION('',(0.,1.));
#782 = ( GEOMETRIC_REPRESENTATION_CONTEXT(2) 
PARAMETRIC_REPRESENTATION_CONTEXT() REPRESENTATION_CONTEXT('2D SPACE',''
  ) );
#783 = PCURVE('',#784,#789);
#784 = PLANE('',#785);
#785 = AXIS2_PLACEMENT_3D('',#786,#787,#788);
#786 = CARTESIAN_POINT('',(-5.,-85.,0.));
#787 = DIRECTION('',(1.,0.,0.));
#788 = DIRECTION('',(0.,0.,1.));
#789 = DEFINITIONAL_REPRESENTATION('',(#790),#794);
#790 = LINE('',#791,#792);
#791 = CARTESIAN_POINT('',(0.,0.));
#792 = VECTOR('',#793,1.);
#793 = DIRECTION('',(0.,-1.));
#794 = ( GEOMETRIC_REPRESENTATION_CONTEXT(2) 
PARAMETRIC_REPRESENTATION_CONTEXT() REPRESENTATION_CONTEXT('2D SPACE',''
  ) );
#795 = ORIENTED_EDGE('',*,*,#796,.T.);
#796 = EDGE_CURVE('',#769,#797,#799,.T.);
#797 = VERTEX_POINT('',#798);
#798 = CARTESIAN_POINT('',(-7.,-28.,0.));
#799 = SURFACE_CURVE('',#800,(#805,#812),.PCURVE_S1.);
#800 = CIRCLE('',#801,2.);
#801 = AXIS2_PLACEMENT_3D('',#802,#803,#804);
#802 = CARTESIAN_POINT('',(-7.,-30.,0.));
#803 = DIRECTION('',(0.,0.,1.));
#804 = DIRECTION('',(0.,-1.,0.));
#805 = PCURVE('',#150,#806);
#806 = DEFINITIONAL_REPRESENTATION('',(#807),#811);
#807 = CIRCLE('',#808,2.);
#808 = AXIS2_PLACEMENT_2D('',#809,#810);
#809 = CARTESIAN_POINT('',(78.,55.));
#810 = DIRECTION('',(0.,-1.));
#811 = ( GEOMETRIC_REPRESENTATION_CONTEXT(2) 
PARAMETRIC_REPRESENTATION_CONTEXT() REPRESENTATION_CONTEXT('2D SPACE',''
  ) );
#812 = PCURVE('',#813,#818);
#813 = CYLINDRICAL_SURFACE('',#814,2.);
#814 = AXIS2_PLACEMENT_3D('',#815,#816,#817);
#815 = CARTESIAN_POINT('',(-7.,-30.,0.));
#816 = DIRECTION('',(0.,0.,1.));
#817 = DIRECTION('',(1.,0.,-0.));
#818 = DEFINITIONAL_REPRESENTATION('',(#819),#823);
#819 = LINE('',#820,#821);
#820 = CARTESIAN_POINT('',(-1.570796326795,0.));
#821 = VECTOR('',#822,1.);
#822 = DIRECTION('',(1.,0.));
#823 = ( GEOMETRIC_REPRESENTATION_CONTEXT(2) 
PARAMETRIC_REPRESENTATION_CONTEXT() REPRESENTATION_CONTEXT('2D SPACE',''
  ) );
#824 = ORIENTED_EDGE('',*,*,#825,.F.);
#825 = EDGE_CURVE('',#826,#797,#828,.T.);
#826 = VERTEX_POINT('',#827);
#827 = CARTESIAN_POINT('',(-83.,-28.,0.));
#828 = SURFACE_CURVE('',#829,(#833,#840),.PCURVE_S1.);
#829 = LINE('',#830,#831);
#830 = CARTESIAN_POINT('',(-85.,-28.,0.));
#831 = VECTOR('',#832,1.);
#832 = DIRECTION('',(1.,0.,0.));
#833 = PCURVE('',#150,#834);
#834 = DEFINITIONAL_REPRESENTATION('',(#835),#839);
#835 = LINE('',#836,#837);
#836 = CARTESIAN_POINT('',(0.,57.));
#837 = VECTOR('',#838,1.);
#838 = DIRECTION('',(1.,0.));
#839 = ( GEOMETRIC_REPRESENTATION_CONTEXT(2) 
PARAMETRIC_REPRESENTATION_CONTEXT() REPRESENTATION_CONTEXT('2D SPACE',''
  ) );
#840 = PCURVE('',#619,#841);
#841 = DEFINITIONAL_REPRESENTATION('',(#842),#846);
#842 = LINE('',#843,#844);
#843 = CARTESIAN_POINT('',(0.,0.));
#844 = VECTOR('',#845,1.);
#845 = DIRECTION('',(0.,1.));
#846 = ( GEOMETRIC_REPRESENTATION_CONTEXT(2) 
PARAMETRIC_REPRESENTATION_CONTEXT() REPRESENTATION_CONTEXT('2D SPACE',''
  ) );
#847 = ORIENTED_EDGE('',*,*,#848,.F.);
#848 = EDGE_CURVE('',#135,#826,#849,.T.);
#849 = SURFACE_CURVE('',#850,(#855,#866),.PCURVE_S1.);
#850 = CIRCLE('',#851,2.);
#851 = AXIS2_PLACEMENT_3D('',#852,#853,#854);
#852 = CARTESIAN_POINT('',(-83.,-30.,0.));
#853 = DIRECTION('',(-0.,-0.,-1.));
#854 = DIRECTION('',(0.,-1.,0.));
#855 = PCURVE('',#150,#856);
#856 = DEFINITIONAL_REPRESENTATION('',(#857),#865);
#857 = ( BOUNDED_CURVE() B_SPLINE_CURVE(2,(#858,#859,#860,#861,#862,#863
,#864),.UNSPECIFIED.,.T.,.F.) B_SPLINE_CURVE_WITH_KNOTS((1,2,2,2,2,1),(
    -2.094395102393,0.,2.094395102393,4.188790204786,6.28318530718,
8.377580409573),.UNSPECIFIED.) CURVE() GEOMETRIC_REPRESENTATION_ITEM() 
RATIONAL_B_SPLINE_CURVE((1.,0.5,1.,0.5,1.,0.5,1.)) REPRESENTATION_ITEM(
  '') );
#858 = CARTESIAN_POINT('',(2.,53.));
#859 = CARTESIAN_POINT('',(-1.464101615138,53.));
#860 = CARTESIAN_POINT('',(0.267949192431,56.));
#861 = CARTESIAN_POINT('',(2.,59.));
#862 = CARTESIAN_POINT('',(3.732050807569,56.));
#863 = CARTESIAN_POINT('',(5.464101615138,53.));
#864 = CARTESIAN_POINT('',(2.,53.));
#865 = ( GEOMETRIC_REPRESENTATION_CONTEXT(2) 
PARAMETRIC_REPRESENTATION_CONTEXT() REPRESENTATION_CONTEXT('2D SPACE',''
  ) );
#866 = PCURVE('',#176,#867);
#867 = DEFINITIONAL_REPRESENTATION('',(#868),#872);
#868 = LINE('',#869,#870);
#869 = CARTESIAN_POINT('',(7.853981633975,0.));
#870 = VECTOR('',#871,1.);
#871 = DIRECTION('',(-1.,0.));
#872 = ( GEOMETRIC_REPRESENTATION_CONTEXT(2) 
PARAMETRIC_REPRESENTATION_CONTEXT() REPRESENTATION_CONTEXT('2D SPACE',''
  ) );
#873 = ADVANCED_FACE('',(#874),#176,.T.);
#874 = FACE_BOUND('',#875,.T.);
#875 = EDGE_LOOP('',(#876,#877,#878,#899));
#876 = ORIENTED_EDGE('',*,*,#162,.T.);
#877 = ORIENTED_EDGE('',*,*,#631,.T.);
#878 = ORIENTED_EDGE('',*,*,#879,.F.);
#879 = EDGE_CURVE('',#826,#604,#880,.T.);
#880 = SURFACE_CURVE('',#881,(#885,#892),.PCURVE_S1.);
#881 = LINE('',#882,#883);
#882 = CARTESIAN_POINT('',(-83.,-28.,0.));
#883 = VECTOR('',#884,1.);
#884 = DIRECTION('',(0.,0.,1.));
#885 = PCURVE('',#176,#886);
#886 = DEFINITIONAL_REPRESENTATION('',(#887),#891);
#887 = LINE('',#888,#889);
#888 = CARTESIAN_POINT('',(4.712388980385,0.));
#889 = VECTOR('',#890,1.);
#890 = DIRECTION('',(-0.,1.));
#891 = ( GEOMETRIC_REPRESENTATION_CONTEXT(2) 
PARAMETRIC_REPRESENTATION_CONTEXT() REPRESENTATION_CONTEXT('2D SPACE',''
  ) );
#892 = PCURVE('',#619,#893);
#893 = DEFINITIONAL_REPRESENTATION('',(#894),#898);
#894 = LINE('',#895,#896);
#895 = CARTESIAN_POINT('',(0.,2.));
#896 = VECTOR('',#897,1.);
#897 = DIRECTION('',(1.,0.));
#898 = ( GEOMETRIC_REPRESENTATION_CONTEXT(2) 
PARAMETRIC_REPRESENTATION_CONTEXT() REPRESENTATION_CONTEXT('2D SPACE',''
  ) );
#899 = ORIENTED_EDGE('',*,*,#848,.F.);
#900 = ADVANCED_FACE('',(#901),#619,.T.);
#901 = FACE_BOUND('',#902,.T.);
#902 = EDGE_LOOP('',(#903,#904,#905,#906,#929,#957,#985,#1013));
#903 = ORIENTED_EDGE('',*,*,#825,.F.);
#904 = ORIENTED_EDGE('',*,*,#879,.T.);
#905 = ORIENTED_EDGE('',*,*,#603,.F.);
#906 = ORIENTED_EDGE('',*,*,#907,.T.);
#907 = EDGE_CURVE('',#576,#908,#910,.T.);
#908 = VERTEX_POINT('',#909);
#909 = CARTESIAN_POINT('',(-28.,-28.,12.));
#910 = SURFACE_CURVE('',#911,(#915,#922),.PCURVE_S1.);
#911 = LINE('',#912,#913);
#912 = CARTESIAN_POINT('',(-28.,-28.,6.));
#913 = VECTOR('',#914,1.);
#914 = DIRECTION('',(0.,0.,-1.));
#915 = PCURVE('',#619,#916);
#916 = DEFINITIONAL_REPRESENTATION('',(#917),#921);
#917 = LINE('',#918,#919);
#918 = CARTESIAN_POINT('',(6.,57.));
#919 = VECTOR('',#920,1.);
#920 = DIRECTION('',(-1.,0.));
#921 = ( GEOMETRIC_REPRESENTATION_CONTEXT(2) 
PARAMETRIC_REPRESENTATION_CONTEXT() REPRESENTATION_CONTEXT('2D SPACE',''
  ) );
#922 = PCURVE('',#591,#923);
#923 = DEFINITIONAL_REPRESENTATION('',(#924),#928);
#924 = LINE('',#925,#926);
#925 = CARTESIAN_POINT('',(-6.,-2.7));
#926 = VECTOR('',#927,1.);
#927 = DIRECTION('',(-1.,0.));
#928 = ( GEOMETRIC_REPRESENTATION_CONTEXT(2) 
PARAMETRIC_REPRESENTATION_CONTEXT() REPRESENTATION_CONTEXT('2D SPACE',''
  ) );
#929 = ORIENTED_EDGE('',*,*,#930,.T.);
#930 = EDGE_CURVE('',#908,#931,#933,.T.);
#931 = VERTEX_POINT('',#932);
#932 = CARTESIAN_POINT('',(-14.,-28.,12.));
#933 = SURFACE_CURVE('',#934,(#938,#945),.PCURVE_S1.);
#934 = LINE('',#935,#936);
#935 = CARTESIAN_POINT('',(-56.5,-28.,12.));
#936 = VECTOR('',#937,1.);
#937 = DIRECTION('',(1.,0.,0.));
#938 = PCURVE('',#619,#939);
#939 = DEFINITIONAL_REPRESENTATION('',(#940),#944);
#940 = LINE('',#941,#942);
#941 = CARTESIAN_POINT('',(12.,28.5));
#942 = VECTOR('',#943,1.);
#943 = DIRECTION('',(0.,1.));
#944 = ( GEOMETRIC_REPRESENTATION_CONTEXT(2) 
PARAMETRIC_REPRESENTATION_CONTEXT() REPRESENTATION_CONTEXT('2D SPACE',''
  ) );
#945 = PCURVE('',#946,#951);
#946 = PLANE('',#947);
#947 = AXIS2_PLACEMENT_3D('',#948,#949,#950);
#948 = CARTESIAN_POINT('',(-28.,-30.7,12.));
#949 = DIRECTION('',(0.,0.,1.));
#950 = DIRECTION('',(1.,0.,0.));
#951 = DEFINITIONAL_REPRESENTATION('',(#952),#956);
#952 = LINE('',#953,#954);
#953 = CARTESIAN_POINT('',(-28.5,2.7));
#954 = VECTOR('',#955,1.);
#955 = DIRECTION('',(1.,0.));
#956 = ( GEOMETRIC_REPRESENTATION_CONTEXT(2) 
PARAMETRIC_REPRESENTATION_CONTEXT() REPRESENTATION_CONTEXT('2D SPACE',''
  ) );
#957 = ORIENTED_EDGE('',*,*,#958,.F.);
#958 = EDGE_CURVE('',#959,#931,#961,.T.);
#959 = VERTEX_POINT('',#960);
#960 = CARTESIAN_POINT('',(-14.,-28.,60.));
#961 = SURFACE_CURVE('',#962,(#966,#973),.PCURVE_S1.);
#962 = LINE('',#963,#964);
#963 = CARTESIAN_POINT('',(-14.,-28.,6.));
#964 = VECTOR('',#965,1.);
#965 = DIRECTION('',(0.,0.,-1.));
#966 = PCURVE('',#619,#967);
#967 = DEFINITIONAL_REPRESENTATION('',(#968),#972);
#968 = LINE('',#969,#970);
#969 = CARTESIAN_POINT('',(6.,71.));
#970 = VECTOR('',#971,1.);
#971 = DIRECTION('',(-1.,0.));
#972 = ( GEOMETRIC_REPRESENTATION_CONTEXT(2) 
PARAMETRIC_REPRESENTATION_CONTEXT() REPRESENTATION_CONTEXT('2D SPACE',''
  ) );
#973 = PCURVE('',#974,#979);
#974 = PLANE('',#975);
#975 = AXIS2_PLACEMENT_3D('',#976,#977,#978);
#976 = CARTESIAN_POINT('',(-14.,-30.7,12.));
#977 = DIRECTION('',(1.,0.,0.));
#978 = DIRECTION('',(0.,0.,1.));
#979 = DEFINITIONAL_REPRESENTATION('',(#980),#984);
#980 = LINE('',#981,#982);
#981 = CARTESIAN_POINT('',(-6.,-2.7));
#982 = VECTOR('',#983,1.);
#983 = DIRECTION('',(-1.,0.));
#984 = ( GEOMETRIC_REPRESENTATION_CONTEXT(2) 
PARAMETRIC_REPRESENTATION_CONTEXT() REPRESENTATION_CONTEXT('2D SPACE',''
  ) );
#985 = ORIENTED_EDGE('',*,*,#986,.F.);
#986 = EDGE_CURVE('',#987,#959,#989,.T.);
#987 = VERTEX_POINT('',#988);
#988 = CARTESIAN_POINT('',(-7.,-28.,60.));
#989 = SURFACE_CURVE('',#990,(#994,#1001),.PCURVE_S1.);
#990 = LINE('',#991,#992);
#991 = CARTESIAN_POINT('',(-7.,-28.,60.));
#992 = VECTOR('',#993,1.);
#993 = DIRECTION('',(-1.,0.,0.));
#994 = PCURVE('',#619,#995);
#995 = DEFINITIONAL_REPRESENTATION('',(#996),#1000);
#996 = LINE('',#997,#998);
#997 = CARTESIAN_POINT('',(60.,78.));
#998 = VECTOR('',#999,1.);
#999 = DIRECTION('',(0.,-1.));
#1000 = ( GEOMETRIC_REPRESENTATION_CONTEXT(2) 
PARAMETRIC_REPRESENTATION_CONTEXT() REPRESENTATION_CONTEXT('2D SPACE',''
  ) );
#1001 = PCURVE('',#1002,#1007);
#1002 = PLANE('',#1003);
#1003 = AXIS2_PLACEMENT_3D('',#1004,#1005,#1006);
#1004 = CARTESIAN_POINT('',(-85.,-85.,60.));
#1005 = DIRECTION('',(0.,0.,1.));
#1006 = DIRECTION('',(1.,0.,-0.));
#1007 = DEFINITIONAL_REPRESENTATION('',(#1008),#1012);
#1008 = LINE('',#1009,#1010);
#1009 = CARTESIAN_POINT('',(78.,57.));
#1010 = VECTOR('',#1011,1.);
#1011 = DIRECTION('',(-1.,0.));
#1012 = ( GEOMETRIC_REPRESENTATION_CONTEXT(2) 
PARAMETRIC_REPRESENTATION_CONTEXT() REPRESENTATION_CONTEXT('2D SPACE',''
  ) );
#1013 = ORIENTED_EDGE('',*,*,#1014,.F.);
#1014 = EDGE_CURVE('',#797,#987,#1015,.T.);
#1015 = SURFACE_CURVE('',#1016,(#1020,#1027),.PCURVE_S1.);
#1016 = LINE('',#1017,#1018);
#1017 = CARTESIAN_POINT('',(-7.,-28.,0.));
#1018 = VECTOR('',#1019,1.);
#1019 = DIRECTION('',(0.,0.,1.));
#1020 = PCURVE('',#619,#1021);
#1021 = DEFINITIONAL_REPRESENTATION('',(#1022),#1026);
#1022 = LINE('',#1023,#1024);
#1023 = CARTESIAN_POINT('',(0.,78.));
#1024 = VECTOR('',#1025,1.);
#1025 = DIRECTION('',(1.,0.));
#1026 = ( GEOMETRIC_REPRESENTATION_CONTEXT(2) 
PARAMETRIC_REPRESENTATION_CONTEXT() REPRESENTATION_CONTEXT('2D SPACE',''
  ) );
#1027 = PCURVE('',#813,#1028);
#1028 = DEFINITIONAL_REPRESENTATION('',(#1029),#1033);
#1029 = LINE('',#1030,#1031);
#1030 = CARTESIAN_POINT('',(1.570796326795,0.));
#1031 = VECTOR('',#1032,1.);
#1032 = DIRECTION('',(0.,1.));
#1033 = ( GEOMETRIC_REPRESENTATION_CONTEXT(2) 
PARAMETRIC_REPRESENTATION_CONTEXT() REPRESENTATION_CONTEXT('2D SPACE',''
  ) );
#1034 = ADVANCED_FACE('',(#1035),#591,.T.);
#1035 = FACE_BOUND('',#1036,.T.);
#1036 = EDGE_LOOP('',(#1037,#1060,#1081,#1082));
#1037 = ORIENTED_EDGE('',*,*,#1038,.T.);
#1038 = EDGE_CURVE('',#548,#1039,#1041,.T.);
#1039 = VERTEX_POINT('',#1040);
#1040 = CARTESIAN_POINT('',(-28.,-30.2,12.));
#1041 = SURFACE_CURVE('',#1042,(#1046,#1053),.PCURVE_S1.);
#1042 = LINE('',#1043,#1044);
#1043 = CARTESIAN_POINT('',(-28.,-30.2,11.9));
#1044 = VECTOR('',#1045,1.);
#1045 = DIRECTION('',(0.,0.,-1.));
#1046 = PCURVE('',#591,#1047);
#1047 = DEFINITIONAL_REPRESENTATION('',(#1048),#1052);
#1048 = LINE('',#1049,#1050);
#1049 = CARTESIAN_POINT('',(-1.E-01,-0.5));
#1050 = VECTOR('',#1051,1.);
#1051 = DIRECTION('',(-1.,0.));
#1052 = ( GEOMETRIC_REPRESENTATION_CONTEXT(2) 
PARAMETRIC_REPRESENTATION_CONTEXT() REPRESENTATION_CONTEXT('2D SPACE',''
  ) );
#1053 = PCURVE('',#563,#1054);
#1054 = DEFINITIONAL_REPRESENTATION('',(#1055),#1059);
#1055 = LINE('',#1056,#1057);
#1056 = CARTESIAN_POINT('',(1.E-01,41.2));
#1057 = VECTOR('',#1058,1.);
#1058 = DIRECTION('',(-1.,0.));
#1059 = ( GEOMETRIC_REPRESENTATION_CONTEXT(2) 
PARAMETRIC_REPRESENTATION_CONTEXT() REPRESENTATION_CONTEXT('2D SPACE',''
  ) );
#1060 = ORIENTED_EDGE('',*,*,#1061,.T.);
#1061 = EDGE_CURVE('',#1039,#908,#1062,.T.);
#1062 = SURFACE_CURVE('',#1063,(#1067,#1074),.PCURVE_S1.);
#1063 = LINE('',#1064,#1065);
#1064 = CARTESIAN_POINT('',(-28.,-30.7,12.));
#1065 = VECTOR('',#1066,1.);
#1066 = DIRECTION('',(0.,1.,0.));
#1067 = PCURVE('',#591,#1068);
#1068 = DEFINITIONAL_REPRESENTATION('',(#1069),#1073);
#1069 = LINE('',#1070,#1071);
#1070 = CARTESIAN_POINT('',(0.,0.));
#1071 = VECTOR('',#1072,1.);
#1072 = DIRECTION('',(0.,-1.));
#1073 = ( GEOMETRIC_REPRESENTATION_CONTEXT(2) 
PARAMETRIC_REPRESENTATION_CONTEXT() REPRESENTATION_CONTEXT('2D SPACE',''
  ) );
#1074 = PCURVE('',#946,#1075);
#1075 = DEFINITIONAL_REPRESENTATION('',(#1076),#1080);
#1076 = LINE('',#1077,#1078);
#1077 = CARTESIAN_POINT('',(0.,0.));
#1078 = VECTOR('',#1079,1.);
#1079 = DIRECTION('',(0.,1.));
#1080 = ( GEOMETRIC_REPRESENTATION_CONTEXT(2) 
PARAMETRIC_REPRESENTATION_CONTEXT() REPRESENTATION_CONTEXT('2D SPACE',''
  ) );
#1081 = ORIENTED_EDGE('',*,*,#907,.F.);
#1082 = ORIENTED_EDGE('',*,*,#575,.F.);
#1083 = ADVANCED_FACE('',(#1084),#563,.F.);
#1084 = FACE_BOUND('',#1085,.F.);
#1085 = EDGE_LOOP('',(#1086,#1116,#1144,#1165,#1166,#1167));
#1086 = ORIENTED_EDGE('',*,*,#1087,.F.);
#1087 = EDGE_CURVE('',#1088,#1090,#1092,.T.);
#1088 = VERTEX_POINT('',#1089);
#1089 = CARTESIAN_POINT('',(-20.8,-30.2,11.8));
#1090 = VERTEX_POINT('',#1091);
#1091 = CARTESIAN_POINT('',(-20.8,-30.2,12.));
#1092 = SURFACE_CURVE('',#1093,(#1097,#1104),.PCURVE_S1.);
#1093 = LINE('',#1094,#1095);
#1094 = CARTESIAN_POINT('',(-20.8,-30.2,11.8));
#1095 = VECTOR('',#1096,1.);
#1096 = DIRECTION('',(0.,0.,1.));
#1097 = PCURVE('',#563,#1098);
#1098 = DEFINITIONAL_REPRESENTATION('',(#1099),#1103);
#1099 = LINE('',#1100,#1101);
#1100 = CARTESIAN_POINT('',(0.,48.4));
#1101 = VECTOR('',#1102,1.);
#1102 = DIRECTION('',(1.,0.));
#1103 = ( GEOMETRIC_REPRESENTATION_CONTEXT(2) 
PARAMETRIC_REPRESENTATION_CONTEXT() REPRESENTATION_CONTEXT('2D SPACE',''
  ) );
#1104 = PCURVE('',#1105,#1110);
#1105 = PLANE('',#1106);
#1106 = AXIS2_PLACEMENT_3D('',#1107,#1108,#1109);
#1107 = CARTESIAN_POINT('',(-20.8,-30.2,11.8));
#1108 = DIRECTION('',(1.,0.,0.));
#1109 = DIRECTION('',(0.,0.,1.));
#1110 = DEFINITIONAL_REPRESENTATION('',(#1111),#1115);
#1111 = LINE('',#1112,#1113);
#1112 = CARTESIAN_POINT('',(0.,0.));
#1113 = VECTOR('',#1114,1.);
#1114 = DIRECTION('',(1.,0.));
#1115 = ( GEOMETRIC_REPRESENTATION_CONTEXT(2) 
PARAMETRIC_REPRESENTATION_CONTEXT() REPRESENTATION_CONTEXT('2D SPACE',''
  ) );
#1116 = ORIENTED_EDGE('',*,*,#1117,.F.);
#1117 = EDGE_CURVE('',#1118,#1088,#1120,.T.);
#1118 = VERTEX_POINT('',#1119);
#1119 = CARTESIAN_POINT('',(-69.2,-30.2,11.8));
#1120 = SURFACE_CURVE('',#1121,(#1125,#1132),.PCURVE_S1.);
#1121 = LINE('',#1122,#1123);
#1122 = CARTESIAN_POINT('',(-69.2,-30.2,11.8));
#1123 = VECTOR('',#1124,1.);
#1124 = DIRECTION('',(1.,0.,0.));
#1125 = PCURVE('',#563,#1126);
#1126 = DEFINITIONAL_REPRESENTATION('',(#1127),#1131);
#1127 = LINE('',#1128,#1129);
#1128 = CARTESIAN_POINT('',(0.,0.));
#1129 = VECTOR('',#1130,1.);
#1130 = DIRECTION('',(0.,1.));
#1131 = ( GEOMETRIC_REPRESENTATION_CONTEXT(2) 
PARAMETRIC_REPRESENTATION_CONTEXT() REPRESENTATION_CONTEXT('2D SPACE',''
  ) );
#1132 = PCURVE('',#1133,#1138);
#1133 = PLANE('',#1134);
#1134 = AXIS2_PLACEMENT_3D('',#1135,#1136,#1137);
#1135 = CARTESIAN_POINT('',(-69.2,-30.2,11.8));
#1136 = DIRECTION('',(0.,0.,1.));
#1137 = DIRECTION('',(1.,0.,0.));
#1138 = DEFINITIONAL_REPRESENTATION('',(#1139),#1143);
#1139 = LINE('',#1140,#1141);
#1140 = CARTESIAN_POINT('',(0.,0.));
#1141 = VECTOR('',#1142,1.);
#1142 = DIRECTION('',(1.,0.));
#1143 = ( GEOMETRIC_REPRESENTATION_CONTEXT(2) 
PARAMETRIC_REPRESENTATION_CONTEXT() REPRESENTATION_CONTEXT('2D SPACE',''
  ) );
#1144 = ORIENTED_EDGE('',*,*,#1145,.T.);
#1145 = EDGE_CURVE('',#1118,#520,#1146,.T.);
#1146 = SURFACE_CURVE('',#1147,(#1151,#1158),.PCURVE_S1.);
#1147 = LINE('',#1148,#1149);
#1148 = CARTESIAN_POINT('',(-69.2,-30.2,11.8));
#1149 = VECTOR('',#1150,1.);
#1150 = DIRECTION('',(0.,0.,1.));
#1151 = PCURVE('',#563,#1152);
#1152 = DEFINITIONAL_REPRESENTATION('',(#1153),#1157);
#1153 = LINE('',#1154,#1155);
#1154 = CARTESIAN_POINT('',(0.,0.));
#1155 = VECTOR('',#1156,1.);
#1156 = DIRECTION('',(1.,0.));
#1157 = ( GEOMETRIC_REPRESENTATION_CONTEXT(2) 
PARAMETRIC_REPRESENTATION_CONTEXT() REPRESENTATION_CONTEXT('2D SPACE',''
  ) );
#1158 = PCURVE('',#535,#1159);
#1159 = DEFINITIONAL_REPRESENTATION('',(#1160),#1164);
#1160 = LINE('',#1161,#1162);
#1161 = CARTESIAN_POINT('',(0.,0.));
#1162 = VECTOR('',#1163,1.);
#1163 = DIRECTION('',(1.,0.));
#1164 = ( GEOMETRIC_REPRESENTATION_CONTEXT(2) 
PARAMETRIC_REPRESENTATION_CONTEXT() REPRESENTATION_CONTEXT('2D SPACE',''
  ) );
#1165 = ORIENTED_EDGE('',*,*,#547,.T.);
#1166 = ORIENTED_EDGE('',*,*,#1038,.T.);
#1167 = ORIENTED_EDGE('',*,*,#1168,.T.);
#1168 = EDGE_CURVE('',#1039,#1090,#1169,.T.);
#1169 = SURFACE_CURVE('',#1170,(#1174,#1181),.PCURVE_S1.);
#1170 = LINE('',#1171,#1172);
#1171 = CARTESIAN_POINT('',(-48.6,-30.2,12.));
#1172 = VECTOR('',#1173,1.);
#1173 = DIRECTION('',(1.,0.,0.));
#1174 = PCURVE('',#563,#1175);
#1175 = DEFINITIONAL_REPRESENTATION('',(#1176),#1180);
#1176 = LINE('',#1177,#1178);
#1177 = CARTESIAN_POINT('',(0.2,20.6));
#1178 = VECTOR('',#1179,1.);
#1179 = DIRECTION('',(0.,1.));
#1180 = ( GEOMETRIC_REPRESENTATION_CONTEXT(2) 
PARAMETRIC_REPRESENTATION_CONTEXT() REPRESENTATION_CONTEXT('2D SPACE',''
  ) );
#1181 = PCURVE('',#946,#1182);
#1182 = DEFINITIONAL_REPRESENTATION('',(#1183),#1187);
#1183 = LINE('',#1184,#1185);
#1184 = CARTESIAN_POINT('',(-20.6,0.5));
#1185 = VECTOR('',#1186,1.);
#1186 = DIRECTION('',(1.,0.));
#1187 = ( GEOMETRIC_REPRESENTATION_CONTEXT(2) 
PARAMETRIC_REPRESENTATION_CONTEXT() REPRESENTATION_CONTEXT('2D SPACE',''
  ) );
#1188 = ADVANCED_FACE('',(#1189),#535,.F.);
#1189 = FACE_BOUND('',#1190,.F.);
#1190 = EDGE_LOOP('',(#1191,#1192,#1193,#1216));
#1191 = ORIENTED_EDGE('',*,*,#519,.F.);
#1192 = ORIENTED_EDGE('',*,*,#1145,.F.);
#1193 = ORIENTED_EDGE('',*,*,#1194,.T.);
#1194 = EDGE_CURVE('',#1118,#1195,#1197,.T.);
#1195 = VERTEX_POINT('',#1196);
#1196 = CARTESIAN_POINT('',(-69.2,-30.,11.8));
#1197 = SURFACE_CURVE('',#1198,(#1202,#1209),.PCURVE_S1.);
#1198 = LINE('',#1199,#1200);
#1199 = CARTESIAN_POINT('',(-69.2,-30.2,11.8));
#1200 = VECTOR('',#1201,1.);
#1201 = DIRECTION('',(0.,1.,0.));
#1202 = PCURVE('',#535,#1203);
#1203 = DEFINITIONAL_REPRESENTATION('',(#1204),#1208);
#1204 = LINE('',#1205,#1206);
#1205 = CARTESIAN_POINT('',(0.,0.));
#1206 = VECTOR('',#1207,1.);
#1207 = DIRECTION('',(0.,-1.));
#1208 = ( GEOMETRIC_REPRESENTATION_CONTEXT(2) 
PARAMETRIC_REPRESENTATION_CONTEXT() REPRESENTATION_CONTEXT('2D SPACE',''
  ) );
#1209 = PCURVE('',#1133,#1210);
#1210 = DEFINITIONAL_REPRESENTATION('',(#1211),#1215);
#1211 = LINE('',#1212,#1213);
#1212 = CARTESIAN_POINT('',(0.,0.));
#1213 = VECTOR('',#1214,1.);
#1214 = DIRECTION('',(0.,1.));
#1215 = ( GEOMETRIC_REPRESENTATION_CONTEXT(2) 
PARAMETRIC_REPRESENTATION_CONTEXT() REPRESENTATION_CONTEXT('2D SPACE',''
  ) );
#1216 = ORIENTED_EDGE('',*,*,#1217,.F.);
#1217 = EDGE_CURVE('',#492,#1195,#1218,.T.);
#1218 = SURFACE_CURVE('',#1219,(#1223,#1230),.PCURVE_S1.);
#1219 = LINE('',#1220,#1221);
#1220 = CARTESIAN_POINT('',(-69.2,-30.,6.9));
#1221 = VECTOR('',#1222,1.);
#1222 = DIRECTION('',(0.,0.,-1.));
#1223 = PCURVE('',#535,#1224);
#1224 = DEFINITIONAL_REPRESENTATION('',(#1225),#1229);
#1225 = LINE('',#1226,#1227);
#1226 = CARTESIAN_POINT('',(-4.9,-0.2));
#1227 = VECTOR('',#1228,1.);
#1228 = DIRECTION('',(-1.,0.));
#1229 = ( GEOMETRIC_REPRESENTATION_CONTEXT(2) 
PARAMETRIC_REPRESENTATION_CONTEXT() REPRESENTATION_CONTEXT('2D SPACE',''
  ) );
#1230 = PCURVE('',#507,#1231);
#1231 = DEFINITIONAL_REPRESENTATION('',(#1232),#1236);
#1232 = LINE('',#1233,#1234);
#1233 = CARTESIAN_POINT('',(4.9,13.8));
#1234 = VECTOR('',#1235,1.);
#1235 = DIRECTION('',(-1.,0.));
#1236 = ( GEOMETRIC_REPRESENTATION_CONTEXT(2) 
PARAMETRIC_REPRESENTATION_CONTEXT() REPRESENTATION_CONTEXT('2D SPACE',''
  ) );
#1237 = ADVANCED_FACE('',(#1238),#507,.F.);
#1238 = FACE_BOUND('',#1239,.F.);
#1239 = EDGE_LOOP('',(#1240,#1270,#1298,#1319,#1320,#1321,#1344,#1367,
    #1390,#1413));
#1240 = ORIENTED_EDGE('',*,*,#1241,.F.);
#1241 = EDGE_CURVE('',#1242,#1244,#1246,.T.);
#1242 = VERTEX_POINT('',#1243);
#1243 = CARTESIAN_POINT('',(-7.,-30.,2.));
#1244 = VERTEX_POINT('',#1245);
#1245 = CARTESIAN_POINT('',(-7.,-30.,60.));
#1246 = SURFACE_CURVE('',#1247,(#1251,#1258),.PCURVE_S1.);
#1247 = LINE('',#1248,#1249);
#1248 = CARTESIAN_POINT('',(-7.,-30.,2.));
#1249 = VECTOR('',#1250,1.);
#1250 = DIRECTION('',(0.,0.,1.));
#1251 = PCURVE('',#507,#1252);
#1252 = DEFINITIONAL_REPRESENTATION('',(#1253),#1257);
#1253 = LINE('',#1254,#1255);
#1254 = CARTESIAN_POINT('',(0.,76.));
#1255 = VECTOR('',#1256,1.);
#1256 = DIRECTION('',(1.,0.));
#1257 = ( GEOMETRIC_REPRESENTATION_CONTEXT(2) 
PARAMETRIC_REPRESENTATION_CONTEXT() REPRESENTATION_CONTEXT('2D SPACE',''
  ) );
#1258 = PCURVE('',#1259,#1264);
#1259 = PLANE('',#1260);
#1260 = AXIS2_PLACEMENT_3D('',#1261,#1262,#1263);
#1261 = CARTESIAN_POINT('',(-7.,-83.,2.));
#1262 = DIRECTION('',(1.,0.,0.));
#1263 = DIRECTION('',(0.,0.,1.));
#1264 = DEFINITIONAL_REPRESENTATION('',(#1265),#1269);
#1265 = LINE('',#1266,#1267);
#1266 = CARTESIAN_POINT('',(0.,-53.));
#1267 = VECTOR('',#1268,1.);
#1268 = DIRECTION('',(1.,0.));
#1269 = ( GEOMETRIC_REPRESENTATION_CONTEXT(2) 
PARAMETRIC_REPRESENTATION_CONTEXT() REPRESENTATION_CONTEXT('2D SPACE',''
  ) );
#1270 = ORIENTED_EDGE('',*,*,#1271,.F.);
#1271 = EDGE_CURVE('',#1272,#1242,#1274,.T.);
#1272 = VERTEX_POINT('',#1273);
#1273 = CARTESIAN_POINT('',(-83.,-30.,2.));
#1274 = SURFACE_CURVE('',#1275,(#1279,#1286),.PCURVE_S1.);
#1275 = LINE('',#1276,#1277);
#1276 = CARTESIAN_POINT('',(-83.,-30.,2.));
#1277 = VECTOR('',#1278,1.);
#1278 = DIRECTION('',(1.,0.,0.));
#1279 = PCURVE('',#507,#1280);
#1280 = DEFINITIONAL_REPRESENTATION('',(#1281),#1285);
#1281 = LINE('',#1282,#1283);
#1282 = CARTESIAN_POINT('',(0.,0.));
#1283 = VECTOR('',#1284,1.);
#1284 = DIRECTION('',(0.,1.));
#1285 = ( GEOMETRIC_REPRESENTATION_CONTEXT(2) 
PARAMETRIC_REPRESENTATION_CONTEXT() REPRESENTATION_CONTEXT('2D SPACE',''
  ) );
#1286 = PCURVE('',#1287,#1292);
#1287 = PLANE('',#1288);
#1288 = AXIS2_PLACEMENT_3D('',#1289,#1290,#1291);
#1289 = CARTESIAN_POINT('',(-83.,-83.,2.));
#1290 = DIRECTION('',(0.,0.,1.));
#1291 = DIRECTION('',(1.,0.,-0.));
#1292 = DEFINITIONAL_REPRESENTATION('',(#1293),#1297);
#1293 = LINE('',#1294,#1295);
#1294 = CARTESIAN_POINT('',(0.,53.));
#1295 = VECTOR('',#1296,1.);
#1296 = DIRECTION('',(1.,0.));
#1297 = ( GEOMETRIC_REPRESENTATION_CONTEXT(2) 
PARAMETRIC_REPRESENTATION_CONTEXT() REPRESENTATION_CONTEXT('2D SPACE',''
  ) );
#1298 = ORIENTED_EDGE('',*,*,#1299,.T.);
#1299 = EDGE_CURVE('',#1272,#469,#1300,.T.);
#1300 = SURFACE_CURVE('',#1301,(#1305,#1312),.PCURVE_S1.);
#1301 = LINE('',#1302,#1303);
#1302 = CARTESIAN_POINT('',(-83.,-30.,2.));
#1303 = VECTOR('',#1304,1.);
#1304 = DIRECTION('',(0.,0.,1.));
#1305 = PCURVE('',#507,#1306);
#1306 = DEFINITIONAL_REPRESENTATION('',(#1307),#1311);
#1307 = LINE('',#1308,#1309);
#1308 = CARTESIAN_POINT('',(0.,0.));
#1309 = VECTOR('',#1310,1.);
#1310 = DIRECTION('',(1.,0.));
#1311 = ( GEOMETRIC_REPRESENTATION_CONTEXT(2) 
PARAMETRIC_REPRESENTATION_CONTEXT() REPRESENTATION_CONTEXT('2D SPACE',''
  ) );
#1312 = PCURVE('',#372,#1313);
#1313 = DEFINITIONAL_REPRESENTATION('',(#1314),#1318);
#1314 = LINE('',#1315,#1316);
#1315 = CARTESIAN_POINT('',(0.,-53.));
#1316 = VECTOR('',#1317,1.);
#1317 = DIRECTION('',(1.,0.));
#1318 = ( GEOMETRIC_REPRESENTATION_CONTEXT(2) 
PARAMETRIC_REPRESENTATION_CONTEXT() REPRESENTATION_CONTEXT('2D SPACE',''
  ) );
#1319 = ORIENTED_EDGE('',*,*,#491,.F.);
#1320 = ORIENTED_EDGE('',*,*,#1217,.T.);
#1321 = ORIENTED_EDGE('',*,*,#1322,.T.);
#1322 = EDGE_CURVE('',#1195,#1323,#1325,.T.);
#1323 = VERTEX_POINT('',#1324);
#1324 = CARTESIAN_POINT('',(-20.8,-30.,11.8));
#1325 = SURFACE_CURVE('',#1326,(#1330,#1337),.PCURVE_S1.);
#1326 = LINE('',#1327,#1328);
#1327 = CARTESIAN_POINT('',(-76.1,-30.,11.8));
#1328 = VECTOR('',#1329,1.);
#1329 = DIRECTION('',(1.,0.,0.));
#1330 = PCURVE('',#507,#1331);
#1331 = DEFINITIONAL_REPRESENTATION('',(#1332),#1336);
#1332 = LINE('',#1333,#1334);
#1333 = CARTESIAN_POINT('',(9.8,6.9));
#1334 = VECTOR('',#1335,1.);
#1335 = DIRECTION('',(0.,1.));
#1336 = ( GEOMETRIC_REPRESENTATION_CONTEXT(2) 
PARAMETRIC_REPRESENTATION_CONTEXT() REPRESENTATION_CONTEXT('2D SPACE',''
  ) );
#1337 = PCURVE('',#1133,#1338);
#1338 = DEFINITIONAL_REPRESENTATION('',(#1339),#1343);
#1339 = LINE('',#1340,#1341);
#1340 = CARTESIAN_POINT('',(-6.9,0.2));
#1341 = VECTOR('',#1342,1.);
#1342 = DIRECTION('',(1.,0.));
#1343 = ( GEOMETRIC_REPRESENTATION_CONTEXT(2) 
PARAMETRIC_REPRESENTATION_CONTEXT() REPRESENTATION_CONTEXT('2D SPACE',''
  ) );
#1344 = ORIENTED_EDGE('',*,*,#1345,.F.);
#1345 = EDGE_CURVE('',#1346,#1323,#1348,.T.);
#1346 = VERTEX_POINT('',#1347);
#1347 = CARTESIAN_POINT('',(-20.8,-30.,12.));
#1348 = SURFACE_CURVE('',#1349,(#1353,#1360),.PCURVE_S1.);
#1349 = LINE('',#1350,#1351);
#1350 = CARTESIAN_POINT('',(-20.8,-30.,6.9));
#1351 = VECTOR('',#1352,1.);
#1352 = DIRECTION('',(0.,0.,-1.));
#1353 = PCURVE('',#507,#1354);
#1354 = DEFINITIONAL_REPRESENTATION('',(#1355),#1359);
#1355 = LINE('',#1356,#1357);
#1356 = CARTESIAN_POINT('',(4.9,62.2));
#1357 = VECTOR('',#1358,1.);
#1358 = DIRECTION('',(-1.,0.));
#1359 = ( GEOMETRIC_REPRESENTATION_CONTEXT(2) 
PARAMETRIC_REPRESENTATION_CONTEXT() REPRESENTATION_CONTEXT('2D SPACE',''
  ) );
#1360 = PCURVE('',#1105,#1361);
#1361 = DEFINITIONAL_REPRESENTATION('',(#1362),#1366);
#1362 = LINE('',#1363,#1364);
#1363 = CARTESIAN_POINT('',(-4.9,-0.2));
#1364 = VECTOR('',#1365,1.);
#1365 = DIRECTION('',(-1.,0.));
#1366 = ( GEOMETRIC_REPRESENTATION_CONTEXT(2) 
PARAMETRIC_REPRESENTATION_CONTEXT() REPRESENTATION_CONTEXT('2D SPACE',''
  ) );
#1367 = ORIENTED_EDGE('',*,*,#1368,.T.);
#1368 = EDGE_CURVE('',#1346,#1369,#1371,.T.);
#1369 = VERTEX_POINT('',#1370);
#1370 = CARTESIAN_POINT('',(-14.,-30.,12.));
#1371 = SURFACE_CURVE('',#1372,(#1376,#1383),.PCURVE_S1.);
#1372 = LINE('',#1373,#1374);
#1373 = CARTESIAN_POINT('',(-55.5,-30.,12.));
#1374 = VECTOR('',#1375,1.);
#1375 = DIRECTION('',(1.,0.,0.));
#1376 = PCURVE('',#507,#1377);
#1377 = DEFINITIONAL_REPRESENTATION('',(#1378),#1382);
#1378 = LINE('',#1379,#1380);
#1379 = CARTESIAN_POINT('',(10.,27.5));
#1380 = VECTOR('',#1381,1.);
#1381 = DIRECTION('',(0.,1.));
#1382 = ( GEOMETRIC_REPRESENTATION_CONTEXT(2) 
PARAMETRIC_REPRESENTATION_CONTEXT() REPRESENTATION_CONTEXT('2D SPACE',''
  ) );
#1383 = PCURVE('',#946,#1384);
#1384 = DEFINITIONAL_REPRESENTATION('',(#1385),#1389);
#1385 = LINE('',#1386,#1387);
#1386 = CARTESIAN_POINT('',(-27.5,0.7));
#1387 = VECTOR('',#1388,1.);
#1388 = DIRECTION('',(1.,0.));
#1389 = ( GEOMETRIC_REPRESENTATION_CONTEXT(2) 
PARAMETRIC_REPRESENTATION_CONTEXT() REPRESENTATION_CONTEXT('2D SPACE',''
  ) );
#1390 = ORIENTED_EDGE('',*,*,#1391,.F.);
#1391 = EDGE_CURVE('',#1392,#1369,#1394,.T.);
#1392 = VERTEX_POINT('',#1393);
#1393 = CARTESIAN_POINT('',(-14.,-30.,60.));
#1394 = SURFACE_CURVE('',#1395,(#1399,#1406),.PCURVE_S1.);
#1395 = LINE('',#1396,#1397);
#1396 = CARTESIAN_POINT('',(-14.,-30.,7.));
#1397 = VECTOR('',#1398,1.);
#1398 = DIRECTION('',(0.,0.,-1.));
#1399 = PCURVE('',#507,#1400);
#1400 = DEFINITIONAL_REPRESENTATION('',(#1401),#1405);
#1401 = LINE('',#1402,#1403);
#1402 = CARTESIAN_POINT('',(5.,69.));
#1403 = VECTOR('',#1404,1.);
#1404 = DIRECTION('',(-1.,0.));
#1405 = ( GEOMETRIC_REPRESENTATION_CONTEXT(2) 
PARAMETRIC_REPRESENTATION_CONTEXT() REPRESENTATION_CONTEXT('2D SPACE',''
  ) );
#1406 = PCURVE('',#974,#1407);
#1407 = DEFINITIONAL_REPRESENTATION('',(#1408),#1412);
#1408 = LINE('',#1409,#1410);
#1409 = CARTESIAN_POINT('',(-5.,-0.7));
#1410 = VECTOR('',#1411,1.);
#1411 = DIRECTION('',(-1.,0.));
#1412 = ( GEOMETRIC_REPRESENTATION_CONTEXT(2) 
PARAMETRIC_REPRESENTATION_CONTEXT() REPRESENTATION_CONTEXT('2D SPACE',''
  ) );
#1413 = ORIENTED_EDGE('',*,*,#1414,.F.);
#1414 = EDGE_CURVE('',#1244,#1392,#1415,.T.);
#1415 = SURFACE_CURVE('',#1416,(#1420,#1427),.PCURVE_S1.);
#1416 = LINE('',#1417,#1418);
#1417 = CARTESIAN_POINT('',(-84.,-30.,60.));
#1418 = VECTOR('',#1419,1.);
#1419 = DIRECTION('',(-1.,0.,0.));
#1420 = PCURVE('',#507,#1421);
#1421 = DEFINITIONAL_REPRESENTATION('',(#1422),#1426);
#1422 = LINE('',#1423,#1424);
#1423 = CARTESIAN_POINT('',(58.,-1.));
#1424 = VECTOR('',#1425,1.);
#1425 = DIRECTION('',(0.,-1.));
#1426 = ( GEOMETRIC_REPRESENTATION_CONTEXT(2) 
PARAMETRIC_REPRESENTATION_CONTEXT() REPRESENTATION_CONTEXT('2D SPACE',''
  ) );
#1427 = PCURVE('',#1002,#1428);
#1428 = DEFINITIONAL_REPRESENTATION('',(#1429),#1433);
#1429 = LINE('',#1430,#1431);
#1430 = CARTESIAN_POINT('',(1.,55.));
#1431 = VECTOR('',#1432,1.);
#1432 = DIRECTION('',(-1.,0.));
#1433 = ( GEOMETRIC_REPRESENTATION_CONTEXT(2) 
PARAMETRIC_REPRESENTATION_CONTEXT() REPRESENTATION_CONTEXT('2D SPACE',''
  ) );
#1434 = ADVANCED_FACE('',(#1435),#372,.T.);
#1435 = FACE_BOUND('',#1436,.T.);
#1436 = EDGE_LOOP('',(#1437,#1460,#1481,#1482,#1483,#1506,#1534,#1555));
#1437 = ORIENTED_EDGE('',*,*,#1438,.F.);
#1438 = EDGE_CURVE('',#1439,#329,#1441,.T.);
#1439 = VERTEX_POINT('',#1440);
#1440 = CARTESIAN_POINT('',(-83.,-83.,2.));
#1441 = SURFACE_CURVE('',#1442,(#1446,#1453),.PCURVE_S1.);
#1442 = LINE('',#1443,#1444);
#1443 = CARTESIAN_POINT('',(-83.,-83.,2.));
#1444 = VECTOR('',#1445,1.);
#1445 = DIRECTION('',(0.,0.,1.));
#1446 = PCURVE('',#372,#1447);
#1447 = DEFINITIONAL_REPRESENTATION('',(#1448),#1452);
#1448 = LINE('',#1449,#1450);
#1449 = CARTESIAN_POINT('',(0.,0.));
#1450 = VECTOR('',#1451,1.);
#1451 = DIRECTION('',(1.,0.));
#1452 = ( GEOMETRIC_REPRESENTATION_CONTEXT(2) 
PARAMETRIC_REPRESENTATION_CONTEXT() REPRESENTATION_CONTEXT('2D SPACE',''
  ) );
#1453 = PCURVE('',#344,#1454);
#1454 = DEFINITIONAL_REPRESENTATION('',(#1455),#1459);
#1455 = LINE('',#1456,#1457);
#1456 = CARTESIAN_POINT('',(0.,0.));
#1457 = VECTOR('',#1458,1.);
#1458 = DIRECTION('',(1.,0.));
#1459 = ( GEOMETRIC_REPRESENTATION_CONTEXT(2) 
PARAMETRIC_REPRESENTATION_CONTEXT() REPRESENTATION_CONTEXT('2D SPACE',''
  ) );
#1460 = ORIENTED_EDGE('',*,*,#1461,.T.);
#1461 = EDGE_CURVE('',#1439,#1272,#1462,.T.);
#1462 = SURFACE_CURVE('',#1463,(#1467,#1474),.PCURVE_S1.);
#1463 = LINE('',#1464,#1465);
#1464 = CARTESIAN_POINT('',(-83.,-83.,2.));
#1465 = VECTOR('',#1466,1.);
#1466 = DIRECTION('',(0.,1.,0.));
#1467 = PCURVE('',#372,#1468);
#1468 = DEFINITIONAL_REPRESENTATION('',(#1469),#1473);
#1469 = LINE('',#1470,#1471);
#1470 = CARTESIAN_POINT('',(0.,0.));
#1471 = VECTOR('',#1472,1.);
#1472 = DIRECTION('',(0.,-1.));
#1473 = ( GEOMETRIC_REPRESENTATION_CONTEXT(2) 
PARAMETRIC_REPRESENTATION_CONTEXT() REPRESENTATION_CONTEXT('2D SPACE',''
  ) );
#1474 = PCURVE('',#1287,#1475);
#1475 = DEFINITIONAL_REPRESENTATION('',(#1476),#1480);
#1476 = LINE('',#1477,#1478);
#1477 = CARTESIAN_POINT('',(0.,0.));
#1478 = VECTOR('',#1479,1.);
#1479 = DIRECTION('',(0.,1.));
#1480 = ( GEOMETRIC_REPRESENTATION_CONTEXT(2) 
PARAMETRIC_REPRESENTATION_CONTEXT() REPRESENTATION_CONTEXT('2D SPACE',''
  ) );
#1481 = ORIENTED_EDGE('',*,*,#1299,.T.);
#1482 = ORIENTED_EDGE('',*,*,#468,.F.);
#1483 = ORIENTED_EDGE('',*,*,#1484,.F.);
#1484 = EDGE_CURVE('',#1485,#441,#1487,.T.);
#1485 = VERTEX_POINT('',#1486);
#1486 = CARTESIAN_POINT('',(-83.,-40.3,11.8));
#1487 = SURFACE_CURVE('',#1488,(#1492,#1499),.PCURVE_S1.);
#1488 = LINE('',#1489,#1490);
#1489 = CARTESIAN_POINT('',(-83.,-40.3,6.9));
#1490 = VECTOR('',#1491,1.);
#1491 = DIRECTION('',(0.,0.,1.));
#1492 = PCURVE('',#372,#1493);
#1493 = DEFINITIONAL_REPRESENTATION('',(#1494),#1498);
#1494 = LINE('',#1495,#1496);
#1495 = CARTESIAN_POINT('',(4.9,-42.7));
#1496 = VECTOR('',#1497,1.);
#1497 = DIRECTION('',(1.,0.));
#1498 = ( GEOMETRIC_REPRESENTATION_CONTEXT(2) 
PARAMETRIC_REPRESENTATION_CONTEXT() REPRESENTATION_CONTEXT('2D SPACE',''
  ) );
#1499 = PCURVE('',#456,#1500);
#1500 = DEFINITIONAL_REPRESENTATION('',(#1501),#1505);
#1501 = LINE('',#1502,#1503);
#1502 = CARTESIAN_POINT('',(-4.9,2.));
#1503 = VECTOR('',#1504,1.);
#1504 = DIRECTION('',(1.,0.));
#1505 = ( GEOMETRIC_REPRESENTATION_CONTEXT(2) 
PARAMETRIC_REPRESENTATION_CONTEXT() REPRESENTATION_CONTEXT('2D SPACE',''
  ) );
#1506 = ORIENTED_EDGE('',*,*,#1507,.T.);
#1507 = EDGE_CURVE('',#1485,#1508,#1510,.T.);
#1508 = VERTEX_POINT('',#1509);
#1509 = CARTESIAN_POINT('',(-83.,-72.7,11.8));
#1510 = SURFACE_CURVE('',#1511,(#1515,#1522),.PCURVE_S1.);
#1511 = LINE('',#1512,#1513);
#1512 = CARTESIAN_POINT('',(-83.,-77.85,11.8));
#1513 = VECTOR('',#1514,1.);
#1514 = DIRECTION('',(0.,-1.,0.));
#1515 = PCURVE('',#372,#1516);
#1516 = DEFINITIONAL_REPRESENTATION('',(#1517),#1521);
#1517 = LINE('',#1518,#1519);
#1518 = CARTESIAN_POINT('',(9.8,-5.15));
#1519 = VECTOR('',#1520,1.);
#1520 = DIRECTION('',(0.,1.));
#1521 = ( GEOMETRIC_REPRESENTATION_CONTEXT(2) 
PARAMETRIC_REPRESENTATION_CONTEXT() REPRESENTATION_CONTEXT('2D SPACE',''
  ) );
#1522 = PCURVE('',#1523,#1528);
#1523 = PLANE('',#1524);
#1524 = AXIS2_PLACEMENT_3D('',#1525,#1526,#1527);
#1525 = CARTESIAN_POINT('',(-85.,-72.7,11.8));
#1526 = DIRECTION('',(0.,0.,1.));
#1527 = DIRECTION('',(1.,0.,0.));
#1528 = DEFINITIONAL_REPRESENTATION('',(#1529),#1533);
#1529 = LINE('',#1530,#1531);
#1530 = CARTESIAN_POINT('',(2.,-5.15));
#1531 = VECTOR('',#1532,1.);
#1532 = DIRECTION('',(0.,-1.));
#1533 = ( GEOMETRIC_REPRESENTATION_CONTEXT(2) 
PARAMETRIC_REPRESENTATION_CONTEXT() REPRESENTATION_CONTEXT('2D SPACE',''
  ) );
#1534 = ORIENTED_EDGE('',*,*,#1535,.T.);
#1535 = EDGE_CURVE('',#1508,#357,#1536,.T.);
#1536 = SURFACE_CURVE('',#1537,(#1541,#1548),.PCURVE_S1.);
#1537 = LINE('',#1538,#1539);
#1538 = CARTESIAN_POINT('',(-83.,-72.7,6.9));
#1539 = VECTOR('',#1540,1.);
#1540 = DIRECTION('',(0.,0.,1.));
#1541 = PCURVE('',#372,#1542);
#1542 = DEFINITIONAL_REPRESENTATION('',(#1543),#1547);
#1543 = LINE('',#1544,#1545);
#1544 = CARTESIAN_POINT('',(4.9,-10.3));
#1545 = VECTOR('',#1546,1.);
#1546 = DIRECTION('',(1.,0.));
#1547 = ( GEOMETRIC_REPRESENTATION_CONTEXT(2) 
PARAMETRIC_REPRESENTATION_CONTEXT() REPRESENTATION_CONTEXT('2D SPACE',''
  ) );
#1548 = PCURVE('',#400,#1549);
#1549 = DEFINITIONAL_REPRESENTATION('',(#1550),#1554);
#1550 = LINE('',#1551,#1552);
#1551 = CARTESIAN_POINT('',(-4.9,2.));
#1552 = VECTOR('',#1553,1.);
#1553 = DIRECTION('',(1.,0.));
#1554 = ( GEOMETRIC_REPRESENTATION_CONTEXT(2) 
PARAMETRIC_REPRESENTATION_CONTEXT() REPRESENTATION_CONTEXT('2D SPACE',''
  ) );
#1555 = ORIENTED_EDGE('',*,*,#356,.F.);
#1556 = ADVANCED_FACE('',(#1557),#456,.T.);
#1557 = FACE_BOUND('',#1558,.T.);
#1558 = EDGE_LOOP('',(#1559,#1582,#1583,#1584));
#1559 = ORIENTED_EDGE('',*,*,#1560,.F.);
#1560 = EDGE_CURVE('',#1485,#1561,#1563,.T.);
#1561 = VERTEX_POINT('',#1562);
#1562 = CARTESIAN_POINT('',(-82.8,-40.3,11.8));
#1563 = SURFACE_CURVE('',#1564,(#1568,#1575),.PCURVE_S1.);
#1564 = LINE('',#1565,#1566);
#1565 = CARTESIAN_POINT('',(-85.,-40.3,11.8));
#1566 = VECTOR('',#1567,1.);
#1567 = DIRECTION('',(1.,0.,0.));
#1568 = PCURVE('',#456,#1569);
#1569 = DEFINITIONAL_REPRESENTATION('',(#1570),#1574);
#1570 = LINE('',#1571,#1572);
#1571 = CARTESIAN_POINT('',(0.,0.));
#1572 = VECTOR('',#1573,1.);
#1573 = DIRECTION('',(0.,1.));
#1574 = ( GEOMETRIC_REPRESENTATION_CONTEXT(2) 
PARAMETRIC_REPRESENTATION_CONTEXT() REPRESENTATION_CONTEXT('2D SPACE',''
  ) );
#1575 = PCURVE('',#1523,#1576);
#1576 = DEFINITIONAL_REPRESENTATION('',(#1577),#1581);
#1577 = LINE('',#1578,#1579);
#1578 = CARTESIAN_POINT('',(0.,32.4));
#1579 = VECTOR('',#1580,1.);
#1580 = DIRECTION('',(1.,0.));
#1581 = ( GEOMETRIC_REPRESENTATION_CONTEXT(2) 
PARAMETRIC_REPRESENTATION_CONTEXT() REPRESENTATION_CONTEXT('2D SPACE',''
  ) );
#1582 = ORIENTED_EDGE('',*,*,#1484,.T.);
#1583 = ORIENTED_EDGE('',*,*,#440,.T.);
#1584 = ORIENTED_EDGE('',*,*,#1585,.F.);
#1585 = EDGE_CURVE('',#1561,#413,#1586,.T.);
#1586 = SURFACE_CURVE('',#1587,(#1591,#1598),.PCURVE_S1.);
#1587 = LINE('',#1588,#1589);
#1588 = CARTESIAN_POINT('',(-82.8,-40.3,11.8));
#1589 = VECTOR('',#1590,1.);
#1590 = DIRECTION('',(0.,0.,1.));
#1591 = PCURVE('',#456,#1592);
#1592 = DEFINITIONAL_REPRESENTATION('',(#1593),#1597);
#1593 = LINE('',#1594,#1595);
#1594 = CARTESIAN_POINT('',(0.,2.2));
#1595 = VECTOR('',#1596,1.);
#1596 = DIRECTION('',(1.,0.));
#1597 = ( GEOMETRIC_REPRESENTATION_CONTEXT(2) 
PARAMETRIC_REPRESENTATION_CONTEXT() REPRESENTATION_CONTEXT('2D SPACE',''
  ) );
#1598 = PCURVE('',#428,#1599);
#1599 = DEFINITIONAL_REPRESENTATION('',(#1600),#1604);
#1600 = LINE('',#1601,#1602);
#1601 = CARTESIAN_POINT('',(0.,-32.4));
#1602 = VECTOR('',#1603,1.);
#1603 = DIRECTION('',(1.,0.));
#1604 = ( GEOMETRIC_REPRESENTATION_CONTEXT(2) 
PARAMETRIC_REPRESENTATION_CONTEXT() REPRESENTATION_CONTEXT('2D SPACE',''
  ) );
#1605 = ADVANCED_FACE('',(#1606),#428,.T.);
#1606 = FACE_BOUND('',#1607,.T.);
#1607 = EDGE_LOOP('',(#1608,#1631,#1652,#1653));
#1608 = ORIENTED_EDGE('',*,*,#1609,.F.);
#1609 = EDGE_CURVE('',#1610,#385,#1612,.T.);
#1610 = VERTEX_POINT('',#1611);
#1611 = CARTESIAN_POINT('',(-82.8,-72.7,11.8));
#1612 = SURFACE_CURVE('',#1613,(#1617,#1624),.PCURVE_S1.);
#1613 = LINE('',#1614,#1615);
#1614 = CARTESIAN_POINT('',(-82.8,-72.7,11.8));
#1615 = VECTOR('',#1616,1.);
#1616 = DIRECTION('',(0.,0.,1.));
#1617 = PCURVE('',#428,#1618);
#1618 = DEFINITIONAL_REPRESENTATION('',(#1619),#1623);
#1619 = LINE('',#1620,#1621);
#1620 = CARTESIAN_POINT('',(0.,0.));
#1621 = VECTOR('',#1622,1.);
#1622 = DIRECTION('',(1.,0.));
#1623 = ( GEOMETRIC_REPRESENTATION_CONTEXT(2) 
PARAMETRIC_REPRESENTATION_CONTEXT() REPRESENTATION_CONTEXT('2D SPACE',''
  ) );
#1624 = PCURVE('',#400,#1625);
#1625 = DEFINITIONAL_REPRESENTATION('',(#1626),#1630);
#1626 = LINE('',#1627,#1628);
#1627 = CARTESIAN_POINT('',(0.,2.2));
#1628 = VECTOR('',#1629,1.);
#1629 = DIRECTION('',(1.,0.));
#1630 = ( GEOMETRIC_REPRESENTATION_CONTEXT(2) 
PARAMETRIC_REPRESENTATION_CONTEXT() REPRESENTATION_CONTEXT('2D SPACE',''
  ) );
#1631 = ORIENTED_EDGE('',*,*,#1632,.T.);
#1632 = EDGE_CURVE('',#1610,#1561,#1633,.T.);
#1633 = SURFACE_CURVE('',#1634,(#1638,#1645),.PCURVE_S1.);
#1634 = LINE('',#1635,#1636);
#1635 = CARTESIAN_POINT('',(-82.8,-72.7,11.8));
#1636 = VECTOR('',#1637,1.);
#1637 = DIRECTION('',(0.,1.,0.));
#1638 = PCURVE('',#428,#1639);
#1639 = DEFINITIONAL_REPRESENTATION('',(#1640),#1644);
#1640 = LINE('',#1641,#1642);
#1641 = CARTESIAN_POINT('',(0.,0.));
#1642 = VECTOR('',#1643,1.);
#1643 = DIRECTION('',(0.,-1.));
#1644 = ( GEOMETRIC_REPRESENTATION_CONTEXT(2) 
PARAMETRIC_REPRESENTATION_CONTEXT() REPRESENTATION_CONTEXT('2D SPACE',''
  ) );
#1645 = PCURVE('',#1523,#1646);
#1646 = DEFINITIONAL_REPRESENTATION('',(#1647),#1651);
#1647 = LINE('',#1648,#1649);
#1648 = CARTESIAN_POINT('',(2.2,0.));
#1649 = VECTOR('',#1650,1.);
#1650 = DIRECTION('',(0.,1.));
#1651 = ( GEOMETRIC_REPRESENTATION_CONTEXT(2) 
PARAMETRIC_REPRESENTATION_CONTEXT() REPRESENTATION_CONTEXT('2D SPACE',''
  ) );
#1652 = ORIENTED_EDGE('',*,*,#1585,.T.);
#1653 = ORIENTED_EDGE('',*,*,#412,.F.);
#1654 = ADVANCED_FACE('',(#1655),#400,.F.);
#1655 = FACE_BOUND('',#1656,.F.);
#1656 = EDGE_LOOP('',(#1657,#1678,#1679,#1680));
#1657 = ORIENTED_EDGE('',*,*,#1658,.F.);
#1658 = EDGE_CURVE('',#1508,#1610,#1659,.T.);
#1659 = SURFACE_CURVE('',#1660,(#1664,#1671),.PCURVE_S1.);
#1660 = LINE('',#1661,#1662);
#1661 = CARTESIAN_POINT('',(-85.,-72.7,11.8));
#1662 = VECTOR('',#1663,1.);
#1663 = DIRECTION('',(1.,0.,0.));
#1664 = PCURVE('',#400,#1665);
#1665 = DEFINITIONAL_REPRESENTATION('',(#1666),#1670);
#1666 = LINE('',#1667,#1668);
#1667 = CARTESIAN_POINT('',(0.,0.));
#1668 = VECTOR('',#1669,1.);
#1669 = DIRECTION('',(0.,1.));
#1670 = ( GEOMETRIC_REPRESENTATION_CONTEXT(2) 
PARAMETRIC_REPRESENTATION_CONTEXT() REPRESENTATION_CONTEXT('2D SPACE',''
  ) );
#1671 = PCURVE('',#1523,#1672);
#1672 = DEFINITIONAL_REPRESENTATION('',(#1673),#1677);
#1673 = LINE('',#1674,#1675);
#1674 = CARTESIAN_POINT('',(0.,0.));
#1675 = VECTOR('',#1676,1.);
#1676 = DIRECTION('',(1.,0.));
#1677 = ( GEOMETRIC_REPRESENTATION_CONTEXT(2) 
PARAMETRIC_REPRESENTATION_CONTEXT() REPRESENTATION_CONTEXT('2D SPACE',''
  ) );
#1678 = ORIENTED_EDGE('',*,*,#1535,.T.);
#1679 = ORIENTED_EDGE('',*,*,#384,.T.);
#1680 = ORIENTED_EDGE('',*,*,#1609,.F.);
#1681 = ADVANCED_FACE('',(#1682),#344,.T.);
#1682 = FACE_BOUND('',#1683,.T.);
#1683 = EDGE_LOOP('',(#1684,#1709,#1730,#1731,#1732,#1755,#1783,#1811,
    #1839,#1867));
#1684 = ORIENTED_EDGE('',*,*,#1685,.F.);
#1685 = EDGE_CURVE('',#1686,#1688,#1690,.T.);
#1686 = VERTEX_POINT('',#1687);
#1687 = CARTESIAN_POINT('',(-7.,-83.,2.));
#1688 = VERTEX_POINT('',#1689);
#1689 = CARTESIAN_POINT('',(-7.,-83.,60.));
#1690 = SURFACE_CURVE('',#1691,(#1695,#1702),.PCURVE_S1.);
#1691 = LINE('',#1692,#1693);
#1692 = CARTESIAN_POINT('',(-7.,-83.,2.));
#1693 = VECTOR('',#1694,1.);
#1694 = DIRECTION('',(0.,0.,1.));
#1695 = PCURVE('',#344,#1696);
#1696 = DEFINITIONAL_REPRESENTATION('',(#1697),#1701);
#1697 = LINE('',#1698,#1699);
#1698 = CARTESIAN_POINT('',(0.,76.));
#1699 = VECTOR('',#1700,1.);
#1700 = DIRECTION('',(1.,0.));
#1701 = ( GEOMETRIC_REPRESENTATION_CONTEXT(2) 
PARAMETRIC_REPRESENTATION_CONTEXT() REPRESENTATION_CONTEXT('2D SPACE',''
  ) );
#1702 = PCURVE('',#1259,#1703);
#1703 = DEFINITIONAL_REPRESENTATION('',(#1704),#1708);
#1704 = LINE('',#1705,#1706);
#1705 = CARTESIAN_POINT('',(0.,0.));
#1706 = VECTOR('',#1707,1.);
#1707 = DIRECTION('',(1.,0.));
#1708 = ( GEOMETRIC_REPRESENTATION_CONTEXT(2) 
PARAMETRIC_REPRESENTATION_CONTEXT() REPRESENTATION_CONTEXT('2D SPACE',''
  ) );
#1709 = ORIENTED_EDGE('',*,*,#1710,.F.);
#1710 = EDGE_CURVE('',#1439,#1686,#1711,.T.);
#1711 = SURFACE_CURVE('',#1712,(#1716,#1723),.PCURVE_S1.);
#1712 = LINE('',#1713,#1714);
#1713 = CARTESIAN_POINT('',(-83.,-83.,2.));
#1714 = VECTOR('',#1715,1.);
#1715 = DIRECTION('',(1.,0.,0.));
#1716 = PCURVE('',#344,#1717);
#1717 = DEFINITIONAL_REPRESENTATION('',(#1718),#1722);
#1718 = LINE('',#1719,#1720);
#1719 = CARTESIAN_POINT('',(0.,0.));
#1720 = VECTOR('',#1721,1.);
#1721 = DIRECTION('',(0.,1.));
#1722 = ( GEOMETRIC_REPRESENTATION_CONTEXT(2) 
PARAMETRIC_REPRESENTATION_CONTEXT() REPRESENTATION_CONTEXT('2D SPACE',''
  ) );
#1723 = PCURVE('',#1287,#1724);
#1724 = DEFINITIONAL_REPRESENTATION('',(#1725),#1729);
#1725 = LINE('',#1726,#1727);
#1726 = CARTESIAN_POINT('',(0.,0.));
#1727 = VECTOR('',#1728,1.);
#1728 = DIRECTION('',(1.,0.));
#1729 = ( GEOMETRIC_REPRESENTATION_CONTEXT(2) 
PARAMETRIC_REPRESENTATION_CONTEXT() REPRESENTATION_CONTEXT('2D SPACE',''
  ) );
#1730 = ORIENTED_EDGE('',*,*,#1438,.T.);
#1731 = ORIENTED_EDGE('',*,*,#328,.F.);
#1732 = ORIENTED_EDGE('',*,*,#1733,.T.);
#1733 = EDGE_CURVE('',#301,#1734,#1736,.T.);
#1734 = VERTEX_POINT('',#1735);
#1735 = CARTESIAN_POINT('',(-69.2,-83.,11.8));
#1736 = SURFACE_CURVE('',#1737,(#1741,#1748),.PCURVE_S1.);
#1737 = LINE('',#1738,#1739);
#1738 = CARTESIAN_POINT('',(-69.2,-83.,6.9));
#1739 = VECTOR('',#1740,1.);
#1740 = DIRECTION('',(0.,0.,-1.));
#1741 = PCURVE('',#344,#1742);
#1742 = DEFINITIONAL_REPRESENTATION('',(#1743),#1747);
#1743 = LINE('',#1744,#1745);
#1744 = CARTESIAN_POINT('',(4.9,13.8));
#1745 = VECTOR('',#1746,1.);
#1746 = DIRECTION('',(-1.,0.));
#1747 = ( GEOMETRIC_REPRESENTATION_CONTEXT(2) 
PARAMETRIC_REPRESENTATION_CONTEXT() REPRESENTATION_CONTEXT('2D SPACE',''
  ) );
#1748 = PCURVE('',#316,#1749);
#1749 = DEFINITIONAL_REPRESENTATION('',(#1750),#1754);
#1750 = LINE('',#1751,#1752);
#1751 = CARTESIAN_POINT('',(-4.9,-2.));
#1752 = VECTOR('',#1753,1.);
#1753 = DIRECTION('',(-1.,0.));
#1754 = ( GEOMETRIC_REPRESENTATION_CONTEXT(2) 
PARAMETRIC_REPRESENTATION_CONTEXT() REPRESENTATION_CONTEXT('2D SPACE',''
  ) );
#1755 = ORIENTED_EDGE('',*,*,#1756,.T.);
#1756 = EDGE_CURVE('',#1734,#1757,#1759,.T.);
#1757 = VERTEX_POINT('',#1758);
#1758 = CARTESIAN_POINT('',(-20.8,-83.,11.8));
#1759 = SURFACE_CURVE('',#1760,(#1764,#1771),.PCURVE_S1.);
#1760 = LINE('',#1761,#1762);
#1761 = CARTESIAN_POINT('',(-76.1,-83.,11.8));
#1762 = VECTOR('',#1763,1.);
#1763 = DIRECTION('',(1.,0.,0.));
#1764 = PCURVE('',#344,#1765);
#1765 = DEFINITIONAL_REPRESENTATION('',(#1766),#1770);
#1766 = LINE('',#1767,#1768);
#1767 = CARTESIAN_POINT('',(9.8,6.9));
#1768 = VECTOR('',#1769,1.);
#1769 = DIRECTION('',(0.,1.));
#1770 = ( GEOMETRIC_REPRESENTATION_CONTEXT(2) 
PARAMETRIC_REPRESENTATION_CONTEXT() REPRESENTATION_CONTEXT('2D SPACE',''
  ) );
#1771 = PCURVE('',#1772,#1777);
#1772 = PLANE('',#1773);
#1773 = AXIS2_PLACEMENT_3D('',#1774,#1775,#1776);
#1774 = CARTESIAN_POINT('',(-69.2,-85.,11.8));
#1775 = DIRECTION('',(0.,0.,1.));
#1776 = DIRECTION('',(1.,0.,0.));
#1777 = DEFINITIONAL_REPRESENTATION('',(#1778),#1782);
#1778 = LINE('',#1779,#1780);
#1779 = CARTESIAN_POINT('',(-6.9,2.));
#1780 = VECTOR('',#1781,1.);
#1781 = DIRECTION('',(1.,0.));
#1782 = ( GEOMETRIC_REPRESENTATION_CONTEXT(2) 
PARAMETRIC_REPRESENTATION_CONTEXT() REPRESENTATION_CONTEXT('2D SPACE',''
  ) );
#1783 = ORIENTED_EDGE('',*,*,#1784,.F.);
#1784 = EDGE_CURVE('',#1785,#1757,#1787,.T.);
#1785 = VERTEX_POINT('',#1786);
#1786 = CARTESIAN_POINT('',(-20.8,-83.,12.));
#1787 = SURFACE_CURVE('',#1788,(#1792,#1799),.PCURVE_S1.);
#1788 = LINE('',#1789,#1790);
#1789 = CARTESIAN_POINT('',(-20.8,-83.,6.9));
#1790 = VECTOR('',#1791,1.);
#1791 = DIRECTION('',(0.,0.,-1.));
#1792 = PCURVE('',#344,#1793);
#1793 = DEFINITIONAL_REPRESENTATION('',(#1794),#1798);
#1794 = LINE('',#1795,#1796);
#1795 = CARTESIAN_POINT('',(4.9,62.2));
#1796 = VECTOR('',#1797,1.);
#1797 = DIRECTION('',(-1.,0.));
#1798 = ( GEOMETRIC_REPRESENTATION_CONTEXT(2) 
PARAMETRIC_REPRESENTATION_CONTEXT() REPRESENTATION_CONTEXT('2D SPACE',''
  ) );
#1799 = PCURVE('',#1800,#1805);
#1800 = PLANE('',#1801);
#1801 = AXIS2_PLACEMENT_3D('',#1802,#1803,#1804);
#1802 = CARTESIAN_POINT('',(-20.8,-85.,11.8));
#1803 = DIRECTION('',(1.,0.,0.));
#1804 = DIRECTION('',(0.,0.,1.));
#1805 = DEFINITIONAL_REPRESENTATION('',(#1806),#1810);
#1806 = LINE('',#1807,#1808);
#1807 = CARTESIAN_POINT('',(-4.9,-2.));
#1808 = VECTOR('',#1809,1.);
#1809 = DIRECTION('',(-1.,0.));
#1810 = ( GEOMETRIC_REPRESENTATION_CONTEXT(2) 
PARAMETRIC_REPRESENTATION_CONTEXT() REPRESENTATION_CONTEXT('2D SPACE',''
  ) );
#1811 = ORIENTED_EDGE('',*,*,#1812,.T.);
#1812 = EDGE_CURVE('',#1785,#1813,#1815,.T.);
#1813 = VERTEX_POINT('',#1814);
#1814 = CARTESIAN_POINT('',(-12.,-83.,12.));
#1815 = SURFACE_CURVE('',#1816,(#1820,#1827),.PCURVE_S1.);
#1816 = LINE('',#1817,#1818);
#1817 = CARTESIAN_POINT('',(-56.5,-83.,12.));
#1818 = VECTOR('',#1819,1.);
#1819 = DIRECTION('',(1.,0.,0.));
#1820 = PCURVE('',#344,#1821);
#1821 = DEFINITIONAL_REPRESENTATION('',(#1822),#1826);
#1822 = LINE('',#1823,#1824);
#1823 = CARTESIAN_POINT('',(10.,26.5));
#1824 = VECTOR('',#1825,1.);
#1825 = DIRECTION('',(0.,1.));
#1826 = ( GEOMETRIC_REPRESENTATION_CONTEXT(2) 
PARAMETRIC_REPRESENTATION_CONTEXT() REPRESENTATION_CONTEXT('2D SPACE',''
  ) );
#1827 = PCURVE('',#1828,#1833);
#1828 = PLANE('',#1829);
#1829 = AXIS2_PLACEMENT_3D('',#1830,#1831,#1832);
#1830 = CARTESIAN_POINT('',(-30.,-85.7,12.));
#1831 = DIRECTION('',(0.,0.,1.));
#1832 = DIRECTION('',(1.,0.,0.));
#1833 = DEFINITIONAL_REPRESENTATION('',(#1834),#1838);
#1834 = LINE('',#1835,#1836);
#1835 = CARTESIAN_POINT('',(-26.5,2.7));
#1836 = VECTOR('',#1837,1.);
#1837 = DIRECTION('',(1.,0.));
#1838 = ( GEOMETRIC_REPRESENTATION_CONTEXT(2) 
PARAMETRIC_REPRESENTATION_CONTEXT() REPRESENTATION_CONTEXT('2D SPACE',''
  ) );
#1839 = ORIENTED_EDGE('',*,*,#1840,.F.);
#1840 = EDGE_CURVE('',#1841,#1813,#1843,.T.);
#1841 = VERTEX_POINT('',#1842);
#1842 = CARTESIAN_POINT('',(-12.,-83.,60.));
#1843 = SURFACE_CURVE('',#1844,(#1848,#1855),.PCURVE_S1.);
#1844 = LINE('',#1845,#1846);
#1845 = CARTESIAN_POINT('',(-12.,-83.,7.));
#1846 = VECTOR('',#1847,1.);
#1847 = DIRECTION('',(0.,0.,-1.));
#1848 = PCURVE('',#344,#1849);
#1849 = DEFINITIONAL_REPRESENTATION('',(#1850),#1854);
#1850 = LINE('',#1851,#1852);
#1851 = CARTESIAN_POINT('',(5.,71.));
#1852 = VECTOR('',#1853,1.);
#1853 = DIRECTION('',(-1.,0.));
#1854 = ( GEOMETRIC_REPRESENTATION_CONTEXT(2) 
PARAMETRIC_REPRESENTATION_CONTEXT() REPRESENTATION_CONTEXT('2D SPACE',''
  ) );
#1855 = PCURVE('',#1856,#1861);
#1856 = PLANE('',#1857);
#1857 = AXIS2_PLACEMENT_3D('',#1858,#1859,#1860);
#1858 = CARTESIAN_POINT('',(-12.,-85.7,12.));
#1859 = DIRECTION('',(1.,0.,0.));
#1860 = DIRECTION('',(0.,0.,1.));
#1861 = DEFINITIONAL_REPRESENTATION('',(#1862),#1866);
#1862 = LINE('',#1863,#1864);
#1863 = CARTESIAN_POINT('',(-5.,-2.7));
#1864 = VECTOR('',#1865,1.);
#1865 = DIRECTION('',(-1.,0.));
#1866 = ( GEOMETRIC_REPRESENTATION_CONTEXT(2) 
PARAMETRIC_REPRESENTATION_CONTEXT() REPRESENTATION_CONTEXT('2D SPACE',''
  ) );
#1867 = ORIENTED_EDGE('',*,*,#1868,.F.);
#1868 = EDGE_CURVE('',#1688,#1841,#1869,.T.);
#1869 = SURFACE_CURVE('',#1870,(#1874,#1881),.PCURVE_S1.);
#1870 = LINE('',#1871,#1872);
#1871 = CARTESIAN_POINT('',(-84.,-83.,60.));
#1872 = VECTOR('',#1873,1.);
#1873 = DIRECTION('',(-1.,0.,0.));
#1874 = PCURVE('',#344,#1875);
#1875 = DEFINITIONAL_REPRESENTATION('',(#1876),#1880);
#1876 = LINE('',#1877,#1878);
#1877 = CARTESIAN_POINT('',(58.,-1.));
#1878 = VECTOR('',#1879,1.);
#1879 = DIRECTION('',(0.,-1.));
#1880 = ( GEOMETRIC_REPRESENTATION_CONTEXT(2) 
PARAMETRIC_REPRESENTATION_CONTEXT() REPRESENTATION_CONTEXT('2D SPACE',''
  ) );
#1881 = PCURVE('',#1882,#1887);
#1882 = PLANE('',#1883);
#1883 = AXIS2_PLACEMENT_3D('',#1884,#1885,#1886);
#1884 = CARTESIAN_POINT('',(-85.,-85.,60.));
#1885 = DIRECTION('',(0.,0.,1.));
#1886 = DIRECTION('',(1.,0.,-0.));
#1887 = DEFINITIONAL_REPRESENTATION('',(#1888),#1892);
#1888 = LINE('',#1889,#1890);
#1889 = CARTESIAN_POINT('',(1.,2.));
#1890 = VECTOR('',#1891,1.);
#1891 = DIRECTION('',(-1.,0.));
#1892 = ( GEOMETRIC_REPRESENTATION_CONTEXT(2) 
PARAMETRIC_REPRESENTATION_CONTEXT() REPRESENTATION_CONTEXT('2D SPACE',''
  ) );
#1893 = ADVANCED_FACE('',(#1894),#316,.F.);
#1894 = FACE_BOUND('',#1895,.F.);
#1895 = EDGE_LOOP('',(#1896,#1897,#1898,#1921));
#1896 = ORIENTED_EDGE('',*,*,#300,.F.);
#1897 = ORIENTED_EDGE('',*,*,#1733,.T.);
#1898 = ORIENTED_EDGE('',*,*,#1899,.T.);
#1899 = EDGE_CURVE('',#1734,#1900,#1902,.T.);
#1900 = VERTEX_POINT('',#1901);
#1901 = CARTESIAN_POINT('',(-69.2,-82.8,11.8));
#1902 = SURFACE_CURVE('',#1903,(#1907,#1914),.PCURVE_S1.);
#1903 = LINE('',#1904,#1905);
#1904 = CARTESIAN_POINT('',(-69.2,-85.,11.8));
#1905 = VECTOR('',#1906,1.);
#1906 = DIRECTION('',(0.,1.,0.));
#1907 = PCURVE('',#316,#1908);
#1908 = DEFINITIONAL_REPRESENTATION('',(#1909),#1913);
#1909 = LINE('',#1910,#1911);
#1910 = CARTESIAN_POINT('',(0.,0.));
#1911 = VECTOR('',#1912,1.);
#1912 = DIRECTION('',(0.,-1.));
#1913 = ( GEOMETRIC_REPRESENTATION_CONTEXT(2) 
PARAMETRIC_REPRESENTATION_CONTEXT() REPRESENTATION_CONTEXT('2D SPACE',''
  ) );
#1914 = PCURVE('',#1772,#1915);
#1915 = DEFINITIONAL_REPRESENTATION('',(#1916),#1920);
#1916 = LINE('',#1917,#1918);
#1917 = CARTESIAN_POINT('',(0.,0.));
#1918 = VECTOR('',#1919,1.);
#1919 = DIRECTION('',(0.,1.));
#1920 = ( GEOMETRIC_REPRESENTATION_CONTEXT(2) 
PARAMETRIC_REPRESENTATION_CONTEXT() REPRESENTATION_CONTEXT('2D SPACE',''
  ) );
#1921 = ORIENTED_EDGE('',*,*,#1922,.T.);
#1922 = EDGE_CURVE('',#1900,#273,#1923,.T.);
#1923 = SURFACE_CURVE('',#1924,(#1928,#1935),.PCURVE_S1.);
#1924 = LINE('',#1925,#1926);
#1925 = CARTESIAN_POINT('',(-69.2,-82.8,11.8));
#1926 = VECTOR('',#1927,1.);
#1927 = DIRECTION('',(0.,0.,1.));
#1928 = PCURVE('',#316,#1929);
#1929 = DEFINITIONAL_REPRESENTATION('',(#1930),#1934);
#1930 = LINE('',#1931,#1932);
#1931 = CARTESIAN_POINT('',(0.,-2.2));
#1932 = VECTOR('',#1933,1.);
#1933 = DIRECTION('',(1.,0.));
#1934 = ( GEOMETRIC_REPRESENTATION_CONTEXT(2) 
PARAMETRIC_REPRESENTATION_CONTEXT() REPRESENTATION_CONTEXT('2D SPACE',''
  ) );
#1935 = PCURVE('',#288,#1936);
#1936 = DEFINITIONAL_REPRESENTATION('',(#1937),#1941);
#1937 = LINE('',#1938,#1939);
#1938 = CARTESIAN_POINT('',(0.,0.));
#1939 = VECTOR('',#1940,1.);
#1940 = DIRECTION('',(1.,0.));
#1941 = ( GEOMETRIC_REPRESENTATION_CONTEXT(2) 
PARAMETRIC_REPRESENTATION_CONTEXT() REPRESENTATION_CONTEXT('2D SPACE',''
  ) );
#1942 = ADVANCED_FACE('',(#1943),#288,.T.);
#1943 = FACE_BOUND('',#1944,.T.);
#1944 = EDGE_LOOP('',(#1945,#1970,#1991,#1992,#1993,#2016));
#1945 = ORIENTED_EDGE('',*,*,#1946,.F.);
#1946 = EDGE_CURVE('',#1947,#1949,#1951,.T.);
#1947 = VERTEX_POINT('',#1948);
#1948 = CARTESIAN_POINT('',(-20.8,-82.8,11.8));
#1949 = VERTEX_POINT('',#1950);
#1950 = CARTESIAN_POINT('',(-20.8,-82.8,12.));
#1951 = SURFACE_CURVE('',#1952,(#1956,#1963),.PCURVE_S1.);
#1952 = LINE('',#1953,#1954);
#1953 = CARTESIAN_POINT('',(-20.8,-82.8,11.8));
#1954 = VECTOR('',#1955,1.);
#1955 = DIRECTION('',(0.,0.,1.));
#1956 = PCURVE('',#288,#1957);
#1957 = DEFINITIONAL_REPRESENTATION('',(#1958),#1962);
#1958 = LINE('',#1959,#1960);
#1959 = CARTESIAN_POINT('',(0.,48.4));
#1960 = VECTOR('',#1961,1.);
#1961 = DIRECTION('',(1.,0.));
#1962 = ( GEOMETRIC_REPRESENTATION_CONTEXT(2) 
PARAMETRIC_REPRESENTATION_CONTEXT() REPRESENTATION_CONTEXT('2D SPACE',''
  ) );
#1963 = PCURVE('',#1800,#1964);
#1964 = DEFINITIONAL_REPRESENTATION('',(#1965),#1969);
#1965 = LINE('',#1966,#1967);
#1966 = CARTESIAN_POINT('',(0.,-2.2));
#1967 = VECTOR('',#1968,1.);
#1968 = DIRECTION('',(1.,0.));
#1969 = ( GEOMETRIC_REPRESENTATION_CONTEXT(2) 
PARAMETRIC_REPRESENTATION_CONTEXT() REPRESENTATION_CONTEXT('2D SPACE',''
  ) );
#1970 = ORIENTED_EDGE('',*,*,#1971,.F.);
#1971 = EDGE_CURVE('',#1900,#1947,#1972,.T.);
#1972 = SURFACE_CURVE('',#1973,(#1977,#1984),.PCURVE_S1.);
#1973 = LINE('',#1974,#1975);
#1974 = CARTESIAN_POINT('',(-69.2,-82.8,11.8));
#1975 = VECTOR('',#1976,1.);
#1976 = DIRECTION('',(1.,0.,0.));
#1977 = PCURVE('',#288,#1978);
#1978 = DEFINITIONAL_REPRESENTATION('',(#1979),#1983);
#1979 = LINE('',#1980,#1981);
#1980 = CARTESIAN_POINT('',(0.,0.));
#1981 = VECTOR('',#1982,1.);
#1982 = DIRECTION('',(0.,1.));
#1983 = ( GEOMETRIC_REPRESENTATION_CONTEXT(2) 
PARAMETRIC_REPRESENTATION_CONTEXT() REPRESENTATION_CONTEXT('2D SPACE',''
  ) );
#1984 = PCURVE('',#1772,#1985);
#1985 = DEFINITIONAL_REPRESENTATION('',(#1986),#1990);
#1986 = LINE('',#1987,#1988);
#1987 = CARTESIAN_POINT('',(0.,2.2));
#1988 = VECTOR('',#1989,1.);
#1989 = DIRECTION('',(1.,0.));
#1990 = ( GEOMETRIC_REPRESENTATION_CONTEXT(2) 
PARAMETRIC_REPRESENTATION_CONTEXT() REPRESENTATION_CONTEXT('2D SPACE',''
  ) );
#1991 = ORIENTED_EDGE('',*,*,#1922,.T.);
#1992 = ORIENTED_EDGE('',*,*,#272,.T.);
#1993 = ORIENTED_EDGE('',*,*,#1994,.T.);
#1994 = EDGE_CURVE('',#245,#1995,#1997,.T.);
#1995 = VERTEX_POINT('',#1996);
#1996 = CARTESIAN_POINT('',(-30.,-82.8,12.));
#1997 = SURFACE_CURVE('',#1998,(#2002,#2009),.PCURVE_S1.);
#1998 = LINE('',#1999,#2000);
#1999 = CARTESIAN_POINT('',(-30.,-82.8,11.9));
#2000 = VECTOR('',#2001,1.);
#2001 = DIRECTION('',(0.,0.,-1.));
#2002 = PCURVE('',#288,#2003);
#2003 = DEFINITIONAL_REPRESENTATION('',(#2004),#2008);
#2004 = LINE('',#2005,#2006);
#2005 = CARTESIAN_POINT('',(1.E-01,39.2));
#2006 = VECTOR('',#2007,1.);
#2007 = DIRECTION('',(-1.,0.));
#2008 = ( GEOMETRIC_REPRESENTATION_CONTEXT(2) 
PARAMETRIC_REPRESENTATION_CONTEXT() REPRESENTATION_CONTEXT('2D SPACE',''
  ) );
#2009 = PCURVE('',#260,#2010);
#2010 = DEFINITIONAL_REPRESENTATION('',(#2011),#2015);
#2011 = LINE('',#2012,#2013);
#2012 = CARTESIAN_POINT('',(-1.E-01,-2.9));
#2013 = VECTOR('',#2014,1.);
#2014 = DIRECTION('',(-1.,0.));
#2015 = ( GEOMETRIC_REPRESENTATION_CONTEXT(2) 
PARAMETRIC_REPRESENTATION_CONTEXT() REPRESENTATION_CONTEXT('2D SPACE',''
  ) );
#2016 = ORIENTED_EDGE('',*,*,#2017,.T.);
#2017 = EDGE_CURVE('',#1995,#1949,#2018,.T.);
#2018 = SURFACE_CURVE('',#2019,(#2023,#2030),.PCURVE_S1.);
#2019 = LINE('',#2020,#2021);
#2020 = CARTESIAN_POINT('',(-49.6,-82.8,12.));
#2021 = VECTOR('',#2022,1.);
#2022 = DIRECTION('',(1.,0.,0.));
#2023 = PCURVE('',#288,#2024);
#2024 = DEFINITIONAL_REPRESENTATION('',(#2025),#2029);
#2025 = LINE('',#2026,#2027);
#2026 = CARTESIAN_POINT('',(0.2,19.6));
#2027 = VECTOR('',#2028,1.);
#2028 = DIRECTION('',(0.,1.));
#2029 = ( GEOMETRIC_REPRESENTATION_CONTEXT(2) 
PARAMETRIC_REPRESENTATION_CONTEXT() REPRESENTATION_CONTEXT('2D SPACE',''
  ) );
#2030 = PCURVE('',#1828,#2031);
#2031 = DEFINITIONAL_REPRESENTATION('',(#2032),#2036);
#2032 = LINE('',#2033,#2034);
#2033 = CARTESIAN_POINT('',(-19.6,2.9));
#2034 = VECTOR('',#2035,1.);
#2035 = DIRECTION('',(1.,0.));
#2036 = ( GEOMETRIC_REPRESENTATION_CONTEXT(2) 
PARAMETRIC_REPRESENTATION_CONTEXT() REPRESENTATION_CONTEXT('2D SPACE',''
  ) );
#2037 = ADVANCED_FACE('',(#2038),#260,.T.);
#2038 = FACE_BOUND('',#2039,.T.);
#2039 = EDGE_LOOP('',(#2040,#2063,#2084,#2085));
#2040 = ORIENTED_EDGE('',*,*,#2041,.T.);
#2041 = EDGE_CURVE('',#217,#2042,#2044,.T.);
#2042 = VERTEX_POINT('',#2043);
#2043 = CARTESIAN_POINT('',(-30.,-85.,12.));
#2044 = SURFACE_CURVE('',#2045,(#2049,#2056),.PCURVE_S1.);
#2045 = LINE('',#2046,#2047);
#2046 = CARTESIAN_POINT('',(-30.,-85.,6.));
#2047 = VECTOR('',#2048,1.);
#2048 = DIRECTION('',(0.,0.,-1.));
#2049 = PCURVE('',#260,#2050);
#2050 = DEFINITIONAL_REPRESENTATION('',(#2051),#2055);
#2051 = LINE('',#2052,#2053);
#2052 = CARTESIAN_POINT('',(-6.,-0.7));
#2053 = VECTOR('',#2054,1.);
#2054 = DIRECTION('',(-1.,0.));
#2055 = ( GEOMETRIC_REPRESENTATION_CONTEXT(2) 
PARAMETRIC_REPRESENTATION_CONTEXT() REPRESENTATION_CONTEXT('2D SPACE',''
  ) );
#2056 = PCURVE('',#232,#2057);
#2057 = DEFINITIONAL_REPRESENTATION('',(#2058),#2062);
#2058 = LINE('',#2059,#2060);
#2059 = CARTESIAN_POINT('',(6.,55.));
#2060 = VECTOR('',#2061,1.);
#2061 = DIRECTION('',(-1.,0.));
#2062 = ( GEOMETRIC_REPRESENTATION_CONTEXT(2) 
PARAMETRIC_REPRESENTATION_CONTEXT() REPRESENTATION_CONTEXT('2D SPACE',''
  ) );
#2063 = ORIENTED_EDGE('',*,*,#2064,.T.);
#2064 = EDGE_CURVE('',#2042,#1995,#2065,.T.);
#2065 = SURFACE_CURVE('',#2066,(#2070,#2077),.PCURVE_S1.);
#2066 = LINE('',#2067,#2068);
#2067 = CARTESIAN_POINT('',(-30.,-85.7,12.));
#2068 = VECTOR('',#2069,1.);
#2069 = DIRECTION('',(0.,1.,0.));
#2070 = PCURVE('',#260,#2071);
#2071 = DEFINITIONAL_REPRESENTATION('',(#2072),#2076);
#2072 = LINE('',#2073,#2074);
#2073 = CARTESIAN_POINT('',(0.,0.));
#2074 = VECTOR('',#2075,1.);
#2075 = DIRECTION('',(0.,-1.));
#2076 = ( GEOMETRIC_REPRESENTATION_CONTEXT(2) 
PARAMETRIC_REPRESENTATION_CONTEXT() REPRESENTATION_CONTEXT('2D SPACE',''
  ) );
#2077 = PCURVE('',#1828,#2078);
#2078 = DEFINITIONAL_REPRESENTATION('',(#2079),#2083);
#2079 = LINE('',#2080,#2081);
#2080 = CARTESIAN_POINT('',(0.,0.));
#2081 = VECTOR('',#2082,1.);
#2082 = DIRECTION('',(0.,1.));
#2083 = ( GEOMETRIC_REPRESENTATION_CONTEXT(2) 
PARAMETRIC_REPRESENTATION_CONTEXT() REPRESENTATION_CONTEXT('2D SPACE',''
  ) );
#2084 = ORIENTED_EDGE('',*,*,#1994,.F.);
#2085 = ORIENTED_EDGE('',*,*,#244,.F.);
#2086 = ADVANCED_FACE('',(#2087),#232,.F.);
#2087 = FACE_BOUND('',#2088,.F.);
#2088 = EDGE_LOOP('',(#2089,#2090,#2091,#2092,#2093,#2116,#2139,#2162));
#2089 = ORIENTED_EDGE('',*,*,#712,.F.);
#2090 = ORIENTED_EDGE('',*,*,#684,.T.);
#2091 = ORIENTED_EDGE('',*,*,#216,.T.);
#2092 = ORIENTED_EDGE('',*,*,#2041,.T.);
#2093 = ORIENTED_EDGE('',*,*,#2094,.T.);
#2094 = EDGE_CURVE('',#2042,#2095,#2097,.T.);
#2095 = VERTEX_POINT('',#2096);
#2096 = CARTESIAN_POINT('',(-12.,-85.,12.));
#2097 = SURFACE_CURVE('',#2098,(#2102,#2109),.PCURVE_S1.);
#2098 = LINE('',#2099,#2100);
#2099 = CARTESIAN_POINT('',(-57.5,-85.,12.));
#2100 = VECTOR('',#2101,1.);
#2101 = DIRECTION('',(1.,0.,0.));
#2102 = PCURVE('',#232,#2103);
#2103 = DEFINITIONAL_REPRESENTATION('',(#2104),#2108);
#2104 = LINE('',#2105,#2106);
#2105 = CARTESIAN_POINT('',(12.,27.5));
#2106 = VECTOR('',#2107,1.);
#2107 = DIRECTION('',(0.,1.));
#2108 = ( GEOMETRIC_REPRESENTATION_CONTEXT(2) 
PARAMETRIC_REPRESENTATION_CONTEXT() REPRESENTATION_CONTEXT('2D SPACE',''
  ) );
#2109 = PCURVE('',#1828,#2110);
#2110 = DEFINITIONAL_REPRESENTATION('',(#2111),#2115);
#2111 = LINE('',#2112,#2113);
#2112 = CARTESIAN_POINT('',(-27.5,0.7));
#2113 = VECTOR('',#2114,1.);
#2114 = DIRECTION('',(1.,0.));
#2115 = ( GEOMETRIC_REPRESENTATION_CONTEXT(2) 
PARAMETRIC_REPRESENTATION_CONTEXT() REPRESENTATION_CONTEXT('2D SPACE',''
  ) );
#2116 = ORIENTED_EDGE('',*,*,#2117,.F.);
#2117 = EDGE_CURVE('',#2118,#2095,#2120,.T.);
#2118 = VERTEX_POINT('',#2119);
#2119 = CARTESIAN_POINT('',(-12.,-85.,60.));
#2120 = SURFACE_CURVE('',#2121,(#2125,#2132),.PCURVE_S1.);
#2121 = LINE('',#2122,#2123);
#2122 = CARTESIAN_POINT('',(-12.,-85.,6.));
#2123 = VECTOR('',#2124,1.);
#2124 = DIRECTION('',(0.,0.,-1.));
#2125 = PCURVE('',#232,#2126);
#2126 = DEFINITIONAL_REPRESENTATION('',(#2127),#2131);
#2127 = LINE('',#2128,#2129);
#2128 = CARTESIAN_POINT('',(6.,73.));
#2129 = VECTOR('',#2130,1.);
#2130 = DIRECTION('',(-1.,0.));
#2131 = ( GEOMETRIC_REPRESENTATION_CONTEXT(2) 
PARAMETRIC_REPRESENTATION_CONTEXT() REPRESENTATION_CONTEXT('2D SPACE',''
  ) );
#2132 = PCURVE('',#1856,#2133);
#2133 = DEFINITIONAL_REPRESENTATION('',(#2134),#2138);
#2134 = LINE('',#2135,#2136);
#2135 = CARTESIAN_POINT('',(-6.,-0.7));
#2136 = VECTOR('',#2137,1.);
#2137 = DIRECTION('',(-1.,0.));
#2138 = ( GEOMETRIC_REPRESENTATION_CONTEXT(2) 
PARAMETRIC_REPRESENTATION_CONTEXT() REPRESENTATION_CONTEXT('2D SPACE',''
  ) );
#2139 = ORIENTED_EDGE('',*,*,#2140,.T.);
#2140 = EDGE_CURVE('',#2118,#2141,#2143,.T.);
#2141 = VERTEX_POINT('',#2142);
#2142 = CARTESIAN_POINT('',(-7.,-85.,60.));
#2143 = SURFACE_CURVE('',#2144,(#2148,#2155),.PCURVE_S1.);
#2144 = LINE('',#2145,#2146);
#2145 = CARTESIAN_POINT('',(-83.,-85.,60.));
#2146 = VECTOR('',#2147,1.);
#2147 = DIRECTION('',(1.,0.,0.));
#2148 = PCURVE('',#232,#2149);
#2149 = DEFINITIONAL_REPRESENTATION('',(#2150),#2154);
#2150 = LINE('',#2151,#2152);
#2151 = CARTESIAN_POINT('',(60.,2.));
#2152 = VECTOR('',#2153,1.);
#2153 = DIRECTION('',(0.,1.));
#2154 = ( GEOMETRIC_REPRESENTATION_CONTEXT(2) 
PARAMETRIC_REPRESENTATION_CONTEXT() REPRESENTATION_CONTEXT('2D SPACE',''
  ) );
#2155 = PCURVE('',#1882,#2156);
#2156 = DEFINITIONAL_REPRESENTATION('',(#2157),#2161);
#2157 = LINE('',#2158,#2159);
#2158 = CARTESIAN_POINT('',(2.,0.));
#2159 = VECTOR('',#2160,1.);
#2160 = DIRECTION('',(1.,0.));
#2161 = ( GEOMETRIC_REPRESENTATION_CONTEXT(2) 
PARAMETRIC_REPRESENTATION_CONTEXT() REPRESENTATION_CONTEXT('2D SPACE',''
  ) );
#2162 = ORIENTED_EDGE('',*,*,#2163,.F.);
#2163 = EDGE_CURVE('',#713,#2141,#2164,.T.);
#2164 = SURFACE_CURVE('',#2165,(#2169,#2176),.PCURVE_S1.);
#2165 = LINE('',#2166,#2167);
#2166 = CARTESIAN_POINT('',(-7.,-85.,0.));
#2167 = VECTOR('',#2168,1.);
#2168 = DIRECTION('',(0.,0.,1.));
#2169 = PCURVE('',#232,#2170);
#2170 = DEFINITIONAL_REPRESENTATION('',(#2171),#2175);
#2171 = LINE('',#2172,#2173);
#2172 = CARTESIAN_POINT('',(0.,78.));
#2173 = VECTOR('',#2174,1.);
#2174 = DIRECTION('',(1.,0.));
#2175 = ( GEOMETRIC_REPRESENTATION_CONTEXT(2) 
PARAMETRIC_REPRESENTATION_CONTEXT() REPRESENTATION_CONTEXT('2D SPACE',''
  ) );
#2176 = PCURVE('',#756,#2177);
#2177 = DEFINITIONAL_REPRESENTATION('',(#2178),#2182);
#2178 = LINE('',#2179,#2180);
#2179 = CARTESIAN_POINT('',(4.712388980385,0.));
#2180 = VECTOR('',#2181,1.);
#2181 = DIRECTION('',(-0.,1.));
#2182 = ( GEOMETRIC_REPRESENTATION_CONTEXT(2) 
PARAMETRIC_REPRESENTATION_CONTEXT() REPRESENTATION_CONTEXT('2D SPACE',''
  ) );
#2183 = ADVANCED_FACE('',(#2184),#756,.T.);
#2184 = FACE_BOUND('',#2185,.T.);
#2185 = EDGE_LOOP('',(#2186,#2209,#2235,#2236));
#2186 = ORIENTED_EDGE('',*,*,#2187,.T.);
#2187 = EDGE_CURVE('',#736,#2188,#2190,.T.);
#2188 = VERTEX_POINT('',#2189);
#2189 = CARTESIAN_POINT('',(-5.,-83.,60.));
#2190 = SURFACE_CURVE('',#2191,(#2195,#2202),.PCURVE_S1.);
#2191 = LINE('',#2192,#2193);
#2192 = CARTESIAN_POINT('',(-5.,-83.,0.));
#2193 = VECTOR('',#2194,1.);
#2194 = DIRECTION('',(0.,0.,1.));
#2195 = PCURVE('',#756,#2196);
#2196 = DEFINITIONAL_REPRESENTATION('',(#2197),#2201);
#2197 = LINE('',#2198,#2199);
#2198 = CARTESIAN_POINT('',(6.28318530718,0.));
#2199 = VECTOR('',#2200,1.);
#2200 = DIRECTION('',(-0.,1.));
#2201 = ( GEOMETRIC_REPRESENTATION_CONTEXT(2) 
PARAMETRIC_REPRESENTATION_CONTEXT() REPRESENTATION_CONTEXT('2D SPACE',''
  ) );
#2202 = PCURVE('',#784,#2203);
#2203 = DEFINITIONAL_REPRESENTATION('',(#2204),#2208);
#2204 = LINE('',#2205,#2206);
#2205 = CARTESIAN_POINT('',(0.,-2.));
#2206 = VECTOR('',#2207,1.);
#2207 = DIRECTION('',(1.,0.));
#2208 = ( GEOMETRIC_REPRESENTATION_CONTEXT(2) 
PARAMETRIC_REPRESENTATION_CONTEXT() REPRESENTATION_CONTEXT('2D SPACE',''
  ) );
#2209 = ORIENTED_EDGE('',*,*,#2210,.T.);
#2210 = EDGE_CURVE('',#2188,#2141,#2211,.T.);
#2211 = SURFACE_CURVE('',#2212,(#2217,#2224),.PCURVE_S1.);
#2212 = CIRCLE('',#2213,2.);
#2213 = AXIS2_PLACEMENT_3D('',#2214,#2215,#2216);
#2214 = CARTESIAN_POINT('',(-7.,-83.,60.));
#2215 = DIRECTION('',(-0.,-0.,-1.));
#2216 = DIRECTION('',(0.,-1.,0.));
#2217 = PCURVE('',#756,#2218);
#2218 = DEFINITIONAL_REPRESENTATION('',(#2219),#2223);
#2219 = LINE('',#2220,#2221);
#2220 = CARTESIAN_POINT('',(10.995574287565,60.));
#2221 = VECTOR('',#2222,1.);
#2222 = DIRECTION('',(-1.,0.));
#2223 = ( GEOMETRIC_REPRESENTATION_CONTEXT(2) 
PARAMETRIC_REPRESENTATION_CONTEXT() REPRESENTATION_CONTEXT('2D SPACE',''
  ) );
#2224 = PCURVE('',#1882,#2225);
#2225 = DEFINITIONAL_REPRESENTATION('',(#2226),#2234);
#2226 = ( BOUNDED_CURVE() B_SPLINE_CURVE(2,(#2227,#2228,#2229,#2230,
#2231,#2232,#2233),.UNSPECIFIED.,.T.,.F.) B_SPLINE_CURVE_WITH_KNOTS((1,2
    ,2,2,2,1),(-2.094395102393,0.,2.094395102393,4.188790204786,
6.28318530718,8.377580409573),.UNSPECIFIED.) CURVE() 
GEOMETRIC_REPRESENTATION_ITEM() RATIONAL_B_SPLINE_CURVE((1.,0.5,1.,0.5,
1.,0.5,1.)) REPRESENTATION_ITEM('') );
#2227 = CARTESIAN_POINT('',(78.,0.));
#2228 = CARTESIAN_POINT('',(74.535898384862,0.));
#2229 = CARTESIAN_POINT('',(76.267949192431,3.));
#2230 = CARTESIAN_POINT('',(78.,6.));
#2231 = CARTESIAN_POINT('',(79.732050807569,3.));
#2232 = CARTESIAN_POINT('',(81.464101615138,3.10862446895E-15));
#2233 = CARTESIAN_POINT('',(78.,0.));
#2234 = ( GEOMETRIC_REPRESENTATION_CONTEXT(2) 
PARAMETRIC_REPRESENTATION_CONTEXT() REPRESENTATION_CONTEXT('2D SPACE',''
  ) );
#2235 = ORIENTED_EDGE('',*,*,#2163,.F.);
#2236 = ORIENTED_EDGE('',*,*,#735,.F.);
#2237 = ADVANCED_FACE('',(#2238),#784,.T.);
#2238 = FACE_BOUND('',#2239,.T.);
#2239 = EDGE_LOOP('',(#2240,#2241,#2242,#2265,#2288,#2316,#2344,#2372));
#2240 = ORIENTED_EDGE('',*,*,#2187,.F.);
#2241 = ORIENTED_EDGE('',*,*,#768,.T.);
#2242 = ORIENTED_EDGE('',*,*,#2243,.T.);
#2243 = EDGE_CURVE('',#769,#2244,#2246,.T.);
#2244 = VERTEX_POINT('',#2245);
#2245 = CARTESIAN_POINT('',(-5.,-30.,60.));
#2246 = SURFACE_CURVE('',#2247,(#2251,#2258),.PCURVE_S1.);
#2247 = LINE('',#2248,#2249);
#2248 = CARTESIAN_POINT('',(-5.,-30.,0.));
#2249 = VECTOR('',#2250,1.);
#2250 = DIRECTION('',(0.,0.,1.));
#2251 = PCURVE('',#784,#2252);
#2252 = DEFINITIONAL_REPRESENTATION('',(#2253),#2257);
#2253 = LINE('',#2254,#2255);
#2254 = CARTESIAN_POINT('',(0.,-55.));
#2255 = VECTOR('',#2256,1.);
#2256 = DIRECTION('',(1.,0.));
#2257 = ( GEOMETRIC_REPRESENTATION_CONTEXT(2) 
PARAMETRIC_REPRESENTATION_CONTEXT() REPRESENTATION_CONTEXT('2D SPACE',''
  ) );
#2258 = PCURVE('',#813,#2259);
#2259 = DEFINITIONAL_REPRESENTATION('',(#2260),#2264);
#2260 = LINE('',#2261,#2262);
#2261 = CARTESIAN_POINT('',(0.,0.));
#2262 = VECTOR('',#2263,1.);
#2263 = DIRECTION('',(0.,1.));
#2264 = ( GEOMETRIC_REPRESENTATION_CONTEXT(2) 
PARAMETRIC_REPRESENTATION_CONTEXT() REPRESENTATION_CONTEXT('2D SPACE',''
  ) );
#2265 = ORIENTED_EDGE('',*,*,#2266,.T.);
#2266 = EDGE_CURVE('',#2244,#2267,#2269,.T.);
#2267 = VERTEX_POINT('',#2268);
#2268 = CARTESIAN_POINT('',(-5.,-33.5,60.));
#2269 = SURFACE_CURVE('',#2270,(#2274,#2281),.PCURVE_S1.);
#2270 = LINE('',#2271,#2272);
#2271 = CARTESIAN_POINT('',(-5.,-30.,60.));
#2272 = VECTOR('',#2273,1.);
#2273 = DIRECTION('',(0.,-1.,0.));
#2274 = PCURVE('',#784,#2275);
#2275 = DEFINITIONAL_REPRESENTATION('',(#2276),#2280);
#2276 = LINE('',#2277,#2278);
#2277 = CARTESIAN_POINT('',(60.,-55.));
#2278 = VECTOR('',#2279,1.);
#2279 = DIRECTION('',(0.,1.));
#2280 = ( GEOMETRIC_REPRESENTATION_CONTEXT(2) 
PARAMETRIC_REPRESENTATION_CONTEXT() REPRESENTATION_CONTEXT('2D SPACE',''
  ) );
#2281 = PCURVE('',#1002,#2282);
#2282 = DEFINITIONAL_REPRESENTATION('',(#2283),#2287);
#2283 = LINE('',#2284,#2285);
#2284 = CARTESIAN_POINT('',(80.,55.));
#2285 = VECTOR('',#2286,1.);
#2286 = DIRECTION('',(0.,-1.));
#2287 = ( GEOMETRIC_REPRESENTATION_CONTEXT(2) 
PARAMETRIC_REPRESENTATION_CONTEXT() REPRESENTATION_CONTEXT('2D SPACE',''
  ) );
#2288 = ORIENTED_EDGE('',*,*,#2289,.F.);
#2289 = EDGE_CURVE('',#2290,#2267,#2292,.T.);
#2290 = VERTEX_POINT('',#2291);
#2291 = CARTESIAN_POINT('',(-5.,-33.5,12.));
#2292 = SURFACE_CURVE('',#2293,(#2297,#2304),.PCURVE_S1.);
#2293 = LINE('',#2294,#2295);
#2294 = CARTESIAN_POINT('',(-5.,-33.5,6.));
#2295 = VECTOR('',#2296,1.);
#2296 = DIRECTION('',(0.,0.,1.));
#2297 = PCURVE('',#784,#2298);
#2298 = DEFINITIONAL_REPRESENTATION('',(#2299),#2303);
#2299 = LINE('',#2300,#2301);
#2300 = CARTESIAN_POINT('',(6.,-51.5));
#2301 = VECTOR('',#2302,1.);
#2302 = DIRECTION('',(1.,0.));
#2303 = ( GEOMETRIC_REPRESENTATION_CONTEXT(2) 
PARAMETRIC_REPRESENTATION_CONTEXT() REPRESENTATION_CONTEXT('2D SPACE',''
  ) );
#2304 = PCURVE('',#2305,#2310);
#2305 = PLANE('',#2306);
#2306 = AXIS2_PLACEMENT_3D('',#2307,#2308,#2309);
#2307 = CARTESIAN_POINT('',(-7.7,-33.5,12.));
#2308 = DIRECTION('',(0.,1.,0.));
#2309 = DIRECTION('',(0.,0.,1.));
#2310 = DEFINITIONAL_REPRESENTATION('',(#2311),#2315);
#2311 = LINE('',#2312,#2313);
#2312 = CARTESIAN_POINT('',(-6.,2.7));
#2313 = VECTOR('',#2314,1.);
#2314 = DIRECTION('',(1.,0.));
#2315 = ( GEOMETRIC_REPRESENTATION_CONTEXT(2) 
PARAMETRIC_REPRESENTATION_CONTEXT() REPRESENTATION_CONTEXT('2D SPACE',''
  ) );
#2316 = ORIENTED_EDGE('',*,*,#2317,.T.);
#2317 = EDGE_CURVE('',#2290,#2318,#2320,.T.);
#2318 = VERTEX_POINT('',#2319);
#2319 = CARTESIAN_POINT('',(-5.,-79.5,12.));
#2320 = SURFACE_CURVE('',#2321,(#2325,#2332),.PCURVE_S1.);
#2321 = LINE('',#2322,#2323);
#2322 = CARTESIAN_POINT('',(-5.,-82.25,12.));
#2323 = VECTOR('',#2324,1.);
#2324 = DIRECTION('',(0.,-1.,0.));
#2325 = PCURVE('',#784,#2326);
#2326 = DEFINITIONAL_REPRESENTATION('',(#2327),#2331);
#2327 = LINE('',#2328,#2329);
#2328 = CARTESIAN_POINT('',(12.,-2.75));
#2329 = VECTOR('',#2330,1.);
#2330 = DIRECTION('',(0.,1.));
#2331 = ( GEOMETRIC_REPRESENTATION_CONTEXT(2) 
PARAMETRIC_REPRESENTATION_CONTEXT() REPRESENTATION_CONTEXT('2D SPACE',''
  ) );
#2332 = PCURVE('',#2333,#2338);
#2333 = PLANE('',#2334);
#2334 = AXIS2_PLACEMENT_3D('',#2335,#2336,#2337);
#2335 = CARTESIAN_POINT('',(-7.7,-79.5,12.));
#2336 = DIRECTION('',(0.,0.,1.));
#2337 = DIRECTION('',(1.,0.,0.));
#2338 = DEFINITIONAL_REPRESENTATION('',(#2339),#2343);
#2339 = LINE('',#2340,#2341);
#2340 = CARTESIAN_POINT('',(2.7,-2.75));
#2341 = VECTOR('',#2342,1.);
#2342 = DIRECTION('',(0.,-1.));
#2343 = ( GEOMETRIC_REPRESENTATION_CONTEXT(2) 
PARAMETRIC_REPRESENTATION_CONTEXT() REPRESENTATION_CONTEXT('2D SPACE',''
  ) );
#2344 = ORIENTED_EDGE('',*,*,#2345,.T.);
#2345 = EDGE_CURVE('',#2318,#2346,#2348,.T.);
#2346 = VERTEX_POINT('',#2347);
#2347 = CARTESIAN_POINT('',(-5.,-79.5,60.));
#2348 = SURFACE_CURVE('',#2349,(#2353,#2360),.PCURVE_S1.);
#2349 = LINE('',#2350,#2351);
#2350 = CARTESIAN_POINT('',(-5.,-79.5,6.));
#2351 = VECTOR('',#2352,1.);
#2352 = DIRECTION('',(0.,0.,1.));
#2353 = PCURVE('',#784,#2354);
#2354 = DEFINITIONAL_REPRESENTATION('',(#2355),#2359);
#2355 = LINE('',#2356,#2357);
#2356 = CARTESIAN_POINT('',(6.,-5.5));
#2357 = VECTOR('',#2358,1.);
#2358 = DIRECTION('',(1.,0.));
#2359 = ( GEOMETRIC_REPRESENTATION_CONTEXT(2) 
PARAMETRIC_REPRESENTATION_CONTEXT() REPRESENTATION_CONTEXT('2D SPACE',''
  ) );
#2360 = PCURVE('',#2361,#2366);
#2361 = PLANE('',#2362);
#2362 = AXIS2_PLACEMENT_3D('',#2363,#2364,#2365);
#2363 = CARTESIAN_POINT('',(-7.7,-79.5,12.));
#2364 = DIRECTION('',(0.,1.,0.));
#2365 = DIRECTION('',(0.,0.,1.));
#2366 = DEFINITIONAL_REPRESENTATION('',(#2367),#2371);
#2367 = LINE('',#2368,#2369);
#2368 = CARTESIAN_POINT('',(-6.,2.7));
#2369 = VECTOR('',#2370,1.);
#2370 = DIRECTION('',(1.,0.));
#2371 = ( GEOMETRIC_REPRESENTATION_CONTEXT(2) 
PARAMETRIC_REPRESENTATION_CONTEXT() REPRESENTATION_CONTEXT('2D SPACE',''
  ) );
#2372 = ORIENTED_EDGE('',*,*,#2373,.T.);
#2373 = EDGE_CURVE('',#2346,#2188,#2374,.T.);
#2374 = SURFACE_CURVE('',#2375,(#2379,#2386),.PCURVE_S1.);
#2375 = LINE('',#2376,#2377);
#2376 = CARTESIAN_POINT('',(-5.,-30.,60.));
#2377 = VECTOR('',#2378,1.);
#2378 = DIRECTION('',(0.,-1.,0.));
#2379 = PCURVE('',#784,#2380);
#2380 = DEFINITIONAL_REPRESENTATION('',(#2381),#2385);
#2381 = LINE('',#2382,#2383);
#2382 = CARTESIAN_POINT('',(60.,-55.));
#2383 = VECTOR('',#2384,1.);
#2384 = DIRECTION('',(0.,1.));
#2385 = ( GEOMETRIC_REPRESENTATION_CONTEXT(2) 
PARAMETRIC_REPRESENTATION_CONTEXT() REPRESENTATION_CONTEXT('2D SPACE',''
  ) );
#2386 = PCURVE('',#1882,#2387);
#2387 = DEFINITIONAL_REPRESENTATION('',(#2388),#2392);
#2388 = LINE('',#2389,#2390);
#2389 = CARTESIAN_POINT('',(80.,55.));
#2390 = VECTOR('',#2391,1.);
#2391 = DIRECTION('',(0.,-1.));
#2392 = ( GEOMETRIC_REPRESENTATION_CONTEXT(2) 
PARAMETRIC_REPRESENTATION_CONTEXT() REPRESENTATION_CONTEXT('2D SPACE',''
  ) );
#2393 = ADVANCED_FACE('',(#2394),#813,.T.);
#2394 = FACE_BOUND('',#2395,.T.);
#2395 = EDGE_LOOP('',(#2396,#2397,#2398,#2420));
#2396 = ORIENTED_EDGE('',*,*,#796,.T.);
#2397 = ORIENTED_EDGE('',*,*,#1014,.T.);
#2398 = ORIENTED_EDGE('',*,*,#2399,.F.);
#2399 = EDGE_CURVE('',#2244,#987,#2400,.T.);
#2400 = SURFACE_CURVE('',#2401,(#2406,#2413),.PCURVE_S1.);
#2401 = CIRCLE('',#2402,2.);
#2402 = AXIS2_PLACEMENT_3D('',#2403,#2404,#2405);
#2403 = CARTESIAN_POINT('',(-7.,-30.,60.));
#2404 = DIRECTION('',(0.,0.,1.));
#2405 = DIRECTION('',(0.,-1.,0.));
#2406 = PCURVE('',#813,#2407);
#2407 = DEFINITIONAL_REPRESENTATION('',(#2408),#2412);
#2408 = LINE('',#2409,#2410);
#2409 = CARTESIAN_POINT('',(-1.570796326795,60.));
#2410 = VECTOR('',#2411,1.);
#2411 = DIRECTION('',(1.,0.));
#2412 = ( GEOMETRIC_REPRESENTATION_CONTEXT(2) 
PARAMETRIC_REPRESENTATION_CONTEXT() REPRESENTATION_CONTEXT('2D SPACE',''
  ) );
#2413 = PCURVE('',#1002,#2414);
#2414 = DEFINITIONAL_REPRESENTATION('',(#2415),#2419);
#2415 = CIRCLE('',#2416,2.);
#2416 = AXIS2_PLACEMENT_2D('',#2417,#2418);
#2417 = CARTESIAN_POINT('',(78.,55.));
#2418 = DIRECTION('',(0.,-1.));
#2419 = ( GEOMETRIC_REPRESENTATION_CONTEXT(2) 
PARAMETRIC_REPRESENTATION_CONTEXT() REPRESENTATION_CONTEXT('2D SPACE',''
  ) );
#2420 = ORIENTED_EDGE('',*,*,#2243,.F.);
#2421 = ADVANCED_FACE('',(#2422),#1002,.T.);
#2422 = FACE_BOUND('',#2423,.T.);
#2423 = EDGE_LOOP('',(#2424,#2425,#2446,#2447,#2470,#2491,#2492));
#2424 = ORIENTED_EDGE('',*,*,#986,.T.);
#2425 = ORIENTED_EDGE('',*,*,#2426,.F.);
#2426 = EDGE_CURVE('',#1392,#959,#2427,.T.);
#2427 = SURFACE_CURVE('',#2428,(#2432,#2439),.PCURVE_S1.);
#2428 = LINE('',#2429,#2430);
#2429 = CARTESIAN_POINT('',(-14.,-57.85,60.));
#2430 = VECTOR('',#2431,1.);
#2431 = DIRECTION('',(0.,1.,0.));
#2432 = PCURVE('',#1002,#2433);
#2433 = DEFINITIONAL_REPRESENTATION('',(#2434),#2438);
#2434 = LINE('',#2435,#2436);
#2435 = CARTESIAN_POINT('',(71.,27.15));
#2436 = VECTOR('',#2437,1.);
#2437 = DIRECTION('',(0.,1.));
#2438 = ( GEOMETRIC_REPRESENTATION_CONTEXT(2) 
PARAMETRIC_REPRESENTATION_CONTEXT() REPRESENTATION_CONTEXT('2D SPACE',''
  ) );
#2439 = PCURVE('',#974,#2440);
#2440 = DEFINITIONAL_REPRESENTATION('',(#2441),#2445);
#2441 = LINE('',#2442,#2443);
#2442 = CARTESIAN_POINT('',(48.,27.15));
#2443 = VECTOR('',#2444,1.);
#2444 = DIRECTION('',(0.,-1.));
#2445 = ( GEOMETRIC_REPRESENTATION_CONTEXT(2) 
PARAMETRIC_REPRESENTATION_CONTEXT() REPRESENTATION_CONTEXT('2D SPACE',''
  ) );
#2446 = ORIENTED_EDGE('',*,*,#1414,.F.);
#2447 = ORIENTED_EDGE('',*,*,#2448,.F.);
#2448 = EDGE_CURVE('',#2449,#1244,#2451,.T.);
#2449 = VERTEX_POINT('',#2450);
#2450 = CARTESIAN_POINT('',(-7.,-33.5,60.));
#2451 = SURFACE_CURVE('',#2452,(#2456,#2463),.PCURVE_S1.);
#2452 = LINE('',#2453,#2454);
#2453 = CARTESIAN_POINT('',(-7.,-84.,60.));
#2454 = VECTOR('',#2455,1.);
#2455 = DIRECTION('',(0.,1.,0.));
#2456 = PCURVE('',#1002,#2457);
#2457 = DEFINITIONAL_REPRESENTATION('',(#2458),#2462);
#2458 = LINE('',#2459,#2460);
#2459 = CARTESIAN_POINT('',(78.,1.));
#2460 = VECTOR('',#2461,1.);
#2461 = DIRECTION('',(0.,1.));
#2462 = ( GEOMETRIC_REPRESENTATION_CONTEXT(2) 
PARAMETRIC_REPRESENTATION_CONTEXT() REPRESENTATION_CONTEXT('2D SPACE',''
  ) );
#2463 = PCURVE('',#1259,#2464);
#2464 = DEFINITIONAL_REPRESENTATION('',(#2465),#2469);
#2465 = LINE('',#2466,#2467);
#2466 = CARTESIAN_POINT('',(58.,1.));
#2467 = VECTOR('',#2468,1.);
#2468 = DIRECTION('',(0.,-1.));
#2469 = ( GEOMETRIC_REPRESENTATION_CONTEXT(2) 
PARAMETRIC_REPRESENTATION_CONTEXT() REPRESENTATION_CONTEXT('2D SPACE',''
  ) );
#2470 = ORIENTED_EDGE('',*,*,#2471,.F.);
#2471 = EDGE_CURVE('',#2267,#2449,#2472,.T.);
#2472 = SURFACE_CURVE('',#2473,(#2477,#2484),.PCURVE_S1.);
#2473 = LINE('',#2474,#2475);
#2474 = CARTESIAN_POINT('',(-46.35,-33.5,60.));
#2475 = VECTOR('',#2476,1.);
#2476 = DIRECTION('',(-1.,0.,0.));
#2477 = PCURVE('',#1002,#2478);
#2478 = DEFINITIONAL_REPRESENTATION('',(#2479),#2483);
#2479 = LINE('',#2480,#2481);
#2480 = CARTESIAN_POINT('',(38.65,51.5));
#2481 = VECTOR('',#2482,1.);
#2482 = DIRECTION('',(-1.,0.));
#2483 = ( GEOMETRIC_REPRESENTATION_CONTEXT(2) 
PARAMETRIC_REPRESENTATION_CONTEXT() REPRESENTATION_CONTEXT('2D SPACE',''
  ) );
#2484 = PCURVE('',#2305,#2485);
#2485 = DEFINITIONAL_REPRESENTATION('',(#2486),#2490);
#2486 = LINE('',#2487,#2488);
#2487 = CARTESIAN_POINT('',(48.,-38.65));
#2488 = VECTOR('',#2489,1.);
#2489 = DIRECTION('',(0.,-1.));
#2490 = ( GEOMETRIC_REPRESENTATION_CONTEXT(2) 
PARAMETRIC_REPRESENTATION_CONTEXT() REPRESENTATION_CONTEXT('2D SPACE',''
  ) );
#2491 = ORIENTED_EDGE('',*,*,#2266,.F.);
#2492 = ORIENTED_EDGE('',*,*,#2399,.T.);
#2493 = ADVANCED_FACE('',(#2494),#974,.F.);
#2494 = FACE_BOUND('',#2495,.F.);
#2495 = EDGE_LOOP('',(#2496,#2497,#2518,#2519));
#2496 = ORIENTED_EDGE('',*,*,#1391,.T.);
#2497 = ORIENTED_EDGE('',*,*,#2498,.T.);
#2498 = EDGE_CURVE('',#1369,#931,#2499,.T.);
#2499 = SURFACE_CURVE('',#2500,(#2504,#2511),.PCURVE_S1.);
#2500 = LINE('',#2501,#2502);
#2501 = CARTESIAN_POINT('',(-14.,-30.7,12.));
#2502 = VECTOR('',#2503,1.);
#2503 = DIRECTION('',(0.,1.,0.));
#2504 = PCURVE('',#974,#2505);
#2505 = DEFINITIONAL_REPRESENTATION('',(#2506),#2510);
#2506 = LINE('',#2507,#2508);
#2507 = CARTESIAN_POINT('',(0.,0.));
#2508 = VECTOR('',#2509,1.);
#2509 = DIRECTION('',(0.,-1.));
#2510 = ( GEOMETRIC_REPRESENTATION_CONTEXT(2) 
PARAMETRIC_REPRESENTATION_CONTEXT() REPRESENTATION_CONTEXT('2D SPACE',''
  ) );
#2511 = PCURVE('',#946,#2512);
#2512 = DEFINITIONAL_REPRESENTATION('',(#2513),#2517);
#2513 = LINE('',#2514,#2515);
#2514 = CARTESIAN_POINT('',(14.,0.));
#2515 = VECTOR('',#2516,1.);
#2516 = DIRECTION('',(0.,1.));
#2517 = ( GEOMETRIC_REPRESENTATION_CONTEXT(2) 
PARAMETRIC_REPRESENTATION_CONTEXT() REPRESENTATION_CONTEXT('2D SPACE',''
  ) );
#2518 = ORIENTED_EDGE('',*,*,#958,.F.);
#2519 = ORIENTED_EDGE('',*,*,#2426,.F.);
#2520 = ADVANCED_FACE('',(#2521),#946,.T.);
#2521 = FACE_BOUND('',#2522,.T.);
#2522 = EDGE_LOOP('',(#2523,#2524,#2525,#2546,#2547,#2548));
#2523 = ORIENTED_EDGE('',*,*,#1061,.F.);
#2524 = ORIENTED_EDGE('',*,*,#1168,.T.);
#2525 = ORIENTED_EDGE('',*,*,#2526,.F.);
#2526 = EDGE_CURVE('',#1346,#1090,#2527,.T.);
#2527 = SURFACE_CURVE('',#2528,(#2532,#2539),.PCURVE_S1.);
#2528 = LINE('',#2529,#2530);
#2529 = CARTESIAN_POINT('',(-20.8,-30.45,12.));
#2530 = VECTOR('',#2531,1.);
#2531 = DIRECTION('',(0.,-1.,0.));
#2532 = PCURVE('',#946,#2533);
#2533 = DEFINITIONAL_REPRESENTATION('',(#2534),#2538);
#2534 = LINE('',#2535,#2536);
#2535 = CARTESIAN_POINT('',(7.2,0.25));
#2536 = VECTOR('',#2537,1.);
#2537 = DIRECTION('',(0.,-1.));
#2538 = ( GEOMETRIC_REPRESENTATION_CONTEXT(2) 
PARAMETRIC_REPRESENTATION_CONTEXT() REPRESENTATION_CONTEXT('2D SPACE',''
  ) );
#2539 = PCURVE('',#1105,#2540);
#2540 = DEFINITIONAL_REPRESENTATION('',(#2541),#2545);
#2541 = LINE('',#2542,#2543);
#2542 = CARTESIAN_POINT('',(0.2,0.25));
#2543 = VECTOR('',#2544,1.);
#2544 = DIRECTION('',(0.,1.));
#2545 = ( GEOMETRIC_REPRESENTATION_CONTEXT(2) 
PARAMETRIC_REPRESENTATION_CONTEXT() REPRESENTATION_CONTEXT('2D SPACE',''
  ) );
#2546 = ORIENTED_EDGE('',*,*,#1368,.T.);
#2547 = ORIENTED_EDGE('',*,*,#2498,.T.);
#2548 = ORIENTED_EDGE('',*,*,#930,.F.);
#2549 = ADVANCED_FACE('',(#2550),#1105,.T.);
#2550 = FACE_BOUND('',#2551,.T.);
#2551 = EDGE_LOOP('',(#2552,#2553,#2554,#2575));
#2552 = ORIENTED_EDGE('',*,*,#2526,.T.);
#2553 = ORIENTED_EDGE('',*,*,#1087,.F.);
#2554 = ORIENTED_EDGE('',*,*,#2555,.T.);
#2555 = EDGE_CURVE('',#1088,#1323,#2556,.T.);
#2556 = SURFACE_CURVE('',#2557,(#2561,#2568),.PCURVE_S1.);
#2557 = LINE('',#2558,#2559);
#2558 = CARTESIAN_POINT('',(-20.8,-30.2,11.8));
#2559 = VECTOR('',#2560,1.);
#2560 = DIRECTION('',(0.,1.,0.));
#2561 = PCURVE('',#1105,#2562);
#2562 = DEFINITIONAL_REPRESENTATION('',(#2563),#2567);
#2563 = LINE('',#2564,#2565);
#2564 = CARTESIAN_POINT('',(0.,0.));
#2565 = VECTOR('',#2566,1.);
#2566 = DIRECTION('',(0.,-1.));
#2567 = ( GEOMETRIC_REPRESENTATION_CONTEXT(2) 
PARAMETRIC_REPRESENTATION_CONTEXT() REPRESENTATION_CONTEXT('2D SPACE',''
  ) );
#2568 = PCURVE('',#1133,#2569);
#2569 = DEFINITIONAL_REPRESENTATION('',(#2570),#2574);
#2570 = LINE('',#2571,#2572);
#2571 = CARTESIAN_POINT('',(48.4,0.));
#2572 = VECTOR('',#2573,1.);
#2573 = DIRECTION('',(0.,1.));
#2574 = ( GEOMETRIC_REPRESENTATION_CONTEXT(2) 
PARAMETRIC_REPRESENTATION_CONTEXT() REPRESENTATION_CONTEXT('2D SPACE',''
  ) );
#2575 = ORIENTED_EDGE('',*,*,#1345,.F.);
#2576 = ADVANCED_FACE('',(#2577),#1133,.F.);
#2577 = FACE_BOUND('',#2578,.F.);
#2578 = EDGE_LOOP('',(#2579,#2580,#2581,#2582));
#2579 = ORIENTED_EDGE('',*,*,#1194,.F.);
#2580 = ORIENTED_EDGE('',*,*,#1117,.T.);
#2581 = ORIENTED_EDGE('',*,*,#2555,.T.);
#2582 = ORIENTED_EDGE('',*,*,#1322,.F.);
#2583 = ADVANCED_FACE('',(#2584),#1259,.F.);
#2584 = FACE_BOUND('',#2585,.F.);
#2585 = EDGE_LOOP('',(#2586,#2587,#2608,#2609,#2610,#2633,#2656,#2684,
    #2712,#2740,#2763,#2786));
#2586 = ORIENTED_EDGE('',*,*,#1685,.F.);
#2587 = ORIENTED_EDGE('',*,*,#2588,.T.);
#2588 = EDGE_CURVE('',#1686,#1242,#2589,.T.);
#2589 = SURFACE_CURVE('',#2590,(#2594,#2601),.PCURVE_S1.);
#2590 = LINE('',#2591,#2592);
#2591 = CARTESIAN_POINT('',(-7.,-83.,2.));
#2592 = VECTOR('',#2593,1.);
#2593 = DIRECTION('',(0.,1.,0.));
#2594 = PCURVE('',#1259,#2595);
#2595 = DEFINITIONAL_REPRESENTATION('',(#2596),#2600);
#2596 = LINE('',#2597,#2598);
#2597 = CARTESIAN_POINT('',(0.,0.));
#2598 = VECTOR('',#2599,1.);
#2599 = DIRECTION('',(0.,-1.));
#2600 = ( GEOMETRIC_REPRESENTATION_CONTEXT(2) 
PARAMETRIC_REPRESENTATION_CONTEXT() REPRESENTATION_CONTEXT('2D SPACE',''
  ) );
#2601 = PCURVE('',#1287,#2602);
#2602 = DEFINITIONAL_REPRESENTATION('',(#2603),#2607);
#2603 = LINE('',#2604,#2605);
#2604 = CARTESIAN_POINT('',(76.,0.));
#2605 = VECTOR('',#2606,1.);
#2606 = DIRECTION('',(0.,1.));
#2607 = ( GEOMETRIC_REPRESENTATION_CONTEXT(2) 
PARAMETRIC_REPRESENTATION_CONTEXT() REPRESENTATION_CONTEXT('2D SPACE',''
  ) );
#2608 = ORIENTED_EDGE('',*,*,#1241,.T.);
#2609 = ORIENTED_EDGE('',*,*,#2448,.F.);
#2610 = ORIENTED_EDGE('',*,*,#2611,.F.);
#2611 = EDGE_CURVE('',#2612,#2449,#2614,.T.);
#2612 = VERTEX_POINT('',#2613);
#2613 = CARTESIAN_POINT('',(-7.,-33.5,12.));
#2614 = SURFACE_CURVE('',#2615,(#2619,#2626),.PCURVE_S1.);
#2615 = LINE('',#2616,#2617);
#2616 = CARTESIAN_POINT('',(-7.,-33.5,7.));
#2617 = VECTOR('',#2618,1.);
#2618 = DIRECTION('',(0.,0.,1.));
#2619 = PCURVE('',#1259,#2620);
#2620 = DEFINITIONAL_REPRESENTATION('',(#2621),#2625);
#2621 = LINE('',#2622,#2623);
#2622 = CARTESIAN_POINT('',(5.,-49.5));
#2623 = VECTOR('',#2624,1.);
#2624 = DIRECTION('',(1.,0.));
#2625 = ( GEOMETRIC_REPRESENTATION_CONTEXT(2) 
PARAMETRIC_REPRESENTATION_CONTEXT() REPRESENTATION_CONTEXT('2D SPACE',''
  ) );
#2626 = PCURVE('',#2305,#2627);
#2627 = DEFINITIONAL_REPRESENTATION('',(#2628),#2632);
#2628 = LINE('',#2629,#2630);
#2629 = CARTESIAN_POINT('',(-5.,0.7));
#2630 = VECTOR('',#2631,1.);
#2631 = DIRECTION('',(1.,0.));
#2632 = ( GEOMETRIC_REPRESENTATION_CONTEXT(2) 
PARAMETRIC_REPRESENTATION_CONTEXT() REPRESENTATION_CONTEXT('2D SPACE',''
  ) );
#2633 = ORIENTED_EDGE('',*,*,#2634,.T.);
#2634 = EDGE_CURVE('',#2612,#2635,#2637,.T.);
#2635 = VERTEX_POINT('',#2636);
#2636 = CARTESIAN_POINT('',(-7.,-40.3,12.));
#2637 = SURFACE_CURVE('',#2638,(#2642,#2649),.PCURVE_S1.);
#2638 = LINE('',#2639,#2640);
#2639 = CARTESIAN_POINT('',(-7.,-81.25,12.));
#2640 = VECTOR('',#2641,1.);
#2641 = DIRECTION('',(0.,-1.,0.));
#2642 = PCURVE('',#1259,#2643);
#2643 = DEFINITIONAL_REPRESENTATION('',(#2644),#2648);
#2644 = LINE('',#2645,#2646);
#2645 = CARTESIAN_POINT('',(10.,-1.75));
#2646 = VECTOR('',#2647,1.);
#2647 = DIRECTION('',(0.,1.));
#2648 = ( GEOMETRIC_REPRESENTATION_CONTEXT(2) 
PARAMETRIC_REPRESENTATION_CONTEXT() REPRESENTATION_CONTEXT('2D SPACE',''
  ) );
#2649 = PCURVE('',#2333,#2650);
#2650 = DEFINITIONAL_REPRESENTATION('',(#2651),#2655);
#2651 = LINE('',#2652,#2653);
#2652 = CARTESIAN_POINT('',(0.7,-1.75));
#2653 = VECTOR('',#2654,1.);
#2654 = DIRECTION('',(0.,-1.));
#2655 = ( GEOMETRIC_REPRESENTATION_CONTEXT(2) 
PARAMETRIC_REPRESENTATION_CONTEXT() REPRESENTATION_CONTEXT('2D SPACE',''
  ) );
#2656 = ORIENTED_EDGE('',*,*,#2657,.F.);
#2657 = EDGE_CURVE('',#2658,#2635,#2660,.T.);
#2658 = VERTEX_POINT('',#2659);
#2659 = CARTESIAN_POINT('',(-7.,-40.3,11.8));
#2660 = SURFACE_CURVE('',#2661,(#2665,#2672),.PCURVE_S1.);
#2661 = LINE('',#2662,#2663);
#2662 = CARTESIAN_POINT('',(-7.,-40.3,6.9));
#2663 = VECTOR('',#2664,1.);
#2664 = DIRECTION('',(0.,0.,1.));
#2665 = PCURVE('',#1259,#2666);
#2666 = DEFINITIONAL_REPRESENTATION('',(#2667),#2671);
#2667 = LINE('',#2668,#2669);
#2668 = CARTESIAN_POINT('',(4.9,-42.7));
#2669 = VECTOR('',#2670,1.);
#2670 = DIRECTION('',(1.,0.));
#2671 = ( GEOMETRIC_REPRESENTATION_CONTEXT(2) 
PARAMETRIC_REPRESENTATION_CONTEXT() REPRESENTATION_CONTEXT('2D SPACE',''
  ) );
#2672 = PCURVE('',#2673,#2678);
#2673 = PLANE('',#2674);
#2674 = AXIS2_PLACEMENT_3D('',#2675,#2676,#2677);
#2675 = CARTESIAN_POINT('',(-7.2,-40.3,11.8));
#2676 = DIRECTION('',(0.,1.,0.));
#2677 = DIRECTION('',(0.,0.,1.));
#2678 = DEFINITIONAL_REPRESENTATION('',(#2679),#2683);
#2679 = LINE('',#2680,#2681);
#2680 = CARTESIAN_POINT('',(-4.9,0.2));
#2681 = VECTOR('',#2682,1.);
#2682 = DIRECTION('',(1.,0.));
#2683 = ( GEOMETRIC_REPRESENTATION_CONTEXT(2) 
PARAMETRIC_REPRESENTATION_CONTEXT() REPRESENTATION_CONTEXT('2D SPACE',''
  ) );
#2684 = ORIENTED_EDGE('',*,*,#2685,.T.);
#2685 = EDGE_CURVE('',#2658,#2686,#2688,.T.);
#2686 = VERTEX_POINT('',#2687);
#2687 = CARTESIAN_POINT('',(-7.,-72.7,11.8));
#2688 = SURFACE_CURVE('',#2689,(#2693,#2700),.PCURVE_S1.);
#2689 = LINE('',#2690,#2691);
#2690 = CARTESIAN_POINT('',(-7.,-77.85,11.8));
#2691 = VECTOR('',#2692,1.);
#2692 = DIRECTION('',(0.,-1.,0.));
#2693 = PCURVE('',#1259,#2694);
#2694 = DEFINITIONAL_REPRESENTATION('',(#2695),#2699);
#2695 = LINE('',#2696,#2697);
#2696 = CARTESIAN_POINT('',(9.8,-5.15));
#2697 = VECTOR('',#2698,1.);
#2698 = DIRECTION('',(0.,1.));
#2699 = ( GEOMETRIC_REPRESENTATION_CONTEXT(2) 
PARAMETRIC_REPRESENTATION_CONTEXT() REPRESENTATION_CONTEXT('2D SPACE',''
  ) );
#2700 = PCURVE('',#2701,#2706);
#2701 = PLANE('',#2702);
#2702 = AXIS2_PLACEMENT_3D('',#2703,#2704,#2705);
#2703 = CARTESIAN_POINT('',(-7.2,-72.7,11.8));
#2704 = DIRECTION('',(0.,0.,1.));
#2705 = DIRECTION('',(1.,0.,0.));
#2706 = DEFINITIONAL_REPRESENTATION('',(#2707),#2711);
#2707 = LINE('',#2708,#2709);
#2708 = CARTESIAN_POINT('',(0.2,-5.15));
#2709 = VECTOR('',#2710,1.);
#2710 = DIRECTION('',(0.,-1.));
#2711 = ( GEOMETRIC_REPRESENTATION_CONTEXT(2) 
PARAMETRIC_REPRESENTATION_CONTEXT() REPRESENTATION_CONTEXT('2D SPACE',''
  ) );
#2712 = ORIENTED_EDGE('',*,*,#2713,.T.);
#2713 = EDGE_CURVE('',#2686,#2714,#2716,.T.);
#2714 = VERTEX_POINT('',#2715);
#2715 = CARTESIAN_POINT('',(-7.,-72.7,12.));
#2716 = SURFACE_CURVE('',#2717,(#2721,#2728),.PCURVE_S1.);
#2717 = LINE('',#2718,#2719);
#2718 = CARTESIAN_POINT('',(-7.,-72.7,6.9));
#2719 = VECTOR('',#2720,1.);
#2720 = DIRECTION('',(0.,0.,1.));
#2721 = PCURVE('',#1259,#2722);
#2722 = DEFINITIONAL_REPRESENTATION('',(#2723),#2727);
#2723 = LINE('',#2724,#2725);
#2724 = CARTESIAN_POINT('',(4.9,-10.3));
#2725 = VECTOR('',#2726,1.);
#2726 = DIRECTION('',(1.,0.));
#2727 = ( GEOMETRIC_REPRESENTATION_CONTEXT(2) 
PARAMETRIC_REPRESENTATION_CONTEXT() REPRESENTATION_CONTEXT('2D SPACE',''
  ) );
#2728 = PCURVE('',#2729,#2734);
#2729 = PLANE('',#2730);
#2730 = AXIS2_PLACEMENT_3D('',#2731,#2732,#2733);
#2731 = CARTESIAN_POINT('',(-7.2,-72.7,11.8));
#2732 = DIRECTION('',(0.,1.,0.));
#2733 = DIRECTION('',(0.,0.,1.));
#2734 = DEFINITIONAL_REPRESENTATION('',(#2735),#2739);
#2735 = LINE('',#2736,#2737);
#2736 = CARTESIAN_POINT('',(-4.9,0.2));
#2737 = VECTOR('',#2738,1.);
#2738 = DIRECTION('',(1.,0.));
#2739 = ( GEOMETRIC_REPRESENTATION_CONTEXT(2) 
PARAMETRIC_REPRESENTATION_CONTEXT() REPRESENTATION_CONTEXT('2D SPACE',''
  ) );
#2740 = ORIENTED_EDGE('',*,*,#2741,.T.);
#2741 = EDGE_CURVE('',#2714,#2742,#2744,.T.);
#2742 = VERTEX_POINT('',#2743);
#2743 = CARTESIAN_POINT('',(-7.,-79.5,12.));
#2744 = SURFACE_CURVE('',#2745,(#2749,#2756),.PCURVE_S1.);
#2745 = LINE('',#2746,#2747);
#2746 = CARTESIAN_POINT('',(-7.,-81.25,12.));
#2747 = VECTOR('',#2748,1.);
#2748 = DIRECTION('',(0.,-1.,0.));
#2749 = PCURVE('',#1259,#2750);
#2750 = DEFINITIONAL_REPRESENTATION('',(#2751),#2755);
#2751 = LINE('',#2752,#2753);
#2752 = CARTESIAN_POINT('',(10.,-1.75));
#2753 = VECTOR('',#2754,1.);
#2754 = DIRECTION('',(0.,1.));
#2755 = ( GEOMETRIC_REPRESENTATION_CONTEXT(2) 
PARAMETRIC_REPRESENTATION_CONTEXT() REPRESENTATION_CONTEXT('2D SPACE',''
  ) );
#2756 = PCURVE('',#2333,#2757);
#2757 = DEFINITIONAL_REPRESENTATION('',(#2758),#2762);
#2758 = LINE('',#2759,#2760);
#2759 = CARTESIAN_POINT('',(0.7,-1.75));
#2760 = VECTOR('',#2761,1.);
#2761 = DIRECTION('',(0.,-1.));
#2762 = ( GEOMETRIC_REPRESENTATION_CONTEXT(2) 
PARAMETRIC_REPRESENTATION_CONTEXT() REPRESENTATION_CONTEXT('2D SPACE',''
  ) );
#2763 = ORIENTED_EDGE('',*,*,#2764,.T.);
#2764 = EDGE_CURVE('',#2742,#2765,#2767,.T.);
#2765 = VERTEX_POINT('',#2766);
#2766 = CARTESIAN_POINT('',(-7.,-79.5,60.));
#2767 = SURFACE_CURVE('',#2768,(#2772,#2779),.PCURVE_S1.);
#2768 = LINE('',#2769,#2770);
#2769 = CARTESIAN_POINT('',(-7.,-79.5,7.));
#2770 = VECTOR('',#2771,1.);
#2771 = DIRECTION('',(0.,0.,1.));
#2772 = PCURVE('',#1259,#2773);
#2773 = DEFINITIONAL_REPRESENTATION('',(#2774),#2778);
#2774 = LINE('',#2775,#2776);
#2775 = CARTESIAN_POINT('',(5.,-3.5));
#2776 = VECTOR('',#2777,1.);
#2777 = DIRECTION('',(1.,0.));
#2778 = ( GEOMETRIC_REPRESENTATION_CONTEXT(2) 
PARAMETRIC_REPRESENTATION_CONTEXT() REPRESENTATION_CONTEXT('2D SPACE',''
  ) );
#2779 = PCURVE('',#2361,#2780);
#2780 = DEFINITIONAL_REPRESENTATION('',(#2781),#2785);
#2781 = LINE('',#2782,#2783);
#2782 = CARTESIAN_POINT('',(-5.,0.7));
#2783 = VECTOR('',#2784,1.);
#2784 = DIRECTION('',(1.,0.));
#2785 = ( GEOMETRIC_REPRESENTATION_CONTEXT(2) 
PARAMETRIC_REPRESENTATION_CONTEXT() REPRESENTATION_CONTEXT('2D SPACE',''
  ) );
#2786 = ORIENTED_EDGE('',*,*,#2787,.F.);
#2787 = EDGE_CURVE('',#1688,#2765,#2788,.T.);
#2788 = SURFACE_CURVE('',#2789,(#2793,#2800),.PCURVE_S1.);
#2789 = LINE('',#2790,#2791);
#2790 = CARTESIAN_POINT('',(-7.,-84.,60.));
#2791 = VECTOR('',#2792,1.);
#2792 = DIRECTION('',(0.,1.,0.));
#2793 = PCURVE('',#1259,#2794);
#2794 = DEFINITIONAL_REPRESENTATION('',(#2795),#2799);
#2795 = LINE('',#2796,#2797);
#2796 = CARTESIAN_POINT('',(58.,1.));
#2797 = VECTOR('',#2798,1.);
#2798 = DIRECTION('',(0.,-1.));
#2799 = ( GEOMETRIC_REPRESENTATION_CONTEXT(2) 
PARAMETRIC_REPRESENTATION_CONTEXT() REPRESENTATION_CONTEXT('2D SPACE',''
  ) );
#2800 = PCURVE('',#1882,#2801);
#2801 = DEFINITIONAL_REPRESENTATION('',(#2802),#2806);
#2802 = LINE('',#2803,#2804);
#2803 = CARTESIAN_POINT('',(78.,1.));
#2804 = VECTOR('',#2805,1.);
#2805 = DIRECTION('',(0.,1.));
#2806 = ( GEOMETRIC_REPRESENTATION_CONTEXT(2) 
PARAMETRIC_REPRESENTATION_CONTEXT() REPRESENTATION_CONTEXT('2D SPACE',''
  ) );
#2807 = ADVANCED_FACE('',(#2808),#1287,.T.);
#2808 = FACE_BOUND('',#2809,.T.);
#2809 = EDGE_LOOP('',(#2810,#2811,#2812,#2813));
#2810 = ORIENTED_EDGE('',*,*,#1461,.F.);
#2811 = ORIENTED_EDGE('',*,*,#1710,.T.);
#2812 = ORIENTED_EDGE('',*,*,#2588,.T.);
#2813 = ORIENTED_EDGE('',*,*,#1271,.F.);
#2814 = ADVANCED_FACE('',(#2815),#1523,.F.);
#2815 = FACE_BOUND('',#2816,.F.);
#2816 = EDGE_LOOP('',(#2817,#2818,#2819,#2820));
#2817 = ORIENTED_EDGE('',*,*,#1560,.F.);
#2818 = ORIENTED_EDGE('',*,*,#1507,.T.);
#2819 = ORIENTED_EDGE('',*,*,#1658,.T.);
#2820 = ORIENTED_EDGE('',*,*,#1632,.T.);
#2821 = ADVANCED_FACE('',(#2822),#1882,.T.);
#2822 = FACE_BOUND('',#2823,.T.);
#2823 = EDGE_LOOP('',(#2824,#2845,#2846,#2847,#2848,#2869,#2870));
#2824 = ORIENTED_EDGE('',*,*,#2825,.F.);
#2825 = EDGE_CURVE('',#2118,#1841,#2826,.T.);
#2826 = SURFACE_CURVE('',#2827,(#2831,#2838),.PCURVE_S1.);
#2827 = LINE('',#2828,#2829);
#2828 = CARTESIAN_POINT('',(-12.,-85.35,60.));
#2829 = VECTOR('',#2830,1.);
#2830 = DIRECTION('',(0.,1.,0.));
#2831 = PCURVE('',#1882,#2832);
#2832 = DEFINITIONAL_REPRESENTATION('',(#2833),#2837);
#2833 = LINE('',#2834,#2835);
#2834 = CARTESIAN_POINT('',(73.,-0.35));
#2835 = VECTOR('',#2836,1.);
#2836 = DIRECTION('',(0.,1.));
#2837 = ( GEOMETRIC_REPRESENTATION_CONTEXT(2) 
PARAMETRIC_REPRESENTATION_CONTEXT() REPRESENTATION_CONTEXT('2D SPACE',''
  ) );
#2838 = PCURVE('',#1856,#2839);
#2839 = DEFINITIONAL_REPRESENTATION('',(#2840),#2844);
#2840 = LINE('',#2841,#2842);
#2841 = CARTESIAN_POINT('',(48.,-0.35));
#2842 = VECTOR('',#2843,1.);
#2843 = DIRECTION('',(0.,-1.));
#2844 = ( GEOMETRIC_REPRESENTATION_CONTEXT(2) 
PARAMETRIC_REPRESENTATION_CONTEXT() REPRESENTATION_CONTEXT('2D SPACE',''
  ) );
#2845 = ORIENTED_EDGE('',*,*,#2140,.T.);
#2846 = ORIENTED_EDGE('',*,*,#2210,.F.);
#2847 = ORIENTED_EDGE('',*,*,#2373,.F.);
#2848 = ORIENTED_EDGE('',*,*,#2849,.T.);
#2849 = EDGE_CURVE('',#2346,#2765,#2850,.T.);
#2850 = SURFACE_CURVE('',#2851,(#2855,#2862),.PCURVE_S1.);
#2851 = LINE('',#2852,#2853);
#2852 = CARTESIAN_POINT('',(-46.35,-79.5,60.));
#2853 = VECTOR('',#2854,1.);
#2854 = DIRECTION('',(-1.,0.,0.));
#2855 = PCURVE('',#1882,#2856);
#2856 = DEFINITIONAL_REPRESENTATION('',(#2857),#2861);
#2857 = LINE('',#2858,#2859);
#2858 = CARTESIAN_POINT('',(38.65,5.5));
#2859 = VECTOR('',#2860,1.);
#2860 = DIRECTION('',(-1.,0.));
#2861 = ( GEOMETRIC_REPRESENTATION_CONTEXT(2) 
PARAMETRIC_REPRESENTATION_CONTEXT() REPRESENTATION_CONTEXT('2D SPACE',''
  ) );
#2862 = PCURVE('',#2361,#2863);
#2863 = DEFINITIONAL_REPRESENTATION('',(#2864),#2868);
#2864 = LINE('',#2865,#2866);
#2865 = CARTESIAN_POINT('',(48.,-38.65));
#2866 = VECTOR('',#2867,1.);
#2867 = DIRECTION('',(0.,-1.));
#2868 = ( GEOMETRIC_REPRESENTATION_CONTEXT(2) 
PARAMETRIC_REPRESENTATION_CONTEXT() REPRESENTATION_CONTEXT('2D SPACE',''
  ) );
#2869 = ORIENTED_EDGE('',*,*,#2787,.F.);
#2870 = ORIENTED_EDGE('',*,*,#1868,.T.);
#2871 = ADVANCED_FACE('',(#2872),#1856,.F.);
#2872 = FACE_BOUND('',#2873,.F.);
#2873 = EDGE_LOOP('',(#2874,#2875,#2896,#2897));
#2874 = ORIENTED_EDGE('',*,*,#2117,.T.);
#2875 = ORIENTED_EDGE('',*,*,#2876,.T.);
#2876 = EDGE_CURVE('',#2095,#1813,#2877,.T.);
#2877 = SURFACE_CURVE('',#2878,(#2882,#2889),.PCURVE_S1.);
#2878 = LINE('',#2879,#2880);
#2879 = CARTESIAN_POINT('',(-12.,-85.7,12.));
#2880 = VECTOR('',#2881,1.);
#2881 = DIRECTION('',(0.,1.,0.));
#2882 = PCURVE('',#1856,#2883);
#2883 = DEFINITIONAL_REPRESENTATION('',(#2884),#2888);
#2884 = LINE('',#2885,#2886);
#2885 = CARTESIAN_POINT('',(0.,0.));
#2886 = VECTOR('',#2887,1.);
#2887 = DIRECTION('',(0.,-1.));
#2888 = ( GEOMETRIC_REPRESENTATION_CONTEXT(2) 
PARAMETRIC_REPRESENTATION_CONTEXT() REPRESENTATION_CONTEXT('2D SPACE',''
  ) );
#2889 = PCURVE('',#1828,#2890);
#2890 = DEFINITIONAL_REPRESENTATION('',(#2891),#2895);
#2891 = LINE('',#2892,#2893);
#2892 = CARTESIAN_POINT('',(18.,0.));
#2893 = VECTOR('',#2894,1.);
#2894 = DIRECTION('',(0.,1.));
#2895 = ( GEOMETRIC_REPRESENTATION_CONTEXT(2) 
PARAMETRIC_REPRESENTATION_CONTEXT() REPRESENTATION_CONTEXT('2D SPACE',''
  ) );
#2896 = ORIENTED_EDGE('',*,*,#1840,.F.);
#2897 = ORIENTED_EDGE('',*,*,#2825,.F.);
#2898 = ADVANCED_FACE('',(#2899),#1828,.T.);
#2899 = FACE_BOUND('',#2900,.T.);
#2900 = EDGE_LOOP('',(#2901,#2902,#2903,#2904,#2905,#2926));
#2901 = ORIENTED_EDGE('',*,*,#2064,.F.);
#2902 = ORIENTED_EDGE('',*,*,#2094,.T.);
#2903 = ORIENTED_EDGE('',*,*,#2876,.T.);
#2904 = ORIENTED_EDGE('',*,*,#1812,.F.);
#2905 = ORIENTED_EDGE('',*,*,#2906,.F.);
#2906 = EDGE_CURVE('',#1949,#1785,#2907,.T.);
#2907 = SURFACE_CURVE('',#2908,(#2912,#2919),.PCURVE_S1.);
#2908 = LINE('',#2909,#2910);
#2909 = CARTESIAN_POINT('',(-20.8,-85.35,12.));
#2910 = VECTOR('',#2911,1.);
#2911 = DIRECTION('',(0.,-1.,0.));
#2912 = PCURVE('',#1828,#2913);
#2913 = DEFINITIONAL_REPRESENTATION('',(#2914),#2918);
#2914 = LINE('',#2915,#2916);
#2915 = CARTESIAN_POINT('',(9.2,0.35));
#2916 = VECTOR('',#2917,1.);
#2917 = DIRECTION('',(0.,-1.));
#2918 = ( GEOMETRIC_REPRESENTATION_CONTEXT(2) 
PARAMETRIC_REPRESENTATION_CONTEXT() REPRESENTATION_CONTEXT('2D SPACE',''
  ) );
#2919 = PCURVE('',#1800,#2920);
#2920 = DEFINITIONAL_REPRESENTATION('',(#2921),#2925);
#2921 = LINE('',#2922,#2923);
#2922 = CARTESIAN_POINT('',(0.2,0.35));
#2923 = VECTOR('',#2924,1.);
#2924 = DIRECTION('',(0.,1.));
#2925 = ( GEOMETRIC_REPRESENTATION_CONTEXT(2) 
PARAMETRIC_REPRESENTATION_CONTEXT() REPRESENTATION_CONTEXT('2D SPACE',''
  ) );
#2926 = ORIENTED_EDGE('',*,*,#2017,.F.);
#2927 = ADVANCED_FACE('',(#2928),#1800,.T.);
#2928 = FACE_BOUND('',#2929,.T.);
#2929 = EDGE_LOOP('',(#2930,#2931,#2932,#2953));
#2930 = ORIENTED_EDGE('',*,*,#2906,.T.);
#2931 = ORIENTED_EDGE('',*,*,#1784,.T.);
#2932 = ORIENTED_EDGE('',*,*,#2933,.T.);
#2933 = EDGE_CURVE('',#1757,#1947,#2934,.T.);
#2934 = SURFACE_CURVE('',#2935,(#2939,#2946),.PCURVE_S1.);
#2935 = LINE('',#2936,#2937);
#2936 = CARTESIAN_POINT('',(-20.8,-85.,11.8));
#2937 = VECTOR('',#2938,1.);
#2938 = DIRECTION('',(0.,1.,0.));
#2939 = PCURVE('',#1800,#2940);
#2940 = DEFINITIONAL_REPRESENTATION('',(#2941),#2945);
#2941 = LINE('',#2942,#2943);
#2942 = CARTESIAN_POINT('',(0.,0.));
#2943 = VECTOR('',#2944,1.);
#2944 = DIRECTION('',(0.,-1.));
#2945 = ( GEOMETRIC_REPRESENTATION_CONTEXT(2) 
PARAMETRIC_REPRESENTATION_CONTEXT() REPRESENTATION_CONTEXT('2D SPACE',''
  ) );
#2946 = PCURVE('',#1772,#2947);
#2947 = DEFINITIONAL_REPRESENTATION('',(#2948),#2952);
#2948 = LINE('',#2949,#2950);
#2949 = CARTESIAN_POINT('',(48.4,0.));
#2950 = VECTOR('',#2951,1.);
#2951 = DIRECTION('',(0.,1.));
#2952 = ( GEOMETRIC_REPRESENTATION_CONTEXT(2) 
PARAMETRIC_REPRESENTATION_CONTEXT() REPRESENTATION_CONTEXT('2D SPACE',''
  ) );
#2953 = ORIENTED_EDGE('',*,*,#1946,.T.);
#2954 = ADVANCED_FACE('',(#2955),#1772,.F.);
#2955 = FACE_BOUND('',#2956,.F.);
#2956 = EDGE_LOOP('',(#2957,#2958,#2959,#2960));
#2957 = ORIENTED_EDGE('',*,*,#1899,.F.);
#2958 = ORIENTED_EDGE('',*,*,#1756,.T.);
#2959 = ORIENTED_EDGE('',*,*,#2933,.T.);
#2960 = ORIENTED_EDGE('',*,*,#1971,.F.);
#2961 = ADVANCED_FACE('',(#2962),#2361,.T.);
#2962 = FACE_BOUND('',#2963,.T.);
#2963 = EDGE_LOOP('',(#2964,#2985,#2986,#2987));
#2964 = ORIENTED_EDGE('',*,*,#2965,.F.);
#2965 = EDGE_CURVE('',#2742,#2318,#2966,.T.);
#2966 = SURFACE_CURVE('',#2967,(#2971,#2978),.PCURVE_S1.);
#2967 = LINE('',#2968,#2969);
#2968 = CARTESIAN_POINT('',(-7.7,-79.5,12.));
#2969 = VECTOR('',#2970,1.);
#2970 = DIRECTION('',(1.,0.,0.));
#2971 = PCURVE('',#2361,#2972);
#2972 = DEFINITIONAL_REPRESENTATION('',(#2973),#2977);
#2973 = LINE('',#2974,#2975);
#2974 = CARTESIAN_POINT('',(0.,0.));
#2975 = VECTOR('',#2976,1.);
#2976 = DIRECTION('',(0.,1.));
#2977 = ( GEOMETRIC_REPRESENTATION_CONTEXT(2) 
PARAMETRIC_REPRESENTATION_CONTEXT() REPRESENTATION_CONTEXT('2D SPACE',''
  ) );
#2978 = PCURVE('',#2333,#2979);
#2979 = DEFINITIONAL_REPRESENTATION('',(#2980),#2984);
#2980 = LINE('',#2981,#2982);
#2981 = CARTESIAN_POINT('',(0.,0.));
#2982 = VECTOR('',#2983,1.);
#2983 = DIRECTION('',(1.,0.));
#2984 = ( GEOMETRIC_REPRESENTATION_CONTEXT(2) 
PARAMETRIC_REPRESENTATION_CONTEXT() REPRESENTATION_CONTEXT('2D SPACE',''
  ) );
#2985 = ORIENTED_EDGE('',*,*,#2764,.T.);
#2986 = ORIENTED_EDGE('',*,*,#2849,.F.);
#2987 = ORIENTED_EDGE('',*,*,#2345,.F.);
#2988 = ADVANCED_FACE('',(#2989),#2333,.T.);
#2989 = FACE_BOUND('',#2990,.T.);
#2990 = EDGE_LOOP('',(#2991,#3012,#3013,#3036,#3064,#3085,#3086,#3087));
#2991 = ORIENTED_EDGE('',*,*,#2992,.F.);
#2992 = EDGE_CURVE('',#2612,#2290,#2993,.T.);
#2993 = SURFACE_CURVE('',#2994,(#2998,#3005),.PCURVE_S1.);
#2994 = LINE('',#2995,#2996);
#2995 = CARTESIAN_POINT('',(-7.7,-33.5,12.));
#2996 = VECTOR('',#2997,1.);
#2997 = DIRECTION('',(1.,0.,0.));
#2998 = PCURVE('',#2333,#2999);
#2999 = DEFINITIONAL_REPRESENTATION('',(#3000),#3004);
#3000 = LINE('',#3001,#3002);
#3001 = CARTESIAN_POINT('',(0.,46.));
#3002 = VECTOR('',#3003,1.);
#3003 = DIRECTION('',(1.,0.));
#3004 = ( GEOMETRIC_REPRESENTATION_CONTEXT(2) 
PARAMETRIC_REPRESENTATION_CONTEXT() REPRESENTATION_CONTEXT('2D SPACE',''
  ) );
#3005 = PCURVE('',#2305,#3006);
#3006 = DEFINITIONAL_REPRESENTATION('',(#3007),#3011);
#3007 = LINE('',#3008,#3009);
#3008 = CARTESIAN_POINT('',(0.,0.));
#3009 = VECTOR('',#3010,1.);
#3010 = DIRECTION('',(0.,1.));
#3011 = ( GEOMETRIC_REPRESENTATION_CONTEXT(2) 
PARAMETRIC_REPRESENTATION_CONTEXT() REPRESENTATION_CONTEXT('2D SPACE',''
  ) );
#3012 = ORIENTED_EDGE('',*,*,#2634,.T.);
#3013 = ORIENTED_EDGE('',*,*,#3014,.F.);
#3014 = EDGE_CURVE('',#3015,#2635,#3017,.T.);
#3015 = VERTEX_POINT('',#3016);
#3016 = CARTESIAN_POINT('',(-7.2,-40.3,12.));
#3017 = SURFACE_CURVE('',#3018,(#3022,#3029),.PCURVE_S1.);
#3018 = LINE('',#3019,#3020);
#3019 = CARTESIAN_POINT('',(-7.45,-40.3,12.));
#3020 = VECTOR('',#3021,1.);
#3021 = DIRECTION('',(1.,0.,0.));
#3022 = PCURVE('',#2333,#3023);
#3023 = DEFINITIONAL_REPRESENTATION('',(#3024),#3028);
#3024 = LINE('',#3025,#3026);
#3025 = CARTESIAN_POINT('',(0.25,39.2));
#3026 = VECTOR('',#3027,1.);
#3027 = DIRECTION('',(1.,0.));
#3028 = ( GEOMETRIC_REPRESENTATION_CONTEXT(2) 
PARAMETRIC_REPRESENTATION_CONTEXT() REPRESENTATION_CONTEXT('2D SPACE',''
  ) );
#3029 = PCURVE('',#2673,#3030);
#3030 = DEFINITIONAL_REPRESENTATION('',(#3031),#3035);
#3031 = LINE('',#3032,#3033);
#3032 = CARTESIAN_POINT('',(0.2,-0.25));
#3033 = VECTOR('',#3034,1.);
#3034 = DIRECTION('',(0.,1.));
#3035 = ( GEOMETRIC_REPRESENTATION_CONTEXT(2) 
PARAMETRIC_REPRESENTATION_CONTEXT() REPRESENTATION_CONTEXT('2D SPACE',''
  ) );
#3036 = ORIENTED_EDGE('',*,*,#3037,.T.);
#3037 = EDGE_CURVE('',#3015,#3038,#3040,.T.);
#3038 = VERTEX_POINT('',#3039);
#3039 = CARTESIAN_POINT('',(-7.2,-72.7,12.));
#3040 = SURFACE_CURVE('',#3041,(#3045,#3052),.PCURVE_S1.);
#3041 = LINE('',#3042,#3043);
#3042 = CARTESIAN_POINT('',(-7.2,-76.1,12.));
#3043 = VECTOR('',#3044,1.);
#3044 = DIRECTION('',(0.,-1.,0.));
#3045 = PCURVE('',#2333,#3046);
#3046 = DEFINITIONAL_REPRESENTATION('',(#3047),#3051);
#3047 = LINE('',#3048,#3049);
#3048 = CARTESIAN_POINT('',(0.5,3.4));
#3049 = VECTOR('',#3050,1.);
#3050 = DIRECTION('',(0.,-1.));
#3051 = ( GEOMETRIC_REPRESENTATION_CONTEXT(2) 
PARAMETRIC_REPRESENTATION_CONTEXT() REPRESENTATION_CONTEXT('2D SPACE',''
  ) );
#3052 = PCURVE('',#3053,#3058);
#3053 = PLANE('',#3054);
#3054 = AXIS2_PLACEMENT_3D('',#3055,#3056,#3057);
#3055 = CARTESIAN_POINT('',(-7.2,-72.7,11.8));
#3056 = DIRECTION('',(1.,0.,0.));
#3057 = DIRECTION('',(0.,0.,1.));
#3058 = DEFINITIONAL_REPRESENTATION('',(#3059),#3063);
#3059 = LINE('',#3060,#3061);
#3060 = CARTESIAN_POINT('',(0.2,3.4));
#3061 = VECTOR('',#3062,1.);
#3062 = DIRECTION('',(0.,1.));
#3063 = ( GEOMETRIC_REPRESENTATION_CONTEXT(2) 
PARAMETRIC_REPRESENTATION_CONTEXT() REPRESENTATION_CONTEXT('2D SPACE',''
  ) );
#3064 = ORIENTED_EDGE('',*,*,#3065,.T.);
#3065 = EDGE_CURVE('',#3038,#2714,#3066,.T.);
#3066 = SURFACE_CURVE('',#3067,(#3071,#3078),.PCURVE_S1.);
#3067 = LINE('',#3068,#3069);
#3068 = CARTESIAN_POINT('',(-7.45,-72.7,12.));
#3069 = VECTOR('',#3070,1.);
#3070 = DIRECTION('',(1.,0.,0.));
#3071 = PCURVE('',#2333,#3072);
#3072 = DEFINITIONAL_REPRESENTATION('',(#3073),#3077);
#3073 = LINE('',#3074,#3075);
#3074 = CARTESIAN_POINT('',(0.25,6.8));
#3075 = VECTOR('',#3076,1.);
#3076 = DIRECTION('',(1.,0.));
#3077 = ( GEOMETRIC_REPRESENTATION_CONTEXT(2) 
PARAMETRIC_REPRESENTATION_CONTEXT() REPRESENTATION_CONTEXT('2D SPACE',''
  ) );
#3078 = PCURVE('',#2729,#3079);
#3079 = DEFINITIONAL_REPRESENTATION('',(#3080),#3084);
#3080 = LINE('',#3081,#3082);
#3081 = CARTESIAN_POINT('',(0.2,-0.25));
#3082 = VECTOR('',#3083,1.);
#3083 = DIRECTION('',(0.,1.));
#3084 = ( GEOMETRIC_REPRESENTATION_CONTEXT(2) 
PARAMETRIC_REPRESENTATION_CONTEXT() REPRESENTATION_CONTEXT('2D SPACE',''
  ) );
#3085 = ORIENTED_EDGE('',*,*,#2741,.T.);
#3086 = ORIENTED_EDGE('',*,*,#2965,.T.);
#3087 = ORIENTED_EDGE('',*,*,#2317,.F.);
#3088 = ADVANCED_FACE('',(#3089),#2305,.F.);
#3089 = FACE_BOUND('',#3090,.F.);
#3090 = EDGE_LOOP('',(#3091,#3092,#3093,#3094));
#3091 = ORIENTED_EDGE('',*,*,#2992,.F.);
#3092 = ORIENTED_EDGE('',*,*,#2611,.T.);
#3093 = ORIENTED_EDGE('',*,*,#2471,.F.);
#3094 = ORIENTED_EDGE('',*,*,#2289,.F.);
#3095 = ADVANCED_FACE('',(#3096),#2729,.F.);
#3096 = FACE_BOUND('',#3097,.F.);
#3097 = EDGE_LOOP('',(#3098,#3121,#3142,#3143));
#3098 = ORIENTED_EDGE('',*,*,#3099,.F.);
#3099 = EDGE_CURVE('',#3100,#2686,#3102,.T.);
#3100 = VERTEX_POINT('',#3101);
#3101 = CARTESIAN_POINT('',(-7.2,-72.7,11.8));
#3102 = SURFACE_CURVE('',#3103,(#3107,#3114),.PCURVE_S1.);
#3103 = LINE('',#3104,#3105);
#3104 = CARTESIAN_POINT('',(-7.2,-72.7,11.8));
#3105 = VECTOR('',#3106,1.);
#3106 = DIRECTION('',(1.,0.,0.));
#3107 = PCURVE('',#2729,#3108);
#3108 = DEFINITIONAL_REPRESENTATION('',(#3109),#3113);
#3109 = LINE('',#3110,#3111);
#3110 = CARTESIAN_POINT('',(0.,0.));
#3111 = VECTOR('',#3112,1.);
#3112 = DIRECTION('',(0.,1.));
#3113 = ( GEOMETRIC_REPRESENTATION_CONTEXT(2) 
PARAMETRIC_REPRESENTATION_CONTEXT() REPRESENTATION_CONTEXT('2D SPACE',''
  ) );
#3114 = PCURVE('',#2701,#3115);
#3115 = DEFINITIONAL_REPRESENTATION('',(#3116),#3120);
#3116 = LINE('',#3117,#3118);
#3117 = CARTESIAN_POINT('',(0.,0.));
#3118 = VECTOR('',#3119,1.);
#3119 = DIRECTION('',(1.,0.));
#3120 = ( GEOMETRIC_REPRESENTATION_CONTEXT(2) 
PARAMETRIC_REPRESENTATION_CONTEXT() REPRESENTATION_CONTEXT('2D SPACE',''
  ) );
#3121 = ORIENTED_EDGE('',*,*,#3122,.T.);
#3122 = EDGE_CURVE('',#3100,#3038,#3123,.T.);
#3123 = SURFACE_CURVE('',#3124,(#3128,#3135),.PCURVE_S1.);
#3124 = LINE('',#3125,#3126);
#3125 = CARTESIAN_POINT('',(-7.2,-72.7,11.8));
#3126 = VECTOR('',#3127,1.);
#3127 = DIRECTION('',(0.,0.,1.));
#3128 = PCURVE('',#2729,#3129);
#3129 = DEFINITIONAL_REPRESENTATION('',(#3130),#3134);
#3130 = LINE('',#3131,#3132);
#3131 = CARTESIAN_POINT('',(0.,0.));
#3132 = VECTOR('',#3133,1.);
#3133 = DIRECTION('',(1.,0.));
#3134 = ( GEOMETRIC_REPRESENTATION_CONTEXT(2) 
PARAMETRIC_REPRESENTATION_CONTEXT() REPRESENTATION_CONTEXT('2D SPACE',''
  ) );
#3135 = PCURVE('',#3053,#3136);
#3136 = DEFINITIONAL_REPRESENTATION('',(#3137),#3141);
#3137 = LINE('',#3138,#3139);
#3138 = CARTESIAN_POINT('',(0.,0.));
#3139 = VECTOR('',#3140,1.);
#3140 = DIRECTION('',(1.,0.));
#3141 = ( GEOMETRIC_REPRESENTATION_CONTEXT(2) 
PARAMETRIC_REPRESENTATION_CONTEXT() REPRESENTATION_CONTEXT('2D SPACE',''
  ) );
#3142 = ORIENTED_EDGE('',*,*,#3065,.T.);
#3143 = ORIENTED_EDGE('',*,*,#2713,.F.);
#3144 = ADVANCED_FACE('',(#3145),#2701,.F.);
#3145 = FACE_BOUND('',#3146,.F.);
#3146 = EDGE_LOOP('',(#3147,#3170,#3191,#3192));
#3147 = ORIENTED_EDGE('',*,*,#3148,.F.);
#3148 = EDGE_CURVE('',#3149,#2658,#3151,.T.);
#3149 = VERTEX_POINT('',#3150);
#3150 = CARTESIAN_POINT('',(-7.2,-40.3,11.8));
#3151 = SURFACE_CURVE('',#3152,(#3156,#3163),.PCURVE_S1.);
#3152 = LINE('',#3153,#3154);
#3153 = CARTESIAN_POINT('',(-7.2,-40.3,11.8));
#3154 = VECTOR('',#3155,1.);
#3155 = DIRECTION('',(1.,0.,0.));
#3156 = PCURVE('',#2701,#3157);
#3157 = DEFINITIONAL_REPRESENTATION('',(#3158),#3162);
#3158 = LINE('',#3159,#3160);
#3159 = CARTESIAN_POINT('',(0.,32.4));
#3160 = VECTOR('',#3161,1.);
#3161 = DIRECTION('',(1.,0.));
#3162 = ( GEOMETRIC_REPRESENTATION_CONTEXT(2) 
PARAMETRIC_REPRESENTATION_CONTEXT() REPRESENTATION_CONTEXT('2D SPACE',''
  ) );
#3163 = PCURVE('',#2673,#3164);
#3164 = DEFINITIONAL_REPRESENTATION('',(#3165),#3169);
#3165 = LINE('',#3166,#3167);
#3166 = CARTESIAN_POINT('',(0.,0.));
#3167 = VECTOR('',#3168,1.);
#3168 = DIRECTION('',(0.,1.));
#3169 = ( GEOMETRIC_REPRESENTATION_CONTEXT(2) 
PARAMETRIC_REPRESENTATION_CONTEXT() REPRESENTATION_CONTEXT('2D SPACE',''
  ) );
#3170 = ORIENTED_EDGE('',*,*,#3171,.F.);
#3171 = EDGE_CURVE('',#3100,#3149,#3172,.T.);
#3172 = SURFACE_CURVE('',#3173,(#3177,#3184),.PCURVE_S1.);
#3173 = LINE('',#3174,#3175);
#3174 = CARTESIAN_POINT('',(-7.2,-72.7,11.8));
#3175 = VECTOR('',#3176,1.);
#3176 = DIRECTION('',(0.,1.,0.));
#3177 = PCURVE('',#2701,#3178);
#3178 = DEFINITIONAL_REPRESENTATION('',(#3179),#3183);
#3179 = LINE('',#3180,#3181);
#3180 = CARTESIAN_POINT('',(0.,0.));
#3181 = VECTOR('',#3182,1.);
#3182 = DIRECTION('',(0.,1.));
#3183 = ( GEOMETRIC_REPRESENTATION_CONTEXT(2) 
PARAMETRIC_REPRESENTATION_CONTEXT() REPRESENTATION_CONTEXT('2D SPACE',''
  ) );
#3184 = PCURVE('',#3053,#3185);
#3185 = DEFINITIONAL_REPRESENTATION('',(#3186),#3190);
#3186 = LINE('',#3187,#3188);
#3187 = CARTESIAN_POINT('',(0.,0.));
#3188 = VECTOR('',#3189,1.);
#3189 = DIRECTION('',(0.,-1.));
#3190 = ( GEOMETRIC_REPRESENTATION_CONTEXT(2) 
PARAMETRIC_REPRESENTATION_CONTEXT() REPRESENTATION_CONTEXT('2D SPACE',''
  ) );
#3191 = ORIENTED_EDGE('',*,*,#3099,.T.);
#3192 = ORIENTED_EDGE('',*,*,#2685,.F.);
#3193 = ADVANCED_FACE('',(#3194),#2673,.T.);
#3194 = FACE_BOUND('',#3195,.T.);
#3195 = EDGE_LOOP('',(#3196,#3197,#3218,#3219));
#3196 = ORIENTED_EDGE('',*,*,#3148,.F.);
#3197 = ORIENTED_EDGE('',*,*,#3198,.T.);
#3198 = EDGE_CURVE('',#3149,#3015,#3199,.T.);
#3199 = SURFACE_CURVE('',#3200,(#3204,#3211),.PCURVE_S1.);
#3200 = LINE('',#3201,#3202);
#3201 = CARTESIAN_POINT('',(-7.2,-40.3,11.8));
#3202 = VECTOR('',#3203,1.);
#3203 = DIRECTION('',(0.,0.,1.));
#3204 = PCURVE('',#2673,#3205);
#3205 = DEFINITIONAL_REPRESENTATION('',(#3206),#3210);
#3206 = LINE('',#3207,#3208);
#3207 = CARTESIAN_POINT('',(0.,0.));
#3208 = VECTOR('',#3209,1.);
#3209 = DIRECTION('',(1.,0.));
#3210 = ( GEOMETRIC_REPRESENTATION_CONTEXT(2) 
PARAMETRIC_REPRESENTATION_CONTEXT() REPRESENTATION_CONTEXT('2D SPACE',''
  ) );
#3211 = PCURVE('',#3053,#3212);
#3212 = DEFINITIONAL_REPRESENTATION('',(#3213),#3217);
#3213 = LINE('',#3214,#3215);
#3214 = CARTESIAN_POINT('',(0.,-32.4));
#3215 = VECTOR('',#3216,1.);
#3216 = DIRECTION('',(1.,0.));
#3217 = ( GEOMETRIC_REPRESENTATION_CONTEXT(2) 
PARAMETRIC_REPRESENTATION_CONTEXT() REPRESENTATION_CONTEXT('2D SPACE',''
  ) );
#3218 = ORIENTED_EDGE('',*,*,#3014,.T.);
#3219 = ORIENTED_EDGE('',*,*,#2657,.F.);
#3220 = ADVANCED_FACE('',(#3221),#3053,.F.);
#3221 = FACE_BOUND('',#3222,.F.);
#3222 = EDGE_LOOP('',(#3223,#3224,#3225,#3226));
#3223 = ORIENTED_EDGE('',*,*,#3122,.F.);
#3224 = ORIENTED_EDGE('',*,*,#3171,.T.);
#3225 = ORIENTED_EDGE('',*,*,#3198,.T.);
#3226 = ORIENTED_EDGE('',*,*,#3037,.T.);
#3227 = ( GEOMETRIC_REPRESENTATION_CONTEXT(3) 
GLOBAL_UNCERTAINTY_ASSIGNED_CONTEXT((#3231)) 
GLOBAL_UNIT_ASSIGNED_CONTEXT((#3228,#3229,#3230)) REPRESENTATION_CONTEXT
('Context #1','3D Context with UNIT and UNCERTAINTY') );
#3228 = ( LENGTH_UNIT() NAMED_UNIT(*) SI_UNIT(.MILLI.,.METRE.) );
#3229 = ( NAMED_UNIT(*) PLANE_ANGLE_UNIT() SI_UNIT($,.RADIAN.) );
#3230 = ( NAMED_UNIT(*) SI_UNIT($,.STERADIAN.) SOLID_ANGLE_UNIT() );
#3231 = UNCERTAINTY_MEASURE_WITH_UNIT(LENGTH_MEASURE(1.E-07),#3228,
  'distance_accuracy_value','confusion accuracy');
#3232 = CONTEXT_DEPENDENT_SHAPE_REPRESENTATION(#3233,#3235);
#3233 = ( REPRESENTATION_RELATIONSHIP('','',#64,#10) 
REPRESENTATION_RELATIONSHIP_WITH_TRANSFORMATION(#3234) 
SHAPE_REPRESENTATION_RELATIONSHIP() );
#3234 = ITEM_DEFINED_TRANSFORMATION('','',#11,#15);
#3235 = PRODUCT_DEFINITION_SHAPE('Placement','Placement of an item',
  #3236);
#3236 = NEXT_ASSEMBLY_USAGE_OCCURRENCE('3','','',#5,#59,$);
#3237 = PRODUCT_RELATED_PRODUCT_CATEGORY('part',$,(#61));
#3238 = SHAPE_DEFINITION_REPRESENTATION(#3239,#3245);
#3239 = PRODUCT_DEFINITION_SHAPE('','',#3240);
#3240 = PRODUCT_DEFINITION('design','',#3241,#3244);
#3241 = PRODUCT_DEFINITION_FORMATION('','',#3242);
#3242 = PRODUCT('Open CASCADE STEP translator 7.8 4.2',
  'Open CASCADE STEP translator 7.8 4.2','',(#3243));
#3243 = PRODUCT_CONTEXT('',#2,'mechanical');
#3244 = PRODUCT_DEFINITION_CONTEXT('part definition',#2,'design');
#3245 = ADVANCED_BREP_SHAPE_REPRESENTATION('',(#11,#3246),#5814);
#3246 = MANIFOLD_SOLID_BREP('',#3247);
#3247 = CLOSED_SHELL('',(#3248,#3368,#3682,#3732,#4454,#4481,#4508,#4535
    ,#4562,#4589,#4596,#4672,#4721,#4770,#4797,#4868,#4917,#4966,#4993,
    #5064,#5113,#5162,#5189,#5260,#5309,#5358,#5385,#5456,#5505,#5554,
    #5581,#5652,#5701,#5750,#5777));
#3248 = ADVANCED_FACE('',(#3249),#3263,.F.);
#3249 = FACE_BOUND('',#3250,.F.);
#3250 = EDGE_LOOP('',(#3251,#3286,#3314,#3342));
#3251 = ORIENTED_EDGE('',*,*,#3252,.F.);
#3252 = EDGE_CURVE('',#3253,#3255,#3257,.T.);
#3253 = VERTEX_POINT('',#3254);
#3254 = CARTESIAN_POINT('',(0.,-83.,7.));
#3255 = VERTEX_POINT('',#3256);
#3256 = CARTESIAN_POINT('',(0.,-25.2,7.));
#3257 = SURFACE_CURVE('',#3258,(#3262,#3274),.PCURVE_S1.);
#3258 = LINE('',#3259,#3260);
#3259 = CARTESIAN_POINT('',(0.,-85.,7.));
#3260 = VECTOR('',#3261,1.);
#3261 = DIRECTION('',(0.,1.,0.));
#3262 = PCURVE('',#3263,#3268);
#3263 = PLANE('',#3264);
#3264 = AXIS2_PLACEMENT_3D('',#3265,#3266,#3267);
#3265 = CARTESIAN_POINT('',(0.,-85.,0.));
#3266 = DIRECTION('',(1.,0.,0.));
#3267 = DIRECTION('',(0.,0.,1.));
#3268 = DEFINITIONAL_REPRESENTATION('',(#3269),#3273);
#3269 = LINE('',#3270,#3271);
#3270 = CARTESIAN_POINT('',(7.,0.));
#3271 = VECTOR('',#3272,1.);
#3272 = DIRECTION('',(0.,-1.));
#3273 = ( GEOMETRIC_REPRESENTATION_CONTEXT(2) 
PARAMETRIC_REPRESENTATION_CONTEXT() REPRESENTATION_CONTEXT('2D SPACE',''
  ) );
#3274 = PCURVE('',#3275,#3280);
#3275 = PLANE('',#3276);
#3276 = AXIS2_PLACEMENT_3D('',#3277,#3278,#3279);
#3277 = CARTESIAN_POINT('',(0.,-85.,7.));
#3278 = DIRECTION('',(0.,0.,1.));
#3279 = DIRECTION('',(1.,0.,-0.));
#3280 = DEFINITIONAL_REPRESENTATION('',(#3281),#3285);
#3281 = LINE('',#3282,#3283);
#3282 = CARTESIAN_POINT('',(0.,0.));
#3283 = VECTOR('',#3284,1.);
#3284 = DIRECTION('',(0.,1.));
#3285 = ( GEOMETRIC_REPRESENTATION_CONTEXT(2) 
PARAMETRIC_REPRESENTATION_CONTEXT() REPRESENTATION_CONTEXT('2D SPACE',''
  ) );
#3286 = ORIENTED_EDGE('',*,*,#3287,.F.);
#3287 = EDGE_CURVE('',#3288,#3253,#3290,.T.);
#3288 = VERTEX_POINT('',#3289);
#3289 = CARTESIAN_POINT('',(0.,-83.,0.));
#3290 = SURFACE_CURVE('',#3291,(#3295,#3302),.PCURVE_S1.);
#3291 = LINE('',#3292,#3293);
#3292 = CARTESIAN_POINT('',(0.,-83.,0.));
#3293 = VECTOR('',#3294,1.);
#3294 = DIRECTION('',(0.,0.,1.));
#3295 = PCURVE('',#3263,#3296);
#3296 = DEFINITIONAL_REPRESENTATION('',(#3297),#3301);
#3297 = LINE('',#3298,#3299);
#3298 = CARTESIAN_POINT('',(0.,-2.));
#3299 = VECTOR('',#3300,1.);
#3300 = DIRECTION('',(1.,0.));
#3301 = ( GEOMETRIC_REPRESENTATION_CONTEXT(2) 
PARAMETRIC_REPRESENTATION_CONTEXT() REPRESENTATION_CONTEXT('2D SPACE',''
  ) );
#3302 = PCURVE('',#3303,#3308);
#3303 = CYLINDRICAL_SURFACE('',#3304,2.);
#3304 = AXIS2_PLACEMENT_3D('',#3305,#3306,#3307);
#3305 = CARTESIAN_POINT('',(2.,-83.,0.));
#3306 = DIRECTION('',(0.,0.,1.));
#3307 = DIRECTION('',(-1.,-0.,0.));
#3308 = DEFINITIONAL_REPRESENTATION('',(#3309),#3313);
#3309 = LINE('',#3310,#3311);
#3310 = CARTESIAN_POINT('',(0.,0.));
#3311 = VECTOR('',#3312,1.);
#3312 = DIRECTION('',(0.,1.));
#3313 = ( GEOMETRIC_REPRESENTATION_CONTEXT(2) 
PARAMETRIC_REPRESENTATION_CONTEXT() REPRESENTATION_CONTEXT('2D SPACE',''
  ) );
#3314 = ORIENTED_EDGE('',*,*,#3315,.T.);
#3315 = EDGE_CURVE('',#3288,#3316,#3318,.T.);
#3316 = VERTEX_POINT('',#3317);
#3317 = CARTESIAN_POINT('',(0.,-25.2,0.));
#3318 = SURFACE_CURVE('',#3319,(#3323,#3330),.PCURVE_S1.);
#3319 = LINE('',#3320,#3321);
#3320 = CARTESIAN_POINT('',(0.,-85.,0.));
#3321 = VECTOR('',#3322,1.);
#3322 = DIRECTION('',(0.,1.,0.));
#3323 = PCURVE('',#3263,#3324);
#3324 = DEFINITIONAL_REPRESENTATION('',(#3325),#3329);
#3325 = LINE('',#3326,#3327);
#3326 = CARTESIAN_POINT('',(0.,0.));
#3327 = VECTOR('',#3328,1.);
#3328 = DIRECTION('',(0.,-1.));
#3329 = ( GEOMETRIC_REPRESENTATION_CONTEXT(2) 
PARAMETRIC_REPRESENTATION_CONTEXT() REPRESENTATION_CONTEXT('2D SPACE',''
  ) );
#3330 = PCURVE('',#3331,#3336);
#3331 = PLANE('',#3332);
#3332 = AXIS2_PLACEMENT_3D('',#3333,#3334,#3335);
#3333 = CARTESIAN_POINT('',(0.,-85.,0.));
#3334 = DIRECTION('',(0.,0.,1.));
#3335 = DIRECTION('',(1.,0.,-0.));
#3336 = DEFINITIONAL_REPRESENTATION('',(#3337),#3341);
#3337 = LINE('',#3338,#3339);
#3338 = CARTESIAN_POINT('',(0.,0.));
#3339 = VECTOR('',#3340,1.);
#3340 = DIRECTION('',(0.,1.));
#3341 = ( GEOMETRIC_REPRESENTATION_CONTEXT(2) 
PARAMETRIC_REPRESENTATION_CONTEXT() REPRESENTATION_CONTEXT('2D SPACE',''
  ) );
#3342 = ORIENTED_EDGE('',*,*,#3343,.T.);
#3343 = EDGE_CURVE('',#3316,#3255,#3344,.T.);
#3344 = SURFACE_CURVE('',#3345,(#3349,#3356),.PCURVE_S1.);
#3345 = LINE('',#3346,#3347);
#3346 = CARTESIAN_POINT('',(0.,-25.2,0.));
#3347 = VECTOR('',#3348,1.);
#3348 = DIRECTION('',(0.,0.,1.));
#3349 = PCURVE('',#3263,#3350);
#3350 = DEFINITIONAL_REPRESENTATION('',(#3351),#3355);
#3351 = LINE('',#3352,#3353);
#3352 = CARTESIAN_POINT('',(0.,-59.8));
#3353 = VECTOR('',#3354,1.);
#3354 = DIRECTION('',(1.,0.));
#3355 = ( GEOMETRIC_REPRESENTATION_CONTEXT(2) 
PARAMETRIC_REPRESENTATION_CONTEXT() REPRESENTATION_CONTEXT('2D SPACE',''
  ) );
#3356 = PCURVE('',#3357,#3362);
#3357 = CYLINDRICAL_SURFACE('',#3358,2.);
#3358 = AXIS2_PLACEMENT_3D('',#3359,#3360,#3361);
#3359 = CARTESIAN_POINT('',(2.,-25.2,0.));
#3360 = DIRECTION('',(0.,0.,1.));
#3361 = DIRECTION('',(-1.,-0.,0.));
#3362 = DEFINITIONAL_REPRESENTATION('',(#3363),#3367);
#3363 = LINE('',#3364,#3365);
#3364 = CARTESIAN_POINT('',(6.28318530718,0.));
#3365 = VECTOR('',#3366,1.);
#3366 = DIRECTION('',(-0.,1.));
#3367 = ( GEOMETRIC_REPRESENTATION_CONTEXT(2) 
PARAMETRIC_REPRESENTATION_CONTEXT() REPRESENTATION_CONTEXT('2D SPACE',''
  ) );
#3368 = ADVANCED_FACE('',(#3369,#3568),#3275,.T.);
#3369 = FACE_BOUND('',#3370,.T.);
#3370 = EDGE_LOOP('',(#3371,#3372,#3396,#3424,#3457,#3485,#3514,#3542));
#3371 = ORIENTED_EDGE('',*,*,#3252,.F.);
#3372 = ORIENTED_EDGE('',*,*,#3373,.T.);
#3373 = EDGE_CURVE('',#3253,#3374,#3376,.T.);
#3374 = VERTEX_POINT('',#3375);
#3375 = CARTESIAN_POINT('',(2.,-85.,7.));
#3376 = SURFACE_CURVE('',#3377,(#3382,#3389),.PCURVE_S1.);
#3377 = CIRCLE('',#3378,2.);
#3378 = AXIS2_PLACEMENT_3D('',#3379,#3380,#3381);
#3379 = CARTESIAN_POINT('',(2.,-83.,7.));
#3380 = DIRECTION('',(0.,0.,1.));
#3381 = DIRECTION('',(0.,-1.,0.));
#3382 = PCURVE('',#3275,#3383);
#3383 = DEFINITIONAL_REPRESENTATION('',(#3384),#3388);
#3384 = CIRCLE('',#3385,2.);
#3385 = AXIS2_PLACEMENT_2D('',#3386,#3387);
#3386 = CARTESIAN_POINT('',(2.,2.));
#3387 = DIRECTION('',(0.,-1.));
#3388 = ( GEOMETRIC_REPRESENTATION_CONTEXT(2) 
PARAMETRIC_REPRESENTATION_CONTEXT() REPRESENTATION_CONTEXT('2D SPACE',''
  ) );
#3389 = PCURVE('',#3303,#3390);
#3390 = DEFINITIONAL_REPRESENTATION('',(#3391),#3395);
#3391 = LINE('',#3392,#3393);
#3392 = CARTESIAN_POINT('',(-4.712388980385,7.));
#3393 = VECTOR('',#3394,1.);
#3394 = DIRECTION('',(1.,0.));
#3395 = ( GEOMETRIC_REPRESENTATION_CONTEXT(2) 
PARAMETRIC_REPRESENTATION_CONTEXT() REPRESENTATION_CONTEXT('2D SPACE',''
  ) );
#3396 = ORIENTED_EDGE('',*,*,#3397,.T.);
#3397 = EDGE_CURVE('',#3374,#3398,#3400,.T.);
#3398 = VERTEX_POINT('',#3399);
#3399 = CARTESIAN_POINT('',(82.8,-85.,7.));
#3400 = SURFACE_CURVE('',#3401,(#3405,#3412),.PCURVE_S1.);
#3401 = LINE('',#3402,#3403);
#3402 = CARTESIAN_POINT('',(0.,-85.,7.));
#3403 = VECTOR('',#3404,1.);
#3404 = DIRECTION('',(1.,0.,0.));
#3405 = PCURVE('',#3275,#3406);
#3406 = DEFINITIONAL_REPRESENTATION('',(#3407),#3411);
#3407 = LINE('',#3408,#3409);
#3408 = CARTESIAN_POINT('',(0.,0.));
#3409 = VECTOR('',#3410,1.);
#3410 = DIRECTION('',(1.,0.));
#3411 = ( GEOMETRIC_REPRESENTATION_CONTEXT(2) 
PARAMETRIC_REPRESENTATION_CONTEXT() REPRESENTATION_CONTEXT('2D SPACE',''
  ) );
#3412 = PCURVE('',#3413,#3418);
#3413 = PLANE('',#3414);
#3414 = AXIS2_PLACEMENT_3D('',#3415,#3416,#3417);
#3415 = CARTESIAN_POINT('',(0.,-85.,0.));
#3416 = DIRECTION('',(0.,1.,0.));
#3417 = DIRECTION('',(0.,-0.,1.));
#3418 = DEFINITIONAL_REPRESENTATION('',(#3419),#3423);
#3419 = LINE('',#3420,#3421);
#3420 = CARTESIAN_POINT('',(7.,0.));
#3421 = VECTOR('',#3422,1.);
#3422 = DIRECTION('',(0.,1.));
#3423 = ( GEOMETRIC_REPRESENTATION_CONTEXT(2) 
PARAMETRIC_REPRESENTATION_CONTEXT() REPRESENTATION_CONTEXT('2D SPACE',''
  ) );
#3424 = ORIENTED_EDGE('',*,*,#3425,.F.);
#3425 = EDGE_CURVE('',#3426,#3398,#3428,.T.);
#3426 = VERTEX_POINT('',#3427);
#3427 = CARTESIAN_POINT('',(84.8,-83.,7.));
#3428 = SURFACE_CURVE('',#3429,(#3434,#3445),.PCURVE_S1.);
#3429 = CIRCLE('',#3430,2.);
#3430 = AXIS2_PLACEMENT_3D('',#3431,#3432,#3433);
#3431 = CARTESIAN_POINT('',(82.8,-83.,7.));
#3432 = DIRECTION('',(-0.,-0.,-1.));
#3433 = DIRECTION('',(0.,-1.,0.));
#3434 = PCURVE('',#3275,#3435);
#3435 = DEFINITIONAL_REPRESENTATION('',(#3436),#3444);
#3436 = ( BOUNDED_CURVE() B_SPLINE_CURVE(2,(#3437,#3438,#3439,#3440,
#3441,#3442,#3443),.UNSPECIFIED.,.T.,.F.) B_SPLINE_CURVE_WITH_KNOTS((1,2
    ,2,2,2,1),(-2.094395102393,0.,2.094395102393,4.188790204786,
6.28318530718,8.377580409573),.UNSPECIFIED.) CURVE() 
GEOMETRIC_REPRESENTATION_ITEM() RATIONAL_B_SPLINE_CURVE((1.,0.5,1.,0.5,
1.,0.5,1.)) REPRESENTATION_ITEM('') );
#3437 = CARTESIAN_POINT('',(82.8,0.));
#3438 = CARTESIAN_POINT('',(79.335898384862,0.));
#3439 = CARTESIAN_POINT('',(81.067949192431,3.));
#3440 = CARTESIAN_POINT('',(82.8,6.));
#3441 = CARTESIAN_POINT('',(84.532050807569,3.));
#3442 = CARTESIAN_POINT('',(86.264101615138,3.10862446895E-15));
#3443 = CARTESIAN_POINT('',(82.8,0.));
#3444 = ( GEOMETRIC_REPRESENTATION_CONTEXT(2) 
PARAMETRIC_REPRESENTATION_CONTEXT() REPRESENTATION_CONTEXT('2D SPACE',''
  ) );
#3445 = PCURVE('',#3446,#3451);
#3446 = CYLINDRICAL_SURFACE('',#3447,2.);
#3447 = AXIS2_PLACEMENT_3D('',#3448,#3449,#3450);
#3448 = CARTESIAN_POINT('',(82.8,-83.,0.));
#3449 = DIRECTION('',(0.,0.,1.));
#3450 = DIRECTION('',(1.,0.,-0.));
#3451 = DEFINITIONAL_REPRESENTATION('',(#3452),#3456);
#3452 = LINE('',#3453,#3454);
#3453 = CARTESIAN_POINT('',(10.995574287565,7.));
#3454 = VECTOR('',#3455,1.);
#3455 = DIRECTION('',(-1.,0.));
#3456 = ( GEOMETRIC_REPRESENTATION_CONTEXT(2) 
PARAMETRIC_REPRESENTATION_CONTEXT() REPRESENTATION_CONTEXT('2D SPACE',''
  ) );
#3457 = ORIENTED_EDGE('',*,*,#3458,.T.);
#3458 = EDGE_CURVE('',#3426,#3459,#3461,.T.);
#3459 = VERTEX_POINT('',#3460);
#3460 = CARTESIAN_POINT('',(84.8,-25.2,7.));
#3461 = SURFACE_CURVE('',#3462,(#3466,#3473),.PCURVE_S1.);
#3462 = LINE('',#3463,#3464);
#3463 = CARTESIAN_POINT('',(84.8,-85.,7.));
#3464 = VECTOR('',#3465,1.);
#3465 = DIRECTION('',(0.,1.,0.));
#3466 = PCURVE('',#3275,#3467);
#3467 = DEFINITIONAL_REPRESENTATION('',(#3468),#3472);
#3468 = LINE('',#3469,#3470);
#3469 = CARTESIAN_POINT('',(84.8,0.));
#3470 = VECTOR('',#3471,1.);
#3471 = DIRECTION('',(0.,1.));
#3472 = ( GEOMETRIC_REPRESENTATION_CONTEXT(2) 
PARAMETRIC_REPRESENTATION_CONTEXT() REPRESENTATION_CONTEXT('2D SPACE',''
  ) );
#3473 = PCURVE('',#3474,#3479);
#3474 = PLANE('',#3475);
#3475 = AXIS2_PLACEMENT_3D('',#3476,#3477,#3478);
#3476 = CARTESIAN_POINT('',(84.8,-85.,0.));
#3477 = DIRECTION('',(1.,0.,0.));
#3478 = DIRECTION('',(0.,0.,1.));
#3479 = DEFINITIONAL_REPRESENTATION('',(#3480),#3484);
#3480 = LINE('',#3481,#3482);
#3481 = CARTESIAN_POINT('',(7.,0.));
#3482 = VECTOR('',#3483,1.);
#3483 = DIRECTION('',(0.,-1.));
#3484 = ( GEOMETRIC_REPRESENTATION_CONTEXT(2) 
PARAMETRIC_REPRESENTATION_CONTEXT() REPRESENTATION_CONTEXT('2D SPACE',''
  ) );
#3485 = ORIENTED_EDGE('',*,*,#3486,.T.);
#3486 = EDGE_CURVE('',#3459,#3487,#3489,.T.);
#3487 = VERTEX_POINT('',#3488);
#3488 = CARTESIAN_POINT('',(82.8,-23.2,7.));
#3489 = SURFACE_CURVE('',#3490,(#3495,#3502),.PCURVE_S1.);
#3490 = CIRCLE('',#3491,2.);
#3491 = AXIS2_PLACEMENT_3D('',#3492,#3493,#3494);
#3492 = CARTESIAN_POINT('',(82.8,-25.2,7.));
#3493 = DIRECTION('',(0.,0.,1.));
#3494 = DIRECTION('',(0.,-1.,0.));
#3495 = PCURVE('',#3275,#3496);
#3496 = DEFINITIONAL_REPRESENTATION('',(#3497),#3501);
#3497 = CIRCLE('',#3498,2.);
#3498 = AXIS2_PLACEMENT_2D('',#3499,#3500);
#3499 = CARTESIAN_POINT('',(82.8,59.8));
#3500 = DIRECTION('',(0.,-1.));
#3501 = ( GEOMETRIC_REPRESENTATION_CONTEXT(2) 
PARAMETRIC_REPRESENTATION_CONTEXT() REPRESENTATION_CONTEXT('2D SPACE',''
  ) );
#3502 = PCURVE('',#3503,#3508);
#3503 = CYLINDRICAL_SURFACE('',#3504,2.);
#3504 = AXIS2_PLACEMENT_3D('',#3505,#3506,#3507);
#3505 = CARTESIAN_POINT('',(82.8,-25.2,0.));
#3506 = DIRECTION('',(0.,0.,1.));
#3507 = DIRECTION('',(1.,0.,-0.));
#3508 = DEFINITIONAL_REPRESENTATION('',(#3509),#3513);
#3509 = LINE('',#3510,#3511);
#3510 = CARTESIAN_POINT('',(-1.570796326795,7.));
#3511 = VECTOR('',#3512,1.);
#3512 = DIRECTION('',(1.,0.));
#3513 = ( GEOMETRIC_REPRESENTATION_CONTEXT(2) 
PARAMETRIC_REPRESENTATION_CONTEXT() REPRESENTATION_CONTEXT('2D SPACE',''
  ) );
#3514 = ORIENTED_EDGE('',*,*,#3515,.F.);
#3515 = EDGE_CURVE('',#3516,#3487,#3518,.T.);
#3516 = VERTEX_POINT('',#3517);
#3517 = CARTESIAN_POINT('',(2.,-23.2,7.));
#3518 = SURFACE_CURVE('',#3519,(#3523,#3530),.PCURVE_S1.);
#3519 = LINE('',#3520,#3521);
#3520 = CARTESIAN_POINT('',(0.,-23.2,7.));
#3521 = VECTOR('',#3522,1.);
#3522 = DIRECTION('',(1.,0.,0.));
#3523 = PCURVE('',#3275,#3524);
#3524 = DEFINITIONAL_REPRESENTATION('',(#3525),#3529);
#3525 = LINE('',#3526,#3527);
#3526 = CARTESIAN_POINT('',(0.,61.8));
#3527 = VECTOR('',#3528,1.);
#3528 = DIRECTION('',(1.,0.));
#3529 = ( GEOMETRIC_REPRESENTATION_CONTEXT(2) 
PARAMETRIC_REPRESENTATION_CONTEXT() REPRESENTATION_CONTEXT('2D SPACE',''
  ) );
#3530 = PCURVE('',#3531,#3536);
#3531 = PLANE('',#3532);
#3532 = AXIS2_PLACEMENT_3D('',#3533,#3534,#3535);
#3533 = CARTESIAN_POINT('',(0.,-23.2,0.));
#3534 = DIRECTION('',(0.,1.,0.));
#3535 = DIRECTION('',(0.,-0.,1.));
#3536 = DEFINITIONAL_REPRESENTATION('',(#3537),#3541);
#3537 = LINE('',#3538,#3539);
#3538 = CARTESIAN_POINT('',(7.,0.));
#3539 = VECTOR('',#3540,1.);
#3540 = DIRECTION('',(0.,1.));
#3541 = ( GEOMETRIC_REPRESENTATION_CONTEXT(2) 
PARAMETRIC_REPRESENTATION_CONTEXT() REPRESENTATION_CONTEXT('2D SPACE',''
  ) );
#3542 = ORIENTED_EDGE('',*,*,#3543,.F.);
#3543 = EDGE_CURVE('',#3255,#3516,#3544,.T.);
#3544 = SURFACE_CURVE('',#3545,(#3550,#3561),.PCURVE_S1.);
#3545 = CIRCLE('',#3546,2.);
#3546 = AXIS2_PLACEMENT_3D('',#3547,#3548,#3549);
#3547 = CARTESIAN_POINT('',(2.,-25.2,7.));
#3548 = DIRECTION('',(-0.,-0.,-1.));
#3549 = DIRECTION('',(0.,-1.,0.));
#3550 = PCURVE('',#3275,#3551);
#3551 = DEFINITIONAL_REPRESENTATION('',(#3552),#3560);
#3552 = ( BOUNDED_CURVE() B_SPLINE_CURVE(2,(#3553,#3554,#3555,#3556,
#3557,#3558,#3559),.UNSPECIFIED.,.T.,.F.) B_SPLINE_CURVE_WITH_KNOTS((1,2
    ,2,2,2,1),(-2.094395102393,0.,2.094395102393,4.188790204786,
6.28318530718,8.377580409573),.UNSPECIFIED.) CURVE() 
GEOMETRIC_REPRESENTATION_ITEM() RATIONAL_B_SPLINE_CURVE((1.,0.5,1.,0.5,
1.,0.5,1.)) REPRESENTATION_ITEM('') );
#3553 = CARTESIAN_POINT('',(2.,57.8));
#3554 = CARTESIAN_POINT('',(-1.464101615138,57.8));
#3555 = CARTESIAN_POINT('',(0.267949192431,60.8));
#3556 = CARTESIAN_POINT('',(2.,63.8));
#3557 = CARTESIAN_POINT('',(3.732050807569,60.8));
#3558 = CARTESIAN_POINT('',(5.464101615138,57.8));
#3559 = CARTESIAN_POINT('',(2.,57.8));
#3560 = ( GEOMETRIC_REPRESENTATION_CONTEXT(2) 
PARAMETRIC_REPRESENTATION_CONTEXT() REPRESENTATION_CONTEXT('2D SPACE',''
  ) );
#3561 = PCURVE('',#3357,#3562);
#3562 = DEFINITIONAL_REPRESENTATION('',(#3563),#3567);
#3563 = LINE('',#3564,#3565);
#3564 = CARTESIAN_POINT('',(7.853981633975,7.));
#3565 = VECTOR('',#3566,1.);
#3566 = DIRECTION('',(-1.,0.));
#3567 = ( GEOMETRIC_REPRESENTATION_CONTEXT(2) 
PARAMETRIC_REPRESENTATION_CONTEXT() REPRESENTATION_CONTEXT('2D SPACE',''
  ) );
#3568 = FACE_BOUND('',#3569,.T.);
#3569 = EDGE_LOOP('',(#3570,#3600,#3628,#3656));
#3570 = ORIENTED_EDGE('',*,*,#3571,.T.);
#3571 = EDGE_CURVE('',#3572,#3574,#3576,.T.);
#3572 = VERTEX_POINT('',#3573);
#3573 = CARTESIAN_POINT('',(82.8,-83.,7.));
#3574 = VERTEX_POINT('',#3575);
#3575 = CARTESIAN_POINT('',(2.,-83.,7.));
#3576 = SURFACE_CURVE('',#3577,(#3581,#3588),.PCURVE_S1.);
#3577 = LINE('',#3578,#3579);
#3578 = CARTESIAN_POINT('',(1.,-83.,7.));
#3579 = VECTOR('',#3580,1.);
#3580 = DIRECTION('',(-1.,0.,0.));
#3581 = PCURVE('',#3275,#3582);
#3582 = DEFINITIONAL_REPRESENTATION('',(#3583),#3587);
#3583 = LINE('',#3584,#3585);
#3584 = CARTESIAN_POINT('',(1.,2.));
#3585 = VECTOR('',#3586,1.);
#3586 = DIRECTION('',(-1.,0.));
#3587 = ( GEOMETRIC_REPRESENTATION_CONTEXT(2) 
PARAMETRIC_REPRESENTATION_CONTEXT() REPRESENTATION_CONTEXT('2D SPACE',''
  ) );
#3588 = PCURVE('',#3589,#3594);
#3589 = PLANE('',#3590);
#3590 = AXIS2_PLACEMENT_3D('',#3591,#3592,#3593);
#3591 = CARTESIAN_POINT('',(2.,-83.,2.));
#3592 = DIRECTION('',(0.,1.,0.));
#3593 = DIRECTION('',(0.,-0.,1.));
#3594 = DEFINITIONAL_REPRESENTATION('',(#3595),#3599);
#3595 = LINE('',#3596,#3597);
#3596 = CARTESIAN_POINT('',(5.,-1.));
#3597 = VECTOR('',#3598,1.);
#3598 = DIRECTION('',(0.,-1.));
#3599 = ( GEOMETRIC_REPRESENTATION_CONTEXT(2) 
PARAMETRIC_REPRESENTATION_CONTEXT() REPRESENTATION_CONTEXT('2D SPACE',''
  ) );
#3600 = ORIENTED_EDGE('',*,*,#3601,.T.);
#3601 = EDGE_CURVE('',#3574,#3602,#3604,.T.);
#3602 = VERTEX_POINT('',#3603);
#3603 = CARTESIAN_POINT('',(2.,-25.2,7.));
#3604 = SURFACE_CURVE('',#3605,(#3609,#3616),.PCURVE_S1.);
#3605 = LINE('',#3606,#3607);
#3606 = CARTESIAN_POINT('',(2.,-84.,7.));
#3607 = VECTOR('',#3608,1.);
#3608 = DIRECTION('',(0.,1.,0.));
#3609 = PCURVE('',#3275,#3610);
#3610 = DEFINITIONAL_REPRESENTATION('',(#3611),#3615);
#3611 = LINE('',#3612,#3613);
#3612 = CARTESIAN_POINT('',(2.,1.));
#3613 = VECTOR('',#3614,1.);
#3614 = DIRECTION('',(0.,1.));
#3615 = ( GEOMETRIC_REPRESENTATION_CONTEXT(2) 
PARAMETRIC_REPRESENTATION_CONTEXT() REPRESENTATION_CONTEXT('2D SPACE',''
  ) );
#3616 = PCURVE('',#3617,#3622);
#3617 = PLANE('',#3618);
#3618 = AXIS2_PLACEMENT_3D('',#3619,#3620,#3621);
#3619 = CARTESIAN_POINT('',(2.,-83.,2.));
#3620 = DIRECTION('',(1.,0.,0.));
#3621 = DIRECTION('',(0.,0.,1.));
#3622 = DEFINITIONAL_REPRESENTATION('',(#3623),#3627);
#3623 = LINE('',#3624,#3625);
#3624 = CARTESIAN_POINT('',(5.,1.));
#3625 = VECTOR('',#3626,1.);
#3626 = DIRECTION('',(0.,-1.));
#3627 = ( GEOMETRIC_REPRESENTATION_CONTEXT(2) 
PARAMETRIC_REPRESENTATION_CONTEXT() REPRESENTATION_CONTEXT('2D SPACE',''
  ) );
#3628 = ORIENTED_EDGE('',*,*,#3629,.F.);
#3629 = EDGE_CURVE('',#3630,#3602,#3632,.T.);
#3630 = VERTEX_POINT('',#3631);
#3631 = CARTESIAN_POINT('',(82.8,-25.2,7.));
#3632 = SURFACE_CURVE('',#3633,(#3637,#3644),.PCURVE_S1.);
#3633 = LINE('',#3634,#3635);
#3634 = CARTESIAN_POINT('',(1.,-25.2,7.));
#3635 = VECTOR('',#3636,1.);
#3636 = DIRECTION('',(-1.,0.,0.));
#3637 = PCURVE('',#3275,#3638);
#3638 = DEFINITIONAL_REPRESENTATION('',(#3639),#3643);
#3639 = LINE('',#3640,#3641);
#3640 = CARTESIAN_POINT('',(1.,59.8));
#3641 = VECTOR('',#3642,1.);
#3642 = DIRECTION('',(-1.,0.));
#3643 = ( GEOMETRIC_REPRESENTATION_CONTEXT(2) 
PARAMETRIC_REPRESENTATION_CONTEXT() REPRESENTATION_CONTEXT('2D SPACE',''
  ) );
#3644 = PCURVE('',#3645,#3650);
#3645 = PLANE('',#3646);
#3646 = AXIS2_PLACEMENT_3D('',#3647,#3648,#3649);
#3647 = CARTESIAN_POINT('',(2.,-25.2,2.));
#3648 = DIRECTION('',(0.,1.,0.));
#3649 = DIRECTION('',(0.,-0.,1.));
#3650 = DEFINITIONAL_REPRESENTATION('',(#3651),#3655);
#3651 = LINE('',#3652,#3653);
#3652 = CARTESIAN_POINT('',(5.,-1.));
#3653 = VECTOR('',#3654,1.);
#3654 = DIRECTION('',(0.,-1.));
#3655 = ( GEOMETRIC_REPRESENTATION_CONTEXT(2) 
PARAMETRIC_REPRESENTATION_CONTEXT() REPRESENTATION_CONTEXT('2D SPACE',''
  ) );
#3656 = ORIENTED_EDGE('',*,*,#3657,.F.);
#3657 = EDGE_CURVE('',#3572,#3630,#3658,.T.);
#3658 = SURFACE_CURVE('',#3659,(#3663,#3670),.PCURVE_S1.);
#3659 = LINE('',#3660,#3661);
#3660 = CARTESIAN_POINT('',(82.8,-84.,7.));
#3661 = VECTOR('',#3662,1.);
#3662 = DIRECTION('',(0.,1.,0.));
#3663 = PCURVE('',#3275,#3664);
#3664 = DEFINITIONAL_REPRESENTATION('',(#3665),#3669);
#3665 = LINE('',#3666,#3667);
#3666 = CARTESIAN_POINT('',(82.8,1.));
#3667 = VECTOR('',#3668,1.);
#3668 = DIRECTION('',(0.,1.));
#3669 = ( GEOMETRIC_REPRESENTATION_CONTEXT(2) 
PARAMETRIC_REPRESENTATION_CONTEXT() REPRESENTATION_CONTEXT('2D SPACE',''
  ) );
#3670 = PCURVE('',#3671,#3676);
#3671 = PLANE('',#3672);
#3672 = AXIS2_PLACEMENT_3D('',#3673,#3674,#3675);
#3673 = CARTESIAN_POINT('',(82.8,-83.,2.));
#3674 = DIRECTION('',(1.,0.,0.));
#3675 = DIRECTION('',(0.,0.,1.));
#3676 = DEFINITIONAL_REPRESENTATION('',(#3677),#3681);
#3677 = LINE('',#3678,#3679);
#3678 = CARTESIAN_POINT('',(5.,1.));
#3679 = VECTOR('',#3680,1.);
#3680 = DIRECTION('',(0.,-1.));
#3681 = ( GEOMETRIC_REPRESENTATION_CONTEXT(2) 
PARAMETRIC_REPRESENTATION_CONTEXT() REPRESENTATION_CONTEXT('2D SPACE',''
  ) );
#3682 = ADVANCED_FACE('',(#3683),#3303,.T.);
#3683 = FACE_BOUND('',#3684,.T.);
#3684 = EDGE_LOOP('',(#3685,#3709,#3730,#3731));
#3685 = ORIENTED_EDGE('',*,*,#3686,.T.);
#3686 = EDGE_CURVE('',#3288,#3687,#3689,.T.);
#3687 = VERTEX_POINT('',#3688);
#3688 = CARTESIAN_POINT('',(2.,-85.,0.));
#3689 = SURFACE_CURVE('',#3690,(#3695,#3702),.PCURVE_S1.);
#3690 = CIRCLE('',#3691,2.);
#3691 = AXIS2_PLACEMENT_3D('',#3692,#3693,#3694);
#3692 = CARTESIAN_POINT('',(2.,-83.,0.));
#3693 = DIRECTION('',(0.,0.,1.));
#3694 = DIRECTION('',(0.,-1.,0.));
#3695 = PCURVE('',#3303,#3696);
#3696 = DEFINITIONAL_REPRESENTATION('',(#3697),#3701);
#3697 = LINE('',#3698,#3699);
#3698 = CARTESIAN_POINT('',(-4.712388980385,0.));
#3699 = VECTOR('',#3700,1.);
#3700 = DIRECTION('',(1.,0.));
#3701 = ( GEOMETRIC_REPRESENTATION_CONTEXT(2) 
PARAMETRIC_REPRESENTATION_CONTEXT() REPRESENTATION_CONTEXT('2D SPACE',''
  ) );
#3702 = PCURVE('',#3331,#3703);
#3703 = DEFINITIONAL_REPRESENTATION('',(#3704),#3708);
#3704 = CIRCLE('',#3705,2.);
#3705 = AXIS2_PLACEMENT_2D('',#3706,#3707);
#3706 = CARTESIAN_POINT('',(2.,2.));
#3707 = DIRECTION('',(0.,-1.));
#3708 = ( GEOMETRIC_REPRESENTATION_CONTEXT(2) 
PARAMETRIC_REPRESENTATION_CONTEXT() REPRESENTATION_CONTEXT('2D SPACE',''
  ) );
#3709 = ORIENTED_EDGE('',*,*,#3710,.T.);
#3710 = EDGE_CURVE('',#3687,#3374,#3711,.T.);
#3711 = SURFACE_CURVE('',#3712,(#3716,#3723),.PCURVE_S1.);
#3712 = LINE('',#3713,#3714);
#3713 = CARTESIAN_POINT('',(2.,-85.,0.));
#3714 = VECTOR('',#3715,1.);
#3715 = DIRECTION('',(0.,0.,1.));
#3716 = PCURVE('',#3303,#3717);
#3717 = DEFINITIONAL_REPRESENTATION('',(#3718),#3722);
#3718 = LINE('',#3719,#3720);
#3719 = CARTESIAN_POINT('',(1.570796326795,0.));
#3720 = VECTOR('',#3721,1.);
#3721 = DIRECTION('',(0.,1.));
#3722 = ( GEOMETRIC_REPRESENTATION_CONTEXT(2) 
PARAMETRIC_REPRESENTATION_CONTEXT() REPRESENTATION_CONTEXT('2D SPACE',''
  ) );
#3723 = PCURVE('',#3413,#3724);
#3724 = DEFINITIONAL_REPRESENTATION('',(#3725),#3729);
#3725 = LINE('',#3726,#3727);
#3726 = CARTESIAN_POINT('',(0.,2.));
#3727 = VECTOR('',#3728,1.);
#3728 = DIRECTION('',(1.,0.));
#3729 = ( GEOMETRIC_REPRESENTATION_CONTEXT(2) 
PARAMETRIC_REPRESENTATION_CONTEXT() REPRESENTATION_CONTEXT('2D SPACE',''
  ) );
#3730 = ORIENTED_EDGE('',*,*,#3373,.F.);
#3731 = ORIENTED_EDGE('',*,*,#3287,.F.);
#3732 = ADVANCED_FACE('',(#3733,#3884,#3998,#4112,#4226,#4340),#3331,.F.
  );
#3733 = FACE_BOUND('',#3734,.F.);
#3734 = EDGE_LOOP('',(#3735,#3736,#3737,#3760,#3788,#3811,#3835,#3858));
#3735 = ORIENTED_EDGE('',*,*,#3315,.F.);
#3736 = ORIENTED_EDGE('',*,*,#3686,.T.);
#3737 = ORIENTED_EDGE('',*,*,#3738,.T.);
#3738 = EDGE_CURVE('',#3687,#3739,#3741,.T.);
#3739 = VERTEX_POINT('',#3740);
#3740 = CARTESIAN_POINT('',(82.8,-85.,0.));
#3741 = SURFACE_CURVE('',#3742,(#3746,#3753),.PCURVE_S1.);
#3742 = LINE('',#3743,#3744);
#3743 = CARTESIAN_POINT('',(0.,-85.,0.));
#3744 = VECTOR('',#3745,1.);
#3745 = DIRECTION('',(1.,0.,0.));
#3746 = PCURVE('',#3331,#3747);
#3747 = DEFINITIONAL_REPRESENTATION('',(#3748),#3752);
#3748 = LINE('',#3749,#3750);
#3749 = CARTESIAN_POINT('',(0.,0.));
#3750 = VECTOR('',#3751,1.);
#3751 = DIRECTION('',(1.,0.));
#3752 = ( GEOMETRIC_REPRESENTATION_CONTEXT(2) 
PARAMETRIC_REPRESENTATION_CONTEXT() REPRESENTATION_CONTEXT('2D SPACE',''
  ) );
#3753 = PCURVE('',#3413,#3754);
#3754 = DEFINITIONAL_REPRESENTATION('',(#3755),#3759);
#3755 = LINE('',#3756,#3757);
#3756 = CARTESIAN_POINT('',(0.,0.));
#3757 = VECTOR('',#3758,1.);
#3758 = DIRECTION('',(0.,1.));
#3759 = ( GEOMETRIC_REPRESENTATION_CONTEXT(2) 
PARAMETRIC_REPRESENTATION_CONTEXT() REPRESENTATION_CONTEXT('2D SPACE',''
  ) );
#3760 = ORIENTED_EDGE('',*,*,#3761,.F.);
#3761 = EDGE_CURVE('',#3762,#3739,#3764,.T.);
#3762 = VERTEX_POINT('',#3763);
#3763 = CARTESIAN_POINT('',(84.8,-83.,0.));
#3764 = SURFACE_CURVE('',#3765,(#3770,#3781),.PCURVE_S1.);
#3765 = CIRCLE('',#3766,2.);
#3766 = AXIS2_PLACEMENT_3D('',#3767,#3768,#3769);
#3767 = CARTESIAN_POINT('',(82.8,-83.,0.));
#3768 = DIRECTION('',(-0.,-0.,-1.));
#3769 = DIRECTION('',(0.,-1.,0.));
#3770 = PCURVE('',#3331,#3771);
#3771 = DEFINITIONAL_REPRESENTATION('',(#3772),#3780);
#3772 = ( BOUNDED_CURVE() B_SPLINE_CURVE(2,(#3773,#3774,#3775,#3776,
#3777,#3778,#3779),.UNSPECIFIED.,.T.,.F.) B_SPLINE_CURVE_WITH_KNOTS((1,2
    ,2,2,2,1),(-2.094395102393,0.,2.094395102393,4.188790204786,
6.28318530718,8.377580409573),.UNSPECIFIED.) CURVE() 
GEOMETRIC_REPRESENTATION_ITEM() RATIONAL_B_SPLINE_CURVE((1.,0.5,1.,0.5,
1.,0.5,1.)) REPRESENTATION_ITEM('') );
#3773 = CARTESIAN_POINT('',(82.8,0.));
#3774 = CARTESIAN_POINT('',(79.335898384862,0.));
#3775 = CARTESIAN_POINT('',(81.067949192431,3.));
#3776 = CARTESIAN_POINT('',(82.8,6.));
#3777 = CARTESIAN_POINT('',(84.532050807569,3.));
#3778 = CARTESIAN_POINT('',(86.264101615138,3.10862446895E-15));
#3779 = CARTESIAN_POINT('',(82.8,0.));
#3780 = ( GEOMETRIC_REPRESENTATION_CONTEXT(2) 
PARAMETRIC_REPRESENTATION_CONTEXT() REPRESENTATION_CONTEXT('2D SPACE',''
  ) );
#3781 = PCURVE('',#3446,#3782);
#3782 = DEFINITIONAL_REPRESENTATION('',(#3783),#3787);
#3783 = LINE('',#3784,#3785);
#3784 = CARTESIAN_POINT('',(10.995574287565,0.));
#3785 = VECTOR('',#3786,1.);
#3786 = DIRECTION('',(-1.,0.));
#3787 = ( GEOMETRIC_REPRESENTATION_CONTEXT(2) 
PARAMETRIC_REPRESENTATION_CONTEXT() REPRESENTATION_CONTEXT('2D SPACE',''
  ) );
#3788 = ORIENTED_EDGE('',*,*,#3789,.T.);
#3789 = EDGE_CURVE('',#3762,#3790,#3792,.T.);
#3790 = VERTEX_POINT('',#3791);
#3791 = CARTESIAN_POINT('',(84.8,-25.2,0.));
#3792 = SURFACE_CURVE('',#3793,(#3797,#3804),.PCURVE_S1.);
#3793 = LINE('',#3794,#3795);
#3794 = CARTESIAN_POINT('',(84.8,-85.,0.));
#3795 = VECTOR('',#3796,1.);
#3796 = DIRECTION('',(0.,1.,0.));
#3797 = PCURVE('',#3331,#3798);
#3798 = DEFINITIONAL_REPRESENTATION('',(#3799),#3803);
#3799 = LINE('',#3800,#3801);
#3800 = CARTESIAN_POINT('',(84.8,0.));
#3801 = VECTOR('',#3802,1.);
#3802 = DIRECTION('',(0.,1.));
#3803 = ( GEOMETRIC_REPRESENTATION_CONTEXT(2) 
PARAMETRIC_REPRESENTATION_CONTEXT() REPRESENTATION_CONTEXT('2D SPACE',''
  ) );
#3804 = PCURVE('',#3474,#3805);
#3805 = DEFINITIONAL_REPRESENTATION('',(#3806),#3810);
#3806 = LINE('',#3807,#3808);
#3807 = CARTESIAN_POINT('',(0.,0.));
#3808 = VECTOR('',#3809,1.);
#3809 = DIRECTION('',(0.,-1.));
#3810 = ( GEOMETRIC_REPRESENTATION_CONTEXT(2) 
PARAMETRIC_REPRESENTATION_CONTEXT() REPRESENTATION_CONTEXT('2D SPACE',''
  ) );
#3811 = ORIENTED_EDGE('',*,*,#3812,.T.);
#3812 = EDGE_CURVE('',#3790,#3813,#3815,.T.);
#3813 = VERTEX_POINT('',#3814);
#3814 = CARTESIAN_POINT('',(82.8,-23.2,0.));
#3815 = SURFACE_CURVE('',#3816,(#3821,#3828),.PCURVE_S1.);
#3816 = CIRCLE('',#3817,2.);
#3817 = AXIS2_PLACEMENT_3D('',#3818,#3819,#3820);
#3818 = CARTESIAN_POINT('',(82.8,-25.2,0.));
#3819 = DIRECTION('',(0.,0.,1.));
#3820 = DIRECTION('',(0.,-1.,0.));
#3821 = PCURVE('',#3331,#3822);
#3822 = DEFINITIONAL_REPRESENTATION('',(#3823),#3827);
#3823 = CIRCLE('',#3824,2.);
#3824 = AXIS2_PLACEMENT_2D('',#3825,#3826);
#3825 = CARTESIAN_POINT('',(82.8,59.8));
#3826 = DIRECTION('',(0.,-1.));
#3827 = ( GEOMETRIC_REPRESENTATION_CONTEXT(2) 
PARAMETRIC_REPRESENTATION_CONTEXT() REPRESENTATION_CONTEXT('2D SPACE',''
  ) );
#3828 = PCURVE('',#3503,#3829);
#3829 = DEFINITIONAL_REPRESENTATION('',(#3830),#3834);
#3830 = LINE('',#3831,#3832);
#3831 = CARTESIAN_POINT('',(-1.570796326795,0.));
#3832 = VECTOR('',#3833,1.);
#3833 = DIRECTION('',(1.,0.));
#3834 = ( GEOMETRIC_REPRESENTATION_CONTEXT(2) 
PARAMETRIC_REPRESENTATION_CONTEXT() REPRESENTATION_CONTEXT('2D SPACE',''
  ) );
#3835 = ORIENTED_EDGE('',*,*,#3836,.F.);
#3836 = EDGE_CURVE('',#3837,#3813,#3839,.T.);
#3837 = VERTEX_POINT('',#3838);
#3838 = CARTESIAN_POINT('',(2.,-23.2,0.));
#3839 = SURFACE_CURVE('',#3840,(#3844,#3851),.PCURVE_S1.);
#3840 = LINE('',#3841,#3842);
#3841 = CARTESIAN_POINT('',(0.,-23.2,0.));
#3842 = VECTOR('',#3843,1.);
#3843 = DIRECTION('',(1.,0.,0.));
#3844 = PCURVE('',#3331,#3845);
#3845 = DEFINITIONAL_REPRESENTATION('',(#3846),#3850);
#3846 = LINE('',#3847,#3848);
#3847 = CARTESIAN_POINT('',(0.,61.8));
#3848 = VECTOR('',#3849,1.);
#3849 = DIRECTION('',(1.,0.));
#3850 = ( GEOMETRIC_REPRESENTATION_CONTEXT(2) 
PARAMETRIC_REPRESENTATION_CONTEXT() REPRESENTATION_CONTEXT('2D SPACE',''
  ) );
#3851 = PCURVE('',#3531,#3852);
#3852 = DEFINITIONAL_REPRESENTATION('',(#3853),#3857);
#3853 = LINE('',#3854,#3855);
#3854 = CARTESIAN_POINT('',(0.,0.));
#3855 = VECTOR('',#3856,1.);
#3856 = DIRECTION('',(0.,1.));
#3857 = ( GEOMETRIC_REPRESENTATION_CONTEXT(2) 
PARAMETRIC_REPRESENTATION_CONTEXT() REPRESENTATION_CONTEXT('2D SPACE',''
  ) );
#3858 = ORIENTED_EDGE('',*,*,#3859,.F.);
#3859 = EDGE_CURVE('',#3316,#3837,#3860,.T.);
#3860 = SURFACE_CURVE('',#3861,(#3866,#3877),.PCURVE_S1.);
#3861 = CIRCLE('',#3862,2.);
#3862 = AXIS2_PLACEMENT_3D('',#3863,#3864,#3865);
#3863 = CARTESIAN_POINT('',(2.,-25.2,0.));
#3864 = DIRECTION('',(-0.,-0.,-1.));
#3865 = DIRECTION('',(0.,-1.,0.));
#3866 = PCURVE('',#3331,#3867);
#3867 = DEFINITIONAL_REPRESENTATION('',(#3868),#3876);
#3868 = ( BOUNDED_CURVE() B_SPLINE_CURVE(2,(#3869,#3870,#3871,#3872,
#3873,#3874,#3875),.UNSPECIFIED.,.T.,.F.) B_SPLINE_CURVE_WITH_KNOTS((1,2
    ,2,2,2,1),(-2.094395102393,0.,2.094395102393,4.188790204786,
6.28318530718,8.377580409573),.UNSPECIFIED.) CURVE() 
GEOMETRIC_REPRESENTATION_ITEM() RATIONAL_B_SPLINE_CURVE((1.,0.5,1.,0.5,
1.,0.5,1.)) REPRESENTATION_ITEM('') );
#3869 = CARTESIAN_POINT('',(2.,57.8));
#3870 = CARTESIAN_POINT('',(-1.464101615138,57.8));
#3871 = CARTESIAN_POINT('',(0.267949192431,60.8));
#3872 = CARTESIAN_POINT('',(2.,63.8));
#3873 = CARTESIAN_POINT('',(3.732050807569,60.8));
#3874 = CARTESIAN_POINT('',(5.464101615138,57.8));
#3875 = CARTESIAN_POINT('',(2.,57.8));
#3876 = ( GEOMETRIC_REPRESENTATION_CONTEXT(2) 
PARAMETRIC_REPRESENTATION_CONTEXT() REPRESENTATION_CONTEXT('2D SPACE',''
  ) );
#3877 = PCURVE('',#3357,#3878);
#3878 = DEFINITIONAL_REPRESENTATION('',(#3879),#3883);
#3879 = LINE('',#3880,#3881);
#3880 = CARTESIAN_POINT('',(7.853981633975,0.));
#3881 = VECTOR('',#3882,1.);
#3882 = DIRECTION('',(-1.,0.));
#3883 = ( GEOMETRIC_REPRESENTATION_CONTEXT(2) 
PARAMETRIC_REPRESENTATION_CONTEXT() REPRESENTATION_CONTEXT('2D SPACE',''
  ) );
#3884 = FACE_BOUND('',#3885,.F.);
#3885 = EDGE_LOOP('',(#3886,#3916,#3944,#3972));
#3886 = ORIENTED_EDGE('',*,*,#3887,.T.);
#3887 = EDGE_CURVE('',#3888,#3890,#3892,.T.);
#3888 = VERTEX_POINT('',#3889);
#3889 = CARTESIAN_POINT('',(15.4,-73.6,0.));
#3890 = VERTEX_POINT('',#3891);
#3891 = CARTESIAN_POINT('',(11.4,-73.6,0.));
#3892 = SURFACE_CURVE('',#3893,(#3897,#3904),.PCURVE_S1.);
#3893 = LINE('',#3894,#3895);
#3894 = CARTESIAN_POINT('',(5.7,-73.6,0.));
#3895 = VECTOR('',#3896,1.);
#3896 = DIRECTION('',(-1.,0.,0.));
#3897 = PCURVE('',#3331,#3898);
#3898 = DEFINITIONAL_REPRESENTATION('',(#3899),#3903);
#3899 = LINE('',#3900,#3901);
#3900 = CARTESIAN_POINT('',(5.7,11.4));
#3901 = VECTOR('',#3902,1.);
#3902 = DIRECTION('',(-1.,0.));
#3903 = ( GEOMETRIC_REPRESENTATION_CONTEXT(2) 
PARAMETRIC_REPRESENTATION_CONTEXT() REPRESENTATION_CONTEXT('2D SPACE',''
  ) );
#3904 = PCURVE('',#3905,#3910);
#3905 = PLANE('',#3906);
#3906 = AXIS2_PLACEMENT_3D('',#3907,#3908,#3909);
#3907 = CARTESIAN_POINT('',(11.4,-73.6,-1.));
#3908 = DIRECTION('',(0.,1.,0.));
#3909 = DIRECTION('',(0.,-0.,1.));
#3910 = DEFINITIONAL_REPRESENTATION('',(#3911),#3915);
#3911 = LINE('',#3912,#3913);
#3912 = CARTESIAN_POINT('',(1.,-5.7));
#3913 = VECTOR('',#3914,1.);
#3914 = DIRECTION('',(0.,-1.));
#3915 = ( GEOMETRIC_REPRESENTATION_CONTEXT(2) 
PARAMETRIC_REPRESENTATION_CONTEXT() REPRESENTATION_CONTEXT('2D SPACE',''
  ) );
#3916 = ORIENTED_EDGE('',*,*,#3917,.T.);
#3917 = EDGE_CURVE('',#3890,#3918,#3920,.T.);
#3918 = VERTEX_POINT('',#3919);
#3919 = CARTESIAN_POINT('',(11.4,-64.6,0.));
#3920 = SURFACE_CURVE('',#3921,(#3925,#3932),.PCURVE_S1.);
#3921 = LINE('',#3922,#3923);
#3922 = CARTESIAN_POINT('',(11.4,-79.3,0.));
#3923 = VECTOR('',#3924,1.);
#3924 = DIRECTION('',(0.,1.,0.));
#3925 = PCURVE('',#3331,#3926);
#3926 = DEFINITIONAL_REPRESENTATION('',(#3927),#3931);
#3927 = LINE('',#3928,#3929);
#3928 = CARTESIAN_POINT('',(11.4,5.7));
#3929 = VECTOR('',#3930,1.);
#3930 = DIRECTION('',(0.,1.));
#3931 = ( GEOMETRIC_REPRESENTATION_CONTEXT(2) 
PARAMETRIC_REPRESENTATION_CONTEXT() REPRESENTATION_CONTEXT('2D SPACE',''
  ) );
#3932 = PCURVE('',#3933,#3938);
#3933 = PLANE('',#3934);
#3934 = AXIS2_PLACEMENT_3D('',#3935,#3936,#3937);
#3935 = CARTESIAN_POINT('',(11.4,-73.6,-1.));
#3936 = DIRECTION('',(1.,0.,0.));
#3937 = DIRECTION('',(0.,0.,1.));
#3938 = DEFINITIONAL_REPRESENTATION('',(#3939),#3943);
#3939 = LINE('',#3940,#3941);
#3940 = CARTESIAN_POINT('',(1.,5.7));
#3941 = VECTOR('',#3942,1.);
#3942 = DIRECTION('',(0.,-1.));
#3943 = ( GEOMETRIC_REPRESENTATION_CONTEXT(2) 
PARAMETRIC_REPRESENTATION_CONTEXT() REPRESENTATION_CONTEXT('2D SPACE',''
  ) );
#3944 = ORIENTED_EDGE('',*,*,#3945,.F.);
#3945 = EDGE_CURVE('',#3946,#3918,#3948,.T.);
#3946 = VERTEX_POINT('',#3947);
#3947 = CARTESIAN_POINT('',(15.4,-64.6,0.));
#3948 = SURFACE_CURVE('',#3949,(#3953,#3960),.PCURVE_S1.);
#3949 = LINE('',#3950,#3951);
#3950 = CARTESIAN_POINT('',(5.7,-64.6,0.));
#3951 = VECTOR('',#3952,1.);
#3952 = DIRECTION('',(-1.,0.,0.));
#3953 = PCURVE('',#3331,#3954);
#3954 = DEFINITIONAL_REPRESENTATION('',(#3955),#3959);
#3955 = LINE('',#3956,#3957);
#3956 = CARTESIAN_POINT('',(5.7,20.4));
#3957 = VECTOR('',#3958,1.);
#3958 = DIRECTION('',(-1.,0.));
#3959 = ( GEOMETRIC_REPRESENTATION_CONTEXT(2) 
PARAMETRIC_REPRESENTATION_CONTEXT() REPRESENTATION_CONTEXT('2D SPACE',''
  ) );
#3960 = PCURVE('',#3961,#3966);
#3961 = PLANE('',#3962);
#3962 = AXIS2_PLACEMENT_3D('',#3963,#3964,#3965);
#3963 = CARTESIAN_POINT('',(11.4,-64.6,-1.));
#3964 = DIRECTION('',(0.,1.,0.));
#3965 = DIRECTION('',(0.,-0.,1.));
#3966 = DEFINITIONAL_REPRESENTATION('',(#3967),#3971);
#3967 = LINE('',#3968,#3969);
#3968 = CARTESIAN_POINT('',(1.,-5.7));
#3969 = VECTOR('',#3970,1.);
#3970 = DIRECTION('',(0.,-1.));
#3971 = ( GEOMETRIC_REPRESENTATION_CONTEXT(2) 
PARAMETRIC_REPRESENTATION_CONTEXT() REPRESENTATION_CONTEXT('2D SPACE',''
  ) );
#3972 = ORIENTED_EDGE('',*,*,#3973,.F.);
#3973 = EDGE_CURVE('',#3888,#3946,#3974,.T.);
#3974 = SURFACE_CURVE('',#3975,(#3979,#3986),.PCURVE_S1.);
#3975 = LINE('',#3976,#3977);
#3976 = CARTESIAN_POINT('',(15.4,-79.3,0.));
#3977 = VECTOR('',#3978,1.);
#3978 = DIRECTION('',(0.,1.,0.));
#3979 = PCURVE('',#3331,#3980);
#3980 = DEFINITIONAL_REPRESENTATION('',(#3981),#3985);
#3981 = LINE('',#3982,#3983);
#3982 = CARTESIAN_POINT('',(15.4,5.7));
#3983 = VECTOR('',#3984,1.);
#3984 = DIRECTION('',(0.,1.));
#3985 = ( GEOMETRIC_REPRESENTATION_CONTEXT(2) 
PARAMETRIC_REPRESENTATION_CONTEXT() REPRESENTATION_CONTEXT('2D SPACE',''
  ) );
#3986 = PCURVE('',#3987,#3992);
#3987 = PLANE('',#3988);
#3988 = AXIS2_PLACEMENT_3D('',#3989,#3990,#3991);
#3989 = CARTESIAN_POINT('',(15.4,-73.6,-1.));
#3990 = DIRECTION('',(1.,0.,0.));
#3991 = DIRECTION('',(0.,0.,1.));
#3992 = DEFINITIONAL_REPRESENTATION('',(#3993),#3997);
#3993 = LINE('',#3994,#3995);
#3994 = CARTESIAN_POINT('',(1.,5.7));
#3995 = VECTOR('',#3996,1.);
#3996 = DIRECTION('',(0.,-1.));
#3997 = ( GEOMETRIC_REPRESENTATION_CONTEXT(2) 
PARAMETRIC_REPRESENTATION_CONTEXT() REPRESENTATION_CONTEXT('2D SPACE',''
  ) );
#3998 = FACE_BOUND('',#3999,.F.);
#3999 = EDGE_LOOP('',(#4000,#4030,#4058,#4086));
#4000 = ORIENTED_EDGE('',*,*,#4001,.T.);
#4001 = EDGE_CURVE('',#4002,#4004,#4006,.T.);
#4002 = VERTEX_POINT('',#4003);
#4003 = CARTESIAN_POINT('',(70.4,-71.6,0.));
#4004 = VERTEX_POINT('',#4005);
#4005 = CARTESIAN_POINT('',(48.4,-71.6,0.));
#4006 = SURFACE_CURVE('',#4007,(#4011,#4018),.PCURVE_S1.);
#4007 = LINE('',#4008,#4009);
#4008 = CARTESIAN_POINT('',(24.2,-71.6,0.));
#4009 = VECTOR('',#4010,1.);
#4010 = DIRECTION('',(-1.,0.,0.));
#4011 = PCURVE('',#3331,#4012);
#4012 = DEFINITIONAL_REPRESENTATION('',(#4013),#4017);
#4013 = LINE('',#4014,#4015);
#4014 = CARTESIAN_POINT('',(24.2,13.4));
#4015 = VECTOR('',#4016,1.);
#4016 = DIRECTION('',(-1.,0.));
#4017 = ( GEOMETRIC_REPRESENTATION_CONTEXT(2) 
PARAMETRIC_REPRESENTATION_CONTEXT() REPRESENTATION_CONTEXT('2D SPACE',''
  ) );
#4018 = PCURVE('',#4019,#4024);
#4019 = PLANE('',#4020);
#4020 = AXIS2_PLACEMENT_3D('',#4021,#4022,#4023);
#4021 = CARTESIAN_POINT('',(48.4,-71.6,-0.5));
#4022 = DIRECTION('',(0.,1.,0.));
#4023 = DIRECTION('',(0.,0.,1.));
#4024 = DEFINITIONAL_REPRESENTATION('',(#4025),#4029);
#4025 = LINE('',#4026,#4027);
#4026 = CARTESIAN_POINT('',(0.5,-24.2));
#4027 = VECTOR('',#4028,1.);
#4028 = DIRECTION('',(0.,-1.));
#4029 = ( GEOMETRIC_REPRESENTATION_CONTEXT(2) 
PARAMETRIC_REPRESENTATION_CONTEXT() REPRESENTATION_CONTEXT('2D SPACE',''
  ) );
#4030 = ORIENTED_EDGE('',*,*,#4031,.T.);
#4031 = EDGE_CURVE('',#4004,#4032,#4034,.T.);
#4032 = VERTEX_POINT('',#4033);
#4033 = CARTESIAN_POINT('',(48.4,-56.6,0.));
#4034 = SURFACE_CURVE('',#4035,(#4039,#4046),.PCURVE_S1.);
#4035 = LINE('',#4036,#4037);
#4036 = CARTESIAN_POINT('',(48.4,-78.3,0.));
#4037 = VECTOR('',#4038,1.);
#4038 = DIRECTION('',(0.,1.,0.));
#4039 = PCURVE('',#3331,#4040);
#4040 = DEFINITIONAL_REPRESENTATION('',(#4041),#4045);
#4041 = LINE('',#4042,#4043);
#4042 = CARTESIAN_POINT('',(48.4,6.7));
#4043 = VECTOR('',#4044,1.);
#4044 = DIRECTION('',(0.,1.));
#4045 = ( GEOMETRIC_REPRESENTATION_CONTEXT(2) 
PARAMETRIC_REPRESENTATION_CONTEXT() REPRESENTATION_CONTEXT('2D SPACE',''
  ) );
#4046 = PCURVE('',#4047,#4052);
#4047 = PLANE('',#4048);
#4048 = AXIS2_PLACEMENT_3D('',#4049,#4050,#4051);
#4049 = CARTESIAN_POINT('',(48.4,-71.6,-0.5));
#4050 = DIRECTION('',(1.,0.,0.));
#4051 = DIRECTION('',(0.,0.,1.));
#4052 = DEFINITIONAL_REPRESENTATION('',(#4053),#4057);
#4053 = LINE('',#4054,#4055);
#4054 = CARTESIAN_POINT('',(0.5,6.7));
#4055 = VECTOR('',#4056,1.);
#4056 = DIRECTION('',(0.,-1.));
#4057 = ( GEOMETRIC_REPRESENTATION_CONTEXT(2) 
PARAMETRIC_REPRESENTATION_CONTEXT() REPRESENTATION_CONTEXT('2D SPACE',''
  ) );
#4058 = ORIENTED_EDGE('',*,*,#4059,.F.);
#4059 = EDGE_CURVE('',#4060,#4032,#4062,.T.);
#4060 = VERTEX_POINT('',#4061);
#4061 = CARTESIAN_POINT('',(70.4,-56.6,0.));
#4062 = SURFACE_CURVE('',#4063,(#4067,#4074),.PCURVE_S1.);
#4063 = LINE('',#4064,#4065);
#4064 = CARTESIAN_POINT('',(24.2,-56.6,0.));
#4065 = VECTOR('',#4066,1.);
#4066 = DIRECTION('',(-1.,0.,0.));
#4067 = PCURVE('',#3331,#4068);
#4068 = DEFINITIONAL_REPRESENTATION('',(#4069),#4073);
#4069 = LINE('',#4070,#4071);
#4070 = CARTESIAN_POINT('',(24.2,28.4));
#4071 = VECTOR('',#4072,1.);
#4072 = DIRECTION('',(-1.,0.));
#4073 = ( GEOMETRIC_REPRESENTATION_CONTEXT(2) 
PARAMETRIC_REPRESENTATION_CONTEXT() REPRESENTATION_CONTEXT('2D SPACE',''
  ) );
#4074 = PCURVE('',#4075,#4080);
#4075 = PLANE('',#4076);
#4076 = AXIS2_PLACEMENT_3D('',#4077,#4078,#4079);
#4077 = CARTESIAN_POINT('',(48.4,-56.6,-0.5));
#4078 = DIRECTION('',(0.,1.,0.));
#4079 = DIRECTION('',(0.,0.,1.));
#4080 = DEFINITIONAL_REPRESENTATION('',(#4081),#4085);
#4081 = LINE('',#4082,#4083);
#4082 = CARTESIAN_POINT('',(0.5,-24.2));
#4083 = VECTOR('',#4084,1.);
#4084 = DIRECTION('',(0.,-1.));
#4085 = ( GEOMETRIC_REPRESENTATION_CONTEXT(2) 
PARAMETRIC_REPRESENTATION_CONTEXT() REPRESENTATION_CONTEXT('2D SPACE',''
  ) );
#4086 = ORIENTED_EDGE('',*,*,#4087,.F.);
#4087 = EDGE_CURVE('',#4002,#4060,#4088,.T.);
#4088 = SURFACE_CURVE('',#4089,(#4093,#4100),.PCURVE_S1.);
#4089 = LINE('',#4090,#4091);
#4090 = CARTESIAN_POINT('',(70.4,-78.3,0.));
#4091 = VECTOR('',#4092,1.);
#4092 = DIRECTION('',(0.,1.,0.));
#4093 = PCURVE('',#3331,#4094);
#4094 = DEFINITIONAL_REPRESENTATION('',(#4095),#4099);
#4095 = LINE('',#4096,#4097);
#4096 = CARTESIAN_POINT('',(70.4,6.7));
#4097 = VECTOR('',#4098,1.);
#4098 = DIRECTION('',(0.,1.));
#4099 = ( GEOMETRIC_REPRESENTATION_CONTEXT(2) 
PARAMETRIC_REPRESENTATION_CONTEXT() REPRESENTATION_CONTEXT('2D SPACE',''
  ) );
#4100 = PCURVE('',#4101,#4106);
#4101 = PLANE('',#4102);
#4102 = AXIS2_PLACEMENT_3D('',#4103,#4104,#4105);
#4103 = CARTESIAN_POINT('',(70.4,-71.6,-0.5));
#4104 = DIRECTION('',(1.,0.,0.));
#4105 = DIRECTION('',(0.,0.,1.));
#4106 = DEFINITIONAL_REPRESENTATION('',(#4107),#4111);
#4107 = LINE('',#4108,#4109);
#4108 = CARTESIAN_POINT('',(0.5,6.7));
#4109 = VECTOR('',#4110,1.);
#4110 = DIRECTION('',(0.,-1.));
#4111 = ( GEOMETRIC_REPRESENTATION_CONTEXT(2) 
PARAMETRIC_REPRESENTATION_CONTEXT() REPRESENTATION_CONTEXT('2D SPACE',''
  ) );
#4112 = FACE_BOUND('',#4113,.F.);
#4113 = EDGE_LOOP('',(#4114,#4144,#4172,#4200));
#4114 = ORIENTED_EDGE('',*,*,#4115,.T.);
#4115 = EDGE_CURVE('',#4116,#4118,#4120,.T.);
#4116 = VERTEX_POINT('',#4117);
#4117 = CARTESIAN_POINT('',(15.4,-58.6,0.));
#4118 = VERTEX_POINT('',#4119);
#4119 = CARTESIAN_POINT('',(11.4,-58.6,0.));
#4120 = SURFACE_CURVE('',#4121,(#4125,#4132),.PCURVE_S1.);
#4121 = LINE('',#4122,#4123);
#4122 = CARTESIAN_POINT('',(5.7,-58.6,0.));
#4123 = VECTOR('',#4124,1.);
#4124 = DIRECTION('',(-1.,0.,0.));
#4125 = PCURVE('',#3331,#4126);
#4126 = DEFINITIONAL_REPRESENTATION('',(#4127),#4131);
#4127 = LINE('',#4128,#4129);
#4128 = CARTESIAN_POINT('',(5.7,26.4));
#4129 = VECTOR('',#4130,1.);
#4130 = DIRECTION('',(-1.,0.));
#4131 = ( GEOMETRIC_REPRESENTATION_CONTEXT(2) 
PARAMETRIC_REPRESENTATION_CONTEXT() REPRESENTATION_CONTEXT('2D SPACE',''
  ) );
#4132 = PCURVE('',#4133,#4138);
#4133 = PLANE('',#4134);
#4134 = AXIS2_PLACEMENT_3D('',#4135,#4136,#4137);
#4135 = CARTESIAN_POINT('',(11.4,-58.6,-1.));
#4136 = DIRECTION('',(0.,1.,0.));
#4137 = DIRECTION('',(0.,-0.,1.));
#4138 = DEFINITIONAL_REPRESENTATION('',(#4139),#4143);
#4139 = LINE('',#4140,#4141);
#4140 = CARTESIAN_POINT('',(1.,-5.7));
#4141 = VECTOR('',#4142,1.);
#4142 = DIRECTION('',(0.,-1.));
#4143 = ( GEOMETRIC_REPRESENTATION_CONTEXT(2) 
PARAMETRIC_REPRESENTATION_CONTEXT() REPRESENTATION_CONTEXT('2D SPACE',''
  ) );
#4144 = ORIENTED_EDGE('',*,*,#4145,.T.);
#4145 = EDGE_CURVE('',#4118,#4146,#4148,.T.);
#4146 = VERTEX_POINT('',#4147);
#4147 = CARTESIAN_POINT('',(11.4,-49.6,0.));
#4148 = SURFACE_CURVE('',#4149,(#4153,#4160),.PCURVE_S1.);
#4149 = LINE('',#4150,#4151);
#4150 = CARTESIAN_POINT('',(11.4,-71.8,0.));
#4151 = VECTOR('',#4152,1.);
#4152 = DIRECTION('',(0.,1.,0.));
#4153 = PCURVE('',#3331,#4154);
#4154 = DEFINITIONAL_REPRESENTATION('',(#4155),#4159);
#4155 = LINE('',#4156,#4157);
#4156 = CARTESIAN_POINT('',(11.4,13.2));
#4157 = VECTOR('',#4158,1.);
#4158 = DIRECTION('',(0.,1.));
#4159 = ( GEOMETRIC_REPRESENTATION_CONTEXT(2) 
PARAMETRIC_REPRESENTATION_CONTEXT() REPRESENTATION_CONTEXT('2D SPACE',''
  ) );
#4160 = PCURVE('',#4161,#4166);
#4161 = PLANE('',#4162);
#4162 = AXIS2_PLACEMENT_3D('',#4163,#4164,#4165);
#4163 = CARTESIAN_POINT('',(11.4,-58.6,-1.));
#4164 = DIRECTION('',(1.,0.,0.));
#4165 = DIRECTION('',(0.,0.,1.));
#4166 = DEFINITIONAL_REPRESENTATION('',(#4167),#4171);
#4167 = LINE('',#4168,#4169);
#4168 = CARTESIAN_POINT('',(1.,13.2));
#4169 = VECTOR('',#4170,1.);
#4170 = DIRECTION('',(0.,-1.));
#4171 = ( GEOMETRIC_REPRESENTATION_CONTEXT(2) 
PARAMETRIC_REPRESENTATION_CONTEXT() REPRESENTATION_CONTEXT('2D SPACE',''
  ) );
#4172 = ORIENTED_EDGE('',*,*,#4173,.F.);
#4173 = EDGE_CURVE('',#4174,#4146,#4176,.T.);
#4174 = VERTEX_POINT('',#4175);
#4175 = CARTESIAN_POINT('',(15.4,-49.6,0.));
#4176 = SURFACE_CURVE('',#4177,(#4181,#4188),.PCURVE_S1.);
#4177 = LINE('',#4178,#4179);
#4178 = CARTESIAN_POINT('',(5.7,-49.6,0.));
#4179 = VECTOR('',#4180,1.);
#4180 = DIRECTION('',(-1.,0.,0.));
#4181 = PCURVE('',#3331,#4182);
#4182 = DEFINITIONAL_REPRESENTATION('',(#4183),#4187);
#4183 = LINE('',#4184,#4185);
#4184 = CARTESIAN_POINT('',(5.7,35.4));
#4185 = VECTOR('',#4186,1.);
#4186 = DIRECTION('',(-1.,0.));
#4187 = ( GEOMETRIC_REPRESENTATION_CONTEXT(2) 
PARAMETRIC_REPRESENTATION_CONTEXT() REPRESENTATION_CONTEXT('2D SPACE',''
  ) );
#4188 = PCURVE('',#4189,#4194);
#4189 = PLANE('',#4190);
#4190 = AXIS2_PLACEMENT_3D('',#4191,#4192,#4193);
#4191 = CARTESIAN_POINT('',(11.4,-49.6,-1.));
#4192 = DIRECTION('',(0.,1.,0.));
#4193 = DIRECTION('',(0.,-0.,1.));
#4194 = DEFINITIONAL_REPRESENTATION('',(#4195),#4199);
#4195 = LINE('',#4196,#4197);
#4196 = CARTESIAN_POINT('',(1.,-5.7));
#4197 = VECTOR('',#4198,1.);
#4198 = DIRECTION('',(0.,-1.));
#4199 = ( GEOMETRIC_REPRESENTATION_CONTEXT(2) 
PARAMETRIC_REPRESENTATION_CONTEXT() REPRESENTATION_CONTEXT('2D SPACE',''
  ) );
#4200 = ORIENTED_EDGE('',*,*,#4201,.F.);
#4201 = EDGE_CURVE('',#4116,#4174,#4202,.T.);
#4202 = SURFACE_CURVE('',#4203,(#4207,#4214),.PCURVE_S1.);
#4203 = LINE('',#4204,#4205);
#4204 = CARTESIAN_POINT('',(15.4,-71.8,0.));
#4205 = VECTOR('',#4206,1.);
#4206 = DIRECTION('',(0.,1.,0.));
#4207 = PCURVE('',#3331,#4208);
#4208 = DEFINITIONAL_REPRESENTATION('',(#4209),#4213);
#4209 = LINE('',#4210,#4211);
#4210 = CARTESIAN_POINT('',(15.4,13.2));
#4211 = VECTOR('',#4212,1.);
#4212 = DIRECTION('',(0.,1.));
#4213 = ( GEOMETRIC_REPRESENTATION_CONTEXT(2) 
PARAMETRIC_REPRESENTATION_CONTEXT() REPRESENTATION_CONTEXT('2D SPACE',''
  ) );
#4214 = PCURVE('',#4215,#4220);
#4215 = PLANE('',#4216);
#4216 = AXIS2_PLACEMENT_3D('',#4217,#4218,#4219);
#4217 = CARTESIAN_POINT('',(15.4,-58.6,-1.));
#4218 = DIRECTION('',(1.,0.,0.));
#4219 = DIRECTION('',(0.,0.,1.));
#4220 = DEFINITIONAL_REPRESENTATION('',(#4221),#4225);
#4221 = LINE('',#4222,#4223);
#4222 = CARTESIAN_POINT('',(1.,13.2));
#4223 = VECTOR('',#4224,1.);
#4224 = DIRECTION('',(0.,-1.));
#4225 = ( GEOMETRIC_REPRESENTATION_CONTEXT(2) 
PARAMETRIC_REPRESENTATION_CONTEXT() REPRESENTATION_CONTEXT('2D SPACE',''
  ) );
#4226 = FACE_BOUND('',#4227,.F.);
#4227 = EDGE_LOOP('',(#4228,#4258,#4286,#4314));
#4228 = ORIENTED_EDGE('',*,*,#4229,.T.);
#4229 = EDGE_CURVE('',#4230,#4232,#4234,.T.);
#4230 = VERTEX_POINT('',#4231);
#4231 = CARTESIAN_POINT('',(15.4,-43.6,0.));
#4232 = VERTEX_POINT('',#4233);
#4233 = CARTESIAN_POINT('',(11.4,-43.6,0.));
#4234 = SURFACE_CURVE('',#4235,(#4239,#4246),.PCURVE_S1.);
#4235 = LINE('',#4236,#4237);
#4236 = CARTESIAN_POINT('',(5.7,-43.6,0.));
#4237 = VECTOR('',#4238,1.);
#4238 = DIRECTION('',(-1.,0.,0.));
#4239 = PCURVE('',#3331,#4240);
#4240 = DEFINITIONAL_REPRESENTATION('',(#4241),#4245);
#4241 = LINE('',#4242,#4243);
#4242 = CARTESIAN_POINT('',(5.7,41.4));
#4243 = VECTOR('',#4244,1.);
#4244 = DIRECTION('',(-1.,0.));
#4245 = ( GEOMETRIC_REPRESENTATION_CONTEXT(2) 
PARAMETRIC_REPRESENTATION_CONTEXT() REPRESENTATION_CONTEXT('2D SPACE',''
  ) );
#4246 = PCURVE('',#4247,#4252);
#4247 = PLANE('',#4248);
#4248 = AXIS2_PLACEMENT_3D('',#4249,#4250,#4251);
#4249 = CARTESIAN_POINT('',(11.4,-43.6,-1.));
#4250 = DIRECTION('',(0.,1.,0.));
#4251 = DIRECTION('',(0.,-0.,1.));
#4252 = DEFINITIONAL_REPRESENTATION('',(#4253),#4257);
#4253 = LINE('',#4254,#4255);
#4254 = CARTESIAN_POINT('',(1.,-5.7));
#4255 = VECTOR('',#4256,1.);
#4256 = DIRECTION('',(0.,-1.));
#4257 = ( GEOMETRIC_REPRESENTATION_CONTEXT(2) 
PARAMETRIC_REPRESENTATION_CONTEXT() REPRESENTATION_CONTEXT('2D SPACE',''
  ) );
#4258 = ORIENTED_EDGE('',*,*,#4259,.T.);
#4259 = EDGE_CURVE('',#4232,#4260,#4262,.T.);
#4260 = VERTEX_POINT('',#4261);
#4261 = CARTESIAN_POINT('',(11.4,-34.6,0.));
#4262 = SURFACE_CURVE('',#4263,(#4267,#4274),.PCURVE_S1.);
#4263 = LINE('',#4264,#4265);
#4264 = CARTESIAN_POINT('',(11.4,-64.3,0.));
#4265 = VECTOR('',#4266,1.);
#4266 = DIRECTION('',(0.,1.,0.));
#4267 = PCURVE('',#3331,#4268);
#4268 = DEFINITIONAL_REPRESENTATION('',(#4269),#4273);
#4269 = LINE('',#4270,#4271);
#4270 = CARTESIAN_POINT('',(11.4,20.7));
#4271 = VECTOR('',#4272,1.);
#4272 = DIRECTION('',(0.,1.));
#4273 = ( GEOMETRIC_REPRESENTATION_CONTEXT(2) 
PARAMETRIC_REPRESENTATION_CONTEXT() REPRESENTATION_CONTEXT('2D SPACE',''
  ) );
#4274 = PCURVE('',#4275,#4280);
#4275 = PLANE('',#4276);
#4276 = AXIS2_PLACEMENT_3D('',#4277,#4278,#4279);
#4277 = CARTESIAN_POINT('',(11.4,-43.6,-1.));
#4278 = DIRECTION('',(1.,0.,0.));
#4279 = DIRECTION('',(0.,0.,1.));
#4280 = DEFINITIONAL_REPRESENTATION('',(#4281),#4285);
#4281 = LINE('',#4282,#4283);
#4282 = CARTESIAN_POINT('',(1.,20.7));
#4283 = VECTOR('',#4284,1.);
#4284 = DIRECTION('',(0.,-1.));
#4285 = ( GEOMETRIC_REPRESENTATION_CONTEXT(2) 
PARAMETRIC_REPRESENTATION_CONTEXT() REPRESENTATION_CONTEXT('2D SPACE',''
  ) );
#4286 = ORIENTED_EDGE('',*,*,#4287,.F.);
#4287 = EDGE_CURVE('',#4288,#4260,#4290,.T.);
#4288 = VERTEX_POINT('',#4289);
#4289 = CARTESIAN_POINT('',(15.4,-34.6,0.));
#4290 = SURFACE_CURVE('',#4291,(#4295,#4302),.PCURVE_S1.);
#4291 = LINE('',#4292,#4293);
#4292 = CARTESIAN_POINT('',(5.7,-34.6,0.));
#4293 = VECTOR('',#4294,1.);
#4294 = DIRECTION('',(-1.,0.,0.));
#4295 = PCURVE('',#3331,#4296);
#4296 = DEFINITIONAL_REPRESENTATION('',(#4297),#4301);
#4297 = LINE('',#4298,#4299);
#4298 = CARTESIAN_POINT('',(5.7,50.4));
#4299 = VECTOR('',#4300,1.);
#4300 = DIRECTION('',(-1.,0.));
#4301 = ( GEOMETRIC_REPRESENTATION_CONTEXT(2) 
PARAMETRIC_REPRESENTATION_CONTEXT() REPRESENTATION_CONTEXT('2D SPACE',''
  ) );
#4302 = PCURVE('',#4303,#4308);
#4303 = PLANE('',#4304);
#4304 = AXIS2_PLACEMENT_3D('',#4305,#4306,#4307);
#4305 = CARTESIAN_POINT('',(11.4,-34.6,-1.));
#4306 = DIRECTION('',(0.,1.,0.));
#4307 = DIRECTION('',(0.,-0.,1.));
#4308 = DEFINITIONAL_REPRESENTATION('',(#4309),#4313);
#4309 = LINE('',#4310,#4311);
#4310 = CARTESIAN_POINT('',(1.,-5.7));
#4311 = VECTOR('',#4312,1.);
#4312 = DIRECTION('',(0.,-1.));
#4313 = ( GEOMETRIC_REPRESENTATION_CONTEXT(2) 
PARAMETRIC_REPRESENTATION_CONTEXT() REPRESENTATION_CONTEXT('2D SPACE',''
  ) );
#4314 = ORIENTED_EDGE('',*,*,#4315,.F.);
#4315 = EDGE_CURVE('',#4230,#4288,#4316,.T.);
#4316 = SURFACE_CURVE('',#4317,(#4321,#4328),.PCURVE_S1.);
#4317 = LINE('',#4318,#4319);
#4318 = CARTESIAN_POINT('',(15.4,-64.3,0.));
#4319 = VECTOR('',#4320,1.);
#4320 = DIRECTION('',(0.,1.,0.));
#4321 = PCURVE('',#3331,#4322);
#4322 = DEFINITIONAL_REPRESENTATION('',(#4323),#4327);
#4323 = LINE('',#4324,#4325);
#4324 = CARTESIAN_POINT('',(15.4,20.7));
#4325 = VECTOR('',#4326,1.);
#4326 = DIRECTION('',(0.,1.));
#4327 = ( GEOMETRIC_REPRESENTATION_CONTEXT(2) 
PARAMETRIC_REPRESENTATION_CONTEXT() REPRESENTATION_CONTEXT('2D SPACE',''
  ) );
#4328 = PCURVE('',#4329,#4334);
#4329 = PLANE('',#4330);
#4330 = AXIS2_PLACEMENT_3D('',#4331,#4332,#4333);
#4331 = CARTESIAN_POINT('',(15.4,-43.6,-1.));
#4332 = DIRECTION('',(1.,0.,0.));
#4333 = DIRECTION('',(0.,0.,1.));
#4334 = DEFINITIONAL_REPRESENTATION('',(#4335),#4339);
#4335 = LINE('',#4336,#4337);
#4336 = CARTESIAN_POINT('',(1.,20.7));
#4337 = VECTOR('',#4338,1.);
#4338 = DIRECTION('',(0.,-1.));
#4339 = ( GEOMETRIC_REPRESENTATION_CONTEXT(2) 
PARAMETRIC_REPRESENTATION_CONTEXT() REPRESENTATION_CONTEXT('2D SPACE',''
  ) );
#4340 = FACE_BOUND('',#4341,.F.);
#4341 = EDGE_LOOP('',(#4342,#4372,#4400,#4428));
#4342 = ORIENTED_EDGE('',*,*,#4343,.T.);
#4343 = EDGE_CURVE('',#4344,#4346,#4348,.T.);
#4344 = VERTEX_POINT('',#4345);
#4345 = CARTESIAN_POINT('',(73.4,-43.6,0.));
#4346 = VERTEX_POINT('',#4347);
#4347 = CARTESIAN_POINT('',(69.4,-43.6,0.));
#4348 = SURFACE_CURVE('',#4349,(#4353,#4360),.PCURVE_S1.);
#4349 = LINE('',#4350,#4351);
#4350 = CARTESIAN_POINT('',(34.7,-43.6,0.));
#4351 = VECTOR('',#4352,1.);
#4352 = DIRECTION('',(-1.,0.,0.));
#4353 = PCURVE('',#3331,#4354);
#4354 = DEFINITIONAL_REPRESENTATION('',(#4355),#4359);
#4355 = LINE('',#4356,#4357);
#4356 = CARTESIAN_POINT('',(34.7,41.4));
#4357 = VECTOR('',#4358,1.);
#4358 = DIRECTION('',(-1.,0.));
#4359 = ( GEOMETRIC_REPRESENTATION_CONTEXT(2) 
PARAMETRIC_REPRESENTATION_CONTEXT() REPRESENTATION_CONTEXT('2D SPACE',''
  ) );
#4360 = PCURVE('',#4361,#4366);
#4361 = PLANE('',#4362);
#4362 = AXIS2_PLACEMENT_3D('',#4363,#4364,#4365);
#4363 = CARTESIAN_POINT('',(69.4,-43.6,-1.));
#4364 = DIRECTION('',(0.,1.,0.));
#4365 = DIRECTION('',(0.,-0.,1.));
#4366 = DEFINITIONAL_REPRESENTATION('',(#4367),#4371);
#4367 = LINE('',#4368,#4369);
#4368 = CARTESIAN_POINT('',(1.,-34.7));
#4369 = VECTOR('',#4370,1.);
#4370 = DIRECTION('',(0.,-1.));
#4371 = ( GEOMETRIC_REPRESENTATION_CONTEXT(2) 
PARAMETRIC_REPRESENTATION_CONTEXT() REPRESENTATION_CONTEXT('2D SPACE',''
  ) );
#4372 = ORIENTED_EDGE('',*,*,#4373,.T.);
#4373 = EDGE_CURVE('',#4346,#4374,#4376,.T.);
#4374 = VERTEX_POINT('',#4375);
#4375 = CARTESIAN_POINT('',(69.4,-34.6,0.));
#4376 = SURFACE_CURVE('',#4377,(#4381,#4388),.PCURVE_S1.);
#4377 = LINE('',#4378,#4379);
#4378 = CARTESIAN_POINT('',(69.4,-64.3,0.));
#4379 = VECTOR('',#4380,1.);
#4380 = DIRECTION('',(0.,1.,0.));
#4381 = PCURVE('',#3331,#4382);
#4382 = DEFINITIONAL_REPRESENTATION('',(#4383),#4387);
#4383 = LINE('',#4384,#4385);
#4384 = CARTESIAN_POINT('',(69.4,20.7));
#4385 = VECTOR('',#4386,1.);
#4386 = DIRECTION('',(0.,1.));
#4387 = ( GEOMETRIC_REPRESENTATION_CONTEXT(2) 
PARAMETRIC_REPRESENTATION_CONTEXT() REPRESENTATION_CONTEXT('2D SPACE',''
  ) );
#4388 = PCURVE('',#4389,#4394);
#4389 = PLANE('',#4390);
#4390 = AXIS2_PLACEMENT_3D('',#4391,#4392,#4393);
#4391 = CARTESIAN_POINT('',(69.4,-43.6,-1.));
#4392 = DIRECTION('',(1.,0.,0.));
#4393 = DIRECTION('',(0.,0.,1.));
#4394 = DEFINITIONAL_REPRESENTATION('',(#4395),#4399);
#4395 = LINE('',#4396,#4397);
#4396 = CARTESIAN_POINT('',(1.,20.7));
#4397 = VECTOR('',#4398,1.);
#4398 = DIRECTION('',(0.,-1.));
#4399 = ( GEOMETRIC_REPRESENTATION_CONTEXT(2) 
PARAMETRIC_REPRESENTATION_CONTEXT() REPRESENTATION_CONTEXT('2D SPACE',''
  ) );
#4400 = ORIENTED_EDGE('',*,*,#4401,.F.);
#4401 = EDGE_CURVE('',#4402,#4374,#4404,.T.);
#4402 = VERTEX_POINT('',#4403);
#4403 = CARTESIAN_POINT('',(73.4,-34.6,0.));
#4404 = SURFACE_CURVE('',#4405,(#4409,#4416),.PCURVE_S1.);
#4405 = LINE('',#4406,#4407);
#4406 = CARTESIAN_POINT('',(34.7,-34.6,0.));
#4407 = VECTOR('',#4408,1.);
#4408 = DIRECTION('',(-1.,0.,0.));
#4409 = PCURVE('',#3331,#4410);
#4410 = DEFINITIONAL_REPRESENTATION('',(#4411),#4415);
#4411 = LINE('',#4412,#4413);
#4412 = CARTESIAN_POINT('',(34.7,50.4));
#4413 = VECTOR('',#4414,1.);
#4414 = DIRECTION('',(-1.,0.));
#4415 = ( GEOMETRIC_REPRESENTATION_CONTEXT(2) 
PARAMETRIC_REPRESENTATION_CONTEXT() REPRESENTATION_CONTEXT('2D SPACE',''
  ) );
#4416 = PCURVE('',#4417,#4422);
#4417 = PLANE('',#4418);
#4418 = AXIS2_PLACEMENT_3D('',#4419,#4420,#4421);
#4419 = CARTESIAN_POINT('',(69.4,-34.6,-1.));
#4420 = DIRECTION('',(0.,1.,0.));
#4421 = DIRECTION('',(0.,-0.,1.));
#4422 = DEFINITIONAL_REPRESENTATION('',(#4423),#4427);
#4423 = LINE('',#4424,#4425);
#4424 = CARTESIAN_POINT('',(1.,-34.7));
#4425 = VECTOR('',#4426,1.);
#4426 = DIRECTION('',(0.,-1.));
#4427 = ( GEOMETRIC_REPRESENTATION_CONTEXT(2) 
PARAMETRIC_REPRESENTATION_CONTEXT() REPRESENTATION_CONTEXT('2D SPACE',''
  ) );
#4428 = ORIENTED_EDGE('',*,*,#4429,.F.);
#4429 = EDGE_CURVE('',#4344,#4402,#4430,.T.);
#4430 = SURFACE_CURVE('',#4431,(#4435,#4442),.PCURVE_S1.);
#4431 = LINE('',#4432,#4433);
#4432 = CARTESIAN_POINT('',(73.4,-64.3,0.));
#4433 = VECTOR('',#4434,1.);
#4434 = DIRECTION('',(0.,1.,0.));
#4435 = PCURVE('',#3331,#4436);
#4436 = DEFINITIONAL_REPRESENTATION('',(#4437),#4441);
#4437 = LINE('',#4438,#4439);
#4438 = CARTESIAN_POINT('',(73.4,20.7));
#4439 = VECTOR('',#4440,1.);
#4440 = DIRECTION('',(0.,1.));
#4441 = ( GEOMETRIC_REPRESENTATION_CONTEXT(2) 
PARAMETRIC_REPRESENTATION_CONTEXT() REPRESENTATION_CONTEXT('2D SPACE',''
  ) );
#4442 = PCURVE('',#4443,#4448);
#4443 = PLANE('',#4444);
#4444 = AXIS2_PLACEMENT_3D('',#4445,#4446,#4447);
#4445 = CARTESIAN_POINT('',(73.4,-43.6,-1.));
#4446 = DIRECTION('',(1.,0.,0.));
#4447 = DIRECTION('',(0.,0.,1.));
#4448 = DEFINITIONAL_REPRESENTATION('',(#4449),#4453);
#4449 = LINE('',#4450,#4451);
#4450 = CARTESIAN_POINT('',(1.,20.7));
#4451 = VECTOR('',#4452,1.);
#4452 = DIRECTION('',(0.,-1.));
#4453 = ( GEOMETRIC_REPRESENTATION_CONTEXT(2) 
PARAMETRIC_REPRESENTATION_CONTEXT() REPRESENTATION_CONTEXT('2D SPACE',''
  ) );
#4454 = ADVANCED_FACE('',(#4455),#3357,.T.);
#4455 = FACE_BOUND('',#4456,.T.);
#4456 = EDGE_LOOP('',(#4457,#4458,#4459,#4480));
#4457 = ORIENTED_EDGE('',*,*,#3343,.T.);
#4458 = ORIENTED_EDGE('',*,*,#3543,.T.);
#4459 = ORIENTED_EDGE('',*,*,#4460,.F.);
#4460 = EDGE_CURVE('',#3837,#3516,#4461,.T.);
#4461 = SURFACE_CURVE('',#4462,(#4466,#4473),.PCURVE_S1.);
#4462 = LINE('',#4463,#4464);
#4463 = CARTESIAN_POINT('',(2.,-23.2,0.));
#4464 = VECTOR('',#4465,1.);
#4465 = DIRECTION('',(0.,0.,1.));
#4466 = PCURVE('',#3357,#4467);
#4467 = DEFINITIONAL_REPRESENTATION('',(#4468),#4472);
#4468 = LINE('',#4469,#4470);
#4469 = CARTESIAN_POINT('',(4.712388980385,0.));
#4470 = VECTOR('',#4471,1.);
#4471 = DIRECTION('',(-0.,1.));
#4472 = ( GEOMETRIC_REPRESENTATION_CONTEXT(2) 
PARAMETRIC_REPRESENTATION_CONTEXT() REPRESENTATION_CONTEXT('2D SPACE',''
  ) );
#4473 = PCURVE('',#3531,#4474);
#4474 = DEFINITIONAL_REPRESENTATION('',(#4475),#4479);
#4475 = LINE('',#4476,#4477);
#4476 = CARTESIAN_POINT('',(0.,2.));
#4477 = VECTOR('',#4478,1.);
#4478 = DIRECTION('',(1.,0.));
#4479 = ( GEOMETRIC_REPRESENTATION_CONTEXT(2) 
PARAMETRIC_REPRESENTATION_CONTEXT() REPRESENTATION_CONTEXT('2D SPACE',''
  ) );
#4480 = ORIENTED_EDGE('',*,*,#3859,.F.);
#4481 = ADVANCED_FACE('',(#4482),#3413,.F.);
#4482 = FACE_BOUND('',#4483,.F.);
#4483 = EDGE_LOOP('',(#4484,#4485,#4486,#4487));
#4484 = ORIENTED_EDGE('',*,*,#3738,.F.);
#4485 = ORIENTED_EDGE('',*,*,#3710,.T.);
#4486 = ORIENTED_EDGE('',*,*,#3397,.T.);
#4487 = ORIENTED_EDGE('',*,*,#4488,.F.);
#4488 = EDGE_CURVE('',#3739,#3398,#4489,.T.);
#4489 = SURFACE_CURVE('',#4490,(#4494,#4501),.PCURVE_S1.);
#4490 = LINE('',#4491,#4492);
#4491 = CARTESIAN_POINT('',(82.8,-85.,0.));
#4492 = VECTOR('',#4493,1.);
#4493 = DIRECTION('',(0.,0.,1.));
#4494 = PCURVE('',#3413,#4495);
#4495 = DEFINITIONAL_REPRESENTATION('',(#4496),#4500);
#4496 = LINE('',#4497,#4498);
#4497 = CARTESIAN_POINT('',(0.,82.8));
#4498 = VECTOR('',#4499,1.);
#4499 = DIRECTION('',(1.,0.));
#4500 = ( GEOMETRIC_REPRESENTATION_CONTEXT(2) 
PARAMETRIC_REPRESENTATION_CONTEXT() REPRESENTATION_CONTEXT('2D SPACE',''
  ) );
#4501 = PCURVE('',#3446,#4502);
#4502 = DEFINITIONAL_REPRESENTATION('',(#4503),#4507);
#4503 = LINE('',#4504,#4505);
#4504 = CARTESIAN_POINT('',(4.712388980385,0.));
#4505 = VECTOR('',#4506,1.);
#4506 = DIRECTION('',(-0.,1.));
#4507 = ( GEOMETRIC_REPRESENTATION_CONTEXT(2) 
PARAMETRIC_REPRESENTATION_CONTEXT() REPRESENTATION_CONTEXT('2D SPACE',''
  ) );
#4508 = ADVANCED_FACE('',(#4509),#3446,.T.);
#4509 = FACE_BOUND('',#4510,.T.);
#4510 = EDGE_LOOP('',(#4511,#4532,#4533,#4534));
#4511 = ORIENTED_EDGE('',*,*,#4512,.T.);
#4512 = EDGE_CURVE('',#3762,#3426,#4513,.T.);
#4513 = SURFACE_CURVE('',#4514,(#4518,#4525),.PCURVE_S1.);
#4514 = LINE('',#4515,#4516);
#4515 = CARTESIAN_POINT('',(84.8,-83.,0.));
#4516 = VECTOR('',#4517,1.);
#4517 = DIRECTION('',(0.,0.,1.));
#4518 = PCURVE('',#3446,#4519);
#4519 = DEFINITIONAL_REPRESENTATION('',(#4520),#4524);
#4520 = LINE('',#4521,#4522);
#4521 = CARTESIAN_POINT('',(6.28318530718,0.));
#4522 = VECTOR('',#4523,1.);
#4523 = DIRECTION('',(-0.,1.));
#4524 = ( GEOMETRIC_REPRESENTATION_CONTEXT(2) 
PARAMETRIC_REPRESENTATION_CONTEXT() REPRESENTATION_CONTEXT('2D SPACE',''
  ) );
#4525 = PCURVE('',#3474,#4526);
#4526 = DEFINITIONAL_REPRESENTATION('',(#4527),#4531);
#4527 = LINE('',#4528,#4529);
#4528 = CARTESIAN_POINT('',(0.,-2.));
#4529 = VECTOR('',#4530,1.);
#4530 = DIRECTION('',(1.,0.));
#4531 = ( GEOMETRIC_REPRESENTATION_CONTEXT(2) 
PARAMETRIC_REPRESENTATION_CONTEXT() REPRESENTATION_CONTEXT('2D SPACE',''
  ) );
#4532 = ORIENTED_EDGE('',*,*,#3425,.T.);
#4533 = ORIENTED_EDGE('',*,*,#4488,.F.);
#4534 = ORIENTED_EDGE('',*,*,#3761,.F.);
#4535 = ADVANCED_FACE('',(#4536),#3474,.T.);
#4536 = FACE_BOUND('',#4537,.T.);
#4537 = EDGE_LOOP('',(#4538,#4539,#4540,#4541));
#4538 = ORIENTED_EDGE('',*,*,#3458,.F.);
#4539 = ORIENTED_EDGE('',*,*,#4512,.F.);
#4540 = ORIENTED_EDGE('',*,*,#3789,.T.);
#4541 = ORIENTED_EDGE('',*,*,#4542,.T.);
#4542 = EDGE_CURVE('',#3790,#3459,#4543,.T.);
#4543 = SURFACE_CURVE('',#4544,(#4548,#4555),.PCURVE_S1.);
#4544 = LINE('',#4545,#4546);
#4545 = CARTESIAN_POINT('',(84.8,-25.2,0.));
#4546 = VECTOR('',#4547,1.);
#4547 = DIRECTION('',(0.,0.,1.));
#4548 = PCURVE('',#3474,#4549);
#4549 = DEFINITIONAL_REPRESENTATION('',(#4550),#4554);
#4550 = LINE('',#4551,#4552);
#4551 = CARTESIAN_POINT('',(0.,-59.8));
#4552 = VECTOR('',#4553,1.);
#4553 = DIRECTION('',(1.,0.));
#4554 = ( GEOMETRIC_REPRESENTATION_CONTEXT(2) 
PARAMETRIC_REPRESENTATION_CONTEXT() REPRESENTATION_CONTEXT('2D SPACE',''
  ) );
#4555 = PCURVE('',#3503,#4556);
#4556 = DEFINITIONAL_REPRESENTATION('',(#4557),#4561);
#4557 = LINE('',#4558,#4559);
#4558 = CARTESIAN_POINT('',(0.,0.));
#4559 = VECTOR('',#4560,1.);
#4560 = DIRECTION('',(0.,1.));
#4561 = ( GEOMETRIC_REPRESENTATION_CONTEXT(2) 
PARAMETRIC_REPRESENTATION_CONTEXT() REPRESENTATION_CONTEXT('2D SPACE',''
  ) );
#4562 = ADVANCED_FACE('',(#4563),#3503,.T.);
#4563 = FACE_BOUND('',#4564,.T.);
#4564 = EDGE_LOOP('',(#4565,#4566,#4587,#4588));
#4565 = ORIENTED_EDGE('',*,*,#3812,.T.);
#4566 = ORIENTED_EDGE('',*,*,#4567,.T.);
#4567 = EDGE_CURVE('',#3813,#3487,#4568,.T.);
#4568 = SURFACE_CURVE('',#4569,(#4573,#4580),.PCURVE_S1.);
#4569 = LINE('',#4570,#4571);
#4570 = CARTESIAN_POINT('',(82.8,-23.2,0.));
#4571 = VECTOR('',#4572,1.);
#4572 = DIRECTION('',(0.,0.,1.));
#4573 = PCURVE('',#3503,#4574);
#4574 = DEFINITIONAL_REPRESENTATION('',(#4575),#4579);
#4575 = LINE('',#4576,#4577);
#4576 = CARTESIAN_POINT('',(1.570796326795,0.));
#4577 = VECTOR('',#4578,1.);
#4578 = DIRECTION('',(0.,1.));
#4579 = ( GEOMETRIC_REPRESENTATION_CONTEXT(2) 
PARAMETRIC_REPRESENTATION_CONTEXT() REPRESENTATION_CONTEXT('2D SPACE',''
  ) );
#4580 = PCURVE('',#3531,#4581);
#4581 = DEFINITIONAL_REPRESENTATION('',(#4582),#4586);
#4582 = LINE('',#4583,#4584);
#4583 = CARTESIAN_POINT('',(0.,82.8));
#4584 = VECTOR('',#4585,1.);
#4585 = DIRECTION('',(1.,0.));
#4586 = ( GEOMETRIC_REPRESENTATION_CONTEXT(2) 
PARAMETRIC_REPRESENTATION_CONTEXT() REPRESENTATION_CONTEXT('2D SPACE',''
  ) );
#4587 = ORIENTED_EDGE('',*,*,#3486,.F.);
#4588 = ORIENTED_EDGE('',*,*,#4542,.F.);
#4589 = ADVANCED_FACE('',(#4590),#3531,.T.);
#4590 = FACE_BOUND('',#4591,.T.);
#4591 = EDGE_LOOP('',(#4592,#4593,#4594,#4595));
#4592 = ORIENTED_EDGE('',*,*,#3836,.F.);
#4593 = ORIENTED_EDGE('',*,*,#4460,.T.);
#4594 = ORIENTED_EDGE('',*,*,#3515,.T.);
#4595 = ORIENTED_EDGE('',*,*,#4567,.F.);
#4596 = ADVANCED_FACE('',(#4597),#3589,.T.);
#4597 = FACE_BOUND('',#4598,.T.);
#4598 = EDGE_LOOP('',(#4599,#4622,#4650,#4671));
#4599 = ORIENTED_EDGE('',*,*,#4600,.F.);
#4600 = EDGE_CURVE('',#4601,#3572,#4603,.T.);
#4601 = VERTEX_POINT('',#4602);
#4602 = CARTESIAN_POINT('',(82.8,-83.,2.));
#4603 = SURFACE_CURVE('',#4604,(#4608,#4615),.PCURVE_S1.);
#4604 = LINE('',#4605,#4606);
#4605 = CARTESIAN_POINT('',(82.8,-83.,2.));
#4606 = VECTOR('',#4607,1.);
#4607 = DIRECTION('',(0.,0.,1.));
#4608 = PCURVE('',#3589,#4609);
#4609 = DEFINITIONAL_REPRESENTATION('',(#4610),#4614);
#4610 = LINE('',#4611,#4612);
#4611 = CARTESIAN_POINT('',(0.,80.8));
#4612 = VECTOR('',#4613,1.);
#4613 = DIRECTION('',(1.,0.));
#4614 = ( GEOMETRIC_REPRESENTATION_CONTEXT(2) 
PARAMETRIC_REPRESENTATION_CONTEXT() REPRESENTATION_CONTEXT('2D SPACE',''
  ) );
#4615 = PCURVE('',#3671,#4616);
#4616 = DEFINITIONAL_REPRESENTATION('',(#4617),#4621);
#4617 = LINE('',#4618,#4619);
#4618 = CARTESIAN_POINT('',(0.,0.));
#4619 = VECTOR('',#4620,1.);
#4620 = DIRECTION('',(1.,0.));
#4621 = ( GEOMETRIC_REPRESENTATION_CONTEXT(2) 
PARAMETRIC_REPRESENTATION_CONTEXT() REPRESENTATION_CONTEXT('2D SPACE',''
  ) );
#4622 = ORIENTED_EDGE('',*,*,#4623,.F.);
#4623 = EDGE_CURVE('',#4624,#4601,#4626,.T.);
#4624 = VERTEX_POINT('',#4625);
#4625 = CARTESIAN_POINT('',(2.,-83.,2.));
#4626 = SURFACE_CURVE('',#4627,(#4631,#4638),.PCURVE_S1.);
#4627 = LINE('',#4628,#4629);
#4628 = CARTESIAN_POINT('',(2.,-83.,2.));
#4629 = VECTOR('',#4630,1.);
#4630 = DIRECTION('',(1.,0.,0.));
#4631 = PCURVE('',#3589,#4632);
#4632 = DEFINITIONAL_REPRESENTATION('',(#4633),#4637);
#4633 = LINE('',#4634,#4635);
#4634 = CARTESIAN_POINT('',(0.,0.));
#4635 = VECTOR('',#4636,1.);
#4636 = DIRECTION('',(0.,1.));
#4637 = ( GEOMETRIC_REPRESENTATION_CONTEXT(2) 
PARAMETRIC_REPRESENTATION_CONTEXT() REPRESENTATION_CONTEXT('2D SPACE',''
  ) );
#4638 = PCURVE('',#4639,#4644);
#4639 = PLANE('',#4640);
#4640 = AXIS2_PLACEMENT_3D('',#4641,#4642,#4643);
#4641 = CARTESIAN_POINT('',(2.,-83.,2.));
#4642 = DIRECTION('',(0.,0.,1.));
#4643 = DIRECTION('',(1.,0.,-0.));
#4644 = DEFINITIONAL_REPRESENTATION('',(#4645),#4649);
#4645 = LINE('',#4646,#4647);
#4646 = CARTESIAN_POINT('',(0.,0.));
#4647 = VECTOR('',#4648,1.);
#4648 = DIRECTION('',(1.,0.));
#4649 = ( GEOMETRIC_REPRESENTATION_CONTEXT(2) 
PARAMETRIC_REPRESENTATION_CONTEXT() REPRESENTATION_CONTEXT('2D SPACE',''
  ) );
#4650 = ORIENTED_EDGE('',*,*,#4651,.T.);
#4651 = EDGE_CURVE('',#4624,#3574,#4652,.T.);
#4652 = SURFACE_CURVE('',#4653,(#4657,#4664),.PCURVE_S1.);
#4653 = LINE('',#4654,#4655);
#4654 = CARTESIAN_POINT('',(2.,-83.,2.));
#4655 = VECTOR('',#4656,1.);
#4656 = DIRECTION('',(0.,0.,1.));
#4657 = PCURVE('',#3589,#4658);
#4658 = DEFINITIONAL_REPRESENTATION('',(#4659),#4663);
#4659 = LINE('',#4660,#4661);
#4660 = CARTESIAN_POINT('',(0.,0.));
#4661 = VECTOR('',#4662,1.);
#4662 = DIRECTION('',(1.,0.));
#4663 = ( GEOMETRIC_REPRESENTATION_CONTEXT(2) 
PARAMETRIC_REPRESENTATION_CONTEXT() REPRESENTATION_CONTEXT('2D SPACE',''
  ) );
#4664 = PCURVE('',#3617,#4665);
#4665 = DEFINITIONAL_REPRESENTATION('',(#4666),#4670);
#4666 = LINE('',#4667,#4668);
#4667 = CARTESIAN_POINT('',(0.,0.));
#4668 = VECTOR('',#4669,1.);
#4669 = DIRECTION('',(1.,0.));
#4670 = ( GEOMETRIC_REPRESENTATION_CONTEXT(2) 
PARAMETRIC_REPRESENTATION_CONTEXT() REPRESENTATION_CONTEXT('2D SPACE',''
  ) );
#4671 = ORIENTED_EDGE('',*,*,#3571,.F.);
#4672 = ADVANCED_FACE('',(#4673),#3617,.T.);
#4673 = FACE_BOUND('',#4674,.T.);
#4674 = EDGE_LOOP('',(#4675,#4676,#4699,#4720));
#4675 = ORIENTED_EDGE('',*,*,#4651,.F.);
#4676 = ORIENTED_EDGE('',*,*,#4677,.T.);
#4677 = EDGE_CURVE('',#4624,#4678,#4680,.T.);
#4678 = VERTEX_POINT('',#4679);
#4679 = CARTESIAN_POINT('',(2.,-25.2,2.));
#4680 = SURFACE_CURVE('',#4681,(#4685,#4692),.PCURVE_S1.);
#4681 = LINE('',#4682,#4683);
#4682 = CARTESIAN_POINT('',(2.,-83.,2.));
#4683 = VECTOR('',#4684,1.);
#4684 = DIRECTION('',(0.,1.,0.));
#4685 = PCURVE('',#3617,#4686);
#4686 = DEFINITIONAL_REPRESENTATION('',(#4687),#4691);
#4687 = LINE('',#4688,#4689);
#4688 = CARTESIAN_POINT('',(0.,0.));
#4689 = VECTOR('',#4690,1.);
#4690 = DIRECTION('',(0.,-1.));
#4691 = ( GEOMETRIC_REPRESENTATION_CONTEXT(2) 
PARAMETRIC_REPRESENTATION_CONTEXT() REPRESENTATION_CONTEXT('2D SPACE',''
  ) );
#4692 = PCURVE('',#4639,#4693);
#4693 = DEFINITIONAL_REPRESENTATION('',(#4694),#4698);
#4694 = LINE('',#4695,#4696);
#4695 = CARTESIAN_POINT('',(0.,0.));
#4696 = VECTOR('',#4697,1.);
#4697 = DIRECTION('',(0.,1.));
#4698 = ( GEOMETRIC_REPRESENTATION_CONTEXT(2) 
PARAMETRIC_REPRESENTATION_CONTEXT() REPRESENTATION_CONTEXT('2D SPACE',''
  ) );
#4699 = ORIENTED_EDGE('',*,*,#4700,.T.);
#4700 = EDGE_CURVE('',#4678,#3602,#4701,.T.);
#4701 = SURFACE_CURVE('',#4702,(#4706,#4713),.PCURVE_S1.);
#4702 = LINE('',#4703,#4704);
#4703 = CARTESIAN_POINT('',(2.,-25.2,2.));
#4704 = VECTOR('',#4705,1.);
#4705 = DIRECTION('',(0.,0.,1.));
#4706 = PCURVE('',#3617,#4707);
#4707 = DEFINITIONAL_REPRESENTATION('',(#4708),#4712);
#4708 = LINE('',#4709,#4710);
#4709 = CARTESIAN_POINT('',(0.,-57.8));
#4710 = VECTOR('',#4711,1.);
#4711 = DIRECTION('',(1.,0.));
#4712 = ( GEOMETRIC_REPRESENTATION_CONTEXT(2) 
PARAMETRIC_REPRESENTATION_CONTEXT() REPRESENTATION_CONTEXT('2D SPACE',''
  ) );
#4713 = PCURVE('',#3645,#4714);
#4714 = DEFINITIONAL_REPRESENTATION('',(#4715),#4719);
#4715 = LINE('',#4716,#4717);
#4716 = CARTESIAN_POINT('',(0.,0.));
#4717 = VECTOR('',#4718,1.);
#4718 = DIRECTION('',(1.,0.));
#4719 = ( GEOMETRIC_REPRESENTATION_CONTEXT(2) 
PARAMETRIC_REPRESENTATION_CONTEXT() REPRESENTATION_CONTEXT('2D SPACE',''
  ) );
#4720 = ORIENTED_EDGE('',*,*,#3601,.F.);
#4721 = ADVANCED_FACE('',(#4722),#3645,.F.);
#4722 = FACE_BOUND('',#4723,.F.);
#4723 = EDGE_LOOP('',(#4724,#4747,#4768,#4769));
#4724 = ORIENTED_EDGE('',*,*,#4725,.F.);
#4725 = EDGE_CURVE('',#4726,#3630,#4728,.T.);
#4726 = VERTEX_POINT('',#4727);
#4727 = CARTESIAN_POINT('',(82.8,-25.2,2.));
#4728 = SURFACE_CURVE('',#4729,(#4733,#4740),.PCURVE_S1.);
#4729 = LINE('',#4730,#4731);
#4730 = CARTESIAN_POINT('',(82.8,-25.2,2.));
#4731 = VECTOR('',#4732,1.);
#4732 = DIRECTION('',(0.,0.,1.));
#4733 = PCURVE('',#3645,#4734);
#4734 = DEFINITIONAL_REPRESENTATION('',(#4735),#4739);
#4735 = LINE('',#4736,#4737);
#4736 = CARTESIAN_POINT('',(0.,80.8));
#4737 = VECTOR('',#4738,1.);
#4738 = DIRECTION('',(1.,0.));
#4739 = ( GEOMETRIC_REPRESENTATION_CONTEXT(2) 
PARAMETRIC_REPRESENTATION_CONTEXT() REPRESENTATION_CONTEXT('2D SPACE',''
  ) );
#4740 = PCURVE('',#3671,#4741);
#4741 = DEFINITIONAL_REPRESENTATION('',(#4742),#4746);
#4742 = LINE('',#4743,#4744);
#4743 = CARTESIAN_POINT('',(0.,-57.8));
#4744 = VECTOR('',#4745,1.);
#4745 = DIRECTION('',(1.,0.));
#4746 = ( GEOMETRIC_REPRESENTATION_CONTEXT(2) 
PARAMETRIC_REPRESENTATION_CONTEXT() REPRESENTATION_CONTEXT('2D SPACE',''
  ) );
#4747 = ORIENTED_EDGE('',*,*,#4748,.F.);
#4748 = EDGE_CURVE('',#4678,#4726,#4749,.T.);
#4749 = SURFACE_CURVE('',#4750,(#4754,#4761),.PCURVE_S1.);
#4750 = LINE('',#4751,#4752);
#4751 = CARTESIAN_POINT('',(2.,-25.2,2.));
#4752 = VECTOR('',#4753,1.);
#4753 = DIRECTION('',(1.,0.,0.));
#4754 = PCURVE('',#3645,#4755);
#4755 = DEFINITIONAL_REPRESENTATION('',(#4756),#4760);
#4756 = LINE('',#4757,#4758);
#4757 = CARTESIAN_POINT('',(0.,0.));
#4758 = VECTOR('',#4759,1.);
#4759 = DIRECTION('',(0.,1.));
#4760 = ( GEOMETRIC_REPRESENTATION_CONTEXT(2) 
PARAMETRIC_REPRESENTATION_CONTEXT() REPRESENTATION_CONTEXT('2D SPACE',''
  ) );
#4761 = PCURVE('',#4639,#4762);
#4762 = DEFINITIONAL_REPRESENTATION('',(#4763),#4767);
#4763 = LINE('',#4764,#4765);
#4764 = CARTESIAN_POINT('',(0.,57.8));
#4765 = VECTOR('',#4766,1.);
#4766 = DIRECTION('',(1.,0.));
#4767 = ( GEOMETRIC_REPRESENTATION_CONTEXT(2) 
PARAMETRIC_REPRESENTATION_CONTEXT() REPRESENTATION_CONTEXT('2D SPACE',''
  ) );
#4768 = ORIENTED_EDGE('',*,*,#4700,.T.);
#4769 = ORIENTED_EDGE('',*,*,#3629,.F.);
#4770 = ADVANCED_FACE('',(#4771),#3671,.F.);
#4771 = FACE_BOUND('',#4772,.F.);
#4772 = EDGE_LOOP('',(#4773,#4774,#4795,#4796));
#4773 = ORIENTED_EDGE('',*,*,#4600,.F.);
#4774 = ORIENTED_EDGE('',*,*,#4775,.T.);
#4775 = EDGE_CURVE('',#4601,#4726,#4776,.T.);
#4776 = SURFACE_CURVE('',#4777,(#4781,#4788),.PCURVE_S1.);
#4777 = LINE('',#4778,#4779);
#4778 = CARTESIAN_POINT('',(82.8,-83.,2.));
#4779 = VECTOR('',#4780,1.);
#4780 = DIRECTION('',(0.,1.,0.));
#4781 = PCURVE('',#3671,#4782);
#4782 = DEFINITIONAL_REPRESENTATION('',(#4783),#4787);
#4783 = LINE('',#4784,#4785);
#4784 = CARTESIAN_POINT('',(0.,0.));
#4785 = VECTOR('',#4786,1.);
#4786 = DIRECTION('',(0.,-1.));
#4787 = ( GEOMETRIC_REPRESENTATION_CONTEXT(2) 
PARAMETRIC_REPRESENTATION_CONTEXT() REPRESENTATION_CONTEXT('2D SPACE',''
  ) );
#4788 = PCURVE('',#4639,#4789);
#4789 = DEFINITIONAL_REPRESENTATION('',(#4790),#4794);
#4790 = LINE('',#4791,#4792);
#4791 = CARTESIAN_POINT('',(80.8,0.));
#4792 = VECTOR('',#4793,1.);
#4793 = DIRECTION('',(0.,1.));
#4794 = ( GEOMETRIC_REPRESENTATION_CONTEXT(2) 
PARAMETRIC_REPRESENTATION_CONTEXT() REPRESENTATION_CONTEXT('2D SPACE',''
  ) );
#4795 = ORIENTED_EDGE('',*,*,#4725,.T.);
#4796 = ORIENTED_EDGE('',*,*,#3657,.F.);
#4797 = ADVANCED_FACE('',(#4798),#3905,.T.);
#4798 = FACE_BOUND('',#4799,.T.);
#4799 = EDGE_LOOP('',(#4800,#4823,#4824,#4847));
#4800 = ORIENTED_EDGE('',*,*,#4801,.F.);
#4801 = EDGE_CURVE('',#3888,#4802,#4804,.T.);
#4802 = VERTEX_POINT('',#4803);
#4803 = CARTESIAN_POINT('',(15.4,-73.6,2.));
#4804 = SURFACE_CURVE('',#4805,(#4809,#4816),.PCURVE_S1.);
#4805 = LINE('',#4806,#4807);
#4806 = CARTESIAN_POINT('',(15.4,-73.6,-1.));
#4807 = VECTOR('',#4808,1.);
#4808 = DIRECTION('',(0.,0.,1.));
#4809 = PCURVE('',#3905,#4810);
#4810 = DEFINITIONAL_REPRESENTATION('',(#4811),#4815);
#4811 = LINE('',#4812,#4813);
#4812 = CARTESIAN_POINT('',(0.,4.));
#4813 = VECTOR('',#4814,1.);
#4814 = DIRECTION('',(1.,0.));
#4815 = ( GEOMETRIC_REPRESENTATION_CONTEXT(2) 
PARAMETRIC_REPRESENTATION_CONTEXT() REPRESENTATION_CONTEXT('2D SPACE',''
  ) );
#4816 = PCURVE('',#3987,#4817);
#4817 = DEFINITIONAL_REPRESENTATION('',(#4818),#4822);
#4818 = LINE('',#4819,#4820);
#4819 = CARTESIAN_POINT('',(0.,0.));
#4820 = VECTOR('',#4821,1.);
#4821 = DIRECTION('',(1.,0.));
#4822 = ( GEOMETRIC_REPRESENTATION_CONTEXT(2) 
PARAMETRIC_REPRESENTATION_CONTEXT() REPRESENTATION_CONTEXT('2D SPACE',''
  ) );
#4823 = ORIENTED_EDGE('',*,*,#3887,.T.);
#4824 = ORIENTED_EDGE('',*,*,#4825,.T.);
#4825 = EDGE_CURVE('',#3890,#4826,#4828,.T.);
#4826 = VERTEX_POINT('',#4827);
#4827 = CARTESIAN_POINT('',(11.4,-73.6,2.));
#4828 = SURFACE_CURVE('',#4829,(#4833,#4840),.PCURVE_S1.);
#4829 = LINE('',#4830,#4831);
#4830 = CARTESIAN_POINT('',(11.4,-73.6,-1.));
#4831 = VECTOR('',#4832,1.);
#4832 = DIRECTION('',(0.,0.,1.));
#4833 = PCURVE('',#3905,#4834);
#4834 = DEFINITIONAL_REPRESENTATION('',(#4835),#4839);
#4835 = LINE('',#4836,#4837);
#4836 = CARTESIAN_POINT('',(0.,0.));
#4837 = VECTOR('',#4838,1.);
#4838 = DIRECTION('',(1.,0.));
#4839 = ( GEOMETRIC_REPRESENTATION_CONTEXT(2) 
PARAMETRIC_REPRESENTATION_CONTEXT() REPRESENTATION_CONTEXT('2D SPACE',''
  ) );
#4840 = PCURVE('',#3933,#4841);
#4841 = DEFINITIONAL_REPRESENTATION('',(#4842),#4846);
#4842 = LINE('',#4843,#4844);
#4843 = CARTESIAN_POINT('',(0.,0.));
#4844 = VECTOR('',#4845,1.);
#4845 = DIRECTION('',(1.,0.));
#4846 = ( GEOMETRIC_REPRESENTATION_CONTEXT(2) 
PARAMETRIC_REPRESENTATION_CONTEXT() REPRESENTATION_CONTEXT('2D SPACE',''
  ) );
#4847 = ORIENTED_EDGE('',*,*,#4848,.F.);
#4848 = EDGE_CURVE('',#4802,#4826,#4849,.T.);
#4849 = SURFACE_CURVE('',#4850,(#4854,#4861),.PCURVE_S1.);
#4850 = LINE('',#4851,#4852);
#4851 = CARTESIAN_POINT('',(6.7,-73.6,2.));
#4852 = VECTOR('',#4853,1.);
#4853 = DIRECTION('',(-1.,0.,0.));
#4854 = PCURVE('',#3905,#4855);
#4855 = DEFINITIONAL_REPRESENTATION('',(#4856),#4860);
#4856 = LINE('',#4857,#4858);
#4857 = CARTESIAN_POINT('',(3.,-4.7));
#4858 = VECTOR('',#4859,1.);
#4859 = DIRECTION('',(0.,-1.));
#4860 = ( GEOMETRIC_REPRESENTATION_CONTEXT(2) 
PARAMETRIC_REPRESENTATION_CONTEXT() REPRESENTATION_CONTEXT('2D SPACE',''
  ) );
#4861 = PCURVE('',#4639,#4862);
#4862 = DEFINITIONAL_REPRESENTATION('',(#4863),#4867);
#4863 = LINE('',#4864,#4865);
#4864 = CARTESIAN_POINT('',(4.7,9.4));
#4865 = VECTOR('',#4866,1.);
#4866 = DIRECTION('',(-1.,0.));
#4867 = ( GEOMETRIC_REPRESENTATION_CONTEXT(2) 
PARAMETRIC_REPRESENTATION_CONTEXT() REPRESENTATION_CONTEXT('2D SPACE',''
  ) );
#4868 = ADVANCED_FACE('',(#4869),#3987,.F.);
#4869 = FACE_BOUND('',#4870,.F.);
#4870 = EDGE_LOOP('',(#4871,#4872,#4873,#4896));
#4871 = ORIENTED_EDGE('',*,*,#4801,.F.);
#4872 = ORIENTED_EDGE('',*,*,#3973,.T.);
#4873 = ORIENTED_EDGE('',*,*,#4874,.T.);
#4874 = EDGE_CURVE('',#3946,#4875,#4877,.T.);
#4875 = VERTEX_POINT('',#4876);
#4876 = CARTESIAN_POINT('',(15.4,-64.6,2.));
#4877 = SURFACE_CURVE('',#4878,(#4882,#4889),.PCURVE_S1.);
#4878 = LINE('',#4879,#4880);
#4879 = CARTESIAN_POINT('',(15.4,-64.6,-1.));
#4880 = VECTOR('',#4881,1.);
#4881 = DIRECTION('',(0.,0.,1.));
#4882 = PCURVE('',#3987,#4883);
#4883 = DEFINITIONAL_REPRESENTATION('',(#4884),#4888);
#4884 = LINE('',#4885,#4886);
#4885 = CARTESIAN_POINT('',(0.,-9.));
#4886 = VECTOR('',#4887,1.);
#4887 = DIRECTION('',(1.,0.));
#4888 = ( GEOMETRIC_REPRESENTATION_CONTEXT(2) 
PARAMETRIC_REPRESENTATION_CONTEXT() REPRESENTATION_CONTEXT('2D SPACE',''
  ) );
#4889 = PCURVE('',#3961,#4890);
#4890 = DEFINITIONAL_REPRESENTATION('',(#4891),#4895);
#4891 = LINE('',#4892,#4893);
#4892 = CARTESIAN_POINT('',(0.,4.));
#4893 = VECTOR('',#4894,1.);
#4894 = DIRECTION('',(1.,0.));
#4895 = ( GEOMETRIC_REPRESENTATION_CONTEXT(2) 
PARAMETRIC_REPRESENTATION_CONTEXT() REPRESENTATION_CONTEXT('2D SPACE',''
  ) );
#4896 = ORIENTED_EDGE('',*,*,#4897,.F.);
#4897 = EDGE_CURVE('',#4802,#4875,#4898,.T.);
#4898 = SURFACE_CURVE('',#4899,(#4903,#4910),.PCURVE_S1.);
#4899 = LINE('',#4900,#4901);
#4900 = CARTESIAN_POINT('',(15.4,-78.3,2.));
#4901 = VECTOR('',#4902,1.);
#4902 = DIRECTION('',(0.,1.,0.));
#4903 = PCURVE('',#3987,#4904);
#4904 = DEFINITIONAL_REPRESENTATION('',(#4905),#4909);
#4905 = LINE('',#4906,#4907);
#4906 = CARTESIAN_POINT('',(3.,4.7));
#4907 = VECTOR('',#4908,1.);
#4908 = DIRECTION('',(0.,-1.));
#4909 = ( GEOMETRIC_REPRESENTATION_CONTEXT(2) 
PARAMETRIC_REPRESENTATION_CONTEXT() REPRESENTATION_CONTEXT('2D SPACE',''
  ) );
#4910 = PCURVE('',#4639,#4911);
#4911 = DEFINITIONAL_REPRESENTATION('',(#4912),#4916);
#4912 = LINE('',#4913,#4914);
#4913 = CARTESIAN_POINT('',(13.4,4.7));
#4914 = VECTOR('',#4915,1.);
#4915 = DIRECTION('',(0.,1.));
#4916 = ( GEOMETRIC_REPRESENTATION_CONTEXT(2) 
PARAMETRIC_REPRESENTATION_CONTEXT() REPRESENTATION_CONTEXT('2D SPACE',''
  ) );
#4917 = ADVANCED_FACE('',(#4918),#3933,.T.);
#4918 = FACE_BOUND('',#4919,.T.);
#4919 = EDGE_LOOP('',(#4920,#4921,#4922,#4945));
#4920 = ORIENTED_EDGE('',*,*,#4825,.F.);
#4921 = ORIENTED_EDGE('',*,*,#3917,.T.);
#4922 = ORIENTED_EDGE('',*,*,#4923,.T.);
#4923 = EDGE_CURVE('',#3918,#4924,#4926,.T.);
#4924 = VERTEX_POINT('',#4925);
#4925 = CARTESIAN_POINT('',(11.4,-64.6,2.));
#4926 = SURFACE_CURVE('',#4927,(#4931,#4938),.PCURVE_S1.);
#4927 = LINE('',#4928,#4929);
#4928 = CARTESIAN_POINT('',(11.4,-64.6,-1.));
#4929 = VECTOR('',#4930,1.);
#4930 = DIRECTION('',(0.,0.,1.));
#4931 = PCURVE('',#3933,#4932);
#4932 = DEFINITIONAL_REPRESENTATION('',(#4933),#4937);
#4933 = LINE('',#4934,#4935);
#4934 = CARTESIAN_POINT('',(0.,-9.));
#4935 = VECTOR('',#4936,1.);
#4936 = DIRECTION('',(1.,0.));
#4937 = ( GEOMETRIC_REPRESENTATION_CONTEXT(2) 
PARAMETRIC_REPRESENTATION_CONTEXT() REPRESENTATION_CONTEXT('2D SPACE',''
  ) );
#4938 = PCURVE('',#3961,#4939);
#4939 = DEFINITIONAL_REPRESENTATION('',(#4940),#4944);
#4940 = LINE('',#4941,#4942);
#4941 = CARTESIAN_POINT('',(0.,0.));
#4942 = VECTOR('',#4943,1.);
#4943 = DIRECTION('',(1.,0.));
#4944 = ( GEOMETRIC_REPRESENTATION_CONTEXT(2) 
PARAMETRIC_REPRESENTATION_CONTEXT() REPRESENTATION_CONTEXT('2D SPACE',''
  ) );
#4945 = ORIENTED_EDGE('',*,*,#4946,.F.);
#4946 = EDGE_CURVE('',#4826,#4924,#4947,.T.);
#4947 = SURFACE_CURVE('',#4948,(#4952,#4959),.PCURVE_S1.);
#4948 = LINE('',#4949,#4950);
#4949 = CARTESIAN_POINT('',(11.4,-78.3,2.));
#4950 = VECTOR('',#4951,1.);
#4951 = DIRECTION('',(0.,1.,0.));
#4952 = PCURVE('',#3933,#4953);
#4953 = DEFINITIONAL_REPRESENTATION('',(#4954),#4958);
#4954 = LINE('',#4955,#4956);
#4955 = CARTESIAN_POINT('',(3.,4.7));
#4956 = VECTOR('',#4957,1.);
#4957 = DIRECTION('',(0.,-1.));
#4958 = ( GEOMETRIC_REPRESENTATION_CONTEXT(2) 
PARAMETRIC_REPRESENTATION_CONTEXT() REPRESENTATION_CONTEXT('2D SPACE',''
  ) );
#4959 = PCURVE('',#4639,#4960);
#4960 = DEFINITIONAL_REPRESENTATION('',(#4961),#4965);
#4961 = LINE('',#4962,#4963);
#4962 = CARTESIAN_POINT('',(9.4,4.7));
#4963 = VECTOR('',#4964,1.);
#4964 = DIRECTION('',(0.,1.));
#4965 = ( GEOMETRIC_REPRESENTATION_CONTEXT(2) 
PARAMETRIC_REPRESENTATION_CONTEXT() REPRESENTATION_CONTEXT('2D SPACE',''
  ) );
#4966 = ADVANCED_FACE('',(#4967),#3961,.F.);
#4967 = FACE_BOUND('',#4968,.F.);
#4968 = EDGE_LOOP('',(#4969,#4970,#4971,#4972));
#4969 = ORIENTED_EDGE('',*,*,#4874,.F.);
#4970 = ORIENTED_EDGE('',*,*,#3945,.T.);
#4971 = ORIENTED_EDGE('',*,*,#4923,.T.);
#4972 = ORIENTED_EDGE('',*,*,#4973,.F.);
#4973 = EDGE_CURVE('',#4875,#4924,#4974,.T.);
#4974 = SURFACE_CURVE('',#4975,(#4979,#4986),.PCURVE_S1.);
#4975 = LINE('',#4976,#4977);
#4976 = CARTESIAN_POINT('',(6.7,-64.6,2.));
#4977 = VECTOR('',#4978,1.);
#4978 = DIRECTION('',(-1.,0.,0.));
#4979 = PCURVE('',#3961,#4980);
#4980 = DEFINITIONAL_REPRESENTATION('',(#4981),#4985);
#4981 = LINE('',#4982,#4983);
#4982 = CARTESIAN_POINT('',(3.,-4.7));
#4983 = VECTOR('',#4984,1.);
#4984 = DIRECTION('',(0.,-1.));
#4985 = ( GEOMETRIC_REPRESENTATION_CONTEXT(2) 
PARAMETRIC_REPRESENTATION_CONTEXT() REPRESENTATION_CONTEXT('2D SPACE',''
  ) );
#4986 = PCURVE('',#4639,#4987);
#4987 = DEFINITIONAL_REPRESENTATION('',(#4988),#4992);
#4988 = LINE('',#4989,#4990);
#4989 = CARTESIAN_POINT('',(4.7,18.4));
#4990 = VECTOR('',#4991,1.);
#4991 = DIRECTION('',(-1.,0.));
#4992 = ( GEOMETRIC_REPRESENTATION_CONTEXT(2) 
PARAMETRIC_REPRESENTATION_CONTEXT() REPRESENTATION_CONTEXT('2D SPACE',''
  ) );
#4993 = ADVANCED_FACE('',(#4994),#4019,.T.);
#4994 = FACE_BOUND('',#4995,.T.);
#4995 = EDGE_LOOP('',(#4996,#5019,#5020,#5043));
#4996 = ORIENTED_EDGE('',*,*,#4997,.F.);
#4997 = EDGE_CURVE('',#4002,#4998,#5000,.T.);
#4998 = VERTEX_POINT('',#4999);
#4999 = CARTESIAN_POINT('',(70.4,-71.6,2.));
#5000 = SURFACE_CURVE('',#5001,(#5005,#5012),.PCURVE_S1.);
#5001 = LINE('',#5002,#5003);
#5002 = CARTESIAN_POINT('',(70.4,-71.6,-0.5));
#5003 = VECTOR('',#5004,1.);
#5004 = DIRECTION('',(0.,0.,1.));
#5005 = PCURVE('',#4019,#5006);
#5006 = DEFINITIONAL_REPRESENTATION('',(#5007),#5011);
#5007 = LINE('',#5008,#5009);
#5008 = CARTESIAN_POINT('',(0.,22.));
#5009 = VECTOR('',#5010,1.);
#5010 = DIRECTION('',(1.,0.));
#5011 = ( GEOMETRIC_REPRESENTATION_CONTEXT(2) 
PARAMETRIC_REPRESENTATION_CONTEXT() REPRESENTATION_CONTEXT('2D SPACE',''
  ) );
#5012 = PCURVE('',#4101,#5013);
#5013 = DEFINITIONAL_REPRESENTATION('',(#5014),#5018);
#5014 = LINE('',#5015,#5016);
#5015 = CARTESIAN_POINT('',(0.,0.));
#5016 = VECTOR('',#5017,1.);
#5017 = DIRECTION('',(1.,0.));
#5018 = ( GEOMETRIC_REPRESENTATION_CONTEXT(2) 
PARAMETRIC_REPRESENTATION_CONTEXT() REPRESENTATION_CONTEXT('2D SPACE',''
  ) );
#5019 = ORIENTED_EDGE('',*,*,#4001,.T.);
#5020 = ORIENTED_EDGE('',*,*,#5021,.T.);
#5021 = EDGE_CURVE('',#4004,#5022,#5024,.T.);
#5022 = VERTEX_POINT('',#5023);
#5023 = CARTESIAN_POINT('',(48.4,-71.6,2.));
#5024 = SURFACE_CURVE('',#5025,(#5029,#5036),.PCURVE_S1.);
#5025 = LINE('',#5026,#5027);
#5026 = CARTESIAN_POINT('',(48.4,-71.6,-0.5));
#5027 = VECTOR('',#5028,1.);
#5028 = DIRECTION('',(0.,0.,1.));
#5029 = PCURVE('',#4019,#5030);
#5030 = DEFINITIONAL_REPRESENTATION('',(#5031),#5035);
#5031 = LINE('',#5032,#5033);
#5032 = CARTESIAN_POINT('',(0.,0.));
#5033 = VECTOR('',#5034,1.);
#5034 = DIRECTION('',(1.,0.));
#5035 = ( GEOMETRIC_REPRESENTATION_CONTEXT(2) 
PARAMETRIC_REPRESENTATION_CONTEXT() REPRESENTATION_CONTEXT('2D SPACE',''
  ) );
#5036 = PCURVE('',#4047,#5037);
#5037 = DEFINITIONAL_REPRESENTATION('',(#5038),#5042);
#5038 = LINE('',#5039,#5040);
#5039 = CARTESIAN_POINT('',(0.,0.));
#5040 = VECTOR('',#5041,1.);
#5041 = DIRECTION('',(1.,0.));
#5042 = ( GEOMETRIC_REPRESENTATION_CONTEXT(2) 
PARAMETRIC_REPRESENTATION_CONTEXT() REPRESENTATION_CONTEXT('2D SPACE',''
  ) );
#5043 = ORIENTED_EDGE('',*,*,#5044,.F.);
#5044 = EDGE_CURVE('',#4998,#5022,#5045,.T.);
#5045 = SURFACE_CURVE('',#5046,(#5050,#5057),.PCURVE_S1.);
#5046 = LINE('',#5047,#5048);
#5047 = CARTESIAN_POINT('',(25.2,-71.6,2.));
#5048 = VECTOR('',#5049,1.);
#5049 = DIRECTION('',(-1.,0.,0.));
#5050 = PCURVE('',#4019,#5051);
#5051 = DEFINITIONAL_REPRESENTATION('',(#5052),#5056);
#5052 = LINE('',#5053,#5054);
#5053 = CARTESIAN_POINT('',(2.5,-23.2));
#5054 = VECTOR('',#5055,1.);
#5055 = DIRECTION('',(0.,-1.));
#5056 = ( GEOMETRIC_REPRESENTATION_CONTEXT(2) 
PARAMETRIC_REPRESENTATION_CONTEXT() REPRESENTATION_CONTEXT('2D SPACE',''
  ) );
#5057 = PCURVE('',#4639,#5058);
#5058 = DEFINITIONAL_REPRESENTATION('',(#5059),#5063);
#5059 = LINE('',#5060,#5061);
#5060 = CARTESIAN_POINT('',(23.2,11.4));
#5061 = VECTOR('',#5062,1.);
#5062 = DIRECTION('',(-1.,0.));
#5063 = ( GEOMETRIC_REPRESENTATION_CONTEXT(2) 
PARAMETRIC_REPRESENTATION_CONTEXT() REPRESENTATION_CONTEXT('2D SPACE',''
  ) );
#5064 = ADVANCED_FACE('',(#5065),#4101,.F.);
#5065 = FACE_BOUND('',#5066,.F.);
#5066 = EDGE_LOOP('',(#5067,#5068,#5069,#5092));
#5067 = ORIENTED_EDGE('',*,*,#4997,.F.);
#5068 = ORIENTED_EDGE('',*,*,#4087,.T.);
#5069 = ORIENTED_EDGE('',*,*,#5070,.T.);
#5070 = EDGE_CURVE('',#4060,#5071,#5073,.T.);
#5071 = VERTEX_POINT('',#5072);
#5072 = CARTESIAN_POINT('',(70.4,-56.6,2.));
#5073 = SURFACE_CURVE('',#5074,(#5078,#5085),.PCURVE_S1.);
#5074 = LINE('',#5075,#5076);
#5075 = CARTESIAN_POINT('',(70.4,-56.6,-0.5));
#5076 = VECTOR('',#5077,1.);
#5077 = DIRECTION('',(0.,0.,1.));
#5078 = PCURVE('',#4101,#5079);
#5079 = DEFINITIONAL_REPRESENTATION('',(#5080),#5084);
#5080 = LINE('',#5081,#5082);
#5081 = CARTESIAN_POINT('',(0.,-15.));
#5082 = VECTOR('',#5083,1.);
#5083 = DIRECTION('',(1.,0.));
#5084 = ( GEOMETRIC_REPRESENTATION_CONTEXT(2) 
PARAMETRIC_REPRESENTATION_CONTEXT() REPRESENTATION_CONTEXT('2D SPACE',''
  ) );
#5085 = PCURVE('',#4075,#5086);
#5086 = DEFINITIONAL_REPRESENTATION('',(#5087),#5091);
#5087 = LINE('',#5088,#5089);
#5088 = CARTESIAN_POINT('',(0.,22.));
#5089 = VECTOR('',#5090,1.);
#5090 = DIRECTION('',(1.,0.));
#5091 = ( GEOMETRIC_REPRESENTATION_CONTEXT(2) 
PARAMETRIC_REPRESENTATION_CONTEXT() REPRESENTATION_CONTEXT('2D SPACE',''
  ) );
#5092 = ORIENTED_EDGE('',*,*,#5093,.F.);
#5093 = EDGE_CURVE('',#4998,#5071,#5094,.T.);
#5094 = SURFACE_CURVE('',#5095,(#5099,#5106),.PCURVE_S1.);
#5095 = LINE('',#5096,#5097);
#5096 = CARTESIAN_POINT('',(70.4,-77.3,2.));
#5097 = VECTOR('',#5098,1.);
#5098 = DIRECTION('',(0.,1.,0.));
#5099 = PCURVE('',#4101,#5100);
#5100 = DEFINITIONAL_REPRESENTATION('',(#5101),#5105);
#5101 = LINE('',#5102,#5103);
#5102 = CARTESIAN_POINT('',(2.5,5.7));
#5103 = VECTOR('',#5104,1.);
#5104 = DIRECTION('',(0.,-1.));
#5105 = ( GEOMETRIC_REPRESENTATION_CONTEXT(2) 
PARAMETRIC_REPRESENTATION_CONTEXT() REPRESENTATION_CONTEXT('2D SPACE',''
  ) );
#5106 = PCURVE('',#4639,#5107);
#5107 = DEFINITIONAL_REPRESENTATION('',(#5108),#5112);
#5108 = LINE('',#5109,#5110);
#5109 = CARTESIAN_POINT('',(68.4,5.7));
#5110 = VECTOR('',#5111,1.);
#5111 = DIRECTION('',(0.,1.));
#5112 = ( GEOMETRIC_REPRESENTATION_CONTEXT(2) 
PARAMETRIC_REPRESENTATION_CONTEXT() REPRESENTATION_CONTEXT('2D SPACE',''
  ) );
#5113 = ADVANCED_FACE('',(#5114),#4075,.F.);
#5114 = FACE_BOUND('',#5115,.F.);
#5115 = EDGE_LOOP('',(#5116,#5117,#5118,#5141));
#5116 = ORIENTED_EDGE('',*,*,#5070,.F.);
#5117 = ORIENTED_EDGE('',*,*,#4059,.T.);
#5118 = ORIENTED_EDGE('',*,*,#5119,.T.);
#5119 = EDGE_CURVE('',#4032,#5120,#5122,.T.);
#5120 = VERTEX_POINT('',#5121);
#5121 = CARTESIAN_POINT('',(48.4,-56.6,2.));
#5122 = SURFACE_CURVE('',#5123,(#5127,#5134),.PCURVE_S1.);
#5123 = LINE('',#5124,#5125);
#5124 = CARTESIAN_POINT('',(48.4,-56.6,-0.5));
#5125 = VECTOR('',#5126,1.);
#5126 = DIRECTION('',(0.,0.,1.));
#5127 = PCURVE('',#4075,#5128);
#5128 = DEFINITIONAL_REPRESENTATION('',(#5129),#5133);
#5129 = LINE('',#5130,#5131);
#5130 = CARTESIAN_POINT('',(0.,0.));
#5131 = VECTOR('',#5132,1.);
#5132 = DIRECTION('',(1.,0.));
#5133 = ( GEOMETRIC_REPRESENTATION_CONTEXT(2) 
PARAMETRIC_REPRESENTATION_CONTEXT() REPRESENTATION_CONTEXT('2D SPACE',''
  ) );
#5134 = PCURVE('',#4047,#5135);
#5135 = DEFINITIONAL_REPRESENTATION('',(#5136),#5140);
#5136 = LINE('',#5137,#5138);
#5137 = CARTESIAN_POINT('',(0.,-15.));
#5138 = VECTOR('',#5139,1.);
#5139 = DIRECTION('',(1.,0.));
#5140 = ( GEOMETRIC_REPRESENTATION_CONTEXT(2) 
PARAMETRIC_REPRESENTATION_CONTEXT() REPRESENTATION_CONTEXT('2D SPACE',''
  ) );
#5141 = ORIENTED_EDGE('',*,*,#5142,.F.);
#5142 = EDGE_CURVE('',#5071,#5120,#5143,.T.);
#5143 = SURFACE_CURVE('',#5144,(#5148,#5155),.PCURVE_S1.);
#5144 = LINE('',#5145,#5146);
#5145 = CARTESIAN_POINT('',(25.2,-56.6,2.));
#5146 = VECTOR('',#5147,1.);
#5147 = DIRECTION('',(-1.,0.,0.));
#5148 = PCURVE('',#4075,#5149);
#5149 = DEFINITIONAL_REPRESENTATION('',(#5150),#5154);
#5150 = LINE('',#5151,#5152);
#5151 = CARTESIAN_POINT('',(2.5,-23.2));
#5152 = VECTOR('',#5153,1.);
#5153 = DIRECTION('',(0.,-1.));
#5154 = ( GEOMETRIC_REPRESENTATION_CONTEXT(2) 
PARAMETRIC_REPRESENTATION_CONTEXT() REPRESENTATION_CONTEXT('2D SPACE',''
  ) );
#5155 = PCURVE('',#4639,#5156);
#5156 = DEFINITIONAL_REPRESENTATION('',(#5157),#5161);
#5157 = LINE('',#5158,#5159);
#5158 = CARTESIAN_POINT('',(23.2,26.4));
#5159 = VECTOR('',#5160,1.);
#5160 = DIRECTION('',(-1.,0.));
#5161 = ( GEOMETRIC_REPRESENTATION_CONTEXT(2) 
PARAMETRIC_REPRESENTATION_CONTEXT() REPRESENTATION_CONTEXT('2D SPACE',''
  ) );
#5162 = ADVANCED_FACE('',(#5163),#4047,.T.);
#5163 = FACE_BOUND('',#5164,.T.);
#5164 = EDGE_LOOP('',(#5165,#5166,#5167,#5168));
#5165 = ORIENTED_EDGE('',*,*,#5021,.F.);
#5166 = ORIENTED_EDGE('',*,*,#4031,.T.);
#5167 = ORIENTED_EDGE('',*,*,#5119,.T.);
#5168 = ORIENTED_EDGE('',*,*,#5169,.F.);
#5169 = EDGE_CURVE('',#5022,#5120,#5170,.T.);
#5170 = SURFACE_CURVE('',#5171,(#5175,#5182),.PCURVE_S1.);
#5171 = LINE('',#5172,#5173);
#5172 = CARTESIAN_POINT('',(48.4,-77.3,2.));
#5173 = VECTOR('',#5174,1.);
#5174 = DIRECTION('',(0.,1.,0.));
#5175 = PCURVE('',#4047,#5176);
#5176 = DEFINITIONAL_REPRESENTATION('',(#5177),#5181);
#5177 = LINE('',#5178,#5179);
#5178 = CARTESIAN_POINT('',(2.5,5.7));
#5179 = VECTOR('',#5180,1.);
#5180 = DIRECTION('',(0.,-1.));
#5181 = ( GEOMETRIC_REPRESENTATION_CONTEXT(2) 
PARAMETRIC_REPRESENTATION_CONTEXT() REPRESENTATION_CONTEXT('2D SPACE',''
  ) );
#5182 = PCURVE('',#4639,#5183);
#5183 = DEFINITIONAL_REPRESENTATION('',(#5184),#5188);
#5184 = LINE('',#5185,#5186);
#5185 = CARTESIAN_POINT('',(46.4,5.7));
#5186 = VECTOR('',#5187,1.);
#5187 = DIRECTION('',(0.,1.));
#5188 = ( GEOMETRIC_REPRESENTATION_CONTEXT(2) 
PARAMETRIC_REPRESENTATION_CONTEXT() REPRESENTATION_CONTEXT('2D SPACE',''
  ) );
#5189 = ADVANCED_FACE('',(#5190),#4133,.T.);
#5190 = FACE_BOUND('',#5191,.T.);
#5191 = EDGE_LOOP('',(#5192,#5215,#5216,#5239));
#5192 = ORIENTED_EDGE('',*,*,#5193,.F.);
#5193 = EDGE_CURVE('',#4116,#5194,#5196,.T.);
#5194 = VERTEX_POINT('',#5195);
#5195 = CARTESIAN_POINT('',(15.4,-58.6,2.));
#5196 = SURFACE_CURVE('',#5197,(#5201,#5208),.PCURVE_S1.);
#5197 = LINE('',#5198,#5199);
#5198 = CARTESIAN_POINT('',(15.4,-58.6,-1.));
#5199 = VECTOR('',#5200,1.);
#5200 = DIRECTION('',(0.,0.,1.));
#5201 = PCURVE('',#4133,#5202);
#5202 = DEFINITIONAL_REPRESENTATION('',(#5203),#5207);
#5203 = LINE('',#5204,#5205);
#5204 = CARTESIAN_POINT('',(0.,4.));
#5205 = VECTOR('',#5206,1.);
#5206 = DIRECTION('',(1.,0.));
#5207 = ( GEOMETRIC_REPRESENTATION_CONTEXT(2) 
PARAMETRIC_REPRESENTATION_CONTEXT() REPRESENTATION_CONTEXT('2D SPACE',''
  ) );
#5208 = PCURVE('',#4215,#5209);
#5209 = DEFINITIONAL_REPRESENTATION('',(#5210),#5214);
#5210 = LINE('',#5211,#5212);
#5211 = CARTESIAN_POINT('',(0.,0.));
#5212 = VECTOR('',#5213,1.);
#5213 = DIRECTION('',(1.,0.));
#5214 = ( GEOMETRIC_REPRESENTATION_CONTEXT(2) 
PARAMETRIC_REPRESENTATION_CONTEXT() REPRESENTATION_CONTEXT('2D SPACE',''
  ) );
#5215 = ORIENTED_EDGE('',*,*,#4115,.T.);
#5216 = ORIENTED_EDGE('',*,*,#5217,.T.);
#5217 = EDGE_CURVE('',#4118,#5218,#5220,.T.);
#5218 = VERTEX_POINT('',#5219);
#5219 = CARTESIAN_POINT('',(11.4,-58.6,2.));
#5220 = SURFACE_CURVE('',#5221,(#5225,#5232),.PCURVE_S1.);
#5221 = LINE('',#5222,#5223);
#5222 = CARTESIAN_POINT('',(11.4,-58.6,-1.));
#5223 = VECTOR('',#5224,1.);
#5224 = DIRECTION('',(0.,0.,1.));
#5225 = PCURVE('',#4133,#5226);
#5226 = DEFINITIONAL_REPRESENTATION('',(#5227),#5231);
#5227 = LINE('',#5228,#5229);
#5228 = CARTESIAN_POINT('',(0.,0.));
#5229 = VECTOR('',#5230,1.);
#5230 = DIRECTION('',(1.,0.));
#5231 = ( GEOMETRIC_REPRESENTATION_CONTEXT(2) 
PARAMETRIC_REPRESENTATION_CONTEXT() REPRESENTATION_CONTEXT('2D SPACE',''
  ) );
#5232 = PCURVE('',#4161,#5233);
#5233 = DEFINITIONAL_REPRESENTATION('',(#5234),#5238);
#5234 = LINE('',#5235,#5236);
#5235 = CARTESIAN_POINT('',(0.,0.));
#5236 = VECTOR('',#5237,1.);
#5237 = DIRECTION('',(1.,0.));
#5238 = ( GEOMETRIC_REPRESENTATION_CONTEXT(2) 
PARAMETRIC_REPRESENTATION_CONTEXT() REPRESENTATION_CONTEXT('2D SPACE',''
  ) );
#5239 = ORIENTED_EDGE('',*,*,#5240,.F.);
#5240 = EDGE_CURVE('',#5194,#5218,#5241,.T.);
#5241 = SURFACE_CURVE('',#5242,(#5246,#5253),.PCURVE_S1.);
#5242 = LINE('',#5243,#5244);
#5243 = CARTESIAN_POINT('',(6.7,-58.6,2.));
#5244 = VECTOR('',#5245,1.);
#5245 = DIRECTION('',(-1.,0.,0.));
#5246 = PCURVE('',#4133,#5247);
#5247 = DEFINITIONAL_REPRESENTATION('',(#5248),#5252);
#5248 = LINE('',#5249,#5250);
#5249 = CARTESIAN_POINT('',(3.,-4.7));
#5250 = VECTOR('',#5251,1.);
#5251 = DIRECTION('',(0.,-1.));
#5252 = ( GEOMETRIC_REPRESENTATION_CONTEXT(2) 
PARAMETRIC_REPRESENTATION_CONTEXT() REPRESENTATION_CONTEXT('2D SPACE',''
  ) );
#5253 = PCURVE('',#4639,#5254);
#5254 = DEFINITIONAL_REPRESENTATION('',(#5255),#5259);
#5255 = LINE('',#5256,#5257);
#5256 = CARTESIAN_POINT('',(4.7,24.4));
#5257 = VECTOR('',#5258,1.);
#5258 = DIRECTION('',(-1.,0.));
#5259 = ( GEOMETRIC_REPRESENTATION_CONTEXT(2) 
PARAMETRIC_REPRESENTATION_CONTEXT() REPRESENTATION_CONTEXT('2D SPACE',''
  ) );
#5260 = ADVANCED_FACE('',(#5261),#4215,.F.);
#5261 = FACE_BOUND('',#5262,.F.);
#5262 = EDGE_LOOP('',(#5263,#5264,#5265,#5288));
#5263 = ORIENTED_EDGE('',*,*,#5193,.F.);
#5264 = ORIENTED_EDGE('',*,*,#4201,.T.);
#5265 = ORIENTED_EDGE('',*,*,#5266,.T.);
#5266 = EDGE_CURVE('',#4174,#5267,#5269,.T.);
#5267 = VERTEX_POINT('',#5268);
#5268 = CARTESIAN_POINT('',(15.4,-49.6,2.));
#5269 = SURFACE_CURVE('',#5270,(#5274,#5281),.PCURVE_S1.);
#5270 = LINE('',#5271,#5272);
#5271 = CARTESIAN_POINT('',(15.4,-49.6,-1.));
#5272 = VECTOR('',#5273,1.);
#5273 = DIRECTION('',(0.,0.,1.));
#5274 = PCURVE('',#4215,#5275);
#5275 = DEFINITIONAL_REPRESENTATION('',(#5276),#5280);
#5276 = LINE('',#5277,#5278);
#5277 = CARTESIAN_POINT('',(0.,-9.));
#5278 = VECTOR('',#5279,1.);
#5279 = DIRECTION('',(1.,0.));
#5280 = ( GEOMETRIC_REPRESENTATION_CONTEXT(2) 
PARAMETRIC_REPRESENTATION_CONTEXT() REPRESENTATION_CONTEXT('2D SPACE',''
  ) );
#5281 = PCURVE('',#4189,#5282);
#5282 = DEFINITIONAL_REPRESENTATION('',(#5283),#5287);
#5283 = LINE('',#5284,#5285);
#5284 = CARTESIAN_POINT('',(0.,4.));
#5285 = VECTOR('',#5286,1.);
#5286 = DIRECTION('',(1.,0.));
#5287 = ( GEOMETRIC_REPRESENTATION_CONTEXT(2) 
PARAMETRIC_REPRESENTATION_CONTEXT() REPRESENTATION_CONTEXT('2D SPACE',''
  ) );
#5288 = ORIENTED_EDGE('',*,*,#5289,.F.);
#5289 = EDGE_CURVE('',#5194,#5267,#5290,.T.);
#5290 = SURFACE_CURVE('',#5291,(#5295,#5302),.PCURVE_S1.);
#5291 = LINE('',#5292,#5293);
#5292 = CARTESIAN_POINT('',(15.4,-70.8,2.));
#5293 = VECTOR('',#5294,1.);
#5294 = DIRECTION('',(0.,1.,0.));
#5295 = PCURVE('',#4215,#5296);
#5296 = DEFINITIONAL_REPRESENTATION('',(#5297),#5301);
#5297 = LINE('',#5298,#5299);
#5298 = CARTESIAN_POINT('',(3.,12.2));
#5299 = VECTOR('',#5300,1.);
#5300 = DIRECTION('',(0.,-1.));
#5301 = ( GEOMETRIC_REPRESENTATION_CONTEXT(2) 
PARAMETRIC_REPRESENTATION_CONTEXT() REPRESENTATION_CONTEXT('2D SPACE',''
  ) );
#5302 = PCURVE('',#4639,#5303);
#5303 = DEFINITIONAL_REPRESENTATION('',(#5304),#5308);
#5304 = LINE('',#5305,#5306);
#5305 = CARTESIAN_POINT('',(13.4,12.2));
#5306 = VECTOR('',#5307,1.);
#5307 = DIRECTION('',(0.,1.));
#5308 = ( GEOMETRIC_REPRESENTATION_CONTEXT(2) 
PARAMETRIC_REPRESENTATION_CONTEXT() REPRESENTATION_CONTEXT('2D SPACE',''
  ) );
#5309 = ADVANCED_FACE('',(#5310),#4161,.T.);
#5310 = FACE_BOUND('',#5311,.T.);
#5311 = EDGE_LOOP('',(#5312,#5313,#5314,#5337));
#5312 = ORIENTED_EDGE('',*,*,#5217,.F.);
#5313 = ORIENTED_EDGE('',*,*,#4145,.T.);
#5314 = ORIENTED_EDGE('',*,*,#5315,.T.);
#5315 = EDGE_CURVE('',#4146,#5316,#5318,.T.);
#5316 = VERTEX_POINT('',#5317);
#5317 = CARTESIAN_POINT('',(11.4,-49.6,2.));
#5318 = SURFACE_CURVE('',#5319,(#5323,#5330),.PCURVE_S1.);
#5319 = LINE('',#5320,#5321);
#5320 = CARTESIAN_POINT('',(11.4,-49.6,-1.));
#5321 = VECTOR('',#5322,1.);
#5322 = DIRECTION('',(0.,0.,1.));
#5323 = PCURVE('',#4161,#5324);
#5324 = DEFINITIONAL_REPRESENTATION('',(#5325),#5329);
#5325 = LINE('',#5326,#5327);
#5326 = CARTESIAN_POINT('',(0.,-9.));
#5327 = VECTOR('',#5328,1.);
#5328 = DIRECTION('',(1.,0.));
#5329 = ( GEOMETRIC_REPRESENTATION_CONTEXT(2) 
PARAMETRIC_REPRESENTATION_CONTEXT() REPRESENTATION_CONTEXT('2D SPACE',''
  ) );
#5330 = PCURVE('',#4189,#5331);
#5331 = DEFINITIONAL_REPRESENTATION('',(#5332),#5336);
#5332 = LINE('',#5333,#5334);
#5333 = CARTESIAN_POINT('',(0.,0.));
#5334 = VECTOR('',#5335,1.);
#5335 = DIRECTION('',(1.,0.));
#5336 = ( GEOMETRIC_REPRESENTATION_CONTEXT(2) 
PARAMETRIC_REPRESENTATION_CONTEXT() REPRESENTATION_CONTEXT('2D SPACE',''
  ) );
#5337 = ORIENTED_EDGE('',*,*,#5338,.F.);
#5338 = EDGE_CURVE('',#5218,#5316,#5339,.T.);
#5339 = SURFACE_CURVE('',#5340,(#5344,#5351),.PCURVE_S1.);
#5340 = LINE('',#5341,#5342);
#5341 = CARTESIAN_POINT('',(11.4,-70.8,2.));
#5342 = VECTOR('',#5343,1.);
#5343 = DIRECTION('',(0.,1.,0.));
#5344 = PCURVE('',#4161,#5345);
#5345 = DEFINITIONAL_REPRESENTATION('',(#5346),#5350);
#5346 = LINE('',#5347,#5348);
#5347 = CARTESIAN_POINT('',(3.,12.2));
#5348 = VECTOR('',#5349,1.);
#5349 = DIRECTION('',(0.,-1.));
#5350 = ( GEOMETRIC_REPRESENTATION_CONTEXT(2) 
PARAMETRIC_REPRESENTATION_CONTEXT() REPRESENTATION_CONTEXT('2D SPACE',''
  ) );
#5351 = PCURVE('',#4639,#5352);
#5352 = DEFINITIONAL_REPRESENTATION('',(#5353),#5357);
#5353 = LINE('',#5354,#5355);
#5354 = CARTESIAN_POINT('',(9.4,12.2));
#5355 = VECTOR('',#5356,1.);
#5356 = DIRECTION('',(0.,1.));
#5357 = ( GEOMETRIC_REPRESENTATION_CONTEXT(2) 
PARAMETRIC_REPRESENTATION_CONTEXT() REPRESENTATION_CONTEXT('2D SPACE',''
  ) );
#5358 = ADVANCED_FACE('',(#5359),#4189,.F.);
#5359 = FACE_BOUND('',#5360,.F.);
#5360 = EDGE_LOOP('',(#5361,#5362,#5363,#5364));
#5361 = ORIENTED_EDGE('',*,*,#5266,.F.);
#5362 = ORIENTED_EDGE('',*,*,#4173,.T.);
#5363 = ORIENTED_EDGE('',*,*,#5315,.T.);
#5364 = ORIENTED_EDGE('',*,*,#5365,.F.);
#5365 = EDGE_CURVE('',#5267,#5316,#5366,.T.);
#5366 = SURFACE_CURVE('',#5367,(#5371,#5378),.PCURVE_S1.);
#5367 = LINE('',#5368,#5369);
#5368 = CARTESIAN_POINT('',(6.7,-49.6,2.));
#5369 = VECTOR('',#5370,1.);
#5370 = DIRECTION('',(-1.,0.,0.));
#5371 = PCURVE('',#4189,#5372);
#5372 = DEFINITIONAL_REPRESENTATION('',(#5373),#5377);
#5373 = LINE('',#5374,#5375);
#5374 = CARTESIAN_POINT('',(3.,-4.7));
#5375 = VECTOR('',#5376,1.);
#5376 = DIRECTION('',(0.,-1.));
#5377 = ( GEOMETRIC_REPRESENTATION_CONTEXT(2) 
PARAMETRIC_REPRESENTATION_CONTEXT() REPRESENTATION_CONTEXT('2D SPACE',''
  ) );
#5378 = PCURVE('',#4639,#5379);
#5379 = DEFINITIONAL_REPRESENTATION('',(#5380),#5384);
#5380 = LINE('',#5381,#5382);
#5381 = CARTESIAN_POINT('',(4.7,33.4));
#5382 = VECTOR('',#5383,1.);
#5383 = DIRECTION('',(-1.,0.));
#5384 = ( GEOMETRIC_REPRESENTATION_CONTEXT(2) 
PARAMETRIC_REPRESENTATION_CONTEXT() REPRESENTATION_CONTEXT('2D SPACE',''
  ) );
#5385 = ADVANCED_FACE('',(#5386),#4247,.T.);
#5386 = FACE_BOUND('',#5387,.T.);
#5387 = EDGE_LOOP('',(#5388,#5411,#5412,#5435));
#5388 = ORIENTED_EDGE('',*,*,#5389,.F.);
#5389 = EDGE_CURVE('',#4230,#5390,#5392,.T.);
#5390 = VERTEX_POINT('',#5391);
#5391 = CARTESIAN_POINT('',(15.4,-43.6,2.));
#5392 = SURFACE_CURVE('',#5393,(#5397,#5404),.PCURVE_S1.);
#5393 = LINE('',#5394,#5395);
#5394 = CARTESIAN_POINT('',(15.4,-43.6,-1.));
#5395 = VECTOR('',#5396,1.);
#5396 = DIRECTION('',(0.,0.,1.));
#5397 = PCURVE('',#4247,#5398);
#5398 = DEFINITIONAL_REPRESENTATION('',(#5399),#5403);
#5399 = LINE('',#5400,#5401);
#5400 = CARTESIAN_POINT('',(0.,4.));
#5401 = VECTOR('',#5402,1.);
#5402 = DIRECTION('',(1.,0.));
#5403 = ( GEOMETRIC_REPRESENTATION_CONTEXT(2) 
PARAMETRIC_REPRESENTATION_CONTEXT() REPRESENTATION_CONTEXT('2D SPACE',''
  ) );
#5404 = PCURVE('',#4329,#5405);
#5405 = DEFINITIONAL_REPRESENTATION('',(#5406),#5410);
#5406 = LINE('',#5407,#5408);
#5407 = CARTESIAN_POINT('',(0.,0.));
#5408 = VECTOR('',#5409,1.);
#5409 = DIRECTION('',(1.,0.));
#5410 = ( GEOMETRIC_REPRESENTATION_CONTEXT(2) 
PARAMETRIC_REPRESENTATION_CONTEXT() REPRESENTATION_CONTEXT('2D SPACE',''
  ) );
#5411 = ORIENTED_EDGE('',*,*,#4229,.T.);
#5412 = ORIENTED_EDGE('',*,*,#5413,.T.);
#5413 = EDGE_CURVE('',#4232,#5414,#5416,.T.);
#5414 = VERTEX_POINT('',#5415);
#5415 = CARTESIAN_POINT('',(11.4,-43.6,2.));
#5416 = SURFACE_CURVE('',#5417,(#5421,#5428),.PCURVE_S1.);
#5417 = LINE('',#5418,#5419);
#5418 = CARTESIAN_POINT('',(11.4,-43.6,-1.));
#5419 = VECTOR('',#5420,1.);
#5420 = DIRECTION('',(0.,0.,1.));
#5421 = PCURVE('',#4247,#5422);
#5422 = DEFINITIONAL_REPRESENTATION('',(#5423),#5427);
#5423 = LINE('',#5424,#5425);
#5424 = CARTESIAN_POINT('',(0.,0.));
#5425 = VECTOR('',#5426,1.);
#5426 = DIRECTION('',(1.,0.));
#5427 = ( GEOMETRIC_REPRESENTATION_CONTEXT(2) 
PARAMETRIC_REPRESENTATION_CONTEXT() REPRESENTATION_CONTEXT('2D SPACE',''
  ) );
#5428 = PCURVE('',#4275,#5429);
#5429 = DEFINITIONAL_REPRESENTATION('',(#5430),#5434);
#5430 = LINE('',#5431,#5432);
#5431 = CARTESIAN_POINT('',(0.,0.));
#5432 = VECTOR('',#5433,1.);
#5433 = DIRECTION('',(1.,0.));
#5434 = ( GEOMETRIC_REPRESENTATION_CONTEXT(2) 
PARAMETRIC_REPRESENTATION_CONTEXT() REPRESENTATION_CONTEXT('2D SPACE',''
  ) );
#5435 = ORIENTED_EDGE('',*,*,#5436,.F.);
#5436 = EDGE_CURVE('',#5390,#5414,#5437,.T.);
#5437 = SURFACE_CURVE('',#5438,(#5442,#5449),.PCURVE_S1.);
#5438 = LINE('',#5439,#5440);
#5439 = CARTESIAN_POINT('',(6.7,-43.6,2.));
#5440 = VECTOR('',#5441,1.);
#5441 = DIRECTION('',(-1.,0.,0.));
#5442 = PCURVE('',#4247,#5443);
#5443 = DEFINITIONAL_REPRESENTATION('',(#5444),#5448);
#5444 = LINE('',#5445,#5446);
#5445 = CARTESIAN_POINT('',(3.,-4.7));
#5446 = VECTOR('',#5447,1.);
#5447 = DIRECTION('',(0.,-1.));
#5448 = ( GEOMETRIC_REPRESENTATION_CONTEXT(2) 
PARAMETRIC_REPRESENTATION_CONTEXT() REPRESENTATION_CONTEXT('2D SPACE',''
  ) );
#5449 = PCURVE('',#4639,#5450);
#5450 = DEFINITIONAL_REPRESENTATION('',(#5451),#5455);
#5451 = LINE('',#5452,#5453);
#5452 = CARTESIAN_POINT('',(4.7,39.4));
#5453 = VECTOR('',#5454,1.);
#5454 = DIRECTION('',(-1.,0.));
#5455 = ( GEOMETRIC_REPRESENTATION_CONTEXT(2) 
PARAMETRIC_REPRESENTATION_CONTEXT() REPRESENTATION_CONTEXT('2D SPACE',''
  ) );
#5456 = ADVANCED_FACE('',(#5457),#4329,.F.);
#5457 = FACE_BOUND('',#5458,.F.);
#5458 = EDGE_LOOP('',(#5459,#5460,#5461,#5484));
#5459 = ORIENTED_EDGE('',*,*,#5389,.F.);
#5460 = ORIENTED_EDGE('',*,*,#4315,.T.);
#5461 = ORIENTED_EDGE('',*,*,#5462,.T.);
#5462 = EDGE_CURVE('',#4288,#5463,#5465,.T.);
#5463 = VERTEX_POINT('',#5464);
#5464 = CARTESIAN_POINT('',(15.4,-34.6,2.));
#5465 = SURFACE_CURVE('',#5466,(#5470,#5477),.PCURVE_S1.);
#5466 = LINE('',#5467,#5468);
#5467 = CARTESIAN_POINT('',(15.4,-34.6,-1.));
#5468 = VECTOR('',#5469,1.);
#5469 = DIRECTION('',(0.,0.,1.));
#5470 = PCURVE('',#4329,#5471);
#5471 = DEFINITIONAL_REPRESENTATION('',(#5472),#5476);
#5472 = LINE('',#5473,#5474);
#5473 = CARTESIAN_POINT('',(0.,-9.));
#5474 = VECTOR('',#5475,1.);
#5475 = DIRECTION('',(1.,0.));
#5476 = ( GEOMETRIC_REPRESENTATION_CONTEXT(2) 
PARAMETRIC_REPRESENTATION_CONTEXT() REPRESENTATION_CONTEXT('2D SPACE',''
  ) );
#5477 = PCURVE('',#4303,#5478);
#5478 = DEFINITIONAL_REPRESENTATION('',(#5479),#5483);
#5479 = LINE('',#5480,#5481);
#5480 = CARTESIAN_POINT('',(0.,4.));
#5481 = VECTOR('',#5482,1.);
#5482 = DIRECTION('',(1.,0.));
#5483 = ( GEOMETRIC_REPRESENTATION_CONTEXT(2) 
PARAMETRIC_REPRESENTATION_CONTEXT() REPRESENTATION_CONTEXT('2D SPACE',''
  ) );
#5484 = ORIENTED_EDGE('',*,*,#5485,.F.);
#5485 = EDGE_CURVE('',#5390,#5463,#5486,.T.);
#5486 = SURFACE_CURVE('',#5487,(#5491,#5498),.PCURVE_S1.);
#5487 = LINE('',#5488,#5489);
#5488 = CARTESIAN_POINT('',(15.4,-63.3,2.));
#5489 = VECTOR('',#5490,1.);
#5490 = DIRECTION('',(0.,1.,0.));
#5491 = PCURVE('',#4329,#5492);
#5492 = DEFINITIONAL_REPRESENTATION('',(#5493),#5497);
#5493 = LINE('',#5494,#5495);
#5494 = CARTESIAN_POINT('',(3.,19.7));
#5495 = VECTOR('',#5496,1.);
#5496 = DIRECTION('',(0.,-1.));
#5497 = ( GEOMETRIC_REPRESENTATION_CONTEXT(2) 
PARAMETRIC_REPRESENTATION_CONTEXT() REPRESENTATION_CONTEXT('2D SPACE',''
  ) );
#5498 = PCURVE('',#4639,#5499);
#5499 = DEFINITIONAL_REPRESENTATION('',(#5500),#5504);
#5500 = LINE('',#5501,#5502);
#5501 = CARTESIAN_POINT('',(13.4,19.7));
#5502 = VECTOR('',#5503,1.);
#5503 = DIRECTION('',(0.,1.));
#5504 = ( GEOMETRIC_REPRESENTATION_CONTEXT(2) 
PARAMETRIC_REPRESENTATION_CONTEXT() REPRESENTATION_CONTEXT('2D SPACE',''
  ) );
#5505 = ADVANCED_FACE('',(#5506),#4275,.T.);
#5506 = FACE_BOUND('',#5507,.T.);
#5507 = EDGE_LOOP('',(#5508,#5509,#5510,#5533));
#5508 = ORIENTED_EDGE('',*,*,#5413,.F.);
#5509 = ORIENTED_EDGE('',*,*,#4259,.T.);
#5510 = ORIENTED_EDGE('',*,*,#5511,.T.);
#5511 = EDGE_CURVE('',#4260,#5512,#5514,.T.);
#5512 = VERTEX_POINT('',#5513);
#5513 = CARTESIAN_POINT('',(11.4,-34.6,2.));
#5514 = SURFACE_CURVE('',#5515,(#5519,#5526),.PCURVE_S1.);
#5515 = LINE('',#5516,#5517);
#5516 = CARTESIAN_POINT('',(11.4,-34.6,-1.));
#5517 = VECTOR('',#5518,1.);
#5518 = DIRECTION('',(0.,0.,1.));
#5519 = PCURVE('',#4275,#5520);
#5520 = DEFINITIONAL_REPRESENTATION('',(#5521),#5525);
#5521 = LINE('',#5522,#5523);
#5522 = CARTESIAN_POINT('',(0.,-9.));
#5523 = VECTOR('',#5524,1.);
#5524 = DIRECTION('',(1.,0.));
#5525 = ( GEOMETRIC_REPRESENTATION_CONTEXT(2) 
PARAMETRIC_REPRESENTATION_CONTEXT() REPRESENTATION_CONTEXT('2D SPACE',''
  ) );
#5526 = PCURVE('',#4303,#5527);
#5527 = DEFINITIONAL_REPRESENTATION('',(#5528),#5532);
#5528 = LINE('',#5529,#5530);
#5529 = CARTESIAN_POINT('',(0.,0.));
#5530 = VECTOR('',#5531,1.);
#5531 = DIRECTION('',(1.,0.));
#5532 = ( GEOMETRIC_REPRESENTATION_CONTEXT(2) 
PARAMETRIC_REPRESENTATION_CONTEXT() REPRESENTATION_CONTEXT('2D SPACE',''
  ) );
#5533 = ORIENTED_EDGE('',*,*,#5534,.F.);
#5534 = EDGE_CURVE('',#5414,#5512,#5535,.T.);
#5535 = SURFACE_CURVE('',#5536,(#5540,#5547),.PCURVE_S1.);
#5536 = LINE('',#5537,#5538);
#5537 = CARTESIAN_POINT('',(11.4,-63.3,2.));
#5538 = VECTOR('',#5539,1.);
#5539 = DIRECTION('',(0.,1.,0.));
#5540 = PCURVE('',#4275,#5541);
#5541 = DEFINITIONAL_REPRESENTATION('',(#5542),#5546);
#5542 = LINE('',#5543,#5544);
#5543 = CARTESIAN_POINT('',(3.,19.7));
#5544 = VECTOR('',#5545,1.);
#5545 = DIRECTION('',(0.,-1.));
#5546 = ( GEOMETRIC_REPRESENTATION_CONTEXT(2) 
PARAMETRIC_REPRESENTATION_CONTEXT() REPRESENTATION_CONTEXT('2D SPACE',''
  ) );
#5547 = PCURVE('',#4639,#5548);
#5548 = DEFINITIONAL_REPRESENTATION('',(#5549),#5553);
#5549 = LINE('',#5550,#5551);
#5550 = CARTESIAN_POINT('',(9.4,19.7));
#5551 = VECTOR('',#5552,1.);
#5552 = DIRECTION('',(0.,1.));
#5553 = ( GEOMETRIC_REPRESENTATION_CONTEXT(2) 
PARAMETRIC_REPRESENTATION_CONTEXT() REPRESENTATION_CONTEXT('2D SPACE',''
  ) );
#5554 = ADVANCED_FACE('',(#5555),#4303,.F.);
#5555 = FACE_BOUND('',#5556,.F.);
#5556 = EDGE_LOOP('',(#5557,#5558,#5559,#5560));
#5557 = ORIENTED_EDGE('',*,*,#5462,.F.);
#5558 = ORIENTED_EDGE('',*,*,#4287,.T.);
#5559 = ORIENTED_EDGE('',*,*,#5511,.T.);
#5560 = ORIENTED_EDGE('',*,*,#5561,.F.);
#5561 = EDGE_CURVE('',#5463,#5512,#5562,.T.);
#5562 = SURFACE_CURVE('',#5563,(#5567,#5574),.PCURVE_S1.);
#5563 = LINE('',#5564,#5565);
#5564 = CARTESIAN_POINT('',(6.7,-34.6,2.));
#5565 = VECTOR('',#5566,1.);
#5566 = DIRECTION('',(-1.,0.,0.));
#5567 = PCURVE('',#4303,#5568);
#5568 = DEFINITIONAL_REPRESENTATION('',(#5569),#5573);
#5569 = LINE('',#5570,#5571);
#5570 = CARTESIAN_POINT('',(3.,-4.7));
#5571 = VECTOR('',#5572,1.);
#5572 = DIRECTION('',(0.,-1.));
#5573 = ( GEOMETRIC_REPRESENTATION_CONTEXT(2) 
PARAMETRIC_REPRESENTATION_CONTEXT() REPRESENTATION_CONTEXT('2D SPACE',''
  ) );
#5574 = PCURVE('',#4639,#5575);
#5575 = DEFINITIONAL_REPRESENTATION('',(#5576),#5580);
#5576 = LINE('',#5577,#5578);
#5577 = CARTESIAN_POINT('',(4.7,48.4));
#5578 = VECTOR('',#5579,1.);
#5579 = DIRECTION('',(-1.,0.));
#5580 = ( GEOMETRIC_REPRESENTATION_CONTEXT(2) 
PARAMETRIC_REPRESENTATION_CONTEXT() REPRESENTATION_CONTEXT('2D SPACE',''
  ) );
#5581 = ADVANCED_FACE('',(#5582),#4361,.T.);
#5582 = FACE_BOUND('',#5583,.T.);
#5583 = EDGE_LOOP('',(#5584,#5607,#5608,#5631));
#5584 = ORIENTED_EDGE('',*,*,#5585,.F.);
#5585 = EDGE_CURVE('',#4344,#5586,#5588,.T.);
#5586 = VERTEX_POINT('',#5587);
#5587 = CARTESIAN_POINT('',(73.4,-43.6,2.));
#5588 = SURFACE_CURVE('',#5589,(#5593,#5600),.PCURVE_S1.);
#5589 = LINE('',#5590,#5591);
#5590 = CARTESIAN_POINT('',(73.4,-43.6,-1.));
#5591 = VECTOR('',#5592,1.);
#5592 = DIRECTION('',(0.,0.,1.));
#5593 = PCURVE('',#4361,#5594);
#5594 = DEFINITIONAL_REPRESENTATION('',(#5595),#5599);
#5595 = LINE('',#5596,#5597);
#5596 = CARTESIAN_POINT('',(0.,4.));
#5597 = VECTOR('',#5598,1.);
#5598 = DIRECTION('',(1.,0.));
#5599 = ( GEOMETRIC_REPRESENTATION_CONTEXT(2) 
PARAMETRIC_REPRESENTATION_CONTEXT() REPRESENTATION_CONTEXT('2D SPACE',''
  ) );
#5600 = PCURVE('',#4443,#5601);
#5601 = DEFINITIONAL_REPRESENTATION('',(#5602),#5606);
#5602 = LINE('',#5603,#5604);
#5603 = CARTESIAN_POINT('',(0.,0.));
#5604 = VECTOR('',#5605,1.);
#5605 = DIRECTION('',(1.,0.));
#5606 = ( GEOMETRIC_REPRESENTATION_CONTEXT(2) 
PARAMETRIC_REPRESENTATION_CONTEXT() REPRESENTATION_CONTEXT('2D SPACE',''
  ) );
#5607 = ORIENTED_EDGE('',*,*,#4343,.T.);
#5608 = ORIENTED_EDGE('',*,*,#5609,.T.);
#5609 = EDGE_CURVE('',#4346,#5610,#5612,.T.);
#5610 = VERTEX_POINT('',#5611);
#5611 = CARTESIAN_POINT('',(69.4,-43.6,2.));
#5612 = SURFACE_CURVE('',#5613,(#5617,#5624),.PCURVE_S1.);
#5613 = LINE('',#5614,#5615);
#5614 = CARTESIAN_POINT('',(69.4,-43.6,-1.));
#5615 = VECTOR('',#5616,1.);
#5616 = DIRECTION('',(0.,0.,1.));
#5617 = PCURVE('',#4361,#5618);
#5618 = DEFINITIONAL_REPRESENTATION('',(#5619),#5623);
#5619 = LINE('',#5620,#5621);
#5620 = CARTESIAN_POINT('',(0.,0.));
#5621 = VECTOR('',#5622,1.);
#5622 = DIRECTION('',(1.,0.));
#5623 = ( GEOMETRIC_REPRESENTATION_CONTEXT(2) 
PARAMETRIC_REPRESENTATION_CONTEXT() REPRESENTATION_CONTEXT('2D SPACE',''
  ) );
#5624 = PCURVE('',#4389,#5625);
#5625 = DEFINITIONAL_REPRESENTATION('',(#5626),#5630);
#5626 = LINE('',#5627,#5628);
#5627 = CARTESIAN_POINT('',(0.,0.));
#5628 = VECTOR('',#5629,1.);
#5629 = DIRECTION('',(1.,0.));
#5630 = ( GEOMETRIC_REPRESENTATION_CONTEXT(2) 
PARAMETRIC_REPRESENTATION_CONTEXT() REPRESENTATION_CONTEXT('2D SPACE',''
  ) );
#5631 = ORIENTED_EDGE('',*,*,#5632,.F.);
#5632 = EDGE_CURVE('',#5586,#5610,#5633,.T.);
#5633 = SURFACE_CURVE('',#5634,(#5638,#5645),.PCURVE_S1.);
#5634 = LINE('',#5635,#5636);
#5635 = CARTESIAN_POINT('',(35.7,-43.6,2.));
#5636 = VECTOR('',#5637,1.);
#5637 = DIRECTION('',(-1.,0.,0.));
#5638 = PCURVE('',#4361,#5639);
#5639 = DEFINITIONAL_REPRESENTATION('',(#5640),#5644);
#5640 = LINE('',#5641,#5642);
#5641 = CARTESIAN_POINT('',(3.,-33.7));
#5642 = VECTOR('',#5643,1.);
#5643 = DIRECTION('',(0.,-1.));
#5644 = ( GEOMETRIC_REPRESENTATION_CONTEXT(2) 
PARAMETRIC_REPRESENTATION_CONTEXT() REPRESENTATION_CONTEXT('2D SPACE',''
  ) );
#5645 = PCURVE('',#4639,#5646);
#5646 = DEFINITIONAL_REPRESENTATION('',(#5647),#5651);
#5647 = LINE('',#5648,#5649);
#5648 = CARTESIAN_POINT('',(33.7,39.4));
#5649 = VECTOR('',#5650,1.);
#5650 = DIRECTION('',(-1.,0.));
#5651 = ( GEOMETRIC_REPRESENTATION_CONTEXT(2) 
PARAMETRIC_REPRESENTATION_CONTEXT() REPRESENTATION_CONTEXT('2D SPACE',''
  ) );
#5652 = ADVANCED_FACE('',(#5653),#4443,.F.);
#5653 = FACE_BOUND('',#5654,.F.);
#5654 = EDGE_LOOP('',(#5655,#5656,#5657,#5680));
#5655 = ORIENTED_EDGE('',*,*,#5585,.F.);
#5656 = ORIENTED_EDGE('',*,*,#4429,.T.);
#5657 = ORIENTED_EDGE('',*,*,#5658,.T.);
#5658 = EDGE_CURVE('',#4402,#5659,#5661,.T.);
#5659 = VERTEX_POINT('',#5660);
#5660 = CARTESIAN_POINT('',(73.4,-34.6,2.));
#5661 = SURFACE_CURVE('',#5662,(#5666,#5673),.PCURVE_S1.);
#5662 = LINE('',#5663,#5664);
#5663 = CARTESIAN_POINT('',(73.4,-34.6,-1.));
#5664 = VECTOR('',#5665,1.);
#5665 = DIRECTION('',(0.,0.,1.));
#5666 = PCURVE('',#4443,#5667);
#5667 = DEFINITIONAL_REPRESENTATION('',(#5668),#5672);
#5668 = LINE('',#5669,#5670);
#5669 = CARTESIAN_POINT('',(0.,-9.));
#5670 = VECTOR('',#5671,1.);
#5671 = DIRECTION('',(1.,0.));
#5672 = ( GEOMETRIC_REPRESENTATION_CONTEXT(2) 
PARAMETRIC_REPRESENTATION_CONTEXT() REPRESENTATION_CONTEXT('2D SPACE',''
  ) );
#5673 = PCURVE('',#4417,#5674);
#5674 = DEFINITIONAL_REPRESENTATION('',(#5675),#5679);
#5675 = LINE('',#5676,#5677);
#5676 = CARTESIAN_POINT('',(0.,4.));
#5677 = VECTOR('',#5678,1.);
#5678 = DIRECTION('',(1.,0.));
#5679 = ( GEOMETRIC_REPRESENTATION_CONTEXT(2) 
PARAMETRIC_REPRESENTATION_CONTEXT() REPRESENTATION_CONTEXT('2D SPACE',''
  ) );
#5680 = ORIENTED_EDGE('',*,*,#5681,.F.);
#5681 = EDGE_CURVE('',#5586,#5659,#5682,.T.);
#5682 = SURFACE_CURVE('',#5683,(#5687,#5694),.PCURVE_S1.);
#5683 = LINE('',#5684,#5685);
#5684 = CARTESIAN_POINT('',(73.4,-63.3,2.));
#5685 = VECTOR('',#5686,1.);
#5686 = DIRECTION('',(0.,1.,0.));
#5687 = PCURVE('',#4443,#5688);
#5688 = DEFINITIONAL_REPRESENTATION('',(#5689),#5693);
#5689 = LINE('',#5690,#5691);
#5690 = CARTESIAN_POINT('',(3.,19.7));
#5691 = VECTOR('',#5692,1.);
#5692 = DIRECTION('',(0.,-1.));
#5693 = ( GEOMETRIC_REPRESENTATION_CONTEXT(2) 
PARAMETRIC_REPRESENTATION_CONTEXT() REPRESENTATION_CONTEXT('2D SPACE',''
  ) );
#5694 = PCURVE('',#4639,#5695);
#5695 = DEFINITIONAL_REPRESENTATION('',(#5696),#5700);
#5696 = LINE('',#5697,#5698);
#5697 = CARTESIAN_POINT('',(71.4,19.7));
#5698 = VECTOR('',#5699,1.);
#5699 = DIRECTION('',(0.,1.));
#5700 = ( GEOMETRIC_REPRESENTATION_CONTEXT(2) 
PARAMETRIC_REPRESENTATION_CONTEXT() REPRESENTATION_CONTEXT('2D SPACE',''
  ) );
#5701 = ADVANCED_FACE('',(#5702),#4389,.T.);
#5702 = FACE_BOUND('',#5703,.T.);
#5703 = EDGE_LOOP('',(#5704,#5705,#5706,#5729));
#5704 = ORIENTED_EDGE('',*,*,#5609,.F.);
#5705 = ORIENTED_EDGE('',*,*,#4373,.T.);
#5706 = ORIENTED_EDGE('',*,*,#5707,.T.);
#5707 = EDGE_CURVE('',#4374,#5708,#5710,.T.);
#5708 = VERTEX_POINT('',#5709);
#5709 = CARTESIAN_POINT('',(69.4,-34.6,2.));
#5710 = SURFACE_CURVE('',#5711,(#5715,#5722),.PCURVE_S1.);
#5711 = LINE('',#5712,#5713);
#5712 = CARTESIAN_POINT('',(69.4,-34.6,-1.));
#5713 = VECTOR('',#5714,1.);
#5714 = DIRECTION('',(0.,0.,1.));
#5715 = PCURVE('',#4389,#5716);
#5716 = DEFINITIONAL_REPRESENTATION('',(#5717),#5721);
#5717 = LINE('',#5718,#5719);
#5718 = CARTESIAN_POINT('',(0.,-9.));
#5719 = VECTOR('',#5720,1.);
#5720 = DIRECTION('',(1.,0.));
#5721 = ( GEOMETRIC_REPRESENTATION_CONTEXT(2) 
PARAMETRIC_REPRESENTATION_CONTEXT() REPRESENTATION_CONTEXT('2D SPACE',''
  ) );
#5722 = PCURVE('',#4417,#5723);
#5723 = DEFINITIONAL_REPRESENTATION('',(#5724),#5728);
#5724 = LINE('',#5725,#5726);
#5725 = CARTESIAN_POINT('',(0.,0.));
#5726 = VECTOR('',#5727,1.);
#5727 = DIRECTION('',(1.,0.));
#5728 = ( GEOMETRIC_REPRESENTATION_CONTEXT(2) 
PARAMETRIC_REPRESENTATION_CONTEXT() REPRESENTATION_CONTEXT('2D SPACE',''
  ) );
#5729 = ORIENTED_EDGE('',*,*,#5730,.F.);
#5730 = EDGE_CURVE('',#5610,#5708,#5731,.T.);
#5731 = SURFACE_CURVE('',#5732,(#5736,#5743),.PCURVE_S1.);
#5732 = LINE('',#5733,#5734);
#5733 = CARTESIAN_POINT('',(69.4,-63.3,2.));
#5734 = VECTOR('',#5735,1.);
#5735 = DIRECTION('',(0.,1.,0.));
#5736 = PCURVE('',#4389,#5737);
#5737 = DEFINITIONAL_REPRESENTATION('',(#5738),#5742);
#5738 = LINE('',#5739,#5740);
#5739 = CARTESIAN_POINT('',(3.,19.7));
#5740 = VECTOR('',#5741,1.);
#5741 = DIRECTION('',(0.,-1.));
#5742 = ( GEOMETRIC_REPRESENTATION_CONTEXT(2) 
PARAMETRIC_REPRESENTATION_CONTEXT() REPRESENTATION_CONTEXT('2D SPACE',''
  ) );
#5743 = PCURVE('',#4639,#5744);
#5744 = DEFINITIONAL_REPRESENTATION('',(#5745),#5749);
#5745 = LINE('',#5746,#5747);
#5746 = CARTESIAN_POINT('',(67.4,19.7));
#5747 = VECTOR('',#5748,1.);
#5748 = DIRECTION('',(0.,1.));
#5749 = ( GEOMETRIC_REPRESENTATION_CONTEXT(2) 
PARAMETRIC_REPRESENTATION_CONTEXT() REPRESENTATION_CONTEXT('2D SPACE',''
  ) );
#5750 = ADVANCED_FACE('',(#5751),#4417,.F.);
#5751 = FACE_BOUND('',#5752,.F.);
#5752 = EDGE_LOOP('',(#5753,#5754,#5755,#5756));
#5753 = ORIENTED_EDGE('',*,*,#5658,.F.);
#5754 = ORIENTED_EDGE('',*,*,#4401,.T.);
#5755 = ORIENTED_EDGE('',*,*,#5707,.T.);
#5756 = ORIENTED_EDGE('',*,*,#5757,.F.);
#5757 = EDGE_CURVE('',#5659,#5708,#5758,.T.);
#5758 = SURFACE_CURVE('',#5759,(#5763,#5770),.PCURVE_S1.);
#5759 = LINE('',#5760,#5761);
#5760 = CARTESIAN_POINT('',(35.7,-34.6,2.));
#5761 = VECTOR('',#5762,1.);
#5762 = DIRECTION('',(-1.,0.,0.));
#5763 = PCURVE('',#4417,#5764);
#5764 = DEFINITIONAL_REPRESENTATION('',(#5765),#5769);
#5765 = LINE('',#5766,#5767);
#5766 = CARTESIAN_POINT('',(3.,-33.7));
#5767 = VECTOR('',#5768,1.);
#5768 = DIRECTION('',(0.,-1.));
#5769 = ( GEOMETRIC_REPRESENTATION_CONTEXT(2) 
PARAMETRIC_REPRESENTATION_CONTEXT() REPRESENTATION_CONTEXT('2D SPACE',''
  ) );
#5770 = PCURVE('',#4639,#5771);
#5771 = DEFINITIONAL_REPRESENTATION('',(#5772),#5776);
#5772 = LINE('',#5773,#5774);
#5773 = CARTESIAN_POINT('',(33.7,48.4));
#5774 = VECTOR('',#5775,1.);
#5775 = DIRECTION('',(-1.,0.));
#5776 = ( GEOMETRIC_REPRESENTATION_CONTEXT(2) 
PARAMETRIC_REPRESENTATION_CONTEXT() REPRESENTATION_CONTEXT('2D SPACE',''
  ) );
#5777 = ADVANCED_FACE('',(#5778,#5784,#5790,#5796,#5802,#5808),#4639,.T.
  );
#5778 = FACE_BOUND('',#5779,.T.);
#5779 = EDGE_LOOP('',(#5780,#5781,#5782,#5783));
#5780 = ORIENTED_EDGE('',*,*,#4677,.F.);
#5781 = ORIENTED_EDGE('',*,*,#4623,.T.);
#5782 = ORIENTED_EDGE('',*,*,#4775,.T.);
#5783 = ORIENTED_EDGE('',*,*,#4748,.F.);
#5784 = FACE_BOUND('',#5785,.T.);
#5785 = EDGE_LOOP('',(#5786,#5787,#5788,#5789));
#5786 = ORIENTED_EDGE('',*,*,#4848,.T.);
#5787 = ORIENTED_EDGE('',*,*,#4946,.T.);
#5788 = ORIENTED_EDGE('',*,*,#4973,.F.);
#5789 = ORIENTED_EDGE('',*,*,#4897,.F.);
#5790 = FACE_BOUND('',#5791,.T.);
#5791 = EDGE_LOOP('',(#5792,#5793,#5794,#5795));
#5792 = ORIENTED_EDGE('',*,*,#5044,.T.);
#5793 = ORIENTED_EDGE('',*,*,#5169,.T.);
#5794 = ORIENTED_EDGE('',*,*,#5142,.F.);
#5795 = ORIENTED_EDGE('',*,*,#5093,.F.);
#5796 = FACE_BOUND('',#5797,.T.);
#5797 = EDGE_LOOP('',(#5798,#5799,#5800,#5801));
#5798 = ORIENTED_EDGE('',*,*,#5240,.T.);
#5799 = ORIENTED_EDGE('',*,*,#5338,.T.);
#5800 = ORIENTED_EDGE('',*,*,#5365,.F.);
#5801 = ORIENTED_EDGE('',*,*,#5289,.F.);
#5802 = FACE_BOUND('',#5803,.T.);
#5803 = EDGE_LOOP('',(#5804,#5805,#5806,#5807));
#5804 = ORIENTED_EDGE('',*,*,#5436,.T.);
#5805 = ORIENTED_EDGE('',*,*,#5534,.T.);
#5806 = ORIENTED_EDGE('',*,*,#5561,.F.);
#5807 = ORIENTED_EDGE('',*,*,#5485,.F.);
#5808 = FACE_BOUND('',#5809,.T.);
#5809 = EDGE_LOOP('',(#5810,#5811,#5812,#5813));
#5810 = ORIENTED_EDGE('',*,*,#5632,.T.);
#5811 = ORIENTED_EDGE('',*,*,#5730,.T.);
#5812 = ORIENTED_EDGE('',*,*,#5757,.F.);
#5813 = ORIENTED_EDGE('',*,*,#5681,.F.);
#5814 = ( GEOMETRIC_REPRESENTATION_CONTEXT(3) 
GLOBAL_UNCERTAINTY_ASSIGNED_CONTEXT((#5818)) 
GLOBAL_UNIT_ASSIGNED_CONTEXT((#5815,#5816,#5817)) REPRESENTATION_CONTEXT
('Context #1','3D Context with UNIT and UNCERTAINTY') );
#5815 = ( LENGTH_UNIT() NAMED_UNIT(*) SI_UNIT(.MILLI.,.METRE.) );
#5816 = ( NAMED_UNIT(*) PLANE_ANGLE_UNIT() SI_UNIT($,.RADIAN.) );
#5817 = ( NAMED_UNIT(*) SI_UNIT($,.STERADIAN.) SOLID_ANGLE_UNIT() );
#5818 = UNCERTAINTY_MEASURE_WITH_UNIT(LENGTH_MEASURE(1.E-07),#5815,
  'distance_accuracy_value','confusion accuracy');
#5819 = CONTEXT_DEPENDENT_SHAPE_REPRESENTATION(#5820,#5822);
#5820 = ( REPRESENTATION_RELATIONSHIP('','',#3245,#10) 
REPRESENTATION_RELATIONSHIP_WITH_TRANSFORMATION(#5821) 
SHAPE_REPRESENTATION_RELATIONSHIP() );
#5821 = ITEM_DEFINED_TRANSFORMATION('','',#11,#19);
#5822 = PRODUCT_DEFINITION_SHAPE('Placement','Placement of an item',
  #5823);
#5823 = NEXT_ASSEMBLY_USAGE_OCCURRENCE('4','','',#5,#3240,$);
#5824 = PRODUCT_RELATED_PRODUCT_CATEGORY('part',$,(#3242));
#5825 = SHAPE_DEFINITION_REPRESENTATION(#5826,#5832);
#5826 = PRODUCT_DEFINITION_SHAPE('','',#5827);
#5827 = PRODUCT_DEFINITION('design','',#5828,#5831);
#5828 = PRODUCT_DEFINITION_FORMATION('','',#5829);
#5829 = PRODUCT('Open CASCADE STEP translator 7.8 4.3',
  'Open CASCADE STEP translator 7.8 4.3','',(#5830));
#5830 = PRODUCT_CONTEXT('',#2,'mechanical');
#5831 = PRODUCT_DEFINITION_CONTEXT('part definition',#2,'design');
#5832 = ADVANCED_BREP_SHAPE_REPRESENTATION('',(#11,#5833),#9327);
#5833 = MANIFOLD_SOLID_BREP('',#5834);
#5834 = CLOSED_SHELL('',(#5835,#6179,#6429,#6478,#6731,#6780,#7033,#7082
    ,#7335,#7384,#7587,#7641,#7903,#7930,#7957,#7984,#8011,#8038,#8153,
    #8180,#8187,#8214,#8241,#8268,#8275,#8302,#8329,#8356,#8363,#8390,
    #8417,#8444,#8451,#8478,#8485,#8561,#8610,#8659,#8686,#8807,#8883,
    #9044,#9093,#9212,#9239,#9266,#9293,#9320));
#5835 = ADVANCED_FACE('',(#5836),#5850,.F.);
#5836 = FACE_BOUND('',#5837,.F.);
#5837 = EDGE_LOOP('',(#5838,#5873,#5901,#5929,#5957,#5985,#6013,#6041,
    #6069,#6097,#6125,#6153));
#5838 = ORIENTED_EDGE('',*,*,#5839,.F.);
#5839 = EDGE_CURVE('',#5840,#5842,#5844,.T.);
#5840 = VERTEX_POINT('',#5841);
#5841 = CARTESIAN_POINT('',(-80.,-12.,8.));
#5842 = VERTEX_POINT('',#5843);
#5843 = CARTESIAN_POINT('',(-80.,-9.,8.));
#5844 = SURFACE_CURVE('',#5845,(#5849,#5861),.PCURVE_S1.);
#5845 = LINE('',#5846,#5847);
#5846 = CARTESIAN_POINT('',(-80.,-14.,8.));
#5847 = VECTOR('',#5848,1.);
#5848 = DIRECTION('',(0.,1.,0.));
#5849 = PCURVE('',#5850,#5855);
#5850 = PLANE('',#5851);
#5851 = AXIS2_PLACEMENT_3D('',#5852,#5853,#5854);
#5852 = CARTESIAN_POINT('',(-80.,-14.,0.));
#5853 = DIRECTION('',(1.,0.,0.));
#5854 = DIRECTION('',(0.,0.,1.));
#5855 = DEFINITIONAL_REPRESENTATION('',(#5856),#5860);
#5856 = LINE('',#5857,#5858);
#5857 = CARTESIAN_POINT('',(8.,0.));
#5858 = VECTOR('',#5859,1.);
#5859 = DIRECTION('',(0.,-1.));
#5860 = ( GEOMETRIC_REPRESENTATION_CONTEXT(2) 
PARAMETRIC_REPRESENTATION_CONTEXT() REPRESENTATION_CONTEXT('2D SPACE',''
  ) );
#5861 = PCURVE('',#5862,#5867);
#5862 = PLANE('',#5863);
#5863 = AXIS2_PLACEMENT_3D('',#5864,#5865,#5866);
#5864 = CARTESIAN_POINT('',(-80.,-14.,8.));
#5865 = DIRECTION('',(0.,0.,1.));
#5866 = DIRECTION('',(1.,0.,-0.));
#5867 = DEFINITIONAL_REPRESENTATION('',(#5868),#5872);
#5868 = LINE('',#5869,#5870);
#5869 = CARTESIAN_POINT('',(0.,0.));
#5870 = VECTOR('',#5871,1.);
#5871 = DIRECTION('',(0.,1.));
#5872 = ( GEOMETRIC_REPRESENTATION_CONTEXT(2) 
PARAMETRIC_REPRESENTATION_CONTEXT() REPRESENTATION_CONTEXT('2D SPACE',''
  ) );
#5873 = ORIENTED_EDGE('',*,*,#5874,.F.);
#5874 = EDGE_CURVE('',#5875,#5840,#5877,.T.);
#5875 = VERTEX_POINT('',#5876);
#5876 = CARTESIAN_POINT('',(-80.,-12.,0.));
#5877 = SURFACE_CURVE('',#5878,(#5882,#5889),.PCURVE_S1.);
#5878 = LINE('',#5879,#5880);
#5879 = CARTESIAN_POINT('',(-80.,-12.,0.));
#5880 = VECTOR('',#5881,1.);
#5881 = DIRECTION('',(0.,0.,1.));
#5882 = PCURVE('',#5850,#5883);
#5883 = DEFINITIONAL_REPRESENTATION('',(#5884),#5888);
#5884 = LINE('',#5885,#5886);
#5885 = CARTESIAN_POINT('',(0.,-2.));
#5886 = VECTOR('',#5887,1.);
#5887 = DIRECTION('',(1.,0.));
#5888 = ( GEOMETRIC_REPRESENTATION_CONTEXT(2) 
PARAMETRIC_REPRESENTATION_CONTEXT() REPRESENTATION_CONTEXT('2D SPACE',''
  ) );
#5889 = PCURVE('',#5890,#5895);
#5890 = CYLINDRICAL_SURFACE('',#5891,2.);
#5891 = AXIS2_PLACEMENT_3D('',#5892,#5893,#5894);
#5892 = CARTESIAN_POINT('',(-78.,-12.,0.));
#5893 = DIRECTION('',(0.,0.,1.));
#5894 = DIRECTION('',(-1.,-0.,0.));
#5895 = DEFINITIONAL_REPRESENTATION('',(#5896),#5900);
#5896 = LINE('',#5897,#5898);
#5897 = CARTESIAN_POINT('',(0.,0.));
#5898 = VECTOR('',#5899,1.);
#5899 = DIRECTION('',(0.,1.));
#5900 = ( GEOMETRIC_REPRESENTATION_CONTEXT(2) 
PARAMETRIC_REPRESENTATION_CONTEXT() REPRESENTATION_CONTEXT('2D SPACE',''
  ) );
#5901 = ORIENTED_EDGE('',*,*,#5902,.T.);
#5902 = EDGE_CURVE('',#5875,#5903,#5905,.T.);
#5903 = VERTEX_POINT('',#5904);
#5904 = CARTESIAN_POINT('',(-80.,48.,0.));
#5905 = SURFACE_CURVE('',#5906,(#5910,#5917),.PCURVE_S1.);
#5906 = LINE('',#5907,#5908);
#5907 = CARTESIAN_POINT('',(-80.,-14.,0.));
#5908 = VECTOR('',#5909,1.);
#5909 = DIRECTION('',(0.,1.,0.));
#5910 = PCURVE('',#5850,#5911);
#5911 = DEFINITIONAL_REPRESENTATION('',(#5912),#5916);
#5912 = LINE('',#5913,#5914);
#5913 = CARTESIAN_POINT('',(0.,0.));
#5914 = VECTOR('',#5915,1.);
#5915 = DIRECTION('',(0.,-1.));
#5916 = ( GEOMETRIC_REPRESENTATION_CONTEXT(2) 
PARAMETRIC_REPRESENTATION_CONTEXT() REPRESENTATION_CONTEXT('2D SPACE',''
  ) );
#5917 = PCURVE('',#5918,#5923);
#5918 = PLANE('',#5919);
#5919 = AXIS2_PLACEMENT_3D('',#5920,#5921,#5922);
#5920 = CARTESIAN_POINT('',(-80.,-14.,0.));
#5921 = DIRECTION('',(0.,0.,1.));
#5922 = DIRECTION('',(1.,0.,-0.));
#5923 = DEFINITIONAL_REPRESENTATION('',(#5924),#5928);
#5924 = LINE('',#5925,#5926);
#5925 = CARTESIAN_POINT('',(0.,0.));
#5926 = VECTOR('',#5927,1.);
#5927 = DIRECTION('',(0.,1.));
#5928 = ( GEOMETRIC_REPRESENTATION_CONTEXT(2) 
PARAMETRIC_REPRESENTATION_CONTEXT() REPRESENTATION_CONTEXT('2D SPACE',''
  ) );
#5929 = ORIENTED_EDGE('',*,*,#5930,.T.);
#5930 = EDGE_CURVE('',#5903,#5931,#5933,.T.);
#5931 = VERTEX_POINT('',#5932);
#5932 = CARTESIAN_POINT('',(-80.,48.,8.));
#5933 = SURFACE_CURVE('',#5934,(#5938,#5945),.PCURVE_S1.);
#5934 = LINE('',#5935,#5936);
#5935 = CARTESIAN_POINT('',(-80.,48.,0.));
#5936 = VECTOR('',#5937,1.);
#5937 = DIRECTION('',(0.,0.,1.));
#5938 = PCURVE('',#5850,#5939);
#5939 = DEFINITIONAL_REPRESENTATION('',(#5940),#5944);
#5940 = LINE('',#5941,#5942);
#5941 = CARTESIAN_POINT('',(0.,-62.));
#5942 = VECTOR('',#5943,1.);
#5943 = DIRECTION('',(1.,0.));
#5944 = ( GEOMETRIC_REPRESENTATION_CONTEXT(2) 
PARAMETRIC_REPRESENTATION_CONTEXT() REPRESENTATION_CONTEXT('2D SPACE',''
  ) );
#5945 = PCURVE('',#5946,#5951);
#5946 = CYLINDRICAL_SURFACE('',#5947,2.);
#5947 = AXIS2_PLACEMENT_3D('',#5948,#5949,#5950);
#5948 = CARTESIAN_POINT('',(-78.,48.,0.));
#5949 = DIRECTION('',(0.,0.,1.));
#5950 = DIRECTION('',(-1.,-0.,0.));
#5951 = DEFINITIONAL_REPRESENTATION('',(#5952),#5956);
#5952 = LINE('',#5953,#5954);
#5953 = CARTESIAN_POINT('',(6.28318530718,0.));
#5954 = VECTOR('',#5955,1.);
#5955 = DIRECTION('',(-0.,1.));
#5956 = ( GEOMETRIC_REPRESENTATION_CONTEXT(2) 
PARAMETRIC_REPRESENTATION_CONTEXT() REPRESENTATION_CONTEXT('2D SPACE',''
  ) );
#5957 = ORIENTED_EDGE('',*,*,#5958,.F.);
#5958 = EDGE_CURVE('',#5959,#5931,#5961,.T.);
#5959 = VERTEX_POINT('',#5960);
#5960 = CARTESIAN_POINT('',(-80.,45.,8.));
#5961 = SURFACE_CURVE('',#5962,(#5966,#5973),.PCURVE_S1.);
#5962 = LINE('',#5963,#5964);
#5963 = CARTESIAN_POINT('',(-80.,-14.,8.));
#5964 = VECTOR('',#5965,1.);
#5965 = DIRECTION('',(0.,1.,0.));
#5966 = PCURVE('',#5850,#5967);
#5967 = DEFINITIONAL_REPRESENTATION('',(#5968),#5972);
#5968 = LINE('',#5969,#5970);
#5969 = CARTESIAN_POINT('',(8.,0.));
#5970 = VECTOR('',#5971,1.);
#5971 = DIRECTION('',(0.,-1.));
#5972 = ( GEOMETRIC_REPRESENTATION_CONTEXT(2) 
PARAMETRIC_REPRESENTATION_CONTEXT() REPRESENTATION_CONTEXT('2D SPACE',''
  ) );
#5973 = PCURVE('',#5974,#5979);
#5974 = PLANE('',#5975);
#5975 = AXIS2_PLACEMENT_3D('',#5976,#5977,#5978);
#5976 = CARTESIAN_POINT('',(-80.,-14.,8.));
#5977 = DIRECTION('',(0.,0.,1.));
#5978 = DIRECTION('',(1.,0.,-0.));
#5979 = DEFINITIONAL_REPRESENTATION('',(#5980),#5984);
#5980 = LINE('',#5981,#5982);
#5981 = CARTESIAN_POINT('',(0.,0.));
#5982 = VECTOR('',#5983,1.);
#5983 = DIRECTION('',(0.,1.));
#5984 = ( GEOMETRIC_REPRESENTATION_CONTEXT(2) 
PARAMETRIC_REPRESENTATION_CONTEXT() REPRESENTATION_CONTEXT('2D SPACE',''
  ) );
#5985 = ORIENTED_EDGE('',*,*,#5986,.F.);
#5986 = EDGE_CURVE('',#5987,#5959,#5989,.T.);
#5987 = VERTEX_POINT('',#5988);
#5988 = CARTESIAN_POINT('',(-80.,45.,2.5));
#5989 = SURFACE_CURVE('',#5990,(#5994,#6001),.PCURVE_S1.);
#5990 = LINE('',#5991,#5992);
#5991 = CARTESIAN_POINT('',(-80.,45.,1.25));
#5992 = VECTOR('',#5993,1.);
#5993 = DIRECTION('',(0.,0.,1.));
#5994 = PCURVE('',#5850,#5995);
#5995 = DEFINITIONAL_REPRESENTATION('',(#5996),#6000);
#5996 = LINE('',#5997,#5998);
#5997 = CARTESIAN_POINT('',(1.25,-59.));
#5998 = VECTOR('',#5999,1.);
#5999 = DIRECTION('',(1.,0.));
#6000 = ( GEOMETRIC_REPRESENTATION_CONTEXT(2) 
PARAMETRIC_REPRESENTATION_CONTEXT() REPRESENTATION_CONTEXT('2D SPACE',''
  ) );
#6001 = PCURVE('',#6002,#6007);
#6002 = PLANE('',#6003);
#6003 = AXIS2_PLACEMENT_3D('',#6004,#6005,#6006);
#6004 = CARTESIAN_POINT('',(-81.5,45.,2.5));
#6005 = DIRECTION('',(0.,1.,0.));
#6006 = DIRECTION('',(0.,-0.,1.));
#6007 = DEFINITIONAL_REPRESENTATION('',(#6008),#6012);
#6008 = LINE('',#6009,#6010);
#6009 = CARTESIAN_POINT('',(-1.25,1.5));
#6010 = VECTOR('',#6011,1.);
#6011 = DIRECTION('',(1.,0.));
#6012 = ( GEOMETRIC_REPRESENTATION_CONTEXT(2) 
PARAMETRIC_REPRESENTATION_CONTEXT() REPRESENTATION_CONTEXT('2D SPACE',''
  ) );
#6013 = ORIENTED_EDGE('',*,*,#6014,.T.);
#6014 = EDGE_CURVE('',#5987,#6015,#6017,.T.);
#6015 = VERTEX_POINT('',#6016);
#6016 = CARTESIAN_POINT('',(-80.,31.,2.5));
#6017 = SURFACE_CURVE('',#6018,(#6022,#6029),.PCURVE_S1.);
#6018 = LINE('',#6019,#6020);
#6019 = CARTESIAN_POINT('',(-80.,8.5,2.5));
#6020 = VECTOR('',#6021,1.);
#6021 = DIRECTION('',(0.,-1.,0.));
#6022 = PCURVE('',#5850,#6023);
#6023 = DEFINITIONAL_REPRESENTATION('',(#6024),#6028);
#6024 = LINE('',#6025,#6026);
#6025 = CARTESIAN_POINT('',(2.5,-22.5));
#6026 = VECTOR('',#6027,1.);
#6027 = DIRECTION('',(0.,1.));
#6028 = ( GEOMETRIC_REPRESENTATION_CONTEXT(2) 
PARAMETRIC_REPRESENTATION_CONTEXT() REPRESENTATION_CONTEXT('2D SPACE',''
  ) );
#6029 = PCURVE('',#6030,#6035);
#6030 = PLANE('',#6031);
#6031 = AXIS2_PLACEMENT_3D('',#6032,#6033,#6034);
#6032 = CARTESIAN_POINT('',(-81.5,31.,2.5));
#6033 = DIRECTION('',(0.,0.,1.));
#6034 = DIRECTION('',(1.,0.,-0.));
#6035 = DEFINITIONAL_REPRESENTATION('',(#6036),#6040);
#6036 = LINE('',#6037,#6038);
#6037 = CARTESIAN_POINT('',(1.5,-22.5));
#6038 = VECTOR('',#6039,1.);
#6039 = DIRECTION('',(0.,-1.));
#6040 = ( GEOMETRIC_REPRESENTATION_CONTEXT(2) 
PARAMETRIC_REPRESENTATION_CONTEXT() REPRESENTATION_CONTEXT('2D SPACE',''
  ) );
#6041 = ORIENTED_EDGE('',*,*,#6042,.T.);
#6042 = EDGE_CURVE('',#6015,#6043,#6045,.T.);
#6043 = VERTEX_POINT('',#6044);
#6044 = CARTESIAN_POINT('',(-80.,31.,8.));
#6045 = SURFACE_CURVE('',#6046,(#6050,#6057),.PCURVE_S1.);
#6046 = LINE('',#6047,#6048);
#6047 = CARTESIAN_POINT('',(-80.,31.,1.25));
#6048 = VECTOR('',#6049,1.);
#6049 = DIRECTION('',(0.,0.,1.));
#6050 = PCURVE('',#5850,#6051);
#6051 = DEFINITIONAL_REPRESENTATION('',(#6052),#6056);
#6052 = LINE('',#6053,#6054);
#6053 = CARTESIAN_POINT('',(1.25,-45.));
#6054 = VECTOR('',#6055,1.);
#6055 = DIRECTION('',(1.,0.));
#6056 = ( GEOMETRIC_REPRESENTATION_CONTEXT(2) 
PARAMETRIC_REPRESENTATION_CONTEXT() REPRESENTATION_CONTEXT('2D SPACE',''
  ) );
#6057 = PCURVE('',#6058,#6063);
#6058 = PLANE('',#6059);
#6059 = AXIS2_PLACEMENT_3D('',#6060,#6061,#6062);
#6060 = CARTESIAN_POINT('',(-81.5,31.,2.5));
#6061 = DIRECTION('',(0.,1.,0.));
#6062 = DIRECTION('',(0.,-0.,1.));
#6063 = DEFINITIONAL_REPRESENTATION('',(#6064),#6068);
#6064 = LINE('',#6065,#6066);
#6065 = CARTESIAN_POINT('',(-1.25,1.5));
#6066 = VECTOR('',#6067,1.);
#6067 = DIRECTION('',(1.,0.));
#6068 = ( GEOMETRIC_REPRESENTATION_CONTEXT(2) 
PARAMETRIC_REPRESENTATION_CONTEXT() REPRESENTATION_CONTEXT('2D SPACE',''
  ) );
#6069 = ORIENTED_EDGE('',*,*,#6070,.F.);
#6070 = EDGE_CURVE('',#6071,#6043,#6073,.T.);
#6071 = VERTEX_POINT('',#6072);
#6072 = CARTESIAN_POINT('',(-80.,5.,8.));
#6073 = SURFACE_CURVE('',#6074,(#6078,#6085),.PCURVE_S1.);
#6074 = LINE('',#6075,#6076);
#6075 = CARTESIAN_POINT('',(-80.,-14.,8.));
#6076 = VECTOR('',#6077,1.);
#6077 = DIRECTION('',(0.,1.,0.));
#6078 = PCURVE('',#5850,#6079);
#6079 = DEFINITIONAL_REPRESENTATION('',(#6080),#6084);
#6080 = LINE('',#6081,#6082);
#6081 = CARTESIAN_POINT('',(8.,0.));
#6082 = VECTOR('',#6083,1.);
#6083 = DIRECTION('',(0.,-1.));
#6084 = ( GEOMETRIC_REPRESENTATION_CONTEXT(2) 
PARAMETRIC_REPRESENTATION_CONTEXT() REPRESENTATION_CONTEXT('2D SPACE',''
  ) );
#6085 = PCURVE('',#6086,#6091);
#6086 = PLANE('',#6087);
#6087 = AXIS2_PLACEMENT_3D('',#6088,#6089,#6090);
#6088 = CARTESIAN_POINT('',(-80.,-14.,8.));
#6089 = DIRECTION('',(0.,0.,1.));
#6090 = DIRECTION('',(1.,0.,-0.));
#6091 = DEFINITIONAL_REPRESENTATION('',(#6092),#6096);
#6092 = LINE('',#6093,#6094);
#6093 = CARTESIAN_POINT('',(0.,0.));
#6094 = VECTOR('',#6095,1.);
#6095 = DIRECTION('',(0.,1.));
#6096 = ( GEOMETRIC_REPRESENTATION_CONTEXT(2) 
PARAMETRIC_REPRESENTATION_CONTEXT() REPRESENTATION_CONTEXT('2D SPACE',''
  ) );
#6097 = ORIENTED_EDGE('',*,*,#6098,.F.);
#6098 = EDGE_CURVE('',#6099,#6071,#6101,.T.);
#6099 = VERTEX_POINT('',#6100);
#6100 = CARTESIAN_POINT('',(-80.,5.,2.5));
#6101 = SURFACE_CURVE('',#6102,(#6106,#6113),.PCURVE_S1.);
#6102 = LINE('',#6103,#6104);
#6103 = CARTESIAN_POINT('',(-80.,5.,1.25));
#6104 = VECTOR('',#6105,1.);
#6105 = DIRECTION('',(0.,0.,1.));
#6106 = PCURVE('',#5850,#6107);
#6107 = DEFINITIONAL_REPRESENTATION('',(#6108),#6112);
#6108 = LINE('',#6109,#6110);
#6109 = CARTESIAN_POINT('',(1.25,-19.));
#6110 = VECTOR('',#6111,1.);
#6111 = DIRECTION('',(1.,0.));
#6112 = ( GEOMETRIC_REPRESENTATION_CONTEXT(2) 
PARAMETRIC_REPRESENTATION_CONTEXT() REPRESENTATION_CONTEXT('2D SPACE',''
  ) );
#6113 = PCURVE('',#6114,#6119);
#6114 = PLANE('',#6115);
#6115 = AXIS2_PLACEMENT_3D('',#6116,#6117,#6118);
#6116 = CARTESIAN_POINT('',(-81.5,5.,2.5));
#6117 = DIRECTION('',(0.,1.,0.));
#6118 = DIRECTION('',(0.,-0.,1.));
#6119 = DEFINITIONAL_REPRESENTATION('',(#6120),#6124);
#6120 = LINE('',#6121,#6122);
#6121 = CARTESIAN_POINT('',(-1.25,1.5));
#6122 = VECTOR('',#6123,1.);
#6123 = DIRECTION('',(1.,0.));
#6124 = ( GEOMETRIC_REPRESENTATION_CONTEXT(2) 
PARAMETRIC_REPRESENTATION_CONTEXT() REPRESENTATION_CONTEXT('2D SPACE',''
  ) );
#6125 = ORIENTED_EDGE('',*,*,#6126,.T.);
#6126 = EDGE_CURVE('',#6099,#6127,#6129,.T.);
#6127 = VERTEX_POINT('',#6128);
#6128 = CARTESIAN_POINT('',(-80.,-9.,2.5));
#6129 = SURFACE_CURVE('',#6130,(#6134,#6141),.PCURVE_S1.);
#6130 = LINE('',#6131,#6132);
#6131 = CARTESIAN_POINT('',(-80.,-11.5,2.5));
#6132 = VECTOR('',#6133,1.);
#6133 = DIRECTION('',(0.,-1.,0.));
#6134 = PCURVE('',#5850,#6135);
#6135 = DEFINITIONAL_REPRESENTATION('',(#6136),#6140);
#6136 = LINE('',#6137,#6138);
#6137 = CARTESIAN_POINT('',(2.5,-2.5));
#6138 = VECTOR('',#6139,1.);
#6139 = DIRECTION('',(0.,1.));
#6140 = ( GEOMETRIC_REPRESENTATION_CONTEXT(2) 
PARAMETRIC_REPRESENTATION_CONTEXT() REPRESENTATION_CONTEXT('2D SPACE',''
  ) );
#6141 = PCURVE('',#6142,#6147);
#6142 = PLANE('',#6143);
#6143 = AXIS2_PLACEMENT_3D('',#6144,#6145,#6146);
#6144 = CARTESIAN_POINT('',(-81.5,-9.,2.5));
#6145 = DIRECTION('',(0.,0.,1.));
#6146 = DIRECTION('',(1.,0.,-0.));
#6147 = DEFINITIONAL_REPRESENTATION('',(#6148),#6152);
#6148 = LINE('',#6149,#6150);
#6149 = CARTESIAN_POINT('',(1.5,-2.5));
#6150 = VECTOR('',#6151,1.);
#6151 = DIRECTION('',(0.,-1.));
#6152 = ( GEOMETRIC_REPRESENTATION_CONTEXT(2) 
PARAMETRIC_REPRESENTATION_CONTEXT() REPRESENTATION_CONTEXT('2D SPACE',''
  ) );
#6153 = ORIENTED_EDGE('',*,*,#6154,.T.);
#6154 = EDGE_CURVE('',#6127,#5842,#6155,.T.);
#6155 = SURFACE_CURVE('',#6156,(#6160,#6167),.PCURVE_S1.);
#6156 = LINE('',#6157,#6158);
#6157 = CARTESIAN_POINT('',(-80.,-9.,1.25));
#6158 = VECTOR('',#6159,1.);
#6159 = DIRECTION('',(0.,0.,1.));
#6160 = PCURVE('',#5850,#6161);
#6161 = DEFINITIONAL_REPRESENTATION('',(#6162),#6166);
#6162 = LINE('',#6163,#6164);
#6163 = CARTESIAN_POINT('',(1.25,-5.));
#6164 = VECTOR('',#6165,1.);
#6165 = DIRECTION('',(1.,0.));
#6166 = ( GEOMETRIC_REPRESENTATION_CONTEXT(2) 
PARAMETRIC_REPRESENTATION_CONTEXT() REPRESENTATION_CONTEXT('2D SPACE',''
  ) );
#6167 = PCURVE('',#6168,#6173);
#6168 = PLANE('',#6169);
#6169 = AXIS2_PLACEMENT_3D('',#6170,#6171,#6172);
#6170 = CARTESIAN_POINT('',(-81.5,-9.,2.5));
#6171 = DIRECTION('',(0.,1.,0.));
#6172 = DIRECTION('',(0.,-0.,1.));
#6173 = DEFINITIONAL_REPRESENTATION('',(#6174),#6178);
#6174 = LINE('',#6175,#6176);
#6175 = CARTESIAN_POINT('',(-1.25,1.5));
#6176 = VECTOR('',#6177,1.);
#6177 = DIRECTION('',(1.,0.));
#6178 = ( GEOMETRIC_REPRESENTATION_CONTEXT(2) 
PARAMETRIC_REPRESENTATION_CONTEXT() REPRESENTATION_CONTEXT('2D SPACE',''
  ) );
#6179 = ADVANCED_FACE('',(#6180),#5862,.T.);
#6180 = FACE_BOUND('',#6181,.T.);
#6181 = EDGE_LOOP('',(#6182,#6183,#6207,#6235,#6268,#6296,#6324,#6352,
    #6380,#6408));
#6182 = ORIENTED_EDGE('',*,*,#5839,.F.);
#6183 = ORIENTED_EDGE('',*,*,#6184,.T.);
#6184 = EDGE_CURVE('',#5840,#6185,#6187,.T.);
#6185 = VERTEX_POINT('',#6186);
#6186 = CARTESIAN_POINT('',(-78.,-14.,8.));
#6187 = SURFACE_CURVE('',#6188,(#6193,#6200),.PCURVE_S1.);
#6188 = CIRCLE('',#6189,2.);
#6189 = AXIS2_PLACEMENT_3D('',#6190,#6191,#6192);
#6190 = CARTESIAN_POINT('',(-78.,-12.,8.));
#6191 = DIRECTION('',(0.,0.,1.));
#6192 = DIRECTION('',(0.,-1.,0.));
#6193 = PCURVE('',#5862,#6194);
#6194 = DEFINITIONAL_REPRESENTATION('',(#6195),#6199);
#6195 = CIRCLE('',#6196,2.);
#6196 = AXIS2_PLACEMENT_2D('',#6197,#6198);
#6197 = CARTESIAN_POINT('',(2.,2.));
#6198 = DIRECTION('',(0.,-1.));
#6199 = ( GEOMETRIC_REPRESENTATION_CONTEXT(2) 
PARAMETRIC_REPRESENTATION_CONTEXT() REPRESENTATION_CONTEXT('2D SPACE',''
  ) );
#6200 = PCURVE('',#5890,#6201);
#6201 = DEFINITIONAL_REPRESENTATION('',(#6202),#6206);
#6202 = LINE('',#6203,#6204);
#6203 = CARTESIAN_POINT('',(-4.712388980385,8.));
#6204 = VECTOR('',#6205,1.);
#6205 = DIRECTION('',(1.,0.));
#6206 = ( GEOMETRIC_REPRESENTATION_CONTEXT(2) 
PARAMETRIC_REPRESENTATION_CONTEXT() REPRESENTATION_CONTEXT('2D SPACE',''
  ) );
#6207 = ORIENTED_EDGE('',*,*,#6208,.T.);
#6208 = EDGE_CURVE('',#6185,#6209,#6211,.T.);
#6209 = VERTEX_POINT('',#6210);
#6210 = CARTESIAN_POINT('',(-51.,-14.,8.));
#6211 = SURFACE_CURVE('',#6212,(#6216,#6223),.PCURVE_S1.);
#6212 = LINE('',#6213,#6214);
#6213 = CARTESIAN_POINT('',(-80.,-14.,8.));
#6214 = VECTOR('',#6215,1.);
#6215 = DIRECTION('',(1.,0.,0.));
#6216 = PCURVE('',#5862,#6217);
#6217 = DEFINITIONAL_REPRESENTATION('',(#6218),#6222);
#6218 = LINE('',#6219,#6220);
#6219 = CARTESIAN_POINT('',(0.,0.));
#6220 = VECTOR('',#6221,1.);
#6221 = DIRECTION('',(1.,0.));
#6222 = ( GEOMETRIC_REPRESENTATION_CONTEXT(2) 
PARAMETRIC_REPRESENTATION_CONTEXT() REPRESENTATION_CONTEXT('2D SPACE',''
  ) );
#6223 = PCURVE('',#6224,#6229);
#6224 = PLANE('',#6225);
#6225 = AXIS2_PLACEMENT_3D('',#6226,#6227,#6228);
#6226 = CARTESIAN_POINT('',(-80.,-14.,0.));
#6227 = DIRECTION('',(0.,1.,0.));
#6228 = DIRECTION('',(0.,-0.,1.));
#6229 = DEFINITIONAL_REPRESENTATION('',(#6230),#6234);
#6230 = LINE('',#6231,#6232);
#6231 = CARTESIAN_POINT('',(8.,0.));
#6232 = VECTOR('',#6233,1.);
#6233 = DIRECTION('',(0.,1.));
#6234 = ( GEOMETRIC_REPRESENTATION_CONTEXT(2) 
PARAMETRIC_REPRESENTATION_CONTEXT() REPRESENTATION_CONTEXT('2D SPACE',''
  ) );
#6235 = ORIENTED_EDGE('',*,*,#6236,.F.);
#6236 = EDGE_CURVE('',#6237,#6209,#6239,.T.);
#6237 = VERTEX_POINT('',#6238);
#6238 = CARTESIAN_POINT('',(-49.,-12.,8.));
#6239 = SURFACE_CURVE('',#6240,(#6245,#6256),.PCURVE_S1.);
#6240 = CIRCLE('',#6241,2.);
#6241 = AXIS2_PLACEMENT_3D('',#6242,#6243,#6244);
#6242 = CARTESIAN_POINT('',(-51.,-12.,8.));
#6243 = DIRECTION('',(-0.,-0.,-1.));
#6244 = DIRECTION('',(0.,-1.,0.));
#6245 = PCURVE('',#5862,#6246);
#6246 = DEFINITIONAL_REPRESENTATION('',(#6247),#6255);
#6247 = ( BOUNDED_CURVE() B_SPLINE_CURVE(2,(#6248,#6249,#6250,#6251,
#6252,#6253,#6254),.UNSPECIFIED.,.T.,.F.) B_SPLINE_CURVE_WITH_KNOTS((1,2
    ,2,2,2,1),(-2.094395102393,0.,2.094395102393,4.188790204786,
6.28318530718,8.377580409573),.UNSPECIFIED.) CURVE() 
GEOMETRIC_REPRESENTATION_ITEM() RATIONAL_B_SPLINE_CURVE((1.,0.5,1.,0.5,
1.,0.5,1.)) REPRESENTATION_ITEM('') );
#6248 = CARTESIAN_POINT('',(29.,0.));
#6249 = CARTESIAN_POINT('',(25.535898384862,0.));
#6250 = CARTESIAN_POINT('',(27.267949192431,3.));
#6251 = CARTESIAN_POINT('',(29.,6.));
#6252 = CARTESIAN_POINT('',(30.732050807569,3.));
#6253 = CARTESIAN_POINT('',(32.464101615138,3.10862446895E-15));
#6254 = CARTESIAN_POINT('',(29.,0.));
#6255 = ( GEOMETRIC_REPRESENTATION_CONTEXT(2) 
PARAMETRIC_REPRESENTATION_CONTEXT() REPRESENTATION_CONTEXT('2D SPACE',''
  ) );
#6256 = PCURVE('',#6257,#6262);
#6257 = CYLINDRICAL_SURFACE('',#6258,2.);
#6258 = AXIS2_PLACEMENT_3D('',#6259,#6260,#6261);
#6259 = CARTESIAN_POINT('',(-51.,-12.,0.));
#6260 = DIRECTION('',(0.,0.,1.));
#6261 = DIRECTION('',(1.,0.,-0.));
#6262 = DEFINITIONAL_REPRESENTATION('',(#6263),#6267);
#6263 = LINE('',#6264,#6265);
#6264 = CARTESIAN_POINT('',(10.995574287565,8.));
#6265 = VECTOR('',#6266,1.);
#6266 = DIRECTION('',(-1.,0.));
#6267 = ( GEOMETRIC_REPRESENTATION_CONTEXT(2) 
PARAMETRIC_REPRESENTATION_CONTEXT() REPRESENTATION_CONTEXT('2D SPACE',''
  ) );
#6268 = ORIENTED_EDGE('',*,*,#6269,.T.);
#6269 = EDGE_CURVE('',#6237,#6270,#6272,.T.);
#6270 = VERTEX_POINT('',#6271);
#6271 = CARTESIAN_POINT('',(-49.,-9.,8.));
#6272 = SURFACE_CURVE('',#6273,(#6277,#6284),.PCURVE_S1.);
#6273 = LINE('',#6274,#6275);
#6274 = CARTESIAN_POINT('',(-49.,-14.,8.));
#6275 = VECTOR('',#6276,1.);
#6276 = DIRECTION('',(0.,1.,0.));
#6277 = PCURVE('',#5862,#6278);
#6278 = DEFINITIONAL_REPRESENTATION('',(#6279),#6283);
#6279 = LINE('',#6280,#6281);
#6280 = CARTESIAN_POINT('',(31.,0.));
#6281 = VECTOR('',#6282,1.);
#6282 = DIRECTION('',(0.,1.));
#6283 = ( GEOMETRIC_REPRESENTATION_CONTEXT(2) 
PARAMETRIC_REPRESENTATION_CONTEXT() REPRESENTATION_CONTEXT('2D SPACE',''
  ) );
#6284 = PCURVE('',#6285,#6290);
#6285 = PLANE('',#6286);
#6286 = AXIS2_PLACEMENT_3D('',#6287,#6288,#6289);
#6287 = CARTESIAN_POINT('',(-49.,-14.,0.));
#6288 = DIRECTION('',(1.,0.,0.));
#6289 = DIRECTION('',(0.,0.,1.));
#6290 = DEFINITIONAL_REPRESENTATION('',(#6291),#6295);
#6291 = LINE('',#6292,#6293);
#6292 = CARTESIAN_POINT('',(8.,0.));
#6293 = VECTOR('',#6294,1.);
#6294 = DIRECTION('',(0.,-1.));
#6295 = ( GEOMETRIC_REPRESENTATION_CONTEXT(2) 
PARAMETRIC_REPRESENTATION_CONTEXT() REPRESENTATION_CONTEXT('2D SPACE',''
  ) );
#6296 = ORIENTED_EDGE('',*,*,#6297,.F.);
#6297 = EDGE_CURVE('',#6298,#6270,#6300,.T.);
#6298 = VERTEX_POINT('',#6299);
#6299 = CARTESIAN_POINT('',(-51.7,-9.,8.));
#6300 = SURFACE_CURVE('',#6301,(#6305,#6312),.PCURVE_S1.);
#6301 = LINE('',#6302,#6303);
#6302 = CARTESIAN_POINT('',(-52.5,-9.,8.));
#6303 = VECTOR('',#6304,1.);
#6304 = DIRECTION('',(1.,0.,0.));
#6305 = PCURVE('',#5862,#6306);
#6306 = DEFINITIONAL_REPRESENTATION('',(#6307),#6311);
#6307 = LINE('',#6308,#6309);
#6308 = CARTESIAN_POINT('',(27.5,5.));
#6309 = VECTOR('',#6310,1.);
#6310 = DIRECTION('',(1.,0.));
#6311 = ( GEOMETRIC_REPRESENTATION_CONTEXT(2) 
PARAMETRIC_REPRESENTATION_CONTEXT() REPRESENTATION_CONTEXT('2D SPACE',''
  ) );
#6312 = PCURVE('',#6313,#6318);
#6313 = PLANE('',#6314);
#6314 = AXIS2_PLACEMENT_3D('',#6315,#6316,#6317);
#6315 = CARTESIAN_POINT('',(-52.5,-9.,2.5));
#6316 = DIRECTION('',(0.,1.,0.));
#6317 = DIRECTION('',(0.,-0.,1.));
#6318 = DEFINITIONAL_REPRESENTATION('',(#6319),#6323);
#6319 = LINE('',#6320,#6321);
#6320 = CARTESIAN_POINT('',(5.5,0.));
#6321 = VECTOR('',#6322,1.);
#6322 = DIRECTION('',(0.,1.));
#6323 = ( GEOMETRIC_REPRESENTATION_CONTEXT(2) 
PARAMETRIC_REPRESENTATION_CONTEXT() REPRESENTATION_CONTEXT('2D SPACE',''
  ) );
#6324 = ORIENTED_EDGE('',*,*,#6325,.F.);
#6325 = EDGE_CURVE('',#6326,#6298,#6328,.T.);
#6326 = VERTEX_POINT('',#6327);
#6327 = CARTESIAN_POINT('',(-51.7,-10.5,8.));
#6328 = SURFACE_CURVE('',#6329,(#6333,#6340),.PCURVE_S1.);
#6329 = LINE('',#6330,#6331);
#6330 = CARTESIAN_POINT('',(-51.7,-10.5,8.));
#6331 = VECTOR('',#6332,1.);
#6332 = DIRECTION('',(0.,1.,0.));
#6333 = PCURVE('',#5862,#6334);
#6334 = DEFINITIONAL_REPRESENTATION('',(#6335),#6339);
#6335 = LINE('',#6336,#6337);
#6336 = CARTESIAN_POINT('',(28.3,3.5));
#6337 = VECTOR('',#6338,1.);
#6338 = DIRECTION('',(0.,1.));
#6339 = ( GEOMETRIC_REPRESENTATION_CONTEXT(2) 
PARAMETRIC_REPRESENTATION_CONTEXT() REPRESENTATION_CONTEXT('2D SPACE',''
  ) );
#6340 = PCURVE('',#6341,#6346);
#6341 = PLANE('',#6342);
#6342 = AXIS2_PLACEMENT_3D('',#6343,#6344,#6345);
#6343 = CARTESIAN_POINT('',(-51.7,-10.5,2.5));
#6344 = DIRECTION('',(1.,0.,0.));
#6345 = DIRECTION('',(0.,0.,1.));
#6346 = DEFINITIONAL_REPRESENTATION('',(#6347),#6351);
#6347 = LINE('',#6348,#6349);
#6348 = CARTESIAN_POINT('',(5.5,0.));
#6349 = VECTOR('',#6350,1.);
#6350 = DIRECTION('',(0.,-1.));
#6351 = ( GEOMETRIC_REPRESENTATION_CONTEXT(2) 
PARAMETRIC_REPRESENTATION_CONTEXT() REPRESENTATION_CONTEXT('2D SPACE',''
  ) );
#6352 = ORIENTED_EDGE('',*,*,#6353,.F.);
#6353 = EDGE_CURVE('',#6354,#6326,#6356,.T.);
#6354 = VERTEX_POINT('',#6355);
#6355 = CARTESIAN_POINT('',(-77.3,-10.5,8.));
#6356 = SURFACE_CURVE('',#6357,(#6361,#6368),.PCURVE_S1.);
#6357 = LINE('',#6358,#6359);
#6358 = CARTESIAN_POINT('',(-77.3,-10.5,8.));
#6359 = VECTOR('',#6360,1.);
#6360 = DIRECTION('',(1.,0.,0.));
#6361 = PCURVE('',#5862,#6362);
#6362 = DEFINITIONAL_REPRESENTATION('',(#6363),#6367);
#6363 = LINE('',#6364,#6365);
#6364 = CARTESIAN_POINT('',(2.7,3.5));
#6365 = VECTOR('',#6366,1.);
#6366 = DIRECTION('',(1.,0.));
#6367 = ( GEOMETRIC_REPRESENTATION_CONTEXT(2) 
PARAMETRIC_REPRESENTATION_CONTEXT() REPRESENTATION_CONTEXT('2D SPACE',''
  ) );
#6368 = PCURVE('',#6369,#6374);
#6369 = PLANE('',#6370);
#6370 = AXIS2_PLACEMENT_3D('',#6371,#6372,#6373);
#6371 = CARTESIAN_POINT('',(-77.3,-10.5,2.5));
#6372 = DIRECTION('',(0.,1.,0.));
#6373 = DIRECTION('',(0.,-0.,1.));
#6374 = DEFINITIONAL_REPRESENTATION('',(#6375),#6379);
#6375 = LINE('',#6376,#6377);
#6376 = CARTESIAN_POINT('',(5.5,0.));
#6377 = VECTOR('',#6378,1.);
#6378 = DIRECTION('',(0.,1.));
#6379 = ( GEOMETRIC_REPRESENTATION_CONTEXT(2) 
PARAMETRIC_REPRESENTATION_CONTEXT() REPRESENTATION_CONTEXT('2D SPACE',''
  ) );
#6380 = ORIENTED_EDGE('',*,*,#6381,.T.);
#6381 = EDGE_CURVE('',#6354,#6382,#6384,.T.);
#6382 = VERTEX_POINT('',#6383);
#6383 = CARTESIAN_POINT('',(-77.3,-9.,8.));
#6384 = SURFACE_CURVE('',#6385,(#6389,#6396),.PCURVE_S1.);
#6385 = LINE('',#6386,#6387);
#6386 = CARTESIAN_POINT('',(-77.3,-10.5,8.));
#6387 = VECTOR('',#6388,1.);
#6388 = DIRECTION('',(0.,1.,0.));
#6389 = PCURVE('',#5862,#6390);
#6390 = DEFINITIONAL_REPRESENTATION('',(#6391),#6395);
#6391 = LINE('',#6392,#6393);
#6392 = CARTESIAN_POINT('',(2.7,3.5));
#6393 = VECTOR('',#6394,1.);
#6394 = DIRECTION('',(0.,1.));
#6395 = ( GEOMETRIC_REPRESENTATION_CONTEXT(2) 
PARAMETRIC_REPRESENTATION_CONTEXT() REPRESENTATION_CONTEXT('2D SPACE',''
  ) );
#6396 = PCURVE('',#6397,#6402);
#6397 = PLANE('',#6398);
#6398 = AXIS2_PLACEMENT_3D('',#6399,#6400,#6401);
#6399 = CARTESIAN_POINT('',(-77.3,-10.5,2.5));
#6400 = DIRECTION('',(1.,0.,0.));
#6401 = DIRECTION('',(0.,0.,1.));
#6402 = DEFINITIONAL_REPRESENTATION('',(#6403),#6407);
#6403 = LINE('',#6404,#6405);
#6404 = CARTESIAN_POINT('',(5.5,0.));
#6405 = VECTOR('',#6406,1.);
#6406 = DIRECTION('',(0.,-1.));
#6407 = ( GEOMETRIC_REPRESENTATION_CONTEXT(2) 
PARAMETRIC_REPRESENTATION_CONTEXT() REPRESENTATION_CONTEXT('2D SPACE',''
  ) );
#6408 = ORIENTED_EDGE('',*,*,#6409,.F.);
#6409 = EDGE_CURVE('',#5842,#6382,#6410,.T.);
#6410 = SURFACE_CURVE('',#6411,(#6415,#6422),.PCURVE_S1.);
#6411 = LINE('',#6412,#6413);
#6412 = CARTESIAN_POINT('',(-81.5,-9.,8.));
#6413 = VECTOR('',#6414,1.);
#6414 = DIRECTION('',(1.,0.,0.));
#6415 = PCURVE('',#5862,#6416);
#6416 = DEFINITIONAL_REPRESENTATION('',(#6417),#6421);
#6417 = LINE('',#6418,#6419);
#6418 = CARTESIAN_POINT('',(-1.5,5.));
#6419 = VECTOR('',#6420,1.);
#6420 = DIRECTION('',(1.,0.));
#6421 = ( GEOMETRIC_REPRESENTATION_CONTEXT(2) 
PARAMETRIC_REPRESENTATION_CONTEXT() REPRESENTATION_CONTEXT('2D SPACE',''
  ) );
#6422 = PCURVE('',#6168,#6423);
#6423 = DEFINITIONAL_REPRESENTATION('',(#6424),#6428);
#6424 = LINE('',#6425,#6426);
#6425 = CARTESIAN_POINT('',(5.5,0.));
#6426 = VECTOR('',#6427,1.);
#6427 = DIRECTION('',(0.,1.));
#6428 = ( GEOMETRIC_REPRESENTATION_CONTEXT(2) 
PARAMETRIC_REPRESENTATION_CONTEXT() REPRESENTATION_CONTEXT('2D SPACE',''
  ) );
#6429 = ADVANCED_FACE('',(#6430),#6168,.T.);
#6430 = FACE_BOUND('',#6431,.T.);
#6431 = EDGE_LOOP('',(#6432,#6455,#6476,#6477));
#6432 = ORIENTED_EDGE('',*,*,#6433,.F.);
#6433 = EDGE_CURVE('',#6434,#6382,#6436,.T.);
#6434 = VERTEX_POINT('',#6435);
#6435 = CARTESIAN_POINT('',(-77.3,-9.,2.5));
#6436 = SURFACE_CURVE('',#6437,(#6441,#6448),.PCURVE_S1.);
#6437 = LINE('',#6438,#6439);
#6438 = CARTESIAN_POINT('',(-77.3,-9.,2.5));
#6439 = VECTOR('',#6440,1.);
#6440 = DIRECTION('',(0.,0.,1.));
#6441 = PCURVE('',#6168,#6442);
#6442 = DEFINITIONAL_REPRESENTATION('',(#6443),#6447);
#6443 = LINE('',#6444,#6445);
#6444 = CARTESIAN_POINT('',(0.,4.2));
#6445 = VECTOR('',#6446,1.);
#6446 = DIRECTION('',(1.,0.));
#6447 = ( GEOMETRIC_REPRESENTATION_CONTEXT(2) 
PARAMETRIC_REPRESENTATION_CONTEXT() REPRESENTATION_CONTEXT('2D SPACE',''
  ) );
#6448 = PCURVE('',#6397,#6449);
#6449 = DEFINITIONAL_REPRESENTATION('',(#6450),#6454);
#6450 = LINE('',#6451,#6452);
#6451 = CARTESIAN_POINT('',(0.,-1.5));
#6452 = VECTOR('',#6453,1.);
#6453 = DIRECTION('',(1.,0.));
#6454 = ( GEOMETRIC_REPRESENTATION_CONTEXT(2) 
PARAMETRIC_REPRESENTATION_CONTEXT() REPRESENTATION_CONTEXT('2D SPACE',''
  ) );
#6455 = ORIENTED_EDGE('',*,*,#6456,.F.);
#6456 = EDGE_CURVE('',#6127,#6434,#6457,.T.);
#6457 = SURFACE_CURVE('',#6458,(#6462,#6469),.PCURVE_S1.);
#6458 = LINE('',#6459,#6460);
#6459 = CARTESIAN_POINT('',(-81.5,-9.,2.5));
#6460 = VECTOR('',#6461,1.);
#6461 = DIRECTION('',(1.,0.,0.));
#6462 = PCURVE('',#6168,#6463);
#6463 = DEFINITIONAL_REPRESENTATION('',(#6464),#6468);
#6464 = LINE('',#6465,#6466);
#6465 = CARTESIAN_POINT('',(0.,0.));
#6466 = VECTOR('',#6467,1.);
#6467 = DIRECTION('',(0.,1.));
#6468 = ( GEOMETRIC_REPRESENTATION_CONTEXT(2) 
PARAMETRIC_REPRESENTATION_CONTEXT() REPRESENTATION_CONTEXT('2D SPACE',''
  ) );
#6469 = PCURVE('',#6142,#6470);
#6470 = DEFINITIONAL_REPRESENTATION('',(#6471),#6475);
#6471 = LINE('',#6472,#6473);
#6472 = CARTESIAN_POINT('',(0.,0.));
#6473 = VECTOR('',#6474,1.);
#6474 = DIRECTION('',(1.,0.));
#6475 = ( GEOMETRIC_REPRESENTATION_CONTEXT(2) 
PARAMETRIC_REPRESENTATION_CONTEXT() REPRESENTATION_CONTEXT('2D SPACE',''
  ) );
#6476 = ORIENTED_EDGE('',*,*,#6154,.T.);
#6477 = ORIENTED_EDGE('',*,*,#6409,.T.);
#6478 = ADVANCED_FACE('',(#6479),#6142,.T.);
#6479 = FACE_BOUND('',#6480,.T.);
#6480 = EDGE_LOOP('',(#6481,#6504,#6505,#6506,#6529,#6552,#6575,#6598,
    #6621,#6649,#6677,#6705));
#6481 = ORIENTED_EDGE('',*,*,#6482,.F.);
#6482 = EDGE_CURVE('',#6099,#6483,#6485,.T.);
#6483 = VERTEX_POINT('',#6484);
#6484 = CARTESIAN_POINT('',(-77.3,5.,2.5));
#6485 = SURFACE_CURVE('',#6486,(#6490,#6497),.PCURVE_S1.);
#6486 = LINE('',#6487,#6488);
#6487 = CARTESIAN_POINT('',(-81.5,5.,2.5));
#6488 = VECTOR('',#6489,1.);
#6489 = DIRECTION('',(1.,0.,0.));
#6490 = PCURVE('',#6142,#6491);
#6491 = DEFINITIONAL_REPRESENTATION('',(#6492),#6496);
#6492 = LINE('',#6493,#6494);
#6493 = CARTESIAN_POINT('',(0.,14.));
#6494 = VECTOR('',#6495,1.);
#6495 = DIRECTION('',(1.,0.));
#6496 = ( GEOMETRIC_REPRESENTATION_CONTEXT(2) 
PARAMETRIC_REPRESENTATION_CONTEXT() REPRESENTATION_CONTEXT('2D SPACE',''
  ) );
#6497 = PCURVE('',#6114,#6498);
#6498 = DEFINITIONAL_REPRESENTATION('',(#6499),#6503);
#6499 = LINE('',#6500,#6501);
#6500 = CARTESIAN_POINT('',(0.,0.));
#6501 = VECTOR('',#6502,1.);
#6502 = DIRECTION('',(0.,1.));
#6503 = ( GEOMETRIC_REPRESENTATION_CONTEXT(2) 
PARAMETRIC_REPRESENTATION_CONTEXT() REPRESENTATION_CONTEXT('2D SPACE',''
  ) );
#6504 = ORIENTED_EDGE('',*,*,#6126,.T.);
#6505 = ORIENTED_EDGE('',*,*,#6456,.T.);
#6506 = ORIENTED_EDGE('',*,*,#6507,.F.);
#6507 = EDGE_CURVE('',#6508,#6434,#6510,.T.);
#6508 = VERTEX_POINT('',#6509);
#6509 = CARTESIAN_POINT('',(-77.3,-10.5,2.5));
#6510 = SURFACE_CURVE('',#6511,(#6515,#6522),.PCURVE_S1.);
#6511 = LINE('',#6512,#6513);
#6512 = CARTESIAN_POINT('',(-77.3,-10.5,2.5));
#6513 = VECTOR('',#6514,1.);
#6514 = DIRECTION('',(0.,1.,0.));
#6515 = PCURVE('',#6142,#6516);
#6516 = DEFINITIONAL_REPRESENTATION('',(#6517),#6521);
#6517 = LINE('',#6518,#6519);
#6518 = CARTESIAN_POINT('',(4.2,-1.5));
#6519 = VECTOR('',#6520,1.);
#6520 = DIRECTION('',(0.,1.));
#6521 = ( GEOMETRIC_REPRESENTATION_CONTEXT(2) 
PARAMETRIC_REPRESENTATION_CONTEXT() REPRESENTATION_CONTEXT('2D SPACE',''
  ) );
#6522 = PCURVE('',#6397,#6523);
#6523 = DEFINITIONAL_REPRESENTATION('',(#6524),#6528);
#6524 = LINE('',#6525,#6526);
#6525 = CARTESIAN_POINT('',(0.,0.));
#6526 = VECTOR('',#6527,1.);
#6527 = DIRECTION('',(0.,-1.));
#6528 = ( GEOMETRIC_REPRESENTATION_CONTEXT(2) 
PARAMETRIC_REPRESENTATION_CONTEXT() REPRESENTATION_CONTEXT('2D SPACE',''
  ) );
#6529 = ORIENTED_EDGE('',*,*,#6530,.T.);
#6530 = EDGE_CURVE('',#6508,#6531,#6533,.T.);
#6531 = VERTEX_POINT('',#6532);
#6532 = CARTESIAN_POINT('',(-51.7,-10.5,2.5));
#6533 = SURFACE_CURVE('',#6534,(#6538,#6545),.PCURVE_S1.);
#6534 = LINE('',#6535,#6536);
#6535 = CARTESIAN_POINT('',(-77.3,-10.5,2.5));
#6536 = VECTOR('',#6537,1.);
#6537 = DIRECTION('',(1.,0.,0.));
#6538 = PCURVE('',#6142,#6539);
#6539 = DEFINITIONAL_REPRESENTATION('',(#6540),#6544);
#6540 = LINE('',#6541,#6542);
#6541 = CARTESIAN_POINT('',(4.2,-1.5));
#6542 = VECTOR('',#6543,1.);
#6543 = DIRECTION('',(1.,0.));
#6544 = ( GEOMETRIC_REPRESENTATION_CONTEXT(2) 
PARAMETRIC_REPRESENTATION_CONTEXT() REPRESENTATION_CONTEXT('2D SPACE',''
  ) );
#6545 = PCURVE('',#6369,#6546);
#6546 = DEFINITIONAL_REPRESENTATION('',(#6547),#6551);
#6547 = LINE('',#6548,#6549);
#6548 = CARTESIAN_POINT('',(0.,0.));
#6549 = VECTOR('',#6550,1.);
#6550 = DIRECTION('',(0.,1.));
#6551 = ( GEOMETRIC_REPRESENTATION_CONTEXT(2) 
PARAMETRIC_REPRESENTATION_CONTEXT() REPRESENTATION_CONTEXT('2D SPACE',''
  ) );
#6552 = ORIENTED_EDGE('',*,*,#6553,.T.);
#6553 = EDGE_CURVE('',#6531,#6554,#6556,.T.);
#6554 = VERTEX_POINT('',#6555);
#6555 = CARTESIAN_POINT('',(-51.7,-9.,2.5));
#6556 = SURFACE_CURVE('',#6557,(#6561,#6568),.PCURVE_S1.);
#6557 = LINE('',#6558,#6559);
#6558 = CARTESIAN_POINT('',(-51.7,-10.5,2.5));
#6559 = VECTOR('',#6560,1.);
#6560 = DIRECTION('',(0.,1.,0.));
#6561 = PCURVE('',#6142,#6562);
#6562 = DEFINITIONAL_REPRESENTATION('',(#6563),#6567);
#6563 = LINE('',#6564,#6565);
#6564 = CARTESIAN_POINT('',(29.8,-1.5));
#6565 = VECTOR('',#6566,1.);
#6566 = DIRECTION('',(0.,1.));
#6567 = ( GEOMETRIC_REPRESENTATION_CONTEXT(2) 
PARAMETRIC_REPRESENTATION_CONTEXT() REPRESENTATION_CONTEXT('2D SPACE',''
  ) );
#6568 = PCURVE('',#6341,#6569);
#6569 = DEFINITIONAL_REPRESENTATION('',(#6570),#6574);
#6570 = LINE('',#6571,#6572);
#6571 = CARTESIAN_POINT('',(0.,0.));
#6572 = VECTOR('',#6573,1.);
#6573 = DIRECTION('',(0.,-1.));
#6574 = ( GEOMETRIC_REPRESENTATION_CONTEXT(2) 
PARAMETRIC_REPRESENTATION_CONTEXT() REPRESENTATION_CONTEXT('2D SPACE',''
  ) );
#6575 = ORIENTED_EDGE('',*,*,#6576,.T.);
#6576 = EDGE_CURVE('',#6554,#6577,#6579,.T.);
#6577 = VERTEX_POINT('',#6578);
#6578 = CARTESIAN_POINT('',(-49.,-9.,2.5));
#6579 = SURFACE_CURVE('',#6580,(#6584,#6591),.PCURVE_S1.);
#6580 = LINE('',#6581,#6582);
#6581 = CARTESIAN_POINT('',(-52.5,-9.,2.5));
#6582 = VECTOR('',#6583,1.);
#6583 = DIRECTION('',(1.,0.,0.));
#6584 = PCURVE('',#6142,#6585);
#6585 = DEFINITIONAL_REPRESENTATION('',(#6586),#6590);
#6586 = LINE('',#6587,#6588);
#6587 = CARTESIAN_POINT('',(29.,0.));
#6588 = VECTOR('',#6589,1.);
#6589 = DIRECTION('',(1.,0.));
#6590 = ( GEOMETRIC_REPRESENTATION_CONTEXT(2) 
PARAMETRIC_REPRESENTATION_CONTEXT() REPRESENTATION_CONTEXT('2D SPACE',''
  ) );
#6591 = PCURVE('',#6313,#6592);
#6592 = DEFINITIONAL_REPRESENTATION('',(#6593),#6597);
#6593 = LINE('',#6594,#6595);
#6594 = CARTESIAN_POINT('',(0.,0.));
#6595 = VECTOR('',#6596,1.);
#6596 = DIRECTION('',(0.,1.));
#6597 = ( GEOMETRIC_REPRESENTATION_CONTEXT(2) 
PARAMETRIC_REPRESENTATION_CONTEXT() REPRESENTATION_CONTEXT('2D SPACE',''
  ) );
#6598 = ORIENTED_EDGE('',*,*,#6599,.F.);
#6599 = EDGE_CURVE('',#6600,#6577,#6602,.T.);
#6600 = VERTEX_POINT('',#6601);
#6601 = CARTESIAN_POINT('',(-49.,5.,2.5));
#6602 = SURFACE_CURVE('',#6603,(#6607,#6614),.PCURVE_S1.);
#6603 = LINE('',#6604,#6605);
#6604 = CARTESIAN_POINT('',(-49.,-11.5,2.5));
#6605 = VECTOR('',#6606,1.);
#6606 = DIRECTION('',(0.,-1.,0.));
#6607 = PCURVE('',#6142,#6608);
#6608 = DEFINITIONAL_REPRESENTATION('',(#6609),#6613);
#6609 = LINE('',#6610,#6611);
#6610 = CARTESIAN_POINT('',(32.5,-2.5));
#6611 = VECTOR('',#6612,1.);
#6612 = DIRECTION('',(0.,-1.));
#6613 = ( GEOMETRIC_REPRESENTATION_CONTEXT(2) 
PARAMETRIC_REPRESENTATION_CONTEXT() REPRESENTATION_CONTEXT('2D SPACE',''
  ) );
#6614 = PCURVE('',#6285,#6615);
#6615 = DEFINITIONAL_REPRESENTATION('',(#6616),#6620);
#6616 = LINE('',#6617,#6618);
#6617 = CARTESIAN_POINT('',(2.5,-2.5));
#6618 = VECTOR('',#6619,1.);
#6619 = DIRECTION('',(0.,1.));
#6620 = ( GEOMETRIC_REPRESENTATION_CONTEXT(2) 
PARAMETRIC_REPRESENTATION_CONTEXT() REPRESENTATION_CONTEXT('2D SPACE',''
  ) );
#6621 = ORIENTED_EDGE('',*,*,#6622,.F.);
#6622 = EDGE_CURVE('',#6623,#6600,#6625,.T.);
#6623 = VERTEX_POINT('',#6624);
#6624 = CARTESIAN_POINT('',(-51.7,5.,2.5));
#6625 = SURFACE_CURVE('',#6626,(#6630,#6637),.PCURVE_S1.);
#6626 = LINE('',#6627,#6628);
#6627 = CARTESIAN_POINT('',(-52.5,5.,2.5));
#6628 = VECTOR('',#6629,1.);
#6629 = DIRECTION('',(1.,0.,0.));
#6630 = PCURVE('',#6142,#6631);
#6631 = DEFINITIONAL_REPRESENTATION('',(#6632),#6636);
#6632 = LINE('',#6633,#6634);
#6633 = CARTESIAN_POINT('',(29.,14.));
#6634 = VECTOR('',#6635,1.);
#6635 = DIRECTION('',(1.,0.));
#6636 = ( GEOMETRIC_REPRESENTATION_CONTEXT(2) 
PARAMETRIC_REPRESENTATION_CONTEXT() REPRESENTATION_CONTEXT('2D SPACE',''
  ) );
#6637 = PCURVE('',#6638,#6643);
#6638 = PLANE('',#6639);
#6639 = AXIS2_PLACEMENT_3D('',#6640,#6641,#6642);
#6640 = CARTESIAN_POINT('',(-52.5,5.,2.5));
#6641 = DIRECTION('',(0.,1.,0.));
#6642 = DIRECTION('',(0.,-0.,1.));
#6643 = DEFINITIONAL_REPRESENTATION('',(#6644),#6648);
#6644 = LINE('',#6645,#6646);
#6645 = CARTESIAN_POINT('',(0.,0.));
#6646 = VECTOR('',#6647,1.);
#6647 = DIRECTION('',(0.,1.));
#6648 = ( GEOMETRIC_REPRESENTATION_CONTEXT(2) 
PARAMETRIC_REPRESENTATION_CONTEXT() REPRESENTATION_CONTEXT('2D SPACE',''
  ) );
#6649 = ORIENTED_EDGE('',*,*,#6650,.T.);
#6650 = EDGE_CURVE('',#6623,#6651,#6653,.T.);
#6651 = VERTEX_POINT('',#6652);
#6652 = CARTESIAN_POINT('',(-51.7,6.5,2.5));
#6653 = SURFACE_CURVE('',#6654,(#6658,#6665),.PCURVE_S1.);
#6654 = LINE('',#6655,#6656);
#6655 = CARTESIAN_POINT('',(-51.7,-10.5,2.5));
#6656 = VECTOR('',#6657,1.);
#6657 = DIRECTION('',(0.,1.,0.));
#6658 = PCURVE('',#6142,#6659);
#6659 = DEFINITIONAL_REPRESENTATION('',(#6660),#6664);
#6660 = LINE('',#6661,#6662);
#6661 = CARTESIAN_POINT('',(29.8,-1.5));
#6662 = VECTOR('',#6663,1.);
#6663 = DIRECTION('',(0.,1.));
#6664 = ( GEOMETRIC_REPRESENTATION_CONTEXT(2) 
PARAMETRIC_REPRESENTATION_CONTEXT() REPRESENTATION_CONTEXT('2D SPACE',''
  ) );
#6665 = PCURVE('',#6666,#6671);
#6666 = PLANE('',#6667);
#6667 = AXIS2_PLACEMENT_3D('',#6668,#6669,#6670);
#6668 = CARTESIAN_POINT('',(-51.7,-10.5,2.5));
#6669 = DIRECTION('',(1.,0.,0.));
#6670 = DIRECTION('',(0.,0.,1.));
#6671 = DEFINITIONAL_REPRESENTATION('',(#6672),#6676);
#6672 = LINE('',#6673,#6674);
#6673 = CARTESIAN_POINT('',(0.,0.));
#6674 = VECTOR('',#6675,1.);
#6675 = DIRECTION('',(0.,-1.));
#6676 = ( GEOMETRIC_REPRESENTATION_CONTEXT(2) 
PARAMETRIC_REPRESENTATION_CONTEXT() REPRESENTATION_CONTEXT('2D SPACE',''
  ) );
#6677 = ORIENTED_EDGE('',*,*,#6678,.F.);
#6678 = EDGE_CURVE('',#6679,#6651,#6681,.T.);
#6679 = VERTEX_POINT('',#6680);
#6680 = CARTESIAN_POINT('',(-77.3,6.5,2.5));
#6681 = SURFACE_CURVE('',#6682,(#6686,#6693),.PCURVE_S1.);
#6682 = LINE('',#6683,#6684);
#6683 = CARTESIAN_POINT('',(-77.3,6.5,2.5));
#6684 = VECTOR('',#6685,1.);
#6685 = DIRECTION('',(1.,0.,0.));
#6686 = PCURVE('',#6142,#6687);
#6687 = DEFINITIONAL_REPRESENTATION('',(#6688),#6692);
#6688 = LINE('',#6689,#6690);
#6689 = CARTESIAN_POINT('',(4.2,15.5));
#6690 = VECTOR('',#6691,1.);
#6691 = DIRECTION('',(1.,0.));
#6692 = ( GEOMETRIC_REPRESENTATION_CONTEXT(2) 
PARAMETRIC_REPRESENTATION_CONTEXT() REPRESENTATION_CONTEXT('2D SPACE',''
  ) );
#6693 = PCURVE('',#6694,#6699);
#6694 = PLANE('',#6695);
#6695 = AXIS2_PLACEMENT_3D('',#6696,#6697,#6698);
#6696 = CARTESIAN_POINT('',(-77.3,6.5,2.5));
#6697 = DIRECTION('',(0.,1.,0.));
#6698 = DIRECTION('',(0.,-0.,1.));
#6699 = DEFINITIONAL_REPRESENTATION('',(#6700),#6704);
#6700 = LINE('',#6701,#6702);
#6701 = CARTESIAN_POINT('',(0.,0.));
#6702 = VECTOR('',#6703,1.);
#6703 = DIRECTION('',(0.,1.));
#6704 = ( GEOMETRIC_REPRESENTATION_CONTEXT(2) 
PARAMETRIC_REPRESENTATION_CONTEXT() REPRESENTATION_CONTEXT('2D SPACE',''
  ) );
#6705 = ORIENTED_EDGE('',*,*,#6706,.F.);
#6706 = EDGE_CURVE('',#6483,#6679,#6707,.T.);
#6707 = SURFACE_CURVE('',#6708,(#6712,#6719),.PCURVE_S1.);
#6708 = LINE('',#6709,#6710);
#6709 = CARTESIAN_POINT('',(-77.3,-10.5,2.5));
#6710 = VECTOR('',#6711,1.);
#6711 = DIRECTION('',(0.,1.,0.));
#6712 = PCURVE('',#6142,#6713);
#6713 = DEFINITIONAL_REPRESENTATION('',(#6714),#6718);
#6714 = LINE('',#6715,#6716);
#6715 = CARTESIAN_POINT('',(4.2,-1.5));
#6716 = VECTOR('',#6717,1.);
#6717 = DIRECTION('',(0.,1.));
#6718 = ( GEOMETRIC_REPRESENTATION_CONTEXT(2) 
PARAMETRIC_REPRESENTATION_CONTEXT() REPRESENTATION_CONTEXT('2D SPACE',''
  ) );
#6719 = PCURVE('',#6720,#6725);
#6720 = PLANE('',#6721);
#6721 = AXIS2_PLACEMENT_3D('',#6722,#6723,#6724);
#6722 = CARTESIAN_POINT('',(-77.3,-10.5,2.5));
#6723 = DIRECTION('',(1.,0.,0.));
#6724 = DIRECTION('',(0.,0.,1.));
#6725 = DEFINITIONAL_REPRESENTATION('',(#6726),#6730);
#6726 = LINE('',#6727,#6728);
#6727 = CARTESIAN_POINT('',(0.,0.));
#6728 = VECTOR('',#6729,1.);
#6729 = DIRECTION('',(0.,-1.));
#6730 = ( GEOMETRIC_REPRESENTATION_CONTEXT(2) 
PARAMETRIC_REPRESENTATION_CONTEXT() REPRESENTATION_CONTEXT('2D SPACE',''
  ) );
#6731 = ADVANCED_FACE('',(#6732),#6114,.F.);
#6732 = FACE_BOUND('',#6733,.F.);
#6733 = EDGE_LOOP('',(#6734,#6757,#6758,#6759));
#6734 = ORIENTED_EDGE('',*,*,#6735,.F.);
#6735 = EDGE_CURVE('',#6483,#6736,#6738,.T.);
#6736 = VERTEX_POINT('',#6737);
#6737 = CARTESIAN_POINT('',(-77.3,5.,8.));
#6738 = SURFACE_CURVE('',#6739,(#6743,#6750),.PCURVE_S1.);
#6739 = LINE('',#6740,#6741);
#6740 = CARTESIAN_POINT('',(-77.3,5.,2.5));
#6741 = VECTOR('',#6742,1.);
#6742 = DIRECTION('',(0.,0.,1.));
#6743 = PCURVE('',#6114,#6744);
#6744 = DEFINITIONAL_REPRESENTATION('',(#6745),#6749);
#6745 = LINE('',#6746,#6747);
#6746 = CARTESIAN_POINT('',(0.,4.2));
#6747 = VECTOR('',#6748,1.);
#6748 = DIRECTION('',(1.,0.));
#6749 = ( GEOMETRIC_REPRESENTATION_CONTEXT(2) 
PARAMETRIC_REPRESENTATION_CONTEXT() REPRESENTATION_CONTEXT('2D SPACE',''
  ) );
#6750 = PCURVE('',#6720,#6751);
#6751 = DEFINITIONAL_REPRESENTATION('',(#6752),#6756);
#6752 = LINE('',#6753,#6754);
#6753 = CARTESIAN_POINT('',(0.,-15.5));
#6754 = VECTOR('',#6755,1.);
#6755 = DIRECTION('',(1.,0.));
#6756 = ( GEOMETRIC_REPRESENTATION_CONTEXT(2) 
PARAMETRIC_REPRESENTATION_CONTEXT() REPRESENTATION_CONTEXT('2D SPACE',''
  ) );
#6757 = ORIENTED_EDGE('',*,*,#6482,.F.);
#6758 = ORIENTED_EDGE('',*,*,#6098,.T.);
#6759 = ORIENTED_EDGE('',*,*,#6760,.T.);
#6760 = EDGE_CURVE('',#6071,#6736,#6761,.T.);
#6761 = SURFACE_CURVE('',#6762,(#6766,#6773),.PCURVE_S1.);
#6762 = LINE('',#6763,#6764);
#6763 = CARTESIAN_POINT('',(-81.5,5.,8.));
#6764 = VECTOR('',#6765,1.);
#6765 = DIRECTION('',(1.,0.,0.));
#6766 = PCURVE('',#6114,#6767);
#6767 = DEFINITIONAL_REPRESENTATION('',(#6768),#6772);
#6768 = LINE('',#6769,#6770);
#6769 = CARTESIAN_POINT('',(5.5,0.));
#6770 = VECTOR('',#6771,1.);
#6771 = DIRECTION('',(0.,1.));
#6772 = ( GEOMETRIC_REPRESENTATION_CONTEXT(2) 
PARAMETRIC_REPRESENTATION_CONTEXT() REPRESENTATION_CONTEXT('2D SPACE',''
  ) );
#6773 = PCURVE('',#6086,#6774);
#6774 = DEFINITIONAL_REPRESENTATION('',(#6775),#6779);
#6775 = LINE('',#6776,#6777);
#6776 = CARTESIAN_POINT('',(-1.5,19.));
#6777 = VECTOR('',#6778,1.);
#6778 = DIRECTION('',(1.,0.));
#6779 = ( GEOMETRIC_REPRESENTATION_CONTEXT(2) 
PARAMETRIC_REPRESENTATION_CONTEXT() REPRESENTATION_CONTEXT('2D SPACE',''
  ) );
#6780 = ADVANCED_FACE('',(#6781),#6086,.T.);
#6781 = FACE_BOUND('',#6782,.T.);
#6782 = EDGE_LOOP('',(#6783,#6808,#6831,#6854,#6882,#6910,#6938,#6966,
    #6987,#6988,#6989,#7012));
#6783 = ORIENTED_EDGE('',*,*,#6784,.F.);
#6784 = EDGE_CURVE('',#6785,#6787,#6789,.T.);
#6785 = VERTEX_POINT('',#6786);
#6786 = CARTESIAN_POINT('',(-51.7,5.,8.));
#6787 = VERTEX_POINT('',#6788);
#6788 = CARTESIAN_POINT('',(-51.7,6.5,8.));
#6789 = SURFACE_CURVE('',#6790,(#6794,#6801),.PCURVE_S1.);
#6790 = LINE('',#6791,#6792);
#6791 = CARTESIAN_POINT('',(-51.7,-10.5,8.));
#6792 = VECTOR('',#6793,1.);
#6793 = DIRECTION('',(0.,1.,0.));
#6794 = PCURVE('',#6086,#6795);
#6795 = DEFINITIONAL_REPRESENTATION('',(#6796),#6800);
#6796 = LINE('',#6797,#6798);
#6797 = CARTESIAN_POINT('',(28.3,3.5));
#6798 = VECTOR('',#6799,1.);
#6799 = DIRECTION('',(0.,1.));
#6800 = ( GEOMETRIC_REPRESENTATION_CONTEXT(2) 
PARAMETRIC_REPRESENTATION_CONTEXT() REPRESENTATION_CONTEXT('2D SPACE',''
  ) );
#6801 = PCURVE('',#6666,#6802);
#6802 = DEFINITIONAL_REPRESENTATION('',(#6803),#6807);
#6803 = LINE('',#6804,#6805);
#6804 = CARTESIAN_POINT('',(5.5,0.));
#6805 = VECTOR('',#6806,1.);
#6806 = DIRECTION('',(0.,-1.));
#6807 = ( GEOMETRIC_REPRESENTATION_CONTEXT(2) 
PARAMETRIC_REPRESENTATION_CONTEXT() REPRESENTATION_CONTEXT('2D SPACE',''
  ) );
#6808 = ORIENTED_EDGE('',*,*,#6809,.T.);
#6809 = EDGE_CURVE('',#6785,#6810,#6812,.T.);
#6810 = VERTEX_POINT('',#6811);
#6811 = CARTESIAN_POINT('',(-49.,5.,8.));
#6812 = SURFACE_CURVE('',#6813,(#6817,#6824),.PCURVE_S1.);
#6813 = LINE('',#6814,#6815);
#6814 = CARTESIAN_POINT('',(-52.5,5.,8.));
#6815 = VECTOR('',#6816,1.);
#6816 = DIRECTION('',(1.,0.,0.));
#6817 = PCURVE('',#6086,#6818);
#6818 = DEFINITIONAL_REPRESENTATION('',(#6819),#6823);
#6819 = LINE('',#6820,#6821);
#6820 = CARTESIAN_POINT('',(27.5,19.));
#6821 = VECTOR('',#6822,1.);
#6822 = DIRECTION('',(1.,0.));
#6823 = ( GEOMETRIC_REPRESENTATION_CONTEXT(2) 
PARAMETRIC_REPRESENTATION_CONTEXT() REPRESENTATION_CONTEXT('2D SPACE',''
  ) );
#6824 = PCURVE('',#6638,#6825);
#6825 = DEFINITIONAL_REPRESENTATION('',(#6826),#6830);
#6826 = LINE('',#6827,#6828);
#6827 = CARTESIAN_POINT('',(5.5,0.));
#6828 = VECTOR('',#6829,1.);
#6829 = DIRECTION('',(0.,1.));
#6830 = ( GEOMETRIC_REPRESENTATION_CONTEXT(2) 
PARAMETRIC_REPRESENTATION_CONTEXT() REPRESENTATION_CONTEXT('2D SPACE',''
  ) );
#6831 = ORIENTED_EDGE('',*,*,#6832,.T.);
#6832 = EDGE_CURVE('',#6810,#6833,#6835,.T.);
#6833 = VERTEX_POINT('',#6834);
#6834 = CARTESIAN_POINT('',(-49.,31.,8.));
#6835 = SURFACE_CURVE('',#6836,(#6840,#6847),.PCURVE_S1.);
#6836 = LINE('',#6837,#6838);
#6837 = CARTESIAN_POINT('',(-49.,-14.,8.));
#6838 = VECTOR('',#6839,1.);
#6839 = DIRECTION('',(0.,1.,0.));
#6840 = PCURVE('',#6086,#6841);
#6841 = DEFINITIONAL_REPRESENTATION('',(#6842),#6846);
#6842 = LINE('',#6843,#6844);
#6843 = CARTESIAN_POINT('',(31.,0.));
#6844 = VECTOR('',#6845,1.);
#6845 = DIRECTION('',(0.,1.));
#6846 = ( GEOMETRIC_REPRESENTATION_CONTEXT(2) 
PARAMETRIC_REPRESENTATION_CONTEXT() REPRESENTATION_CONTEXT('2D SPACE',''
  ) );
#6847 = PCURVE('',#6285,#6848);
#6848 = DEFINITIONAL_REPRESENTATION('',(#6849),#6853);
#6849 = LINE('',#6850,#6851);
#6850 = CARTESIAN_POINT('',(8.,0.));
#6851 = VECTOR('',#6852,1.);
#6852 = DIRECTION('',(0.,-1.));
#6853 = ( GEOMETRIC_REPRESENTATION_CONTEXT(2) 
PARAMETRIC_REPRESENTATION_CONTEXT() REPRESENTATION_CONTEXT('2D SPACE',''
  ) );
#6854 = ORIENTED_EDGE('',*,*,#6855,.F.);
#6855 = EDGE_CURVE('',#6856,#6833,#6858,.T.);
#6856 = VERTEX_POINT('',#6857);
#6857 = CARTESIAN_POINT('',(-51.7,31.,8.));
#6858 = SURFACE_CURVE('',#6859,(#6863,#6870),.PCURVE_S1.);
#6859 = LINE('',#6860,#6861);
#6860 = CARTESIAN_POINT('',(-52.5,31.,8.));
#6861 = VECTOR('',#6862,1.);
#6862 = DIRECTION('',(1.,0.,0.));
#6863 = PCURVE('',#6086,#6864);
#6864 = DEFINITIONAL_REPRESENTATION('',(#6865),#6869);
#6865 = LINE('',#6866,#6867);
#6866 = CARTESIAN_POINT('',(27.5,45.));
#6867 = VECTOR('',#6868,1.);
#6868 = DIRECTION('',(1.,0.));
#6869 = ( GEOMETRIC_REPRESENTATION_CONTEXT(2) 
PARAMETRIC_REPRESENTATION_CONTEXT() REPRESENTATION_CONTEXT('2D SPACE',''
  ) );
#6870 = PCURVE('',#6871,#6876);
#6871 = PLANE('',#6872);
#6872 = AXIS2_PLACEMENT_3D('',#6873,#6874,#6875);
#6873 = CARTESIAN_POINT('',(-52.5,31.,2.5));
#6874 = DIRECTION('',(0.,1.,0.));
#6875 = DIRECTION('',(0.,-0.,1.));
#6876 = DEFINITIONAL_REPRESENTATION('',(#6877),#6881);
#6877 = LINE('',#6878,#6879);
#6878 = CARTESIAN_POINT('',(5.5,0.));
#6879 = VECTOR('',#6880,1.);
#6880 = DIRECTION('',(0.,1.));
#6881 = ( GEOMETRIC_REPRESENTATION_CONTEXT(2) 
PARAMETRIC_REPRESENTATION_CONTEXT() REPRESENTATION_CONTEXT('2D SPACE',''
  ) );
#6882 = ORIENTED_EDGE('',*,*,#6883,.F.);
#6883 = EDGE_CURVE('',#6884,#6856,#6886,.T.);
#6884 = VERTEX_POINT('',#6885);
#6885 = CARTESIAN_POINT('',(-51.7,29.5,8.));
#6886 = SURFACE_CURVE('',#6887,(#6891,#6898),.PCURVE_S1.);
#6887 = LINE('',#6888,#6889);
#6888 = CARTESIAN_POINT('',(-51.7,29.5,8.));
#6889 = VECTOR('',#6890,1.);
#6890 = DIRECTION('',(0.,1.,0.));
#6891 = PCURVE('',#6086,#6892);
#6892 = DEFINITIONAL_REPRESENTATION('',(#6893),#6897);
#6893 = LINE('',#6894,#6895);
#6894 = CARTESIAN_POINT('',(28.3,43.5));
#6895 = VECTOR('',#6896,1.);
#6896 = DIRECTION('',(0.,1.));
#6897 = ( GEOMETRIC_REPRESENTATION_CONTEXT(2) 
PARAMETRIC_REPRESENTATION_CONTEXT() REPRESENTATION_CONTEXT('2D SPACE',''
  ) );
#6898 = PCURVE('',#6899,#6904);
#6899 = PLANE('',#6900);
#6900 = AXIS2_PLACEMENT_3D('',#6901,#6902,#6903);
#6901 = CARTESIAN_POINT('',(-51.7,29.5,2.5));
#6902 = DIRECTION('',(1.,0.,0.));
#6903 = DIRECTION('',(0.,0.,1.));
#6904 = DEFINITIONAL_REPRESENTATION('',(#6905),#6909);
#6905 = LINE('',#6906,#6907);
#6906 = CARTESIAN_POINT('',(5.5,0.));
#6907 = VECTOR('',#6908,1.);
#6908 = DIRECTION('',(0.,-1.));
#6909 = ( GEOMETRIC_REPRESENTATION_CONTEXT(2) 
PARAMETRIC_REPRESENTATION_CONTEXT() REPRESENTATION_CONTEXT('2D SPACE',''
  ) );
#6910 = ORIENTED_EDGE('',*,*,#6911,.F.);
#6911 = EDGE_CURVE('',#6912,#6884,#6914,.T.);
#6912 = VERTEX_POINT('',#6913);
#6913 = CARTESIAN_POINT('',(-77.3,29.5,8.));
#6914 = SURFACE_CURVE('',#6915,(#6919,#6926),.PCURVE_S1.);
#6915 = LINE('',#6916,#6917);
#6916 = CARTESIAN_POINT('',(-77.3,29.5,8.));
#6917 = VECTOR('',#6918,1.);
#6918 = DIRECTION('',(1.,0.,0.));
#6919 = PCURVE('',#6086,#6920);
#6920 = DEFINITIONAL_REPRESENTATION('',(#6921),#6925);
#6921 = LINE('',#6922,#6923);
#6922 = CARTESIAN_POINT('',(2.7,43.5));
#6923 = VECTOR('',#6924,1.);
#6924 = DIRECTION('',(1.,0.));
#6925 = ( GEOMETRIC_REPRESENTATION_CONTEXT(2) 
PARAMETRIC_REPRESENTATION_CONTEXT() REPRESENTATION_CONTEXT('2D SPACE',''
  ) );
#6926 = PCURVE('',#6927,#6932);
#6927 = PLANE('',#6928);
#6928 = AXIS2_PLACEMENT_3D('',#6929,#6930,#6931);
#6929 = CARTESIAN_POINT('',(-77.3,29.5,2.5));
#6930 = DIRECTION('',(0.,1.,0.));
#6931 = DIRECTION('',(0.,-0.,1.));
#6932 = DEFINITIONAL_REPRESENTATION('',(#6933),#6937);
#6933 = LINE('',#6934,#6935);
#6934 = CARTESIAN_POINT('',(5.5,0.));
#6935 = VECTOR('',#6936,1.);
#6936 = DIRECTION('',(0.,1.));
#6937 = ( GEOMETRIC_REPRESENTATION_CONTEXT(2) 
PARAMETRIC_REPRESENTATION_CONTEXT() REPRESENTATION_CONTEXT('2D SPACE',''
  ) );
#6938 = ORIENTED_EDGE('',*,*,#6939,.T.);
#6939 = EDGE_CURVE('',#6912,#6940,#6942,.T.);
#6940 = VERTEX_POINT('',#6941);
#6941 = CARTESIAN_POINT('',(-77.3,31.,8.));
#6942 = SURFACE_CURVE('',#6943,(#6947,#6954),.PCURVE_S1.);
#6943 = LINE('',#6944,#6945);
#6944 = CARTESIAN_POINT('',(-77.3,29.5,8.));
#6945 = VECTOR('',#6946,1.);
#6946 = DIRECTION('',(0.,1.,0.));
#6947 = PCURVE('',#6086,#6948);
#6948 = DEFINITIONAL_REPRESENTATION('',(#6949),#6953);
#6949 = LINE('',#6950,#6951);
#6950 = CARTESIAN_POINT('',(2.7,43.5));
#6951 = VECTOR('',#6952,1.);
#6952 = DIRECTION('',(0.,1.));
#6953 = ( GEOMETRIC_REPRESENTATION_CONTEXT(2) 
PARAMETRIC_REPRESENTATION_CONTEXT() REPRESENTATION_CONTEXT('2D SPACE',''
  ) );
#6954 = PCURVE('',#6955,#6960);
#6955 = PLANE('',#6956);
#6956 = AXIS2_PLACEMENT_3D('',#6957,#6958,#6959);
#6957 = CARTESIAN_POINT('',(-77.3,29.5,2.5));
#6958 = DIRECTION('',(1.,0.,0.));
#6959 = DIRECTION('',(0.,0.,1.));
#6960 = DEFINITIONAL_REPRESENTATION('',(#6961),#6965);
#6961 = LINE('',#6962,#6963);
#6962 = CARTESIAN_POINT('',(5.5,0.));
#6963 = VECTOR('',#6964,1.);
#6964 = DIRECTION('',(0.,-1.));
#6965 = ( GEOMETRIC_REPRESENTATION_CONTEXT(2) 
PARAMETRIC_REPRESENTATION_CONTEXT() REPRESENTATION_CONTEXT('2D SPACE',''
  ) );
#6966 = ORIENTED_EDGE('',*,*,#6967,.F.);
#6967 = EDGE_CURVE('',#6043,#6940,#6968,.T.);
#6968 = SURFACE_CURVE('',#6969,(#6973,#6980),.PCURVE_S1.);
#6969 = LINE('',#6970,#6971);
#6970 = CARTESIAN_POINT('',(-81.5,31.,8.));
#6971 = VECTOR('',#6972,1.);
#6972 = DIRECTION('',(1.,0.,0.));
#6973 = PCURVE('',#6086,#6974);
#6974 = DEFINITIONAL_REPRESENTATION('',(#6975),#6979);
#6975 = LINE('',#6976,#6977);
#6976 = CARTESIAN_POINT('',(-1.5,45.));
#6977 = VECTOR('',#6978,1.);
#6978 = DIRECTION('',(1.,0.));
#6979 = ( GEOMETRIC_REPRESENTATION_CONTEXT(2) 
PARAMETRIC_REPRESENTATION_CONTEXT() REPRESENTATION_CONTEXT('2D SPACE',''
  ) );
#6980 = PCURVE('',#6058,#6981);
#6981 = DEFINITIONAL_REPRESENTATION('',(#6982),#6986);
#6982 = LINE('',#6983,#6984);
#6983 = CARTESIAN_POINT('',(5.5,0.));
#6984 = VECTOR('',#6985,1.);
#6985 = DIRECTION('',(0.,1.));
#6986 = ( GEOMETRIC_REPRESENTATION_CONTEXT(2) 
PARAMETRIC_REPRESENTATION_CONTEXT() REPRESENTATION_CONTEXT('2D SPACE',''
  ) );
#6987 = ORIENTED_EDGE('',*,*,#6070,.F.);
#6988 = ORIENTED_EDGE('',*,*,#6760,.T.);
#6989 = ORIENTED_EDGE('',*,*,#6990,.T.);
#6990 = EDGE_CURVE('',#6736,#6991,#6993,.T.);
#6991 = VERTEX_POINT('',#6992);
#6992 = CARTESIAN_POINT('',(-77.3,6.5,8.));
#6993 = SURFACE_CURVE('',#6994,(#6998,#7005),.PCURVE_S1.);
#6994 = LINE('',#6995,#6996);
#6995 = CARTESIAN_POINT('',(-77.3,-10.5,8.));
#6996 = VECTOR('',#6997,1.);
#6997 = DIRECTION('',(0.,1.,0.));
#6998 = PCURVE('',#6086,#6999);
#6999 = DEFINITIONAL_REPRESENTATION('',(#7000),#7004);
#7000 = LINE('',#7001,#7002);
#7001 = CARTESIAN_POINT('',(2.7,3.5));
#7002 = VECTOR('',#7003,1.);
#7003 = DIRECTION('',(0.,1.));
#7004 = ( GEOMETRIC_REPRESENTATION_CONTEXT(2) 
PARAMETRIC_REPRESENTATION_CONTEXT() REPRESENTATION_CONTEXT('2D SPACE',''
  ) );
#7005 = PCURVE('',#6720,#7006);
#7006 = DEFINITIONAL_REPRESENTATION('',(#7007),#7011);
#7007 = LINE('',#7008,#7009);
#7008 = CARTESIAN_POINT('',(5.5,0.));
#7009 = VECTOR('',#7010,1.);
#7010 = DIRECTION('',(0.,-1.));
#7011 = ( GEOMETRIC_REPRESENTATION_CONTEXT(2) 
PARAMETRIC_REPRESENTATION_CONTEXT() REPRESENTATION_CONTEXT('2D SPACE',''
  ) );
#7012 = ORIENTED_EDGE('',*,*,#7013,.T.);
#7013 = EDGE_CURVE('',#6991,#6787,#7014,.T.);
#7014 = SURFACE_CURVE('',#7015,(#7019,#7026),.PCURVE_S1.);
#7015 = LINE('',#7016,#7017);
#7016 = CARTESIAN_POINT('',(-77.3,6.5,8.));
#7017 = VECTOR('',#7018,1.);
#7018 = DIRECTION('',(1.,0.,0.));
#7019 = PCURVE('',#6086,#7020);
#7020 = DEFINITIONAL_REPRESENTATION('',(#7021),#7025);
#7021 = LINE('',#7022,#7023);
#7022 = CARTESIAN_POINT('',(2.7,20.5));
#7023 = VECTOR('',#7024,1.);
#7024 = DIRECTION('',(1.,0.));
#7025 = ( GEOMETRIC_REPRESENTATION_CONTEXT(2) 
PARAMETRIC_REPRESENTATION_CONTEXT() REPRESENTATION_CONTEXT('2D SPACE',''
  ) );
#7026 = PCURVE('',#6694,#7027);
#7027 = DEFINITIONAL_REPRESENTATION('',(#7028),#7032);
#7028 = LINE('',#7029,#7030);
#7029 = CARTESIAN_POINT('',(5.5,0.));
#7030 = VECTOR('',#7031,1.);
#7031 = DIRECTION('',(0.,1.));
#7032 = ( GEOMETRIC_REPRESENTATION_CONTEXT(2) 
PARAMETRIC_REPRESENTATION_CONTEXT() REPRESENTATION_CONTEXT('2D SPACE',''
  ) );
#7033 = ADVANCED_FACE('',(#7034),#6058,.T.);
#7034 = FACE_BOUND('',#7035,.T.);
#7035 = EDGE_LOOP('',(#7036,#7059,#7080,#7081));
#7036 = ORIENTED_EDGE('',*,*,#7037,.F.);
#7037 = EDGE_CURVE('',#7038,#6940,#7040,.T.);
#7038 = VERTEX_POINT('',#7039);
#7039 = CARTESIAN_POINT('',(-77.3,31.,2.5));
#7040 = SURFACE_CURVE('',#7041,(#7045,#7052),.PCURVE_S1.);
#7041 = LINE('',#7042,#7043);
#7042 = CARTESIAN_POINT('',(-77.3,31.,2.5));
#7043 = VECTOR('',#7044,1.);
#7044 = DIRECTION('',(0.,0.,1.));
#7045 = PCURVE('',#6058,#7046);
#7046 = DEFINITIONAL_REPRESENTATION('',(#7047),#7051);
#7047 = LINE('',#7048,#7049);
#7048 = CARTESIAN_POINT('',(0.,4.2));
#7049 = VECTOR('',#7050,1.);
#7050 = DIRECTION('',(1.,0.));
#7051 = ( GEOMETRIC_REPRESENTATION_CONTEXT(2) 
PARAMETRIC_REPRESENTATION_CONTEXT() REPRESENTATION_CONTEXT('2D SPACE',''
  ) );
#7052 = PCURVE('',#6955,#7053);
#7053 = DEFINITIONAL_REPRESENTATION('',(#7054),#7058);
#7054 = LINE('',#7055,#7056);
#7055 = CARTESIAN_POINT('',(0.,-1.5));
#7056 = VECTOR('',#7057,1.);
#7057 = DIRECTION('',(1.,0.));
#7058 = ( GEOMETRIC_REPRESENTATION_CONTEXT(2) 
PARAMETRIC_REPRESENTATION_CONTEXT() REPRESENTATION_CONTEXT('2D SPACE',''
  ) );
#7059 = ORIENTED_EDGE('',*,*,#7060,.F.);
#7060 = EDGE_CURVE('',#6015,#7038,#7061,.T.);
#7061 = SURFACE_CURVE('',#7062,(#7066,#7073),.PCURVE_S1.);
#7062 = LINE('',#7063,#7064);
#7063 = CARTESIAN_POINT('',(-81.5,31.,2.5));
#7064 = VECTOR('',#7065,1.);
#7065 = DIRECTION('',(1.,0.,0.));
#7066 = PCURVE('',#6058,#7067);
#7067 = DEFINITIONAL_REPRESENTATION('',(#7068),#7072);
#7068 = LINE('',#7069,#7070);
#7069 = CARTESIAN_POINT('',(0.,0.));
#7070 = VECTOR('',#7071,1.);
#7071 = DIRECTION('',(0.,1.));
#7072 = ( GEOMETRIC_REPRESENTATION_CONTEXT(2) 
PARAMETRIC_REPRESENTATION_CONTEXT() REPRESENTATION_CONTEXT('2D SPACE',''
  ) );
#7073 = PCURVE('',#6030,#7074);
#7074 = DEFINITIONAL_REPRESENTATION('',(#7075),#7079);
#7075 = LINE('',#7076,#7077);
#7076 = CARTESIAN_POINT('',(0.,0.));
#7077 = VECTOR('',#7078,1.);
#7078 = DIRECTION('',(1.,0.));
#7079 = ( GEOMETRIC_REPRESENTATION_CONTEXT(2) 
PARAMETRIC_REPRESENTATION_CONTEXT() REPRESENTATION_CONTEXT('2D SPACE',''
  ) );
#7080 = ORIENTED_EDGE('',*,*,#6042,.T.);
#7081 = ORIENTED_EDGE('',*,*,#6967,.T.);
#7082 = ADVANCED_FACE('',(#7083),#6030,.T.);
#7083 = FACE_BOUND('',#7084,.T.);
#7084 = EDGE_LOOP('',(#7085,#7108,#7109,#7110,#7133,#7156,#7179,#7202,
    #7225,#7253,#7281,#7309));
#7085 = ORIENTED_EDGE('',*,*,#7086,.F.);
#7086 = EDGE_CURVE('',#5987,#7087,#7089,.T.);
#7087 = VERTEX_POINT('',#7088);
#7088 = CARTESIAN_POINT('',(-77.3,45.,2.5));
#7089 = SURFACE_CURVE('',#7090,(#7094,#7101),.PCURVE_S1.);
#7090 = LINE('',#7091,#7092);
#7091 = CARTESIAN_POINT('',(-81.5,45.,2.5));
#7092 = VECTOR('',#7093,1.);
#7093 = DIRECTION('',(1.,0.,0.));
#7094 = PCURVE('',#6030,#7095);
#7095 = DEFINITIONAL_REPRESENTATION('',(#7096),#7100);
#7096 = LINE('',#7097,#7098);
#7097 = CARTESIAN_POINT('',(0.,14.));
#7098 = VECTOR('',#7099,1.);
#7099 = DIRECTION('',(1.,0.));
#7100 = ( GEOMETRIC_REPRESENTATION_CONTEXT(2) 
PARAMETRIC_REPRESENTATION_CONTEXT() REPRESENTATION_CONTEXT('2D SPACE',''
  ) );
#7101 = PCURVE('',#6002,#7102);
#7102 = DEFINITIONAL_REPRESENTATION('',(#7103),#7107);
#7103 = LINE('',#7104,#7105);
#7104 = CARTESIAN_POINT('',(0.,0.));
#7105 = VECTOR('',#7106,1.);
#7106 = DIRECTION('',(0.,1.));
#7107 = ( GEOMETRIC_REPRESENTATION_CONTEXT(2) 
PARAMETRIC_REPRESENTATION_CONTEXT() REPRESENTATION_CONTEXT('2D SPACE',''
  ) );
#7108 = ORIENTED_EDGE('',*,*,#6014,.T.);
#7109 = ORIENTED_EDGE('',*,*,#7060,.T.);
#7110 = ORIENTED_EDGE('',*,*,#7111,.F.);
#7111 = EDGE_CURVE('',#7112,#7038,#7114,.T.);
#7112 = VERTEX_POINT('',#7113);
#7113 = CARTESIAN_POINT('',(-77.3,29.5,2.5));
#7114 = SURFACE_CURVE('',#7115,(#7119,#7126),.PCURVE_S1.);
#7115 = LINE('',#7116,#7117);
#7116 = CARTESIAN_POINT('',(-77.3,29.5,2.5));
#7117 = VECTOR('',#7118,1.);
#7118 = DIRECTION('',(0.,1.,0.));
#7119 = PCURVE('',#6030,#7120);
#7120 = DEFINITIONAL_REPRESENTATION('',(#7121),#7125);
#7121 = LINE('',#7122,#7123);
#7122 = CARTESIAN_POINT('',(4.2,-1.5));
#7123 = VECTOR('',#7124,1.);
#7124 = DIRECTION('',(0.,1.));
#7125 = ( GEOMETRIC_REPRESENTATION_CONTEXT(2) 
PARAMETRIC_REPRESENTATION_CONTEXT() REPRESENTATION_CONTEXT('2D SPACE',''
  ) );
#7126 = PCURVE('',#6955,#7127);
#7127 = DEFINITIONAL_REPRESENTATION('',(#7128),#7132);
#7128 = LINE('',#7129,#7130);
#7129 = CARTESIAN_POINT('',(0.,0.));
#7130 = VECTOR('',#7131,1.);
#7131 = DIRECTION('',(0.,-1.));
#7132 = ( GEOMETRIC_REPRESENTATION_CONTEXT(2) 
PARAMETRIC_REPRESENTATION_CONTEXT() REPRESENTATION_CONTEXT('2D SPACE',''
  ) );
#7133 = ORIENTED_EDGE('',*,*,#7134,.T.);
#7134 = EDGE_CURVE('',#7112,#7135,#7137,.T.);
#7135 = VERTEX_POINT('',#7136);
#7136 = CARTESIAN_POINT('',(-51.7,29.5,2.5));
#7137 = SURFACE_CURVE('',#7138,(#7142,#7149),.PCURVE_S1.);
#7138 = LINE('',#7139,#7140);
#7139 = CARTESIAN_POINT('',(-77.3,29.5,2.5));
#7140 = VECTOR('',#7141,1.);
#7141 = DIRECTION('',(1.,0.,0.));
#7142 = PCURVE('',#6030,#7143);
#7143 = DEFINITIONAL_REPRESENTATION('',(#7144),#7148);
#7144 = LINE('',#7145,#7146);
#7145 = CARTESIAN_POINT('',(4.2,-1.5));
#7146 = VECTOR('',#7147,1.);
#7147 = DIRECTION('',(1.,0.));
#7148 = ( GEOMETRIC_REPRESENTATION_CONTEXT(2) 
PARAMETRIC_REPRESENTATION_CONTEXT() REPRESENTATION_CONTEXT('2D SPACE',''
  ) );
#7149 = PCURVE('',#6927,#7150);
#7150 = DEFINITIONAL_REPRESENTATION('',(#7151),#7155);
#7151 = LINE('',#7152,#7153);
#7152 = CARTESIAN_POINT('',(0.,0.));
#7153 = VECTOR('',#7154,1.);
#7154 = DIRECTION('',(0.,1.));
#7155 = ( GEOMETRIC_REPRESENTATION_CONTEXT(2) 
PARAMETRIC_REPRESENTATION_CONTEXT() REPRESENTATION_CONTEXT('2D SPACE',''
  ) );
#7156 = ORIENTED_EDGE('',*,*,#7157,.T.);
#7157 = EDGE_CURVE('',#7135,#7158,#7160,.T.);
#7158 = VERTEX_POINT('',#7159);
#7159 = CARTESIAN_POINT('',(-51.7,31.,2.5));
#7160 = SURFACE_CURVE('',#7161,(#7165,#7172),.PCURVE_S1.);
#7161 = LINE('',#7162,#7163);
#7162 = CARTESIAN_POINT('',(-51.7,29.5,2.5));
#7163 = VECTOR('',#7164,1.);
#7164 = DIRECTION('',(0.,1.,0.));
#7165 = PCURVE('',#6030,#7166);
#7166 = DEFINITIONAL_REPRESENTATION('',(#7167),#7171);
#7167 = LINE('',#7168,#7169);
#7168 = CARTESIAN_POINT('',(29.8,-1.5));
#7169 = VECTOR('',#7170,1.);
#7170 = DIRECTION('',(0.,1.));
#7171 = ( GEOMETRIC_REPRESENTATION_CONTEXT(2) 
PARAMETRIC_REPRESENTATION_CONTEXT() REPRESENTATION_CONTEXT('2D SPACE',''
  ) );
#7172 = PCURVE('',#6899,#7173);
#7173 = DEFINITIONAL_REPRESENTATION('',(#7174),#7178);
#7174 = LINE('',#7175,#7176);
#7175 = CARTESIAN_POINT('',(0.,0.));
#7176 = VECTOR('',#7177,1.);
#7177 = DIRECTION('',(0.,-1.));
#7178 = ( GEOMETRIC_REPRESENTATION_CONTEXT(2) 
PARAMETRIC_REPRESENTATION_CONTEXT() REPRESENTATION_CONTEXT('2D SPACE',''
  ) );
#7179 = ORIENTED_EDGE('',*,*,#7180,.T.);
#7180 = EDGE_CURVE('',#7158,#7181,#7183,.T.);
#7181 = VERTEX_POINT('',#7182);
#7182 = CARTESIAN_POINT('',(-49.,31.,2.5));
#7183 = SURFACE_CURVE('',#7184,(#7188,#7195),.PCURVE_S1.);
#7184 = LINE('',#7185,#7186);
#7185 = CARTESIAN_POINT('',(-52.5,31.,2.5));
#7186 = VECTOR('',#7187,1.);
#7187 = DIRECTION('',(1.,0.,0.));
#7188 = PCURVE('',#6030,#7189);
#7189 = DEFINITIONAL_REPRESENTATION('',(#7190),#7194);
#7190 = LINE('',#7191,#7192);
#7191 = CARTESIAN_POINT('',(29.,0.));
#7192 = VECTOR('',#7193,1.);
#7193 = DIRECTION('',(1.,0.));
#7194 = ( GEOMETRIC_REPRESENTATION_CONTEXT(2) 
PARAMETRIC_REPRESENTATION_CONTEXT() REPRESENTATION_CONTEXT('2D SPACE',''
  ) );
#7195 = PCURVE('',#6871,#7196);
#7196 = DEFINITIONAL_REPRESENTATION('',(#7197),#7201);
#7197 = LINE('',#7198,#7199);
#7198 = CARTESIAN_POINT('',(0.,0.));
#7199 = VECTOR('',#7200,1.);
#7200 = DIRECTION('',(0.,1.));
#7201 = ( GEOMETRIC_REPRESENTATION_CONTEXT(2) 
PARAMETRIC_REPRESENTATION_CONTEXT() REPRESENTATION_CONTEXT('2D SPACE',''
  ) );
#7202 = ORIENTED_EDGE('',*,*,#7203,.F.);
#7203 = EDGE_CURVE('',#7204,#7181,#7206,.T.);
#7204 = VERTEX_POINT('',#7205);
#7205 = CARTESIAN_POINT('',(-49.,45.,2.5));
#7206 = SURFACE_CURVE('',#7207,(#7211,#7218),.PCURVE_S1.);
#7207 = LINE('',#7208,#7209);
#7208 = CARTESIAN_POINT('',(-49.,8.5,2.5));
#7209 = VECTOR('',#7210,1.);
#7210 = DIRECTION('',(0.,-1.,0.));
#7211 = PCURVE('',#6030,#7212);
#7212 = DEFINITIONAL_REPRESENTATION('',(#7213),#7217);
#7213 = LINE('',#7214,#7215);
#7214 = CARTESIAN_POINT('',(32.5,-22.5));
#7215 = VECTOR('',#7216,1.);
#7216 = DIRECTION('',(0.,-1.));
#7217 = ( GEOMETRIC_REPRESENTATION_CONTEXT(2) 
PARAMETRIC_REPRESENTATION_CONTEXT() REPRESENTATION_CONTEXT('2D SPACE',''
  ) );
#7218 = PCURVE('',#6285,#7219);
#7219 = DEFINITIONAL_REPRESENTATION('',(#7220),#7224);
#7220 = LINE('',#7221,#7222);
#7221 = CARTESIAN_POINT('',(2.5,-22.5));
#7222 = VECTOR('',#7223,1.);
#7223 = DIRECTION('',(0.,1.));
#7224 = ( GEOMETRIC_REPRESENTATION_CONTEXT(2) 
PARAMETRIC_REPRESENTATION_CONTEXT() REPRESENTATION_CONTEXT('2D SPACE',''
  ) );
#7225 = ORIENTED_EDGE('',*,*,#7226,.F.);
#7226 = EDGE_CURVE('',#7227,#7204,#7229,.T.);
#7227 = VERTEX_POINT('',#7228);
#7228 = CARTESIAN_POINT('',(-51.7,45.,2.5));
#7229 = SURFACE_CURVE('',#7230,(#7234,#7241),.PCURVE_S1.);
#7230 = LINE('',#7231,#7232);
#7231 = CARTESIAN_POINT('',(-52.5,45.,2.5));
#7232 = VECTOR('',#7233,1.);
#7233 = DIRECTION('',(1.,0.,0.));
#7234 = PCURVE('',#6030,#7235);
#7235 = DEFINITIONAL_REPRESENTATION('',(#7236),#7240);
#7236 = LINE('',#7237,#7238);
#7237 = CARTESIAN_POINT('',(29.,14.));
#7238 = VECTOR('',#7239,1.);
#7239 = DIRECTION('',(1.,0.));
#7240 = ( GEOMETRIC_REPRESENTATION_CONTEXT(2) 
PARAMETRIC_REPRESENTATION_CONTEXT() REPRESENTATION_CONTEXT('2D SPACE',''
  ) );
#7241 = PCURVE('',#7242,#7247);
#7242 = PLANE('',#7243);
#7243 = AXIS2_PLACEMENT_3D('',#7244,#7245,#7246);
#7244 = CARTESIAN_POINT('',(-52.5,45.,2.5));
#7245 = DIRECTION('',(0.,1.,0.));
#7246 = DIRECTION('',(0.,-0.,1.));
#7247 = DEFINITIONAL_REPRESENTATION('',(#7248),#7252);
#7248 = LINE('',#7249,#7250);
#7249 = CARTESIAN_POINT('',(0.,0.));
#7250 = VECTOR('',#7251,1.);
#7251 = DIRECTION('',(0.,1.));
#7252 = ( GEOMETRIC_REPRESENTATION_CONTEXT(2) 
PARAMETRIC_REPRESENTATION_CONTEXT() REPRESENTATION_CONTEXT('2D SPACE',''
  ) );
#7253 = ORIENTED_EDGE('',*,*,#7254,.T.);
#7254 = EDGE_CURVE('',#7227,#7255,#7257,.T.);
#7255 = VERTEX_POINT('',#7256);
#7256 = CARTESIAN_POINT('',(-51.7,46.5,2.5));
#7257 = SURFACE_CURVE('',#7258,(#7262,#7269),.PCURVE_S1.);
#7258 = LINE('',#7259,#7260);
#7259 = CARTESIAN_POINT('',(-51.7,29.5,2.5));
#7260 = VECTOR('',#7261,1.);
#7261 = DIRECTION('',(0.,1.,0.));
#7262 = PCURVE('',#6030,#7263);
#7263 = DEFINITIONAL_REPRESENTATION('',(#7264),#7268);
#7264 = LINE('',#7265,#7266);
#7265 = CARTESIAN_POINT('',(29.8,-1.5));
#7266 = VECTOR('',#7267,1.);
#7267 = DIRECTION('',(0.,1.));
#7268 = ( GEOMETRIC_REPRESENTATION_CONTEXT(2) 
PARAMETRIC_REPRESENTATION_CONTEXT() REPRESENTATION_CONTEXT('2D SPACE',''
  ) );
#7269 = PCURVE('',#7270,#7275);
#7270 = PLANE('',#7271);
#7271 = AXIS2_PLACEMENT_3D('',#7272,#7273,#7274);
#7272 = CARTESIAN_POINT('',(-51.7,29.5,2.5));
#7273 = DIRECTION('',(1.,0.,0.));
#7274 = DIRECTION('',(0.,0.,1.));
#7275 = DEFINITIONAL_REPRESENTATION('',(#7276),#7280);
#7276 = LINE('',#7277,#7278);
#7277 = CARTESIAN_POINT('',(0.,0.));
#7278 = VECTOR('',#7279,1.);
#7279 = DIRECTION('',(0.,-1.));
#7280 = ( GEOMETRIC_REPRESENTATION_CONTEXT(2) 
PARAMETRIC_REPRESENTATION_CONTEXT() REPRESENTATION_CONTEXT('2D SPACE',''
  ) );
#7281 = ORIENTED_EDGE('',*,*,#7282,.F.);
#7282 = EDGE_CURVE('',#7283,#7255,#7285,.T.);
#7283 = VERTEX_POINT('',#7284);
#7284 = CARTESIAN_POINT('',(-77.3,46.5,2.5));
#7285 = SURFACE_CURVE('',#7286,(#7290,#7297),.PCURVE_S1.);
#7286 = LINE('',#7287,#7288);
#7287 = CARTESIAN_POINT('',(-77.3,46.5,2.5));
#7288 = VECTOR('',#7289,1.);
#7289 = DIRECTION('',(1.,0.,0.));
#7290 = PCURVE('',#6030,#7291);
#7291 = DEFINITIONAL_REPRESENTATION('',(#7292),#7296);
#7292 = LINE('',#7293,#7294);
#7293 = CARTESIAN_POINT('',(4.2,15.5));
#7294 = VECTOR('',#7295,1.);
#7295 = DIRECTION('',(1.,0.));
#7296 = ( GEOMETRIC_REPRESENTATION_CONTEXT(2) 
PARAMETRIC_REPRESENTATION_CONTEXT() REPRESENTATION_CONTEXT('2D SPACE',''
  ) );
#7297 = PCURVE('',#7298,#7303);
#7298 = PLANE('',#7299);
#7299 = AXIS2_PLACEMENT_3D('',#7300,#7301,#7302);
#7300 = CARTESIAN_POINT('',(-77.3,46.5,2.5));
#7301 = DIRECTION('',(0.,1.,0.));
#7302 = DIRECTION('',(0.,-0.,1.));
#7303 = DEFINITIONAL_REPRESENTATION('',(#7304),#7308);
#7304 = LINE('',#7305,#7306);
#7305 = CARTESIAN_POINT('',(0.,0.));
#7306 = VECTOR('',#7307,1.);
#7307 = DIRECTION('',(0.,1.));
#7308 = ( GEOMETRIC_REPRESENTATION_CONTEXT(2) 
PARAMETRIC_REPRESENTATION_CONTEXT() REPRESENTATION_CONTEXT('2D SPACE',''
  ) );
#7309 = ORIENTED_EDGE('',*,*,#7310,.F.);
#7310 = EDGE_CURVE('',#7087,#7283,#7311,.T.);
#7311 = SURFACE_CURVE('',#7312,(#7316,#7323),.PCURVE_S1.);
#7312 = LINE('',#7313,#7314);
#7313 = CARTESIAN_POINT('',(-77.3,29.5,2.5));
#7314 = VECTOR('',#7315,1.);
#7315 = DIRECTION('',(0.,1.,0.));
#7316 = PCURVE('',#6030,#7317);
#7317 = DEFINITIONAL_REPRESENTATION('',(#7318),#7322);
#7318 = LINE('',#7319,#7320);
#7319 = CARTESIAN_POINT('',(4.2,-1.5));
#7320 = VECTOR('',#7321,1.);
#7321 = DIRECTION('',(0.,1.));
#7322 = ( GEOMETRIC_REPRESENTATION_CONTEXT(2) 
PARAMETRIC_REPRESENTATION_CONTEXT() REPRESENTATION_CONTEXT('2D SPACE',''
  ) );
#7323 = PCURVE('',#7324,#7329);
#7324 = PLANE('',#7325);
#7325 = AXIS2_PLACEMENT_3D('',#7326,#7327,#7328);
#7326 = CARTESIAN_POINT('',(-77.3,29.5,2.5));
#7327 = DIRECTION('',(1.,0.,0.));
#7328 = DIRECTION('',(0.,0.,1.));
#7329 = DEFINITIONAL_REPRESENTATION('',(#7330),#7334);
#7330 = LINE('',#7331,#7332);
#7331 = CARTESIAN_POINT('',(0.,0.));
#7332 = VECTOR('',#7333,1.);
#7333 = DIRECTION('',(0.,-1.));
#7334 = ( GEOMETRIC_REPRESENTATION_CONTEXT(2) 
PARAMETRIC_REPRESENTATION_CONTEXT() REPRESENTATION_CONTEXT('2D SPACE',''
  ) );
#7335 = ADVANCED_FACE('',(#7336),#6002,.F.);
#7336 = FACE_BOUND('',#7337,.F.);
#7337 = EDGE_LOOP('',(#7338,#7361,#7362,#7363));
#7338 = ORIENTED_EDGE('',*,*,#7339,.F.);
#7339 = EDGE_CURVE('',#7087,#7340,#7342,.T.);
#7340 = VERTEX_POINT('',#7341);
#7341 = CARTESIAN_POINT('',(-77.3,45.,8.));
#7342 = SURFACE_CURVE('',#7343,(#7347,#7354),.PCURVE_S1.);
#7343 = LINE('',#7344,#7345);
#7344 = CARTESIAN_POINT('',(-77.3,45.,2.5));
#7345 = VECTOR('',#7346,1.);
#7346 = DIRECTION('',(0.,0.,1.));
#7347 = PCURVE('',#6002,#7348);
#7348 = DEFINITIONAL_REPRESENTATION('',(#7349),#7353);
#7349 = LINE('',#7350,#7351);
#7350 = CARTESIAN_POINT('',(0.,4.2));
#7351 = VECTOR('',#7352,1.);
#7352 = DIRECTION('',(1.,0.));
#7353 = ( GEOMETRIC_REPRESENTATION_CONTEXT(2) 
PARAMETRIC_REPRESENTATION_CONTEXT() REPRESENTATION_CONTEXT('2D SPACE',''
  ) );
#7354 = PCURVE('',#7324,#7355);
#7355 = DEFINITIONAL_REPRESENTATION('',(#7356),#7360);
#7356 = LINE('',#7357,#7358);
#7357 = CARTESIAN_POINT('',(0.,-15.5));
#7358 = VECTOR('',#7359,1.);
#7359 = DIRECTION('',(1.,0.));
#7360 = ( GEOMETRIC_REPRESENTATION_CONTEXT(2) 
PARAMETRIC_REPRESENTATION_CONTEXT() REPRESENTATION_CONTEXT('2D SPACE',''
  ) );
#7361 = ORIENTED_EDGE('',*,*,#7086,.F.);
#7362 = ORIENTED_EDGE('',*,*,#5986,.T.);
#7363 = ORIENTED_EDGE('',*,*,#7364,.T.);
#7364 = EDGE_CURVE('',#5959,#7340,#7365,.T.);
#7365 = SURFACE_CURVE('',#7366,(#7370,#7377),.PCURVE_S1.);
#7366 = LINE('',#7367,#7368);
#7367 = CARTESIAN_POINT('',(-81.5,45.,8.));
#7368 = VECTOR('',#7369,1.);
#7369 = DIRECTION('',(1.,0.,0.));
#7370 = PCURVE('',#6002,#7371);
#7371 = DEFINITIONAL_REPRESENTATION('',(#7372),#7376);
#7372 = LINE('',#7373,#7374);
#7373 = CARTESIAN_POINT('',(5.5,0.));
#7374 = VECTOR('',#7375,1.);
#7375 = DIRECTION('',(0.,1.));
#7376 = ( GEOMETRIC_REPRESENTATION_CONTEXT(2) 
PARAMETRIC_REPRESENTATION_CONTEXT() REPRESENTATION_CONTEXT('2D SPACE',''
  ) );
#7377 = PCURVE('',#5974,#7378);
#7378 = DEFINITIONAL_REPRESENTATION('',(#7379),#7383);
#7379 = LINE('',#7380,#7381);
#7380 = CARTESIAN_POINT('',(-1.5,59.));
#7381 = VECTOR('',#7382,1.);
#7382 = DIRECTION('',(1.,0.));
#7383 = ( GEOMETRIC_REPRESENTATION_CONTEXT(2) 
PARAMETRIC_REPRESENTATION_CONTEXT() REPRESENTATION_CONTEXT('2D SPACE',''
  ) );
#7384 = ADVANCED_FACE('',(#7385),#5974,.T.);
#7385 = FACE_BOUND('',#7386,.T.);
#7386 = EDGE_LOOP('',(#7387,#7412,#7435,#7464,#7492,#7518,#7519,#7520,
    #7543,#7566));
#7387 = ORIENTED_EDGE('',*,*,#7388,.T.);
#7388 = EDGE_CURVE('',#7389,#7391,#7393,.T.);
#7389 = VERTEX_POINT('',#7390);
#7390 = CARTESIAN_POINT('',(-51.7,45.,8.));
#7391 = VERTEX_POINT('',#7392);
#7392 = CARTESIAN_POINT('',(-49.,45.,8.));
#7393 = SURFACE_CURVE('',#7394,(#7398,#7405),.PCURVE_S1.);
#7394 = LINE('',#7395,#7396);
#7395 = CARTESIAN_POINT('',(-52.5,45.,8.));
#7396 = VECTOR('',#7397,1.);
#7397 = DIRECTION('',(1.,0.,0.));
#7398 = PCURVE('',#5974,#7399);
#7399 = DEFINITIONAL_REPRESENTATION('',(#7400),#7404);
#7400 = LINE('',#7401,#7402);
#7401 = CARTESIAN_POINT('',(27.5,59.));
#7402 = VECTOR('',#7403,1.);
#7403 = DIRECTION('',(1.,0.));
#7404 = ( GEOMETRIC_REPRESENTATION_CONTEXT(2) 
PARAMETRIC_REPRESENTATION_CONTEXT() REPRESENTATION_CONTEXT('2D SPACE',''
  ) );
#7405 = PCURVE('',#7242,#7406);
#7406 = DEFINITIONAL_REPRESENTATION('',(#7407),#7411);
#7407 = LINE('',#7408,#7409);
#7408 = CARTESIAN_POINT('',(5.5,0.));
#7409 = VECTOR('',#7410,1.);
#7410 = DIRECTION('',(0.,1.));
#7411 = ( GEOMETRIC_REPRESENTATION_CONTEXT(2) 
PARAMETRIC_REPRESENTATION_CONTEXT() REPRESENTATION_CONTEXT('2D SPACE',''
  ) );
#7412 = ORIENTED_EDGE('',*,*,#7413,.T.);
#7413 = EDGE_CURVE('',#7391,#7414,#7416,.T.);
#7414 = VERTEX_POINT('',#7415);
#7415 = CARTESIAN_POINT('',(-49.,48.,8.));
#7416 = SURFACE_CURVE('',#7417,(#7421,#7428),.PCURVE_S1.);
#7417 = LINE('',#7418,#7419);
#7418 = CARTESIAN_POINT('',(-49.,-14.,8.));
#7419 = VECTOR('',#7420,1.);
#7420 = DIRECTION('',(0.,1.,0.));
#7421 = PCURVE('',#5974,#7422);
#7422 = DEFINITIONAL_REPRESENTATION('',(#7423),#7427);
#7423 = LINE('',#7424,#7425);
#7424 = CARTESIAN_POINT('',(31.,0.));
#7425 = VECTOR('',#7426,1.);
#7426 = DIRECTION('',(0.,1.));
#7427 = ( GEOMETRIC_REPRESENTATION_CONTEXT(2) 
PARAMETRIC_REPRESENTATION_CONTEXT() REPRESENTATION_CONTEXT('2D SPACE',''
  ) );
#7428 = PCURVE('',#6285,#7429);
#7429 = DEFINITIONAL_REPRESENTATION('',(#7430),#7434);
#7430 = LINE('',#7431,#7432);
#7431 = CARTESIAN_POINT('',(8.,0.));
#7432 = VECTOR('',#7433,1.);
#7433 = DIRECTION('',(0.,-1.));
#7434 = ( GEOMETRIC_REPRESENTATION_CONTEXT(2) 
PARAMETRIC_REPRESENTATION_CONTEXT() REPRESENTATION_CONTEXT('2D SPACE',''
  ) );
#7435 = ORIENTED_EDGE('',*,*,#7436,.T.);
#7436 = EDGE_CURVE('',#7414,#7437,#7439,.T.);
#7437 = VERTEX_POINT('',#7438);
#7438 = CARTESIAN_POINT('',(-51.,50.,8.));
#7439 = SURFACE_CURVE('',#7440,(#7445,#7452),.PCURVE_S1.);
#7440 = CIRCLE('',#7441,2.);
#7441 = AXIS2_PLACEMENT_3D('',#7442,#7443,#7444);
#7442 = CARTESIAN_POINT('',(-51.,48.,8.));
#7443 = DIRECTION('',(0.,0.,1.));
#7444 = DIRECTION('',(0.,-1.,0.));
#7445 = PCURVE('',#5974,#7446);
#7446 = DEFINITIONAL_REPRESENTATION('',(#7447),#7451);
#7447 = CIRCLE('',#7448,2.);
#7448 = AXIS2_PLACEMENT_2D('',#7449,#7450);
#7449 = CARTESIAN_POINT('',(29.,62.));
#7450 = DIRECTION('',(0.,-1.));
#7451 = ( GEOMETRIC_REPRESENTATION_CONTEXT(2) 
PARAMETRIC_REPRESENTATION_CONTEXT() REPRESENTATION_CONTEXT('2D SPACE',''
  ) );
#7452 = PCURVE('',#7453,#7458);
#7453 = CYLINDRICAL_SURFACE('',#7454,2.);
#7454 = AXIS2_PLACEMENT_3D('',#7455,#7456,#7457);
#7455 = CARTESIAN_POINT('',(-51.,48.,0.));
#7456 = DIRECTION('',(0.,0.,1.));
#7457 = DIRECTION('',(1.,0.,-0.));
#7458 = DEFINITIONAL_REPRESENTATION('',(#7459),#7463);
#7459 = LINE('',#7460,#7461);
#7460 = CARTESIAN_POINT('',(-1.570796326795,8.));
#7461 = VECTOR('',#7462,1.);
#7462 = DIRECTION('',(1.,0.));
#7463 = ( GEOMETRIC_REPRESENTATION_CONTEXT(2) 
PARAMETRIC_REPRESENTATION_CONTEXT() REPRESENTATION_CONTEXT('2D SPACE',''
  ) );
#7464 = ORIENTED_EDGE('',*,*,#7465,.F.);
#7465 = EDGE_CURVE('',#7466,#7437,#7468,.T.);
#7466 = VERTEX_POINT('',#7467);
#7467 = CARTESIAN_POINT('',(-78.,50.,8.));
#7468 = SURFACE_CURVE('',#7469,(#7473,#7480),.PCURVE_S1.);
#7469 = LINE('',#7470,#7471);
#7470 = CARTESIAN_POINT('',(-80.,50.,8.));
#7471 = VECTOR('',#7472,1.);
#7472 = DIRECTION('',(1.,0.,0.));
#7473 = PCURVE('',#5974,#7474);
#7474 = DEFINITIONAL_REPRESENTATION('',(#7475),#7479);
#7475 = LINE('',#7476,#7477);
#7476 = CARTESIAN_POINT('',(0.,64.));
#7477 = VECTOR('',#7478,1.);
#7478 = DIRECTION('',(1.,0.));
#7479 = ( GEOMETRIC_REPRESENTATION_CONTEXT(2) 
PARAMETRIC_REPRESENTATION_CONTEXT() REPRESENTATION_CONTEXT('2D SPACE',''
  ) );
#7480 = PCURVE('',#7481,#7486);
#7481 = PLANE('',#7482);
#7482 = AXIS2_PLACEMENT_3D('',#7483,#7484,#7485);
#7483 = CARTESIAN_POINT('',(-80.,50.,0.));
#7484 = DIRECTION('',(0.,1.,0.));
#7485 = DIRECTION('',(0.,-0.,1.));
#7486 = DEFINITIONAL_REPRESENTATION('',(#7487),#7491);
#7487 = LINE('',#7488,#7489);
#7488 = CARTESIAN_POINT('',(8.,0.));
#7489 = VECTOR('',#7490,1.);
#7490 = DIRECTION('',(0.,1.));
#7491 = ( GEOMETRIC_REPRESENTATION_CONTEXT(2) 
PARAMETRIC_REPRESENTATION_CONTEXT() REPRESENTATION_CONTEXT('2D SPACE',''
  ) );
#7492 = ORIENTED_EDGE('',*,*,#7493,.F.);
#7493 = EDGE_CURVE('',#5931,#7466,#7494,.T.);
#7494 = SURFACE_CURVE('',#7495,(#7500,#7511),.PCURVE_S1.);
#7495 = CIRCLE('',#7496,2.);
#7496 = AXIS2_PLACEMENT_3D('',#7497,#7498,#7499);
#7497 = CARTESIAN_POINT('',(-78.,48.,8.));
#7498 = DIRECTION('',(-0.,-0.,-1.));
#7499 = DIRECTION('',(0.,-1.,0.));
#7500 = PCURVE('',#5974,#7501);
#7501 = DEFINITIONAL_REPRESENTATION('',(#7502),#7510);
#7502 = ( BOUNDED_CURVE() B_SPLINE_CURVE(2,(#7503,#7504,#7505,#7506,
#7507,#7508,#7509),.UNSPECIFIED.,.T.,.F.) B_SPLINE_CURVE_WITH_KNOTS((1,2
    ,2,2,2,1),(-2.094395102393,0.,2.094395102393,4.188790204786,
6.28318530718,8.377580409573),.UNSPECIFIED.) CURVE() 
GEOMETRIC_REPRESENTATION_ITEM() RATIONAL_B_SPLINE_CURVE((1.,0.5,1.,0.5,
1.,0.5,1.)) REPRESENTATION_ITEM('') );
#7503 = CARTESIAN_POINT('',(2.,60.));
#7504 = CARTESIAN_POINT('',(-1.464101615138,60.));
#7505 = CARTESIAN_POINT('',(0.267949192431,63.));
#7506 = CARTESIAN_POINT('',(2.,66.));
#7507 = CARTESIAN_POINT('',(3.732050807569,63.));
#7508 = CARTESIAN_POINT('',(5.464101615138,60.));
#7509 = CARTESIAN_POINT('',(2.,60.));
#7510 = ( GEOMETRIC_REPRESENTATION_CONTEXT(2) 
PARAMETRIC_REPRESENTATION_CONTEXT() REPRESENTATION_CONTEXT('2D SPACE',''
  ) );
#7511 = PCURVE('',#5946,#7512);
#7512 = DEFINITIONAL_REPRESENTATION('',(#7513),#7517);
#7513 = LINE('',#7514,#7515);
#7514 = CARTESIAN_POINT('',(7.853981633975,8.));
#7515 = VECTOR('',#7516,1.);
#7516 = DIRECTION('',(-1.,0.));
#7517 = ( GEOMETRIC_REPRESENTATION_CONTEXT(2) 
PARAMETRIC_REPRESENTATION_CONTEXT() REPRESENTATION_CONTEXT('2D SPACE',''
  ) );
#7518 = ORIENTED_EDGE('',*,*,#5958,.F.);
#7519 = ORIENTED_EDGE('',*,*,#7364,.T.);
#7520 = ORIENTED_EDGE('',*,*,#7521,.T.);
#7521 = EDGE_CURVE('',#7340,#7522,#7524,.T.);
#7522 = VERTEX_POINT('',#7523);
#7523 = CARTESIAN_POINT('',(-77.3,46.5,8.));
#7524 = SURFACE_CURVE('',#7525,(#7529,#7536),.PCURVE_S1.);
#7525 = LINE('',#7526,#7527);
#7526 = CARTESIAN_POINT('',(-77.3,29.5,8.));
#7527 = VECTOR('',#7528,1.);
#7528 = DIRECTION('',(0.,1.,0.));
#7529 = PCURVE('',#5974,#7530);
#7530 = DEFINITIONAL_REPRESENTATION('',(#7531),#7535);
#7531 = LINE('',#7532,#7533);
#7532 = CARTESIAN_POINT('',(2.7,43.5));
#7533 = VECTOR('',#7534,1.);
#7534 = DIRECTION('',(0.,1.));
#7535 = ( GEOMETRIC_REPRESENTATION_CONTEXT(2) 
PARAMETRIC_REPRESENTATION_CONTEXT() REPRESENTATION_CONTEXT('2D SPACE',''
  ) );
#7536 = PCURVE('',#7324,#7537);
#7537 = DEFINITIONAL_REPRESENTATION('',(#7538),#7542);
#7538 = LINE('',#7539,#7540);
#7539 = CARTESIAN_POINT('',(5.5,0.));
#7540 = VECTOR('',#7541,1.);
#7541 = DIRECTION('',(0.,-1.));
#7542 = ( GEOMETRIC_REPRESENTATION_CONTEXT(2) 
PARAMETRIC_REPRESENTATION_CONTEXT() REPRESENTATION_CONTEXT('2D SPACE',''
  ) );
#7543 = ORIENTED_EDGE('',*,*,#7544,.T.);
#7544 = EDGE_CURVE('',#7522,#7545,#7547,.T.);
#7545 = VERTEX_POINT('',#7546);
#7546 = CARTESIAN_POINT('',(-51.7,46.5,8.));
#7547 = SURFACE_CURVE('',#7548,(#7552,#7559),.PCURVE_S1.);
#7548 = LINE('',#7549,#7550);
#7549 = CARTESIAN_POINT('',(-77.3,46.5,8.));
#7550 = VECTOR('',#7551,1.);
#7551 = DIRECTION('',(1.,0.,0.));
#7552 = PCURVE('',#5974,#7553);
#7553 = DEFINITIONAL_REPRESENTATION('',(#7554),#7558);
#7554 = LINE('',#7555,#7556);
#7555 = CARTESIAN_POINT('',(2.7,60.5));
#7556 = VECTOR('',#7557,1.);
#7557 = DIRECTION('',(1.,0.));
#7558 = ( GEOMETRIC_REPRESENTATION_CONTEXT(2) 
PARAMETRIC_REPRESENTATION_CONTEXT() REPRESENTATION_CONTEXT('2D SPACE',''
  ) );
#7559 = PCURVE('',#7298,#7560);
#7560 = DEFINITIONAL_REPRESENTATION('',(#7561),#7565);
#7561 = LINE('',#7562,#7563);
#7562 = CARTESIAN_POINT('',(5.5,0.));
#7563 = VECTOR('',#7564,1.);
#7564 = DIRECTION('',(0.,1.));
#7565 = ( GEOMETRIC_REPRESENTATION_CONTEXT(2) 
PARAMETRIC_REPRESENTATION_CONTEXT() REPRESENTATION_CONTEXT('2D SPACE',''
  ) );
#7566 = ORIENTED_EDGE('',*,*,#7567,.F.);
#7567 = EDGE_CURVE('',#7389,#7545,#7568,.T.);
#7568 = SURFACE_CURVE('',#7569,(#7573,#7580),.PCURVE_S1.);
#7569 = LINE('',#7570,#7571);
#7570 = CARTESIAN_POINT('',(-51.7,29.5,8.));
#7571 = VECTOR('',#7572,1.);
#7572 = DIRECTION('',(0.,1.,0.));
#7573 = PCURVE('',#5974,#7574);
#7574 = DEFINITIONAL_REPRESENTATION('',(#7575),#7579);
#7575 = LINE('',#7576,#7577);
#7576 = CARTESIAN_POINT('',(28.3,43.5));
#7577 = VECTOR('',#7578,1.);
#7578 = DIRECTION('',(0.,1.));
#7579 = ( GEOMETRIC_REPRESENTATION_CONTEXT(2) 
PARAMETRIC_REPRESENTATION_CONTEXT() REPRESENTATION_CONTEXT('2D SPACE',''
  ) );
#7580 = PCURVE('',#7270,#7581);
#7581 = DEFINITIONAL_REPRESENTATION('',(#7582),#7586);
#7582 = LINE('',#7583,#7584);
#7583 = CARTESIAN_POINT('',(5.5,0.));
#7584 = VECTOR('',#7585,1.);
#7585 = DIRECTION('',(0.,-1.));
#7586 = ( GEOMETRIC_REPRESENTATION_CONTEXT(2) 
PARAMETRIC_REPRESENTATION_CONTEXT() REPRESENTATION_CONTEXT('2D SPACE',''
  ) );
#7587 = ADVANCED_FACE('',(#7588),#5946,.T.);
#7588 = FACE_BOUND('',#7589,.T.);
#7589 = EDGE_LOOP('',(#7590,#7591,#7592,#7615));
#7590 = ORIENTED_EDGE('',*,*,#5930,.T.);
#7591 = ORIENTED_EDGE('',*,*,#7493,.T.);
#7592 = ORIENTED_EDGE('',*,*,#7593,.F.);
#7593 = EDGE_CURVE('',#7594,#7466,#7596,.T.);
#7594 = VERTEX_POINT('',#7595);
#7595 = CARTESIAN_POINT('',(-78.,50.,0.));
#7596 = SURFACE_CURVE('',#7597,(#7601,#7608),.PCURVE_S1.);
#7597 = LINE('',#7598,#7599);
#7598 = CARTESIAN_POINT('',(-78.,50.,0.));
#7599 = VECTOR('',#7600,1.);
#7600 = DIRECTION('',(0.,0.,1.));
#7601 = PCURVE('',#5946,#7602);
#7602 = DEFINITIONAL_REPRESENTATION('',(#7603),#7607);
#7603 = LINE('',#7604,#7605);
#7604 = CARTESIAN_POINT('',(4.712388980385,0.));
#7605 = VECTOR('',#7606,1.);
#7606 = DIRECTION('',(-0.,1.));
#7607 = ( GEOMETRIC_REPRESENTATION_CONTEXT(2) 
PARAMETRIC_REPRESENTATION_CONTEXT() REPRESENTATION_CONTEXT('2D SPACE',''
  ) );
#7608 = PCURVE('',#7481,#7609);
#7609 = DEFINITIONAL_REPRESENTATION('',(#7610),#7614);
#7610 = LINE('',#7611,#7612);
#7611 = CARTESIAN_POINT('',(0.,2.));
#7612 = VECTOR('',#7613,1.);
#7613 = DIRECTION('',(1.,0.));
#7614 = ( GEOMETRIC_REPRESENTATION_CONTEXT(2) 
PARAMETRIC_REPRESENTATION_CONTEXT() REPRESENTATION_CONTEXT('2D SPACE',''
  ) );
#7615 = ORIENTED_EDGE('',*,*,#7616,.F.);
#7616 = EDGE_CURVE('',#5903,#7594,#7617,.T.);
#7617 = SURFACE_CURVE('',#7618,(#7623,#7630),.PCURVE_S1.);
#7618 = CIRCLE('',#7619,2.);
#7619 = AXIS2_PLACEMENT_3D('',#7620,#7621,#7622);
#7620 = CARTESIAN_POINT('',(-78.,48.,0.));
#7621 = DIRECTION('',(-0.,-0.,-1.));
#7622 = DIRECTION('',(0.,-1.,0.));
#7623 = PCURVE('',#5946,#7624);
#7624 = DEFINITIONAL_REPRESENTATION('',(#7625),#7629);
#7625 = LINE('',#7626,#7627);
#7626 = CARTESIAN_POINT('',(7.853981633975,0.));
#7627 = VECTOR('',#7628,1.);
#7628 = DIRECTION('',(-1.,0.));
#7629 = ( GEOMETRIC_REPRESENTATION_CONTEXT(2) 
PARAMETRIC_REPRESENTATION_CONTEXT() REPRESENTATION_CONTEXT('2D SPACE',''
  ) );
#7630 = PCURVE('',#5918,#7631);
#7631 = DEFINITIONAL_REPRESENTATION('',(#7632),#7640);
#7632 = ( BOUNDED_CURVE() B_SPLINE_CURVE(2,(#7633,#7634,#7635,#7636,
#7637,#7638,#7639),.UNSPECIFIED.,.T.,.F.) B_SPLINE_CURVE_WITH_KNOTS((1,2
    ,2,2,2,1),(-2.094395102393,0.,2.094395102393,4.188790204786,
6.28318530718,8.377580409573),.UNSPECIFIED.) CURVE() 
GEOMETRIC_REPRESENTATION_ITEM() RATIONAL_B_SPLINE_CURVE((1.,0.5,1.,0.5,
1.,0.5,1.)) REPRESENTATION_ITEM('') );
#7633 = CARTESIAN_POINT('',(2.,60.));
#7634 = CARTESIAN_POINT('',(-1.464101615138,60.));
#7635 = CARTESIAN_POINT('',(0.267949192431,63.));
#7636 = CARTESIAN_POINT('',(2.,66.));
#7637 = CARTESIAN_POINT('',(3.732050807569,63.));
#7638 = CARTESIAN_POINT('',(5.464101615138,60.));
#7639 = CARTESIAN_POINT('',(2.,60.));
#7640 = ( GEOMETRIC_REPRESENTATION_CONTEXT(2) 
PARAMETRIC_REPRESENTATION_CONTEXT() REPRESENTATION_CONTEXT('2D SPACE',''
  ) );
#7641 = ADVANCED_FACE('',(#7642,#7789),#5918,.F.);
#7642 = FACE_BOUND('',#7643,.F.);
#7643 = EDGE_LOOP('',(#7644,#7645,#7669,#7692,#7720,#7743,#7767,#7788));
#7644 = ORIENTED_EDGE('',*,*,#5902,.F.);
#7645 = ORIENTED_EDGE('',*,*,#7646,.T.);
#7646 = EDGE_CURVE('',#5875,#7647,#7649,.T.);
#7647 = VERTEX_POINT('',#7648);
#7648 = CARTESIAN_POINT('',(-78.,-14.,0.));
#7649 = SURFACE_CURVE('',#7650,(#7655,#7662),.PCURVE_S1.);
#7650 = CIRCLE('',#7651,2.);
#7651 = AXIS2_PLACEMENT_3D('',#7652,#7653,#7654);
#7652 = CARTESIAN_POINT('',(-78.,-12.,0.));
#7653 = DIRECTION('',(0.,0.,1.));
#7654 = DIRECTION('',(0.,-1.,0.));
#7655 = PCURVE('',#5918,#7656);
#7656 = DEFINITIONAL_REPRESENTATION('',(#7657),#7661);
#7657 = CIRCLE('',#7658,2.);
#7658 = AXIS2_PLACEMENT_2D('',#7659,#7660);
#7659 = CARTESIAN_POINT('',(2.,2.));
#7660 = DIRECTION('',(0.,-1.));
#7661 = ( GEOMETRIC_REPRESENTATION_CONTEXT(2) 
PARAMETRIC_REPRESENTATION_CONTEXT() REPRESENTATION_CONTEXT('2D SPACE',''
  ) );
#7662 = PCURVE('',#5890,#7663);
#7663 = DEFINITIONAL_REPRESENTATION('',(#7664),#7668);
#7664 = LINE('',#7665,#7666);
#7665 = CARTESIAN_POINT('',(-4.712388980385,0.));
#7666 = VECTOR('',#7667,1.);
#7667 = DIRECTION('',(1.,0.));
#7668 = ( GEOMETRIC_REPRESENTATION_CONTEXT(2) 
PARAMETRIC_REPRESENTATION_CONTEXT() REPRESENTATION_CONTEXT('2D SPACE',''
  ) );
#7669 = ORIENTED_EDGE('',*,*,#7670,.T.);
#7670 = EDGE_CURVE('',#7647,#7671,#7673,.T.);
#7671 = VERTEX_POINT('',#7672);
#7672 = CARTESIAN_POINT('',(-51.,-14.,0.));
#7673 = SURFACE_CURVE('',#7674,(#7678,#7685),.PCURVE_S1.);
#7674 = LINE('',#7675,#7676);
#7675 = CARTESIAN_POINT('',(-80.,-14.,0.));
#7676 = VECTOR('',#7677,1.);
#7677 = DIRECTION('',(1.,0.,0.));
#7678 = PCURVE('',#5918,#7679);
#7679 = DEFINITIONAL_REPRESENTATION('',(#7680),#7684);
#7680 = LINE('',#7681,#7682);
#7681 = CARTESIAN_POINT('',(0.,0.));
#7682 = VECTOR('',#7683,1.);
#7683 = DIRECTION('',(1.,0.));
#7684 = ( GEOMETRIC_REPRESENTATION_CONTEXT(2) 
PARAMETRIC_REPRESENTATION_CONTEXT() REPRESENTATION_CONTEXT('2D SPACE',''
  ) );
#7685 = PCURVE('',#6224,#7686);
#7686 = DEFINITIONAL_REPRESENTATION('',(#7687),#7691);
#7687 = LINE('',#7688,#7689);
#7688 = CARTESIAN_POINT('',(0.,0.));
#7689 = VECTOR('',#7690,1.);
#7690 = DIRECTION('',(0.,1.));
#7691 = ( GEOMETRIC_REPRESENTATION_CONTEXT(2) 
PARAMETRIC_REPRESENTATION_CONTEXT() REPRESENTATION_CONTEXT('2D SPACE',''
  ) );
#7692 = ORIENTED_EDGE('',*,*,#7693,.F.);
#7693 = EDGE_CURVE('',#7694,#7671,#7696,.T.);
#7694 = VERTEX_POINT('',#7695);
#7695 = CARTESIAN_POINT('',(-49.,-12.,0.));
#7696 = SURFACE_CURVE('',#7697,(#7702,#7713),.PCURVE_S1.);
#7697 = CIRCLE('',#7698,2.);
#7698 = AXIS2_PLACEMENT_3D('',#7699,#7700,#7701);
#7699 = CARTESIAN_POINT('',(-51.,-12.,0.));
#7700 = DIRECTION('',(-0.,-0.,-1.));
#7701 = DIRECTION('',(0.,-1.,0.));
#7702 = PCURVE('',#5918,#7703);
#7703 = DEFINITIONAL_REPRESENTATION('',(#7704),#7712);
#7704 = ( BOUNDED_CURVE() B_SPLINE_CURVE(2,(#7705,#7706,#7707,#7708,
#7709,#7710,#7711),.UNSPECIFIED.,.T.,.F.) B_SPLINE_CURVE_WITH_KNOTS((1,2
    ,2,2,2,1),(-2.094395102393,0.,2.094395102393,4.188790204786,
6.28318530718,8.377580409573),.UNSPECIFIED.) CURVE() 
GEOMETRIC_REPRESENTATION_ITEM() RATIONAL_B_SPLINE_CURVE((1.,0.5,1.,0.5,
1.,0.5,1.)) REPRESENTATION_ITEM('') );
#7705 = CARTESIAN_POINT('',(29.,0.));
#7706 = CARTESIAN_POINT('',(25.535898384862,0.));
#7707 = CARTESIAN_POINT('',(27.267949192431,3.));
#7708 = CARTESIAN_POINT('',(29.,6.));
#7709 = CARTESIAN_POINT('',(30.732050807569,3.));
#7710 = CARTESIAN_POINT('',(32.464101615138,3.10862446895E-15));
#7711 = CARTESIAN_POINT('',(29.,0.));
#7712 = ( GEOMETRIC_REPRESENTATION_CONTEXT(2) 
PARAMETRIC_REPRESENTATION_CONTEXT() REPRESENTATION_CONTEXT('2D SPACE',''
  ) );
#7713 = PCURVE('',#6257,#7714);
#7714 = DEFINITIONAL_REPRESENTATION('',(#7715),#7719);
#7715 = LINE('',#7716,#7717);
#7716 = CARTESIAN_POINT('',(10.995574287565,0.));
#7717 = VECTOR('',#7718,1.);
#7718 = DIRECTION('',(-1.,0.));
#7719 = ( GEOMETRIC_REPRESENTATION_CONTEXT(2) 
PARAMETRIC_REPRESENTATION_CONTEXT() REPRESENTATION_CONTEXT('2D SPACE',''
  ) );
#7720 = ORIENTED_EDGE('',*,*,#7721,.T.);
#7721 = EDGE_CURVE('',#7694,#7722,#7724,.T.);
#7722 = VERTEX_POINT('',#7723);
#7723 = CARTESIAN_POINT('',(-49.,48.,0.));
#7724 = SURFACE_CURVE('',#7725,(#7729,#7736),.PCURVE_S1.);
#7725 = LINE('',#7726,#7727);
#7726 = CARTESIAN_POINT('',(-49.,-14.,0.));
#7727 = VECTOR('',#7728,1.);
#7728 = DIRECTION('',(0.,1.,0.));
#7729 = PCURVE('',#5918,#7730);
#7730 = DEFINITIONAL_REPRESENTATION('',(#7731),#7735);
#7731 = LINE('',#7732,#7733);
#7732 = CARTESIAN_POINT('',(31.,0.));
#7733 = VECTOR('',#7734,1.);
#7734 = DIRECTION('',(0.,1.));
#7735 = ( GEOMETRIC_REPRESENTATION_CONTEXT(2) 
PARAMETRIC_REPRESENTATION_CONTEXT() REPRESENTATION_CONTEXT('2D SPACE',''
  ) );
#7736 = PCURVE('',#6285,#7737);
#7737 = DEFINITIONAL_REPRESENTATION('',(#7738),#7742);
#7738 = LINE('',#7739,#7740);
#7739 = CARTESIAN_POINT('',(0.,0.));
#7740 = VECTOR('',#7741,1.);
#7741 = DIRECTION('',(0.,-1.));
#7742 = ( GEOMETRIC_REPRESENTATION_CONTEXT(2) 
PARAMETRIC_REPRESENTATION_CONTEXT() REPRESENTATION_CONTEXT('2D SPACE',''
  ) );
#7743 = ORIENTED_EDGE('',*,*,#7744,.T.);
#7744 = EDGE_CURVE('',#7722,#7745,#7747,.T.);
#7745 = VERTEX_POINT('',#7746);
#7746 = CARTESIAN_POINT('',(-51.,50.,0.));
#7747 = SURFACE_CURVE('',#7748,(#7753,#7760),.PCURVE_S1.);
#7748 = CIRCLE('',#7749,2.);
#7749 = AXIS2_PLACEMENT_3D('',#7750,#7751,#7752);
#7750 = CARTESIAN_POINT('',(-51.,48.,0.));
#7751 = DIRECTION('',(0.,0.,1.));
#7752 = DIRECTION('',(0.,-1.,0.));
#7753 = PCURVE('',#5918,#7754);
#7754 = DEFINITIONAL_REPRESENTATION('',(#7755),#7759);
#7755 = CIRCLE('',#7756,2.);
#7756 = AXIS2_PLACEMENT_2D('',#7757,#7758);
#7757 = CARTESIAN_POINT('',(29.,62.));
#7758 = DIRECTION('',(0.,-1.));
#7759 = ( GEOMETRIC_REPRESENTATION_CONTEXT(2) 
PARAMETRIC_REPRESENTATION_CONTEXT() REPRESENTATION_CONTEXT('2D SPACE',''
  ) );
#7760 = PCURVE('',#7453,#7761);
#7761 = DEFINITIONAL_REPRESENTATION('',(#7762),#7766);
#7762 = LINE('',#7763,#7764);
#7763 = CARTESIAN_POINT('',(-1.570796326795,0.));
#7764 = VECTOR('',#7765,1.);
#7765 = DIRECTION('',(1.,0.));
#7766 = ( GEOMETRIC_REPRESENTATION_CONTEXT(2) 
PARAMETRIC_REPRESENTATION_CONTEXT() REPRESENTATION_CONTEXT('2D SPACE',''
  ) );
#7767 = ORIENTED_EDGE('',*,*,#7768,.F.);
#7768 = EDGE_CURVE('',#7594,#7745,#7769,.T.);
#7769 = SURFACE_CURVE('',#7770,(#7774,#7781),.PCURVE_S1.);
#7770 = LINE('',#7771,#7772);
#7771 = CARTESIAN_POINT('',(-80.,50.,0.));
#7772 = VECTOR('',#7773,1.);
#7773 = DIRECTION('',(1.,0.,0.));
#7774 = PCURVE('',#5918,#7775);
#7775 = DEFINITIONAL_REPRESENTATION('',(#7776),#7780);
#7776 = LINE('',#7777,#7778);
#7777 = CARTESIAN_POINT('',(0.,64.));
#7778 = VECTOR('',#7779,1.);
#7779 = DIRECTION('',(1.,0.));
#7780 = ( GEOMETRIC_REPRESENTATION_CONTEXT(2) 
PARAMETRIC_REPRESENTATION_CONTEXT() REPRESENTATION_CONTEXT('2D SPACE',''
  ) );
#7781 = PCURVE('',#7481,#7782);
#7782 = DEFINITIONAL_REPRESENTATION('',(#7783),#7787);
#7783 = LINE('',#7784,#7785);
#7784 = CARTESIAN_POINT('',(0.,0.));
#7785 = VECTOR('',#7786,1.);
#7786 = DIRECTION('',(0.,1.));
#7787 = ( GEOMETRIC_REPRESENTATION_CONTEXT(2) 
PARAMETRIC_REPRESENTATION_CONTEXT() REPRESENTATION_CONTEXT('2D SPACE',''
  ) );
#7788 = ORIENTED_EDGE('',*,*,#7616,.F.);
#7789 = FACE_BOUND('',#7790,.F.);
#7790 = EDGE_LOOP('',(#7791,#7821,#7849,#7877));
#7791 = ORIENTED_EDGE('',*,*,#7792,.T.);
#7792 = EDGE_CURVE('',#7793,#7795,#7797,.T.);
#7793 = VERTEX_POINT('',#7794);
#7794 = CARTESIAN_POINT('',(-59.75,14.725,0.));
#7795 = VERTEX_POINT('',#7796);
#7796 = CARTESIAN_POINT('',(-59.75,21.275,0.));
#7797 = SURFACE_CURVE('',#7798,(#7802,#7809),.PCURVE_S1.);
#7798 = LINE('',#7799,#7800);
#7799 = CARTESIAN_POINT('',(-59.75,14.725,0.));
#7800 = VECTOR('',#7801,1.);
#7801 = DIRECTION('',(0.,1.,0.));
#7802 = PCURVE('',#5918,#7803);
#7803 = DEFINITIONAL_REPRESENTATION('',(#7804),#7808);
#7804 = LINE('',#7805,#7806);
#7805 = CARTESIAN_POINT('',(20.25,28.725));
#7806 = VECTOR('',#7807,1.);
#7807 = DIRECTION('',(0.,1.));
#7808 = ( GEOMETRIC_REPRESENTATION_CONTEXT(2) 
PARAMETRIC_REPRESENTATION_CONTEXT() REPRESENTATION_CONTEXT('2D SPACE',''
  ) );
#7809 = PCURVE('',#7810,#7815);
#7810 = PLANE('',#7811);
#7811 = AXIS2_PLACEMENT_3D('',#7812,#7813,#7814);
#7812 = CARTESIAN_POINT('',(-59.75,14.725,0.));
#7813 = DIRECTION('',(1.,0.,0.));
#7814 = DIRECTION('',(0.,0.,1.));
#7815 = DEFINITIONAL_REPRESENTATION('',(#7816),#7820);
#7816 = LINE('',#7817,#7818);
#7817 = CARTESIAN_POINT('',(0.,0.));
#7818 = VECTOR('',#7819,1.);
#7819 = DIRECTION('',(0.,-1.));
#7820 = ( GEOMETRIC_REPRESENTATION_CONTEXT(2) 
PARAMETRIC_REPRESENTATION_CONTEXT() REPRESENTATION_CONTEXT('2D SPACE',''
  ) );
#7821 = ORIENTED_EDGE('',*,*,#7822,.T.);
#7822 = EDGE_CURVE('',#7795,#7823,#7825,.T.);
#7823 = VERTEX_POINT('',#7824);
#7824 = CARTESIAN_POINT('',(-55.25,21.275,0.));
#7825 = SURFACE_CURVE('',#7826,(#7830,#7837),.PCURVE_S1.);
#7826 = LINE('',#7827,#7828);
#7827 = CARTESIAN_POINT('',(-59.75,21.275,0.));
#7828 = VECTOR('',#7829,1.);
#7829 = DIRECTION('',(1.,0.,0.));
#7830 = PCURVE('',#5918,#7831);
#7831 = DEFINITIONAL_REPRESENTATION('',(#7832),#7836);
#7832 = LINE('',#7833,#7834);
#7833 = CARTESIAN_POINT('',(20.25,35.275));
#7834 = VECTOR('',#7835,1.);
#7835 = DIRECTION('',(1.,0.));
#7836 = ( GEOMETRIC_REPRESENTATION_CONTEXT(2) 
PARAMETRIC_REPRESENTATION_CONTEXT() REPRESENTATION_CONTEXT('2D SPACE',''
  ) );
#7837 = PCURVE('',#7838,#7843);
#7838 = PLANE('',#7839);
#7839 = AXIS2_PLACEMENT_3D('',#7840,#7841,#7842);
#7840 = CARTESIAN_POINT('',(-59.75,21.275,0.));
#7841 = DIRECTION('',(0.,1.,0.));
#7842 = DIRECTION('',(0.,-0.,1.));
#7843 = DEFINITIONAL_REPRESENTATION('',(#7844),#7848);
#7844 = LINE('',#7845,#7846);
#7845 = CARTESIAN_POINT('',(0.,0.));
#7846 = VECTOR('',#7847,1.);
#7847 = DIRECTION('',(0.,1.));
#7848 = ( GEOMETRIC_REPRESENTATION_CONTEXT(2) 
PARAMETRIC_REPRESENTATION_CONTEXT() REPRESENTATION_CONTEXT('2D SPACE',''
  ) );
#7849 = ORIENTED_EDGE('',*,*,#7850,.F.);
#7850 = EDGE_CURVE('',#7851,#7823,#7853,.T.);
#7851 = VERTEX_POINT('',#7852);
#7852 = CARTESIAN_POINT('',(-55.25,14.725,0.));
#7853 = SURFACE_CURVE('',#7854,(#7858,#7865),.PCURVE_S1.);
#7854 = LINE('',#7855,#7856);
#7855 = CARTESIAN_POINT('',(-55.25,14.725,0.));
#7856 = VECTOR('',#7857,1.);
#7857 = DIRECTION('',(0.,1.,0.));
#7858 = PCURVE('',#5918,#7859);
#7859 = DEFINITIONAL_REPRESENTATION('',(#7860),#7864);
#7860 = LINE('',#7861,#7862);
#7861 = CARTESIAN_POINT('',(24.75,28.725));
#7862 = VECTOR('',#7863,1.);
#7863 = DIRECTION('',(0.,1.));
#7864 = ( GEOMETRIC_REPRESENTATION_CONTEXT(2) 
PARAMETRIC_REPRESENTATION_CONTEXT() REPRESENTATION_CONTEXT('2D SPACE',''
  ) );
#7865 = PCURVE('',#7866,#7871);
#7866 = PLANE('',#7867);
#7867 = AXIS2_PLACEMENT_3D('',#7868,#7869,#7870);
#7868 = CARTESIAN_POINT('',(-55.25,14.725,0.));
#7869 = DIRECTION('',(1.,0.,0.));
#7870 = DIRECTION('',(0.,0.,1.));
#7871 = DEFINITIONAL_REPRESENTATION('',(#7872),#7876);
#7872 = LINE('',#7873,#7874);
#7873 = CARTESIAN_POINT('',(0.,0.));
#7874 = VECTOR('',#7875,1.);
#7875 = DIRECTION('',(0.,-1.));
#7876 = ( GEOMETRIC_REPRESENTATION_CONTEXT(2) 
PARAMETRIC_REPRESENTATION_CONTEXT() REPRESENTATION_CONTEXT('2D SPACE',''
  ) );
#7877 = ORIENTED_EDGE('',*,*,#7878,.F.);
#7878 = EDGE_CURVE('',#7793,#7851,#7879,.T.);
#7879 = SURFACE_CURVE('',#7880,(#7884,#7891),.PCURVE_S1.);
#7880 = LINE('',#7881,#7882);
#7881 = CARTESIAN_POINT('',(-59.75,14.725,0.));
#7882 = VECTOR('',#7883,1.);
#7883 = DIRECTION('',(1.,0.,0.));
#7884 = PCURVE('',#5918,#7885);
#7885 = DEFINITIONAL_REPRESENTATION('',(#7886),#7890);
#7886 = LINE('',#7887,#7888);
#7887 = CARTESIAN_POINT('',(20.25,28.725));
#7888 = VECTOR('',#7889,1.);
#7889 = DIRECTION('',(1.,0.));
#7890 = ( GEOMETRIC_REPRESENTATION_CONTEXT(2) 
PARAMETRIC_REPRESENTATION_CONTEXT() REPRESENTATION_CONTEXT('2D SPACE',''
  ) );
#7891 = PCURVE('',#7892,#7897);
#7892 = PLANE('',#7893);
#7893 = AXIS2_PLACEMENT_3D('',#7894,#7895,#7896);
#7894 = CARTESIAN_POINT('',(-59.75,14.725,0.));
#7895 = DIRECTION('',(0.,1.,0.));
#7896 = DIRECTION('',(0.,-0.,1.));
#7897 = DEFINITIONAL_REPRESENTATION('',(#7898),#7902);
#7898 = LINE('',#7899,#7900);
#7899 = CARTESIAN_POINT('',(0.,0.));
#7900 = VECTOR('',#7901,1.);
#7901 = DIRECTION('',(0.,1.));
#7902 = ( GEOMETRIC_REPRESENTATION_CONTEXT(2) 
PARAMETRIC_REPRESENTATION_CONTEXT() REPRESENTATION_CONTEXT('2D SPACE',''
  ) );
#7903 = ADVANCED_FACE('',(#7904),#5890,.T.);
#7904 = FACE_BOUND('',#7905,.T.);
#7905 = EDGE_LOOP('',(#7906,#7907,#7928,#7929));
#7906 = ORIENTED_EDGE('',*,*,#7646,.T.);
#7907 = ORIENTED_EDGE('',*,*,#7908,.T.);
#7908 = EDGE_CURVE('',#7647,#6185,#7909,.T.);
#7909 = SURFACE_CURVE('',#7910,(#7914,#7921),.PCURVE_S1.);
#7910 = LINE('',#7911,#7912);
#7911 = CARTESIAN_POINT('',(-78.,-14.,0.));
#7912 = VECTOR('',#7913,1.);
#7913 = DIRECTION('',(0.,0.,1.));
#7914 = PCURVE('',#5890,#7915);
#7915 = DEFINITIONAL_REPRESENTATION('',(#7916),#7920);
#7916 = LINE('',#7917,#7918);
#7917 = CARTESIAN_POINT('',(1.570796326795,0.));
#7918 = VECTOR('',#7919,1.);
#7919 = DIRECTION('',(0.,1.));
#7920 = ( GEOMETRIC_REPRESENTATION_CONTEXT(2) 
PARAMETRIC_REPRESENTATION_CONTEXT() REPRESENTATION_CONTEXT('2D SPACE',''
  ) );
#7921 = PCURVE('',#6224,#7922);
#7922 = DEFINITIONAL_REPRESENTATION('',(#7923),#7927);
#7923 = LINE('',#7924,#7925);
#7924 = CARTESIAN_POINT('',(0.,2.));
#7925 = VECTOR('',#7926,1.);
#7926 = DIRECTION('',(1.,0.));
#7927 = ( GEOMETRIC_REPRESENTATION_CONTEXT(2) 
PARAMETRIC_REPRESENTATION_CONTEXT() REPRESENTATION_CONTEXT('2D SPACE',''
  ) );
#7928 = ORIENTED_EDGE('',*,*,#6184,.F.);
#7929 = ORIENTED_EDGE('',*,*,#5874,.F.);
#7930 = ADVANCED_FACE('',(#7931),#6397,.T.);
#7931 = FACE_BOUND('',#7932,.T.);
#7932 = EDGE_LOOP('',(#7933,#7934,#7955,#7956));
#7933 = ORIENTED_EDGE('',*,*,#6381,.F.);
#7934 = ORIENTED_EDGE('',*,*,#7935,.F.);
#7935 = EDGE_CURVE('',#6508,#6354,#7936,.T.);
#7936 = SURFACE_CURVE('',#7937,(#7941,#7948),.PCURVE_S1.);
#7937 = LINE('',#7938,#7939);
#7938 = CARTESIAN_POINT('',(-77.3,-10.5,2.5));
#7939 = VECTOR('',#7940,1.);
#7940 = DIRECTION('',(0.,0.,1.));
#7941 = PCURVE('',#6397,#7942);
#7942 = DEFINITIONAL_REPRESENTATION('',(#7943),#7947);
#7943 = LINE('',#7944,#7945);
#7944 = CARTESIAN_POINT('',(0.,0.));
#7945 = VECTOR('',#7946,1.);
#7946 = DIRECTION('',(1.,0.));
#7947 = ( GEOMETRIC_REPRESENTATION_CONTEXT(2) 
PARAMETRIC_REPRESENTATION_CONTEXT() REPRESENTATION_CONTEXT('2D SPACE',''
  ) );
#7948 = PCURVE('',#6369,#7949);
#7949 = DEFINITIONAL_REPRESENTATION('',(#7950),#7954);
#7950 = LINE('',#7951,#7952);
#7951 = CARTESIAN_POINT('',(0.,0.));
#7952 = VECTOR('',#7953,1.);
#7953 = DIRECTION('',(1.,0.));
#7954 = ( GEOMETRIC_REPRESENTATION_CONTEXT(2) 
PARAMETRIC_REPRESENTATION_CONTEXT() REPRESENTATION_CONTEXT('2D SPACE',''
  ) );
#7955 = ORIENTED_EDGE('',*,*,#6507,.T.);
#7956 = ORIENTED_EDGE('',*,*,#6433,.T.);
#7957 = ADVANCED_FACE('',(#7958),#6369,.T.);
#7958 = FACE_BOUND('',#7959,.T.);
#7959 = EDGE_LOOP('',(#7960,#7961,#7962,#7963));
#7960 = ORIENTED_EDGE('',*,*,#6530,.F.);
#7961 = ORIENTED_EDGE('',*,*,#7935,.T.);
#7962 = ORIENTED_EDGE('',*,*,#6353,.T.);
#7963 = ORIENTED_EDGE('',*,*,#7964,.F.);
#7964 = EDGE_CURVE('',#6531,#6326,#7965,.T.);
#7965 = SURFACE_CURVE('',#7966,(#7970,#7977),.PCURVE_S1.);
#7966 = LINE('',#7967,#7968);
#7967 = CARTESIAN_POINT('',(-51.7,-10.5,2.5));
#7968 = VECTOR('',#7969,1.);
#7969 = DIRECTION('',(0.,0.,1.));
#7970 = PCURVE('',#6369,#7971);
#7971 = DEFINITIONAL_REPRESENTATION('',(#7972),#7976);
#7972 = LINE('',#7973,#7974);
#7973 = CARTESIAN_POINT('',(0.,25.6));
#7974 = VECTOR('',#7975,1.);
#7975 = DIRECTION('',(1.,0.));
#7976 = ( GEOMETRIC_REPRESENTATION_CONTEXT(2) 
PARAMETRIC_REPRESENTATION_CONTEXT() REPRESENTATION_CONTEXT('2D SPACE',''
  ) );
#7977 = PCURVE('',#6341,#7978);
#7978 = DEFINITIONAL_REPRESENTATION('',(#7979),#7983);
#7979 = LINE('',#7980,#7981);
#7980 = CARTESIAN_POINT('',(0.,0.));
#7981 = VECTOR('',#7982,1.);
#7982 = DIRECTION('',(1.,0.));
#7983 = ( GEOMETRIC_REPRESENTATION_CONTEXT(2) 
PARAMETRIC_REPRESENTATION_CONTEXT() REPRESENTATION_CONTEXT('2D SPACE',''
  ) );
#7984 = ADVANCED_FACE('',(#7985),#6341,.F.);
#7985 = FACE_BOUND('',#7986,.F.);
#7986 = EDGE_LOOP('',(#7987,#7988,#7989,#7990));
#7987 = ORIENTED_EDGE('',*,*,#6325,.F.);
#7988 = ORIENTED_EDGE('',*,*,#7964,.F.);
#7989 = ORIENTED_EDGE('',*,*,#6553,.T.);
#7990 = ORIENTED_EDGE('',*,*,#7991,.T.);
#7991 = EDGE_CURVE('',#6554,#6298,#7992,.T.);
#7992 = SURFACE_CURVE('',#7993,(#7997,#8004),.PCURVE_S1.);
#7993 = LINE('',#7994,#7995);
#7994 = CARTESIAN_POINT('',(-51.7,-9.,2.5));
#7995 = VECTOR('',#7996,1.);
#7996 = DIRECTION('',(0.,0.,1.));
#7997 = PCURVE('',#6341,#7998);
#7998 = DEFINITIONAL_REPRESENTATION('',(#7999),#8003);
#7999 = LINE('',#8000,#8001);
#8000 = CARTESIAN_POINT('',(0.,-1.5));
#8001 = VECTOR('',#8002,1.);
#8002 = DIRECTION('',(1.,0.));
#8003 = ( GEOMETRIC_REPRESENTATION_CONTEXT(2) 
PARAMETRIC_REPRESENTATION_CONTEXT() REPRESENTATION_CONTEXT('2D SPACE',''
  ) );
#8004 = PCURVE('',#6313,#8005);
#8005 = DEFINITIONAL_REPRESENTATION('',(#8006),#8010);
#8006 = LINE('',#8007,#8008);
#8007 = CARTESIAN_POINT('',(0.,0.8));
#8008 = VECTOR('',#8009,1.);
#8009 = DIRECTION('',(1.,0.));
#8010 = ( GEOMETRIC_REPRESENTATION_CONTEXT(2) 
PARAMETRIC_REPRESENTATION_CONTEXT() REPRESENTATION_CONTEXT('2D SPACE',''
  ) );
#8011 = ADVANCED_FACE('',(#8012),#6313,.T.);
#8012 = FACE_BOUND('',#8013,.T.);
#8013 = EDGE_LOOP('',(#8014,#8015,#8016,#8017));
#8014 = ORIENTED_EDGE('',*,*,#6576,.F.);
#8015 = ORIENTED_EDGE('',*,*,#7991,.T.);
#8016 = ORIENTED_EDGE('',*,*,#6297,.T.);
#8017 = ORIENTED_EDGE('',*,*,#8018,.F.);
#8018 = EDGE_CURVE('',#6577,#6270,#8019,.T.);
#8019 = SURFACE_CURVE('',#8020,(#8024,#8031),.PCURVE_S1.);
#8020 = LINE('',#8021,#8022);
#8021 = CARTESIAN_POINT('',(-49.,-9.,1.25));
#8022 = VECTOR('',#8023,1.);
#8023 = DIRECTION('',(0.,0.,1.));
#8024 = PCURVE('',#6313,#8025);
#8025 = DEFINITIONAL_REPRESENTATION('',(#8026),#8030);
#8026 = LINE('',#8027,#8028);
#8027 = CARTESIAN_POINT('',(-1.25,3.5));
#8028 = VECTOR('',#8029,1.);
#8029 = DIRECTION('',(1.,0.));
#8030 = ( GEOMETRIC_REPRESENTATION_CONTEXT(2) 
PARAMETRIC_REPRESENTATION_CONTEXT() REPRESENTATION_CONTEXT('2D SPACE',''
  ) );
#8031 = PCURVE('',#6285,#8032);
#8032 = DEFINITIONAL_REPRESENTATION('',(#8033),#8037);
#8033 = LINE('',#8034,#8035);
#8034 = CARTESIAN_POINT('',(1.25,-5.));
#8035 = VECTOR('',#8036,1.);
#8036 = DIRECTION('',(1.,0.));
#8037 = ( GEOMETRIC_REPRESENTATION_CONTEXT(2) 
PARAMETRIC_REPRESENTATION_CONTEXT() REPRESENTATION_CONTEXT('2D SPACE',''
  ) );
#8038 = ADVANCED_FACE('',(#8039),#6285,.T.);
#8039 = FACE_BOUND('',#8040,.T.);
#8040 = EDGE_LOOP('',(#8041,#8042,#8063,#8064,#8085,#8086,#8107,#8108,
    #8129,#8130,#8151,#8152));
#8041 = ORIENTED_EDGE('',*,*,#6269,.F.);
#8042 = ORIENTED_EDGE('',*,*,#8043,.F.);
#8043 = EDGE_CURVE('',#7694,#6237,#8044,.T.);
#8044 = SURFACE_CURVE('',#8045,(#8049,#8056),.PCURVE_S1.);
#8045 = LINE('',#8046,#8047);
#8046 = CARTESIAN_POINT('',(-49.,-12.,0.));
#8047 = VECTOR('',#8048,1.);
#8048 = DIRECTION('',(0.,0.,1.));
#8049 = PCURVE('',#6285,#8050);
#8050 = DEFINITIONAL_REPRESENTATION('',(#8051),#8055);
#8051 = LINE('',#8052,#8053);
#8052 = CARTESIAN_POINT('',(0.,-2.));
#8053 = VECTOR('',#8054,1.);
#8054 = DIRECTION('',(1.,0.));
#8055 = ( GEOMETRIC_REPRESENTATION_CONTEXT(2) 
PARAMETRIC_REPRESENTATION_CONTEXT() REPRESENTATION_CONTEXT('2D SPACE',''
  ) );
#8056 = PCURVE('',#6257,#8057);
#8057 = DEFINITIONAL_REPRESENTATION('',(#8058),#8062);
#8058 = LINE('',#8059,#8060);
#8059 = CARTESIAN_POINT('',(6.28318530718,0.));
#8060 = VECTOR('',#8061,1.);
#8061 = DIRECTION('',(-0.,1.));
#8062 = ( GEOMETRIC_REPRESENTATION_CONTEXT(2) 
PARAMETRIC_REPRESENTATION_CONTEXT() REPRESENTATION_CONTEXT('2D SPACE',''
  ) );
#8063 = ORIENTED_EDGE('',*,*,#7721,.T.);
#8064 = ORIENTED_EDGE('',*,*,#8065,.T.);
#8065 = EDGE_CURVE('',#7722,#7414,#8066,.T.);
#8066 = SURFACE_CURVE('',#8067,(#8071,#8078),.PCURVE_S1.);
#8067 = LINE('',#8068,#8069);
#8068 = CARTESIAN_POINT('',(-49.,48.,0.));
#8069 = VECTOR('',#8070,1.);
#8070 = DIRECTION('',(0.,0.,1.));
#8071 = PCURVE('',#6285,#8072);
#8072 = DEFINITIONAL_REPRESENTATION('',(#8073),#8077);
#8073 = LINE('',#8074,#8075);
#8074 = CARTESIAN_POINT('',(0.,-62.));
#8075 = VECTOR('',#8076,1.);
#8076 = DIRECTION('',(1.,0.));
#8077 = ( GEOMETRIC_REPRESENTATION_CONTEXT(2) 
PARAMETRIC_REPRESENTATION_CONTEXT() REPRESENTATION_CONTEXT('2D SPACE',''
  ) );
#8078 = PCURVE('',#7453,#8079);
#8079 = DEFINITIONAL_REPRESENTATION('',(#8080),#8084);
#8080 = LINE('',#8081,#8082);
#8081 = CARTESIAN_POINT('',(0.,0.));
#8082 = VECTOR('',#8083,1.);
#8083 = DIRECTION('',(0.,1.));
#8084 = ( GEOMETRIC_REPRESENTATION_CONTEXT(2) 
PARAMETRIC_REPRESENTATION_CONTEXT() REPRESENTATION_CONTEXT('2D SPACE',''
  ) );
#8085 = ORIENTED_EDGE('',*,*,#7413,.F.);
#8086 = ORIENTED_EDGE('',*,*,#8087,.F.);
#8087 = EDGE_CURVE('',#7204,#7391,#8088,.T.);
#8088 = SURFACE_CURVE('',#8089,(#8093,#8100),.PCURVE_S1.);
#8089 = LINE('',#8090,#8091);
#8090 = CARTESIAN_POINT('',(-49.,45.,1.25));
#8091 = VECTOR('',#8092,1.);
#8092 = DIRECTION('',(0.,0.,1.));
#8093 = PCURVE('',#6285,#8094);
#8094 = DEFINITIONAL_REPRESENTATION('',(#8095),#8099);
#8095 = LINE('',#8096,#8097);
#8096 = CARTESIAN_POINT('',(1.25,-59.));
#8097 = VECTOR('',#8098,1.);
#8098 = DIRECTION('',(1.,0.));
#8099 = ( GEOMETRIC_REPRESENTATION_CONTEXT(2) 
PARAMETRIC_REPRESENTATION_CONTEXT() REPRESENTATION_CONTEXT('2D SPACE',''
  ) );
#8100 = PCURVE('',#7242,#8101);
#8101 = DEFINITIONAL_REPRESENTATION('',(#8102),#8106);
#8102 = LINE('',#8103,#8104);
#8103 = CARTESIAN_POINT('',(-1.25,3.5));
#8104 = VECTOR('',#8105,1.);
#8105 = DIRECTION('',(1.,0.));
#8106 = ( GEOMETRIC_REPRESENTATION_CONTEXT(2) 
PARAMETRIC_REPRESENTATION_CONTEXT() REPRESENTATION_CONTEXT('2D SPACE',''
  ) );
#8107 = ORIENTED_EDGE('',*,*,#7203,.T.);
#8108 = ORIENTED_EDGE('',*,*,#8109,.T.);
#8109 = EDGE_CURVE('',#7181,#6833,#8110,.T.);
#8110 = SURFACE_CURVE('',#8111,(#8115,#8122),.PCURVE_S1.);
#8111 = LINE('',#8112,#8113);
#8112 = CARTESIAN_POINT('',(-49.,31.,1.25));
#8113 = VECTOR('',#8114,1.);
#8114 = DIRECTION('',(0.,0.,1.));
#8115 = PCURVE('',#6285,#8116);
#8116 = DEFINITIONAL_REPRESENTATION('',(#8117),#8121);
#8117 = LINE('',#8118,#8119);
#8118 = CARTESIAN_POINT('',(1.25,-45.));
#8119 = VECTOR('',#8120,1.);
#8120 = DIRECTION('',(1.,0.));
#8121 = ( GEOMETRIC_REPRESENTATION_CONTEXT(2) 
PARAMETRIC_REPRESENTATION_CONTEXT() REPRESENTATION_CONTEXT('2D SPACE',''
  ) );
#8122 = PCURVE('',#6871,#8123);
#8123 = DEFINITIONAL_REPRESENTATION('',(#8124),#8128);
#8124 = LINE('',#8125,#8126);
#8125 = CARTESIAN_POINT('',(-1.25,3.5));
#8126 = VECTOR('',#8127,1.);
#8127 = DIRECTION('',(1.,0.));
#8128 = ( GEOMETRIC_REPRESENTATION_CONTEXT(2) 
PARAMETRIC_REPRESENTATION_CONTEXT() REPRESENTATION_CONTEXT('2D SPACE',''
  ) );
#8129 = ORIENTED_EDGE('',*,*,#6832,.F.);
#8130 = ORIENTED_EDGE('',*,*,#8131,.F.);
#8131 = EDGE_CURVE('',#6600,#6810,#8132,.T.);
#8132 = SURFACE_CURVE('',#8133,(#8137,#8144),.PCURVE_S1.);
#8133 = LINE('',#8134,#8135);
#8134 = CARTESIAN_POINT('',(-49.,5.,1.25));
#8135 = VECTOR('',#8136,1.);
#8136 = DIRECTION('',(0.,0.,1.));
#8137 = PCURVE('',#6285,#8138);
#8138 = DEFINITIONAL_REPRESENTATION('',(#8139),#8143);
#8139 = LINE('',#8140,#8141);
#8140 = CARTESIAN_POINT('',(1.25,-19.));
#8141 = VECTOR('',#8142,1.);
#8142 = DIRECTION('',(1.,0.));
#8143 = ( GEOMETRIC_REPRESENTATION_CONTEXT(2) 
PARAMETRIC_REPRESENTATION_CONTEXT() REPRESENTATION_CONTEXT('2D SPACE',''
  ) );
#8144 = PCURVE('',#6638,#8145);
#8145 = DEFINITIONAL_REPRESENTATION('',(#8146),#8150);
#8146 = LINE('',#8147,#8148);
#8147 = CARTESIAN_POINT('',(-1.25,3.5));
#8148 = VECTOR('',#8149,1.);
#8149 = DIRECTION('',(1.,0.));
#8150 = ( GEOMETRIC_REPRESENTATION_CONTEXT(2) 
PARAMETRIC_REPRESENTATION_CONTEXT() REPRESENTATION_CONTEXT('2D SPACE',''
  ) );
#8151 = ORIENTED_EDGE('',*,*,#6599,.T.);
#8152 = ORIENTED_EDGE('',*,*,#8018,.T.);
#8153 = ADVANCED_FACE('',(#8154),#6257,.T.);
#8154 = FACE_BOUND('',#8155,.T.);
#8155 = EDGE_LOOP('',(#8156,#8157,#8158,#8179));
#8156 = ORIENTED_EDGE('',*,*,#8043,.T.);
#8157 = ORIENTED_EDGE('',*,*,#6236,.T.);
#8158 = ORIENTED_EDGE('',*,*,#8159,.F.);
#8159 = EDGE_CURVE('',#7671,#6209,#8160,.T.);
#8160 = SURFACE_CURVE('',#8161,(#8165,#8172),.PCURVE_S1.);
#8161 = LINE('',#8162,#8163);
#8162 = CARTESIAN_POINT('',(-51.,-14.,0.));
#8163 = VECTOR('',#8164,1.);
#8164 = DIRECTION('',(0.,0.,1.));
#8165 = PCURVE('',#6257,#8166);
#8166 = DEFINITIONAL_REPRESENTATION('',(#8167),#8171);
#8167 = LINE('',#8168,#8169);
#8168 = CARTESIAN_POINT('',(4.712388980385,0.));
#8169 = VECTOR('',#8170,1.);
#8170 = DIRECTION('',(-0.,1.));
#8171 = ( GEOMETRIC_REPRESENTATION_CONTEXT(2) 
PARAMETRIC_REPRESENTATION_CONTEXT() REPRESENTATION_CONTEXT('2D SPACE',''
  ) );
#8172 = PCURVE('',#6224,#8173);
#8173 = DEFINITIONAL_REPRESENTATION('',(#8174),#8178);
#8174 = LINE('',#8175,#8176);
#8175 = CARTESIAN_POINT('',(0.,29.));
#8176 = VECTOR('',#8177,1.);
#8177 = DIRECTION('',(1.,0.));
#8178 = ( GEOMETRIC_REPRESENTATION_CONTEXT(2) 
PARAMETRIC_REPRESENTATION_CONTEXT() REPRESENTATION_CONTEXT('2D SPACE',''
  ) );
#8179 = ORIENTED_EDGE('',*,*,#7693,.F.);
#8180 = ADVANCED_FACE('',(#8181),#6224,.F.);
#8181 = FACE_BOUND('',#8182,.F.);
#8182 = EDGE_LOOP('',(#8183,#8184,#8185,#8186));
#8183 = ORIENTED_EDGE('',*,*,#7670,.F.);
#8184 = ORIENTED_EDGE('',*,*,#7908,.T.);
#8185 = ORIENTED_EDGE('',*,*,#6208,.T.);
#8186 = ORIENTED_EDGE('',*,*,#8159,.F.);
#8187 = ADVANCED_FACE('',(#8188),#6638,.F.);
#8188 = FACE_BOUND('',#8189,.F.);
#8189 = EDGE_LOOP('',(#8190,#8191,#8212,#8213));
#8190 = ORIENTED_EDGE('',*,*,#6622,.F.);
#8191 = ORIENTED_EDGE('',*,*,#8192,.T.);
#8192 = EDGE_CURVE('',#6623,#6785,#8193,.T.);
#8193 = SURFACE_CURVE('',#8194,(#8198,#8205),.PCURVE_S1.);
#8194 = LINE('',#8195,#8196);
#8195 = CARTESIAN_POINT('',(-51.7,5.,2.5));
#8196 = VECTOR('',#8197,1.);
#8197 = DIRECTION('',(0.,0.,1.));
#8198 = PCURVE('',#6638,#8199);
#8199 = DEFINITIONAL_REPRESENTATION('',(#8200),#8204);
#8200 = LINE('',#8201,#8202);
#8201 = CARTESIAN_POINT('',(0.,0.8));
#8202 = VECTOR('',#8203,1.);
#8203 = DIRECTION('',(1.,0.));
#8204 = ( GEOMETRIC_REPRESENTATION_CONTEXT(2) 
PARAMETRIC_REPRESENTATION_CONTEXT() REPRESENTATION_CONTEXT('2D SPACE',''
  ) );
#8205 = PCURVE('',#6666,#8206);
#8206 = DEFINITIONAL_REPRESENTATION('',(#8207),#8211);
#8207 = LINE('',#8208,#8209);
#8208 = CARTESIAN_POINT('',(0.,-15.5));
#8209 = VECTOR('',#8210,1.);
#8210 = DIRECTION('',(1.,0.));
#8211 = ( GEOMETRIC_REPRESENTATION_CONTEXT(2) 
PARAMETRIC_REPRESENTATION_CONTEXT() REPRESENTATION_CONTEXT('2D SPACE',''
  ) );
#8212 = ORIENTED_EDGE('',*,*,#6809,.T.);
#8213 = ORIENTED_EDGE('',*,*,#8131,.F.);
#8214 = ADVANCED_FACE('',(#8215),#6666,.F.);
#8215 = FACE_BOUND('',#8216,.F.);
#8216 = EDGE_LOOP('',(#8217,#8218,#8219,#8220));
#8217 = ORIENTED_EDGE('',*,*,#6784,.F.);
#8218 = ORIENTED_EDGE('',*,*,#8192,.F.);
#8219 = ORIENTED_EDGE('',*,*,#6650,.T.);
#8220 = ORIENTED_EDGE('',*,*,#8221,.T.);
#8221 = EDGE_CURVE('',#6651,#6787,#8222,.T.);
#8222 = SURFACE_CURVE('',#8223,(#8227,#8234),.PCURVE_S1.);
#8223 = LINE('',#8224,#8225);
#8224 = CARTESIAN_POINT('',(-51.7,6.5,2.5));
#8225 = VECTOR('',#8226,1.);
#8226 = DIRECTION('',(0.,0.,1.));
#8227 = PCURVE('',#6666,#8228);
#8228 = DEFINITIONAL_REPRESENTATION('',(#8229),#8233);
#8229 = LINE('',#8230,#8231);
#8230 = CARTESIAN_POINT('',(0.,-17.));
#8231 = VECTOR('',#8232,1.);
#8232 = DIRECTION('',(1.,0.));
#8233 = ( GEOMETRIC_REPRESENTATION_CONTEXT(2) 
PARAMETRIC_REPRESENTATION_CONTEXT() REPRESENTATION_CONTEXT('2D SPACE',''
  ) );
#8234 = PCURVE('',#6694,#8235);
#8235 = DEFINITIONAL_REPRESENTATION('',(#8236),#8240);
#8236 = LINE('',#8237,#8238);
#8237 = CARTESIAN_POINT('',(0.,25.6));
#8238 = VECTOR('',#8239,1.);
#8239 = DIRECTION('',(1.,0.));
#8240 = ( GEOMETRIC_REPRESENTATION_CONTEXT(2) 
PARAMETRIC_REPRESENTATION_CONTEXT() REPRESENTATION_CONTEXT('2D SPACE',''
  ) );
#8241 = ADVANCED_FACE('',(#8242),#6694,.F.);
#8242 = FACE_BOUND('',#8243,.F.);
#8243 = EDGE_LOOP('',(#8244,#8245,#8266,#8267));
#8244 = ORIENTED_EDGE('',*,*,#6678,.F.);
#8245 = ORIENTED_EDGE('',*,*,#8246,.T.);
#8246 = EDGE_CURVE('',#6679,#6991,#8247,.T.);
#8247 = SURFACE_CURVE('',#8248,(#8252,#8259),.PCURVE_S1.);
#8248 = LINE('',#8249,#8250);
#8249 = CARTESIAN_POINT('',(-77.3,6.5,2.5));
#8250 = VECTOR('',#8251,1.);
#8251 = DIRECTION('',(0.,0.,1.));
#8252 = PCURVE('',#6694,#8253);
#8253 = DEFINITIONAL_REPRESENTATION('',(#8254),#8258);
#8254 = LINE('',#8255,#8256);
#8255 = CARTESIAN_POINT('',(0.,0.));
#8256 = VECTOR('',#8257,1.);
#8257 = DIRECTION('',(1.,0.));
#8258 = ( GEOMETRIC_REPRESENTATION_CONTEXT(2) 
PARAMETRIC_REPRESENTATION_CONTEXT() REPRESENTATION_CONTEXT('2D SPACE',''
  ) );
#8259 = PCURVE('',#6720,#8260);
#8260 = DEFINITIONAL_REPRESENTATION('',(#8261),#8265);
#8261 = LINE('',#8262,#8263);
#8262 = CARTESIAN_POINT('',(0.,-17.));
#8263 = VECTOR('',#8264,1.);
#8264 = DIRECTION('',(1.,0.));
#8265 = ( GEOMETRIC_REPRESENTATION_CONTEXT(2) 
PARAMETRIC_REPRESENTATION_CONTEXT() REPRESENTATION_CONTEXT('2D SPACE',''
  ) );
#8266 = ORIENTED_EDGE('',*,*,#7013,.T.);
#8267 = ORIENTED_EDGE('',*,*,#8221,.F.);
#8268 = ADVANCED_FACE('',(#8269),#6720,.T.);
#8269 = FACE_BOUND('',#8270,.T.);
#8270 = EDGE_LOOP('',(#8271,#8272,#8273,#8274));
#8271 = ORIENTED_EDGE('',*,*,#6990,.F.);
#8272 = ORIENTED_EDGE('',*,*,#6735,.F.);
#8273 = ORIENTED_EDGE('',*,*,#6706,.T.);
#8274 = ORIENTED_EDGE('',*,*,#8246,.T.);
#8275 = ADVANCED_FACE('',(#8276),#6955,.T.);
#8276 = FACE_BOUND('',#8277,.T.);
#8277 = EDGE_LOOP('',(#8278,#8279,#8300,#8301));
#8278 = ORIENTED_EDGE('',*,*,#6939,.F.);
#8279 = ORIENTED_EDGE('',*,*,#8280,.F.);
#8280 = EDGE_CURVE('',#7112,#6912,#8281,.T.);
#8281 = SURFACE_CURVE('',#8282,(#8286,#8293),.PCURVE_S1.);
#8282 = LINE('',#8283,#8284);
#8283 = CARTESIAN_POINT('',(-77.3,29.5,2.5));
#8284 = VECTOR('',#8285,1.);
#8285 = DIRECTION('',(0.,0.,1.));
#8286 = PCURVE('',#6955,#8287);
#8287 = DEFINITIONAL_REPRESENTATION('',(#8288),#8292);
#8288 = LINE('',#8289,#8290);
#8289 = CARTESIAN_POINT('',(0.,0.));
#8290 = VECTOR('',#8291,1.);
#8291 = DIRECTION('',(1.,0.));
#8292 = ( GEOMETRIC_REPRESENTATION_CONTEXT(2) 
PARAMETRIC_REPRESENTATION_CONTEXT() REPRESENTATION_CONTEXT('2D SPACE',''
  ) );
#8293 = PCURVE('',#6927,#8294);
#8294 = DEFINITIONAL_REPRESENTATION('',(#8295),#8299);
#8295 = LINE('',#8296,#8297);
#8296 = CARTESIAN_POINT('',(0.,0.));
#8297 = VECTOR('',#8298,1.);
#8298 = DIRECTION('',(1.,0.));
#8299 = ( GEOMETRIC_REPRESENTATION_CONTEXT(2) 
PARAMETRIC_REPRESENTATION_CONTEXT() REPRESENTATION_CONTEXT('2D SPACE',''
  ) );
#8300 = ORIENTED_EDGE('',*,*,#7111,.T.);
#8301 = ORIENTED_EDGE('',*,*,#7037,.T.);
#8302 = ADVANCED_FACE('',(#8303),#6927,.T.);
#8303 = FACE_BOUND('',#8304,.T.);
#8304 = EDGE_LOOP('',(#8305,#8306,#8307,#8308));
#8305 = ORIENTED_EDGE('',*,*,#7134,.F.);
#8306 = ORIENTED_EDGE('',*,*,#8280,.T.);
#8307 = ORIENTED_EDGE('',*,*,#6911,.T.);
#8308 = ORIENTED_EDGE('',*,*,#8309,.F.);
#8309 = EDGE_CURVE('',#7135,#6884,#8310,.T.);
#8310 = SURFACE_CURVE('',#8311,(#8315,#8322),.PCURVE_S1.);
#8311 = LINE('',#8312,#8313);
#8312 = CARTESIAN_POINT('',(-51.7,29.5,2.5));
#8313 = VECTOR('',#8314,1.);
#8314 = DIRECTION('',(0.,0.,1.));
#8315 = PCURVE('',#6927,#8316);
#8316 = DEFINITIONAL_REPRESENTATION('',(#8317),#8321);
#8317 = LINE('',#8318,#8319);
#8318 = CARTESIAN_POINT('',(0.,25.6));
#8319 = VECTOR('',#8320,1.);
#8320 = DIRECTION('',(1.,0.));
#8321 = ( GEOMETRIC_REPRESENTATION_CONTEXT(2) 
PARAMETRIC_REPRESENTATION_CONTEXT() REPRESENTATION_CONTEXT('2D SPACE',''
  ) );
#8322 = PCURVE('',#6899,#8323);
#8323 = DEFINITIONAL_REPRESENTATION('',(#8324),#8328);
#8324 = LINE('',#8325,#8326);
#8325 = CARTESIAN_POINT('',(0.,0.));
#8326 = VECTOR('',#8327,1.);
#8327 = DIRECTION('',(1.,0.));
#8328 = ( GEOMETRIC_REPRESENTATION_CONTEXT(2) 
PARAMETRIC_REPRESENTATION_CONTEXT() REPRESENTATION_CONTEXT('2D SPACE',''
  ) );
#8329 = ADVANCED_FACE('',(#8330),#6899,.F.);
#8330 = FACE_BOUND('',#8331,.F.);
#8331 = EDGE_LOOP('',(#8332,#8333,#8334,#8335));
#8332 = ORIENTED_EDGE('',*,*,#6883,.F.);
#8333 = ORIENTED_EDGE('',*,*,#8309,.F.);
#8334 = ORIENTED_EDGE('',*,*,#7157,.T.);
#8335 = ORIENTED_EDGE('',*,*,#8336,.T.);
#8336 = EDGE_CURVE('',#7158,#6856,#8337,.T.);
#8337 = SURFACE_CURVE('',#8338,(#8342,#8349),.PCURVE_S1.);
#8338 = LINE('',#8339,#8340);
#8339 = CARTESIAN_POINT('',(-51.7,31.,2.5));
#8340 = VECTOR('',#8341,1.);
#8341 = DIRECTION('',(0.,0.,1.));
#8342 = PCURVE('',#6899,#8343);
#8343 = DEFINITIONAL_REPRESENTATION('',(#8344),#8348);
#8344 = LINE('',#8345,#8346);
#8345 = CARTESIAN_POINT('',(0.,-1.5));
#8346 = VECTOR('',#8347,1.);
#8347 = DIRECTION('',(1.,0.));
#8348 = ( GEOMETRIC_REPRESENTATION_CONTEXT(2) 
PARAMETRIC_REPRESENTATION_CONTEXT() REPRESENTATION_CONTEXT('2D SPACE',''
  ) );
#8349 = PCURVE('',#6871,#8350);
#8350 = DEFINITIONAL_REPRESENTATION('',(#8351),#8355);
#8351 = LINE('',#8352,#8353);
#8352 = CARTESIAN_POINT('',(0.,0.8));
#8353 = VECTOR('',#8354,1.);
#8354 = DIRECTION('',(1.,0.));
#8355 = ( GEOMETRIC_REPRESENTATION_CONTEXT(2) 
PARAMETRIC_REPRESENTATION_CONTEXT() REPRESENTATION_CONTEXT('2D SPACE',''
  ) );
#8356 = ADVANCED_FACE('',(#8357),#6871,.T.);
#8357 = FACE_BOUND('',#8358,.T.);
#8358 = EDGE_LOOP('',(#8359,#8360,#8361,#8362));
#8359 = ORIENTED_EDGE('',*,*,#7180,.F.);
#8360 = ORIENTED_EDGE('',*,*,#8336,.T.);
#8361 = ORIENTED_EDGE('',*,*,#6855,.T.);
#8362 = ORIENTED_EDGE('',*,*,#8109,.F.);
#8363 = ADVANCED_FACE('',(#8364),#7242,.F.);
#8364 = FACE_BOUND('',#8365,.F.);
#8365 = EDGE_LOOP('',(#8366,#8367,#8388,#8389));
#8366 = ORIENTED_EDGE('',*,*,#7226,.F.);
#8367 = ORIENTED_EDGE('',*,*,#8368,.T.);
#8368 = EDGE_CURVE('',#7227,#7389,#8369,.T.);
#8369 = SURFACE_CURVE('',#8370,(#8374,#8381),.PCURVE_S1.);
#8370 = LINE('',#8371,#8372);
#8371 = CARTESIAN_POINT('',(-51.7,45.,2.5));
#8372 = VECTOR('',#8373,1.);
#8373 = DIRECTION('',(0.,0.,1.));
#8374 = PCURVE('',#7242,#8375);
#8375 = DEFINITIONAL_REPRESENTATION('',(#8376),#8380);
#8376 = LINE('',#8377,#8378);
#8377 = CARTESIAN_POINT('',(0.,0.8));
#8378 = VECTOR('',#8379,1.);
#8379 = DIRECTION('',(1.,0.));
#8380 = ( GEOMETRIC_REPRESENTATION_CONTEXT(2) 
PARAMETRIC_REPRESENTATION_CONTEXT() REPRESENTATION_CONTEXT('2D SPACE',''
  ) );
#8381 = PCURVE('',#7270,#8382);
#8382 = DEFINITIONAL_REPRESENTATION('',(#8383),#8387);
#8383 = LINE('',#8384,#8385);
#8384 = CARTESIAN_POINT('',(0.,-15.5));
#8385 = VECTOR('',#8386,1.);
#8386 = DIRECTION('',(1.,0.));
#8387 = ( GEOMETRIC_REPRESENTATION_CONTEXT(2) 
PARAMETRIC_REPRESENTATION_CONTEXT() REPRESENTATION_CONTEXT('2D SPACE',''
  ) );
#8388 = ORIENTED_EDGE('',*,*,#7388,.T.);
#8389 = ORIENTED_EDGE('',*,*,#8087,.F.);
#8390 = ADVANCED_FACE('',(#8391),#7270,.F.);
#8391 = FACE_BOUND('',#8392,.F.);
#8392 = EDGE_LOOP('',(#8393,#8394,#8395,#8396));
#8393 = ORIENTED_EDGE('',*,*,#7567,.F.);
#8394 = ORIENTED_EDGE('',*,*,#8368,.F.);
#8395 = ORIENTED_EDGE('',*,*,#7254,.T.);
#8396 = ORIENTED_EDGE('',*,*,#8397,.T.);
#8397 = EDGE_CURVE('',#7255,#7545,#8398,.T.);
#8398 = SURFACE_CURVE('',#8399,(#8403,#8410),.PCURVE_S1.);
#8399 = LINE('',#8400,#8401);
#8400 = CARTESIAN_POINT('',(-51.7,46.5,2.5));
#8401 = VECTOR('',#8402,1.);
#8402 = DIRECTION('',(0.,0.,1.));
#8403 = PCURVE('',#7270,#8404);
#8404 = DEFINITIONAL_REPRESENTATION('',(#8405),#8409);
#8405 = LINE('',#8406,#8407);
#8406 = CARTESIAN_POINT('',(0.,-17.));
#8407 = VECTOR('',#8408,1.);
#8408 = DIRECTION('',(1.,0.));
#8409 = ( GEOMETRIC_REPRESENTATION_CONTEXT(2) 
PARAMETRIC_REPRESENTATION_CONTEXT() REPRESENTATION_CONTEXT('2D SPACE',''
  ) );
#8410 = PCURVE('',#7298,#8411);
#8411 = DEFINITIONAL_REPRESENTATION('',(#8412),#8416);
#8412 = LINE('',#8413,#8414);
#8413 = CARTESIAN_POINT('',(0.,25.6));
#8414 = VECTOR('',#8415,1.);
#8415 = DIRECTION('',(1.,0.));
#8416 = ( GEOMETRIC_REPRESENTATION_CONTEXT(2) 
PARAMETRIC_REPRESENTATION_CONTEXT() REPRESENTATION_CONTEXT('2D SPACE',''
  ) );
#8417 = ADVANCED_FACE('',(#8418),#7298,.F.);
#8418 = FACE_BOUND('',#8419,.F.);
#8419 = EDGE_LOOP('',(#8420,#8421,#8442,#8443));
#8420 = ORIENTED_EDGE('',*,*,#7282,.F.);
#8421 = ORIENTED_EDGE('',*,*,#8422,.T.);
#8422 = EDGE_CURVE('',#7283,#7522,#8423,.T.);
#8423 = SURFACE_CURVE('',#8424,(#8428,#8435),.PCURVE_S1.);
#8424 = LINE('',#8425,#8426);
#8425 = CARTESIAN_POINT('',(-77.3,46.5,2.5));
#8426 = VECTOR('',#8427,1.);
#8427 = DIRECTION('',(0.,0.,1.));
#8428 = PCURVE('',#7298,#8429);
#8429 = DEFINITIONAL_REPRESENTATION('',(#8430),#8434);
#8430 = LINE('',#8431,#8432);
#8431 = CARTESIAN_POINT('',(0.,0.));
#8432 = VECTOR('',#8433,1.);
#8433 = DIRECTION('',(1.,0.));
#8434 = ( GEOMETRIC_REPRESENTATION_CONTEXT(2) 
PARAMETRIC_REPRESENTATION_CONTEXT() REPRESENTATION_CONTEXT('2D SPACE',''
  ) );
#8435 = PCURVE('',#7324,#8436);
#8436 = DEFINITIONAL_REPRESENTATION('',(#8437),#8441);
#8437 = LINE('',#8438,#8439);
#8438 = CARTESIAN_POINT('',(0.,-17.));
#8439 = VECTOR('',#8440,1.);
#8440 = DIRECTION('',(1.,0.));
#8441 = ( GEOMETRIC_REPRESENTATION_CONTEXT(2) 
PARAMETRIC_REPRESENTATION_CONTEXT() REPRESENTATION_CONTEXT('2D SPACE',''
  ) );
#8442 = ORIENTED_EDGE('',*,*,#7544,.T.);
#8443 = ORIENTED_EDGE('',*,*,#8397,.F.);
#8444 = ADVANCED_FACE('',(#8445),#7324,.T.);
#8445 = FACE_BOUND('',#8446,.T.);
#8446 = EDGE_LOOP('',(#8447,#8448,#8449,#8450));
#8447 = ORIENTED_EDGE('',*,*,#7521,.F.);
#8448 = ORIENTED_EDGE('',*,*,#7339,.F.);
#8449 = ORIENTED_EDGE('',*,*,#7310,.T.);
#8450 = ORIENTED_EDGE('',*,*,#8422,.T.);
#8451 = ADVANCED_FACE('',(#8452),#7481,.T.);
#8452 = FACE_BOUND('',#8453,.T.);
#8453 = EDGE_LOOP('',(#8454,#8455,#8456,#8457));
#8454 = ORIENTED_EDGE('',*,*,#7768,.F.);
#8455 = ORIENTED_EDGE('',*,*,#7593,.T.);
#8456 = ORIENTED_EDGE('',*,*,#7465,.T.);
#8457 = ORIENTED_EDGE('',*,*,#8458,.F.);
#8458 = EDGE_CURVE('',#7745,#7437,#8459,.T.);
#8459 = SURFACE_CURVE('',#8460,(#8464,#8471),.PCURVE_S1.);
#8460 = LINE('',#8461,#8462);
#8461 = CARTESIAN_POINT('',(-51.,50.,0.));
#8462 = VECTOR('',#8463,1.);
#8463 = DIRECTION('',(0.,0.,1.));
#8464 = PCURVE('',#7481,#8465);
#8465 = DEFINITIONAL_REPRESENTATION('',(#8466),#8470);
#8466 = LINE('',#8467,#8468);
#8467 = CARTESIAN_POINT('',(0.,29.));
#8468 = VECTOR('',#8469,1.);
#8469 = DIRECTION('',(1.,0.));
#8470 = ( GEOMETRIC_REPRESENTATION_CONTEXT(2) 
PARAMETRIC_REPRESENTATION_CONTEXT() REPRESENTATION_CONTEXT('2D SPACE',''
  ) );
#8471 = PCURVE('',#7453,#8472);
#8472 = DEFINITIONAL_REPRESENTATION('',(#8473),#8477);
#8473 = LINE('',#8474,#8475);
#8474 = CARTESIAN_POINT('',(1.570796326795,0.));
#8475 = VECTOR('',#8476,1.);
#8476 = DIRECTION('',(0.,1.));
#8477 = ( GEOMETRIC_REPRESENTATION_CONTEXT(2) 
PARAMETRIC_REPRESENTATION_CONTEXT() REPRESENTATION_CONTEXT('2D SPACE',''
  ) );
#8478 = ADVANCED_FACE('',(#8479),#7453,.T.);
#8479 = FACE_BOUND('',#8480,.T.);
#8480 = EDGE_LOOP('',(#8481,#8482,#8483,#8484));
#8481 = ORIENTED_EDGE('',*,*,#7744,.T.);
#8482 = ORIENTED_EDGE('',*,*,#8458,.T.);
#8483 = ORIENTED_EDGE('',*,*,#7436,.F.);
#8484 = ORIENTED_EDGE('',*,*,#8065,.F.);
#8485 = ADVANCED_FACE('',(#8486),#7810,.T.);
#8486 = FACE_BOUND('',#8487,.T.);
#8487 = EDGE_LOOP('',(#8488,#8511,#8512,#8535));
#8488 = ORIENTED_EDGE('',*,*,#8489,.F.);
#8489 = EDGE_CURVE('',#7793,#8490,#8492,.T.);
#8490 = VERTEX_POINT('',#8491);
#8491 = CARTESIAN_POINT('',(-59.75,14.725,0.7));
#8492 = SURFACE_CURVE('',#8493,(#8497,#8504),.PCURVE_S1.);
#8493 = LINE('',#8494,#8495);
#8494 = CARTESIAN_POINT('',(-59.75,14.725,0.));
#8495 = VECTOR('',#8496,1.);
#8496 = DIRECTION('',(0.,0.,1.));
#8497 = PCURVE('',#7810,#8498);
#8498 = DEFINITIONAL_REPRESENTATION('',(#8499),#8503);
#8499 = LINE('',#8500,#8501);
#8500 = CARTESIAN_POINT('',(0.,0.));
#8501 = VECTOR('',#8502,1.);
#8502 = DIRECTION('',(1.,0.));
#8503 = ( GEOMETRIC_REPRESENTATION_CONTEXT(2) 
PARAMETRIC_REPRESENTATION_CONTEXT() REPRESENTATION_CONTEXT('2D SPACE',''
  ) );
#8504 = PCURVE('',#7892,#8505);
#8505 = DEFINITIONAL_REPRESENTATION('',(#8506),#8510);
#8506 = LINE('',#8507,#8508);
#8507 = CARTESIAN_POINT('',(0.,0.));
#8508 = VECTOR('',#8509,1.);
#8509 = DIRECTION('',(1.,0.));
#8510 = ( GEOMETRIC_REPRESENTATION_CONTEXT(2) 
PARAMETRIC_REPRESENTATION_CONTEXT() REPRESENTATION_CONTEXT('2D SPACE',''
  ) );
#8511 = ORIENTED_EDGE('',*,*,#7792,.T.);
#8512 = ORIENTED_EDGE('',*,*,#8513,.T.);
#8513 = EDGE_CURVE('',#7795,#8514,#8516,.T.);
#8514 = VERTEX_POINT('',#8515);
#8515 = CARTESIAN_POINT('',(-59.75,21.275,0.7));
#8516 = SURFACE_CURVE('',#8517,(#8521,#8528),.PCURVE_S1.);
#8517 = LINE('',#8518,#8519);
#8518 = CARTESIAN_POINT('',(-59.75,21.275,0.));
#8519 = VECTOR('',#8520,1.);
#8520 = DIRECTION('',(0.,0.,1.));
#8521 = PCURVE('',#7810,#8522);
#8522 = DEFINITIONAL_REPRESENTATION('',(#8523),#8527);
#8523 = LINE('',#8524,#8525);
#8524 = CARTESIAN_POINT('',(0.,-6.55));
#8525 = VECTOR('',#8526,1.);
#8526 = DIRECTION('',(1.,0.));
#8527 = ( GEOMETRIC_REPRESENTATION_CONTEXT(2) 
PARAMETRIC_REPRESENTATION_CONTEXT() REPRESENTATION_CONTEXT('2D SPACE',''
  ) );
#8528 = PCURVE('',#7838,#8529);
#8529 = DEFINITIONAL_REPRESENTATION('',(#8530),#8534);
#8530 = LINE('',#8531,#8532);
#8531 = CARTESIAN_POINT('',(0.,0.));
#8532 = VECTOR('',#8533,1.);
#8533 = DIRECTION('',(1.,0.));
#8534 = ( GEOMETRIC_REPRESENTATION_CONTEXT(2) 
PARAMETRIC_REPRESENTATION_CONTEXT() REPRESENTATION_CONTEXT('2D SPACE',''
  ) );
#8535 = ORIENTED_EDGE('',*,*,#8536,.F.);
#8536 = EDGE_CURVE('',#8490,#8514,#8537,.T.);
#8537 = SURFACE_CURVE('',#8538,(#8542,#8549),.PCURVE_S1.);
#8538 = LINE('',#8539,#8540);
#8539 = CARTESIAN_POINT('',(-59.75,14.725,0.7));
#8540 = VECTOR('',#8541,1.);
#8541 = DIRECTION('',(0.,1.,0.));
#8542 = PCURVE('',#7810,#8543);
#8543 = DEFINITIONAL_REPRESENTATION('',(#8544),#8548);
#8544 = LINE('',#8545,#8546);
#8545 = CARTESIAN_POINT('',(0.7,0.));
#8546 = VECTOR('',#8547,1.);
#8547 = DIRECTION('',(0.,-1.));
#8548 = ( GEOMETRIC_REPRESENTATION_CONTEXT(2) 
PARAMETRIC_REPRESENTATION_CONTEXT() REPRESENTATION_CONTEXT('2D SPACE',''
  ) );
#8549 = PCURVE('',#8550,#8555);
#8550 = PLANE('',#8551);
#8551 = AXIS2_PLACEMENT_3D('',#8552,#8553,#8554);
#8552 = CARTESIAN_POINT('',(-59.75,14.725,0.7));
#8553 = DIRECTION('',(0.,0.,1.));
#8554 = DIRECTION('',(1.,0.,-0.));
#8555 = DEFINITIONAL_REPRESENTATION('',(#8556),#8560);
#8556 = LINE('',#8557,#8558);
#8557 = CARTESIAN_POINT('',(0.,0.));
#8558 = VECTOR('',#8559,1.);
#8559 = DIRECTION('',(0.,1.));
#8560 = ( GEOMETRIC_REPRESENTATION_CONTEXT(2) 
PARAMETRIC_REPRESENTATION_CONTEXT() REPRESENTATION_CONTEXT('2D SPACE',''
  ) );
#8561 = ADVANCED_FACE('',(#8562),#7892,.T.);
#8562 = FACE_BOUND('',#8563,.T.);
#8563 = EDGE_LOOP('',(#8564,#8565,#8566,#8589));
#8564 = ORIENTED_EDGE('',*,*,#7878,.F.);
#8565 = ORIENTED_EDGE('',*,*,#8489,.T.);
#8566 = ORIENTED_EDGE('',*,*,#8567,.T.);
#8567 = EDGE_CURVE('',#8490,#8568,#8570,.T.);
#8568 = VERTEX_POINT('',#8569);
#8569 = CARTESIAN_POINT('',(-55.25,14.725,0.7));
#8570 = SURFACE_CURVE('',#8571,(#8575,#8582),.PCURVE_S1.);
#8571 = LINE('',#8572,#8573);
#8572 = CARTESIAN_POINT('',(-59.75,14.725,0.7));
#8573 = VECTOR('',#8574,1.);
#8574 = DIRECTION('',(1.,0.,0.));
#8575 = PCURVE('',#7892,#8576);
#8576 = DEFINITIONAL_REPRESENTATION('',(#8577),#8581);
#8577 = LINE('',#8578,#8579);
#8578 = CARTESIAN_POINT('',(0.7,0.));
#8579 = VECTOR('',#8580,1.);
#8580 = DIRECTION('',(0.,1.));
#8581 = ( GEOMETRIC_REPRESENTATION_CONTEXT(2) 
PARAMETRIC_REPRESENTATION_CONTEXT() REPRESENTATION_CONTEXT('2D SPACE',''
  ) );
#8582 = PCURVE('',#8550,#8583);
#8583 = DEFINITIONAL_REPRESENTATION('',(#8584),#8588);
#8584 = LINE('',#8585,#8586);
#8585 = CARTESIAN_POINT('',(0.,0.));
#8586 = VECTOR('',#8587,1.);
#8587 = DIRECTION('',(1.,0.));
#8588 = ( GEOMETRIC_REPRESENTATION_CONTEXT(2) 
PARAMETRIC_REPRESENTATION_CONTEXT() REPRESENTATION_CONTEXT('2D SPACE',''
  ) );
#8589 = ORIENTED_EDGE('',*,*,#8590,.F.);
#8590 = EDGE_CURVE('',#7851,#8568,#8591,.T.);
#8591 = SURFACE_CURVE('',#8592,(#8596,#8603),.PCURVE_S1.);
#8592 = LINE('',#8593,#8594);
#8593 = CARTESIAN_POINT('',(-55.25,14.725,0.));
#8594 = VECTOR('',#8595,1.);
#8595 = DIRECTION('',(0.,0.,1.));
#8596 = PCURVE('',#7892,#8597);
#8597 = DEFINITIONAL_REPRESENTATION('',(#8598),#8602);
#8598 = LINE('',#8599,#8600);
#8599 = CARTESIAN_POINT('',(0.,4.5));
#8600 = VECTOR('',#8601,1.);
#8601 = DIRECTION('',(1.,0.));
#8602 = ( GEOMETRIC_REPRESENTATION_CONTEXT(2) 
PARAMETRIC_REPRESENTATION_CONTEXT() REPRESENTATION_CONTEXT('2D SPACE',''
  ) );
#8603 = PCURVE('',#7866,#8604);
#8604 = DEFINITIONAL_REPRESENTATION('',(#8605),#8609);
#8605 = LINE('',#8606,#8607);
#8606 = CARTESIAN_POINT('',(0.,0.));
#8607 = VECTOR('',#8608,1.);
#8608 = DIRECTION('',(1.,0.));
#8609 = ( GEOMETRIC_REPRESENTATION_CONTEXT(2) 
PARAMETRIC_REPRESENTATION_CONTEXT() REPRESENTATION_CONTEXT('2D SPACE',''
  ) );
#8610 = ADVANCED_FACE('',(#8611),#7866,.F.);
#8611 = FACE_BOUND('',#8612,.F.);
#8612 = EDGE_LOOP('',(#8613,#8614,#8615,#8638));
#8613 = ORIENTED_EDGE('',*,*,#8590,.F.);
#8614 = ORIENTED_EDGE('',*,*,#7850,.T.);
#8615 = ORIENTED_EDGE('',*,*,#8616,.T.);
#8616 = EDGE_CURVE('',#7823,#8617,#8619,.T.);
#8617 = VERTEX_POINT('',#8618);
#8618 = CARTESIAN_POINT('',(-55.25,21.275,0.7));
#8619 = SURFACE_CURVE('',#8620,(#8624,#8631),.PCURVE_S1.);
#8620 = LINE('',#8621,#8622);
#8621 = CARTESIAN_POINT('',(-55.25,21.275,0.));
#8622 = VECTOR('',#8623,1.);
#8623 = DIRECTION('',(0.,0.,1.));
#8624 = PCURVE('',#7866,#8625);
#8625 = DEFINITIONAL_REPRESENTATION('',(#8626),#8630);
#8626 = LINE('',#8627,#8628);
#8627 = CARTESIAN_POINT('',(0.,-6.55));
#8628 = VECTOR('',#8629,1.);
#8629 = DIRECTION('',(1.,0.));
#8630 = ( GEOMETRIC_REPRESENTATION_CONTEXT(2) 
PARAMETRIC_REPRESENTATION_CONTEXT() REPRESENTATION_CONTEXT('2D SPACE',''
  ) );
#8631 = PCURVE('',#7838,#8632);
#8632 = DEFINITIONAL_REPRESENTATION('',(#8633),#8637);
#8633 = LINE('',#8634,#8635);
#8634 = CARTESIAN_POINT('',(0.,4.5));
#8635 = VECTOR('',#8636,1.);
#8636 = DIRECTION('',(1.,0.));
#8637 = ( GEOMETRIC_REPRESENTATION_CONTEXT(2) 
PARAMETRIC_REPRESENTATION_CONTEXT() REPRESENTATION_CONTEXT('2D SPACE',''
  ) );
#8638 = ORIENTED_EDGE('',*,*,#8639,.F.);
#8639 = EDGE_CURVE('',#8568,#8617,#8640,.T.);
#8640 = SURFACE_CURVE('',#8641,(#8645,#8652),.PCURVE_S1.);
#8641 = LINE('',#8642,#8643);
#8642 = CARTESIAN_POINT('',(-55.25,14.725,0.7));
#8643 = VECTOR('',#8644,1.);
#8644 = DIRECTION('',(0.,1.,0.));
#8645 = PCURVE('',#7866,#8646);
#8646 = DEFINITIONAL_REPRESENTATION('',(#8647),#8651);
#8647 = LINE('',#8648,#8649);
#8648 = CARTESIAN_POINT('',(0.7,0.));
#8649 = VECTOR('',#8650,1.);
#8650 = DIRECTION('',(0.,-1.));
#8651 = ( GEOMETRIC_REPRESENTATION_CONTEXT(2) 
PARAMETRIC_REPRESENTATION_CONTEXT() REPRESENTATION_CONTEXT('2D SPACE',''
  ) );
#8652 = PCURVE('',#8550,#8653);
#8653 = DEFINITIONAL_REPRESENTATION('',(#8654),#8658);
#8654 = LINE('',#8655,#8656);
#8655 = CARTESIAN_POINT('',(4.5,0.));
#8656 = VECTOR('',#8657,1.);
#8657 = DIRECTION('',(0.,1.));
#8658 = ( GEOMETRIC_REPRESENTATION_CONTEXT(2) 
PARAMETRIC_REPRESENTATION_CONTEXT() REPRESENTATION_CONTEXT('2D SPACE',''
  ) );
#8659 = ADVANCED_FACE('',(#8660),#7838,.F.);
#8660 = FACE_BOUND('',#8661,.F.);
#8661 = EDGE_LOOP('',(#8662,#8663,#8664,#8685));
#8662 = ORIENTED_EDGE('',*,*,#7822,.F.);
#8663 = ORIENTED_EDGE('',*,*,#8513,.T.);
#8664 = ORIENTED_EDGE('',*,*,#8665,.T.);
#8665 = EDGE_CURVE('',#8514,#8617,#8666,.T.);
#8666 = SURFACE_CURVE('',#8667,(#8671,#8678),.PCURVE_S1.);
#8667 = LINE('',#8668,#8669);
#8668 = CARTESIAN_POINT('',(-59.75,21.275,0.7));
#8669 = VECTOR('',#8670,1.);
#8670 = DIRECTION('',(1.,0.,0.));
#8671 = PCURVE('',#7838,#8672);
#8672 = DEFINITIONAL_REPRESENTATION('',(#8673),#8677);
#8673 = LINE('',#8674,#8675);
#8674 = CARTESIAN_POINT('',(0.7,0.));
#8675 = VECTOR('',#8676,1.);
#8676 = DIRECTION('',(0.,1.));
#8677 = ( GEOMETRIC_REPRESENTATION_CONTEXT(2) 
PARAMETRIC_REPRESENTATION_CONTEXT() REPRESENTATION_CONTEXT('2D SPACE',''
  ) );
#8678 = PCURVE('',#8550,#8679);
#8679 = DEFINITIONAL_REPRESENTATION('',(#8680),#8684);
#8680 = LINE('',#8681,#8682);
#8681 = CARTESIAN_POINT('',(0.,6.55));
#8682 = VECTOR('',#8683,1.);
#8683 = DIRECTION('',(1.,0.));
#8684 = ( GEOMETRIC_REPRESENTATION_CONTEXT(2) 
PARAMETRIC_REPRESENTATION_CONTEXT() REPRESENTATION_CONTEXT('2D SPACE',''
  ) );
#8685 = ORIENTED_EDGE('',*,*,#8616,.F.);
#8686 = ADVANCED_FACE('',(#8687,#8693),#8550,.F.);
#8687 = FACE_BOUND('',#8688,.F.);
#8688 = EDGE_LOOP('',(#8689,#8690,#8691,#8692));
#8689 = ORIENTED_EDGE('',*,*,#8536,.F.);
#8690 = ORIENTED_EDGE('',*,*,#8567,.T.);
#8691 = ORIENTED_EDGE('',*,*,#8639,.T.);
#8692 = ORIENTED_EDGE('',*,*,#8665,.F.);
#8693 = FACE_BOUND('',#8694,.F.);
#8694 = EDGE_LOOP('',(#8695,#8725,#8753,#8781));
#8695 = ORIENTED_EDGE('',*,*,#8696,.F.);
#8696 = EDGE_CURVE('',#8697,#8699,#8701,.T.);
#8697 = VERTEX_POINT('',#8698);
#8698 = CARTESIAN_POINT('',(-59.575,21.1,0.7));
#8699 = VERTEX_POINT('',#8700);
#8700 = CARTESIAN_POINT('',(-59.575,14.9,0.7));
#8701 = SURFACE_CURVE('',#8702,(#8706,#8713),.PCURVE_S1.);
#8702 = LINE('',#8703,#8704);
#8703 = CARTESIAN_POINT('',(-59.575,14.8125,0.7));
#8704 = VECTOR('',#8705,1.);
#8705 = DIRECTION('',(0.,-1.,0.));
#8706 = PCURVE('',#8550,#8707);
#8707 = DEFINITIONAL_REPRESENTATION('',(#8708),#8712);
#8708 = LINE('',#8709,#8710);
#8709 = CARTESIAN_POINT('',(0.175,8.75E-02));
#8710 = VECTOR('',#8711,1.);
#8711 = DIRECTION('',(0.,-1.));
#8712 = ( GEOMETRIC_REPRESENTATION_CONTEXT(2) 
PARAMETRIC_REPRESENTATION_CONTEXT() REPRESENTATION_CONTEXT('2D SPACE',''
  ) );
#8713 = PCURVE('',#8714,#8719);
#8714 = PLANE('',#8715);
#8715 = AXIS2_PLACEMENT_3D('',#8716,#8717,#8718);
#8716 = CARTESIAN_POINT('',(-59.575,14.9,0.));
#8717 = DIRECTION('',(1.,0.,0.));
#8718 = DIRECTION('',(0.,0.,1.));
#8719 = DEFINITIONAL_REPRESENTATION('',(#8720),#8724);
#8720 = LINE('',#8721,#8722);
#8721 = CARTESIAN_POINT('',(0.7,8.75E-02));
#8722 = VECTOR('',#8723,1.);
#8723 = DIRECTION('',(0.,1.));
#8724 = ( GEOMETRIC_REPRESENTATION_CONTEXT(2) 
PARAMETRIC_REPRESENTATION_CONTEXT() REPRESENTATION_CONTEXT('2D SPACE',''
  ) );
#8725 = ORIENTED_EDGE('',*,*,#8726,.T.);
#8726 = EDGE_CURVE('',#8697,#8727,#8729,.T.);
#8727 = VERTEX_POINT('',#8728);
#8728 = CARTESIAN_POINT('',(-55.425,21.1,0.7));
#8729 = SURFACE_CURVE('',#8730,(#8734,#8741),.PCURVE_S1.);
#8730 = LINE('',#8731,#8732);
#8731 = CARTESIAN_POINT('',(-59.6625,21.1,0.7));
#8732 = VECTOR('',#8733,1.);
#8733 = DIRECTION('',(1.,0.,0.));
#8734 = PCURVE('',#8550,#8735);
#8735 = DEFINITIONAL_REPRESENTATION('',(#8736),#8740);
#8736 = LINE('',#8737,#8738);
#8737 = CARTESIAN_POINT('',(8.75E-02,6.375));
#8738 = VECTOR('',#8739,1.);
#8739 = DIRECTION('',(1.,0.));
#8740 = ( GEOMETRIC_REPRESENTATION_CONTEXT(2) 
PARAMETRIC_REPRESENTATION_CONTEXT() REPRESENTATION_CONTEXT('2D SPACE',''
  ) );
#8741 = PCURVE('',#8742,#8747);
#8742 = PLANE('',#8743);
#8743 = AXIS2_PLACEMENT_3D('',#8744,#8745,#8746);
#8744 = CARTESIAN_POINT('',(-59.575,21.1,0.));
#8745 = DIRECTION('',(0.,1.,0.));
#8746 = DIRECTION('',(0.,-0.,1.));
#8747 = DEFINITIONAL_REPRESENTATION('',(#8748),#8752);
#8748 = LINE('',#8749,#8750);
#8749 = CARTESIAN_POINT('',(0.7,-8.75E-02));
#8750 = VECTOR('',#8751,1.);
#8751 = DIRECTION('',(0.,1.));
#8752 = ( GEOMETRIC_REPRESENTATION_CONTEXT(2) 
PARAMETRIC_REPRESENTATION_CONTEXT() REPRESENTATION_CONTEXT('2D SPACE',''
  ) );
#8753 = ORIENTED_EDGE('',*,*,#8754,.T.);
#8754 = EDGE_CURVE('',#8727,#8755,#8757,.T.);
#8755 = VERTEX_POINT('',#8756);
#8756 = CARTESIAN_POINT('',(-55.425,14.9,0.7));
#8757 = SURFACE_CURVE('',#8758,(#8762,#8769),.PCURVE_S1.);
#8758 = LINE('',#8759,#8760);
#8759 = CARTESIAN_POINT('',(-55.425,14.8125,0.7));
#8760 = VECTOR('',#8761,1.);
#8761 = DIRECTION('',(0.,-1.,0.));
#8762 = PCURVE('',#8550,#8763);
#8763 = DEFINITIONAL_REPRESENTATION('',(#8764),#8768);
#8764 = LINE('',#8765,#8766);
#8765 = CARTESIAN_POINT('',(4.325,8.75E-02));
#8766 = VECTOR('',#8767,1.);
#8767 = DIRECTION('',(0.,-1.));
#8768 = ( GEOMETRIC_REPRESENTATION_CONTEXT(2) 
PARAMETRIC_REPRESENTATION_CONTEXT() REPRESENTATION_CONTEXT('2D SPACE',''
  ) );
#8769 = PCURVE('',#8770,#8775);
#8770 = PLANE('',#8771);
#8771 = AXIS2_PLACEMENT_3D('',#8772,#8773,#8774);
#8772 = CARTESIAN_POINT('',(-55.425,14.9,0.));
#8773 = DIRECTION('',(1.,0.,0.));
#8774 = DIRECTION('',(0.,0.,1.));
#8775 = DEFINITIONAL_REPRESENTATION('',(#8776),#8780);
#8776 = LINE('',#8777,#8778);
#8777 = CARTESIAN_POINT('',(0.7,8.75E-02));
#8778 = VECTOR('',#8779,1.);
#8779 = DIRECTION('',(0.,1.));
#8780 = ( GEOMETRIC_REPRESENTATION_CONTEXT(2) 
PARAMETRIC_REPRESENTATION_CONTEXT() REPRESENTATION_CONTEXT('2D SPACE',''
  ) );
#8781 = ORIENTED_EDGE('',*,*,#8782,.F.);
#8782 = EDGE_CURVE('',#8699,#8755,#8783,.T.);
#8783 = SURFACE_CURVE('',#8784,(#8788,#8795),.PCURVE_S1.);
#8784 = LINE('',#8785,#8786);
#8785 = CARTESIAN_POINT('',(-59.6625,14.9,0.7));
#8786 = VECTOR('',#8787,1.);
#8787 = DIRECTION('',(1.,0.,0.));
#8788 = PCURVE('',#8550,#8789);
#8789 = DEFINITIONAL_REPRESENTATION('',(#8790),#8794);
#8790 = LINE('',#8791,#8792);
#8791 = CARTESIAN_POINT('',(8.75E-02,0.175));
#8792 = VECTOR('',#8793,1.);
#8793 = DIRECTION('',(1.,0.));
#8794 = ( GEOMETRIC_REPRESENTATION_CONTEXT(2) 
PARAMETRIC_REPRESENTATION_CONTEXT() REPRESENTATION_CONTEXT('2D SPACE',''
  ) );
#8795 = PCURVE('',#8796,#8801);
#8796 = PLANE('',#8797);
#8797 = AXIS2_PLACEMENT_3D('',#8798,#8799,#8800);
#8798 = CARTESIAN_POINT('',(-59.575,14.9,0.));
#8799 = DIRECTION('',(0.,1.,0.));
#8800 = DIRECTION('',(0.,-0.,1.));
#8801 = DEFINITIONAL_REPRESENTATION('',(#8802),#8806);
#8802 = LINE('',#8803,#8804);
#8803 = CARTESIAN_POINT('',(0.7,-8.75E-02));
#8804 = VECTOR('',#8805,1.);
#8805 = DIRECTION('',(0.,1.));
#8806 = ( GEOMETRIC_REPRESENTATION_CONTEXT(2) 
PARAMETRIC_REPRESENTATION_CONTEXT() REPRESENTATION_CONTEXT('2D SPACE',''
  ) );
#8807 = ADVANCED_FACE('',(#8808),#8714,.T.);
#8808 = FACE_BOUND('',#8809,.T.);
#8809 = EDGE_LOOP('',(#8810,#8833,#8834,#8857));
#8810 = ORIENTED_EDGE('',*,*,#8811,.F.);
#8811 = EDGE_CURVE('',#8699,#8812,#8814,.T.);
#8812 = VERTEX_POINT('',#8813);
#8813 = CARTESIAN_POINT('',(-59.575,14.9,4.));
#8814 = SURFACE_CURVE('',#8815,(#8819,#8826),.PCURVE_S1.);
#8815 = LINE('',#8816,#8817);
#8816 = CARTESIAN_POINT('',(-59.575,14.9,0.));
#8817 = VECTOR('',#8818,1.);
#8818 = DIRECTION('',(0.,0.,1.));
#8819 = PCURVE('',#8714,#8820);
#8820 = DEFINITIONAL_REPRESENTATION('',(#8821),#8825);
#8821 = LINE('',#8822,#8823);
#8822 = CARTESIAN_POINT('',(0.,0.));
#8823 = VECTOR('',#8824,1.);
#8824 = DIRECTION('',(1.,0.));
#8825 = ( GEOMETRIC_REPRESENTATION_CONTEXT(2) 
PARAMETRIC_REPRESENTATION_CONTEXT() REPRESENTATION_CONTEXT('2D SPACE',''
  ) );
#8826 = PCURVE('',#8796,#8827);
#8827 = DEFINITIONAL_REPRESENTATION('',(#8828),#8832);
#8828 = LINE('',#8829,#8830);
#8829 = CARTESIAN_POINT('',(0.,0.));
#8830 = VECTOR('',#8831,1.);
#8831 = DIRECTION('',(1.,0.));
#8832 = ( GEOMETRIC_REPRESENTATION_CONTEXT(2) 
PARAMETRIC_REPRESENTATION_CONTEXT() REPRESENTATION_CONTEXT('2D SPACE',''
  ) );
#8833 = ORIENTED_EDGE('',*,*,#8696,.F.);
#8834 = ORIENTED_EDGE('',*,*,#8835,.T.);
#8835 = EDGE_CURVE('',#8697,#8836,#8838,.T.);
#8836 = VERTEX_POINT('',#8837);
#8837 = CARTESIAN_POINT('',(-59.575,21.1,4.));
#8838 = SURFACE_CURVE('',#8839,(#8843,#8850),.PCURVE_S1.);
#8839 = LINE('',#8840,#8841);
#8840 = CARTESIAN_POINT('',(-59.575,21.1,0.));
#8841 = VECTOR('',#8842,1.);
#8842 = DIRECTION('',(0.,0.,1.));
#8843 = PCURVE('',#8714,#8844);
#8844 = DEFINITIONAL_REPRESENTATION('',(#8845),#8849);
#8845 = LINE('',#8846,#8847);
#8846 = CARTESIAN_POINT('',(0.,-6.2));
#8847 = VECTOR('',#8848,1.);
#8848 = DIRECTION('',(1.,0.));
#8849 = ( GEOMETRIC_REPRESENTATION_CONTEXT(2) 
PARAMETRIC_REPRESENTATION_CONTEXT() REPRESENTATION_CONTEXT('2D SPACE',''
  ) );
#8850 = PCURVE('',#8742,#8851);
#8851 = DEFINITIONAL_REPRESENTATION('',(#8852),#8856);
#8852 = LINE('',#8853,#8854);
#8853 = CARTESIAN_POINT('',(0.,0.));
#8854 = VECTOR('',#8855,1.);
#8855 = DIRECTION('',(1.,0.));
#8856 = ( GEOMETRIC_REPRESENTATION_CONTEXT(2) 
PARAMETRIC_REPRESENTATION_CONTEXT() REPRESENTATION_CONTEXT('2D SPACE',''
  ) );
#8857 = ORIENTED_EDGE('',*,*,#8858,.T.);
#8858 = EDGE_CURVE('',#8836,#8812,#8859,.T.);
#8859 = SURFACE_CURVE('',#8860,(#8864,#8871),.PCURVE_S1.);
#8860 = LINE('',#8861,#8862);
#8861 = CARTESIAN_POINT('',(-59.575,14.9,4.));
#8862 = VECTOR('',#8863,1.);
#8863 = DIRECTION('',(0.,-1.,0.));
#8864 = PCURVE('',#8714,#8865);
#8865 = DEFINITIONAL_REPRESENTATION('',(#8866),#8870);
#8866 = LINE('',#8867,#8868);
#8867 = CARTESIAN_POINT('',(4.,0.));
#8868 = VECTOR('',#8869,1.);
#8869 = DIRECTION('',(0.,1.));
#8870 = ( GEOMETRIC_REPRESENTATION_CONTEXT(2) 
PARAMETRIC_REPRESENTATION_CONTEXT() REPRESENTATION_CONTEXT('2D SPACE',''
  ) );
#8871 = PCURVE('',#8872,#8877);
#8872 = PLANE('',#8873);
#8873 = AXIS2_PLACEMENT_3D('',#8874,#8875,#8876);
#8874 = CARTESIAN_POINT('',(-59.8,14.9,4.));
#8875 = DIRECTION('',(0.,0.,1.));
#8876 = DIRECTION('',(1.,0.,-0.));
#8877 = DEFINITIONAL_REPRESENTATION('',(#8878),#8882);
#8878 = LINE('',#8879,#8880);
#8879 = CARTESIAN_POINT('',(0.225,0.));
#8880 = VECTOR('',#8881,1.);
#8881 = DIRECTION('',(0.,-1.));
#8882 = ( GEOMETRIC_REPRESENTATION_CONTEXT(2) 
PARAMETRIC_REPRESENTATION_CONTEXT() REPRESENTATION_CONTEXT('2D SPACE',''
  ) );
#8883 = ADVANCED_FACE('',(#8884),#8796,.T.);
#8884 = FACE_BOUND('',#8885,.T.);
#8885 = EDGE_LOOP('',(#8886,#8909,#8910,#8911,#8934,#8962,#8990,#9018));
#8886 = ORIENTED_EDGE('',*,*,#8887,.F.);
#8887 = EDGE_CURVE('',#8755,#8888,#8890,.T.);
#8888 = VERTEX_POINT('',#8889);
#8889 = CARTESIAN_POINT('',(-55.425,14.9,4.));
#8890 = SURFACE_CURVE('',#8891,(#8895,#8902),.PCURVE_S1.);
#8891 = LINE('',#8892,#8893);
#8892 = CARTESIAN_POINT('',(-55.425,14.9,0.));
#8893 = VECTOR('',#8894,1.);
#8894 = DIRECTION('',(0.,0.,1.));
#8895 = PCURVE('',#8796,#8896);
#8896 = DEFINITIONAL_REPRESENTATION('',(#8897),#8901);
#8897 = LINE('',#8898,#8899);
#8898 = CARTESIAN_POINT('',(0.,4.15));
#8899 = VECTOR('',#8900,1.);
#8900 = DIRECTION('',(1.,0.));
#8901 = ( GEOMETRIC_REPRESENTATION_CONTEXT(2) 
PARAMETRIC_REPRESENTATION_CONTEXT() REPRESENTATION_CONTEXT('2D SPACE',''
  ) );
#8902 = PCURVE('',#8770,#8903);
#8903 = DEFINITIONAL_REPRESENTATION('',(#8904),#8908);
#8904 = LINE('',#8905,#8906);
#8905 = CARTESIAN_POINT('',(0.,0.));
#8906 = VECTOR('',#8907,1.);
#8907 = DIRECTION('',(1.,0.));
#8908 = ( GEOMETRIC_REPRESENTATION_CONTEXT(2) 
PARAMETRIC_REPRESENTATION_CONTEXT() REPRESENTATION_CONTEXT('2D SPACE',''
  ) );
#8909 = ORIENTED_EDGE('',*,*,#8782,.F.);
#8910 = ORIENTED_EDGE('',*,*,#8811,.T.);
#8911 = ORIENTED_EDGE('',*,*,#8912,.F.);
#8912 = EDGE_CURVE('',#8913,#8812,#8915,.T.);
#8913 = VERTEX_POINT('',#8914);
#8914 = CARTESIAN_POINT('',(-59.8,14.9,4.));
#8915 = SURFACE_CURVE('',#8916,(#8920,#8927),.PCURVE_S1.);
#8916 = LINE('',#8917,#8918);
#8917 = CARTESIAN_POINT('',(-59.8,14.9,4.));
#8918 = VECTOR('',#8919,1.);
#8919 = DIRECTION('',(1.,0.,0.));
#8920 = PCURVE('',#8796,#8921);
#8921 = DEFINITIONAL_REPRESENTATION('',(#8922),#8926);
#8922 = LINE('',#8923,#8924);
#8923 = CARTESIAN_POINT('',(4.,-0.225));
#8924 = VECTOR('',#8925,1.);
#8925 = DIRECTION('',(0.,1.));
#8926 = ( GEOMETRIC_REPRESENTATION_CONTEXT(2) 
PARAMETRIC_REPRESENTATION_CONTEXT() REPRESENTATION_CONTEXT('2D SPACE',''
  ) );
#8927 = PCURVE('',#8872,#8928);
#8928 = DEFINITIONAL_REPRESENTATION('',(#8929),#8933);
#8929 = LINE('',#8930,#8931);
#8930 = CARTESIAN_POINT('',(0.,0.));
#8931 = VECTOR('',#8932,1.);
#8932 = DIRECTION('',(1.,0.));
#8933 = ( GEOMETRIC_REPRESENTATION_CONTEXT(2) 
PARAMETRIC_REPRESENTATION_CONTEXT() REPRESENTATION_CONTEXT('2D SPACE',''
  ) );
#8934 = ORIENTED_EDGE('',*,*,#8935,.T.);
#8935 = EDGE_CURVE('',#8913,#8936,#8938,.T.);
#8936 = VERTEX_POINT('',#8937);
#8937 = CARTESIAN_POINT('',(-59.8,14.9,6.2));
#8938 = SURFACE_CURVE('',#8939,(#8943,#8950),.PCURVE_S1.);
#8939 = LINE('',#8940,#8941);
#8940 = CARTESIAN_POINT('',(-59.8,14.9,4.));
#8941 = VECTOR('',#8942,1.);
#8942 = DIRECTION('',(0.,0.,1.));
#8943 = PCURVE('',#8796,#8944);
#8944 = DEFINITIONAL_REPRESENTATION('',(#8945),#8949);
#8945 = LINE('',#8946,#8947);
#8946 = CARTESIAN_POINT('',(4.,-0.225));
#8947 = VECTOR('',#8948,1.);
#8948 = DIRECTION('',(1.,0.));
#8949 = ( GEOMETRIC_REPRESENTATION_CONTEXT(2) 
PARAMETRIC_REPRESENTATION_CONTEXT() REPRESENTATION_CONTEXT('2D SPACE',''
  ) );
#8950 = PCURVE('',#8951,#8956);
#8951 = PLANE('',#8952);
#8952 = AXIS2_PLACEMENT_3D('',#8953,#8954,#8955);
#8953 = CARTESIAN_POINT('',(-59.8,14.9,4.));
#8954 = DIRECTION('',(1.,0.,0.));
#8955 = DIRECTION('',(0.,0.,1.));
#8956 = DEFINITIONAL_REPRESENTATION('',(#8957),#8961);
#8957 = LINE('',#8958,#8959);
#8958 = CARTESIAN_POINT('',(0.,0.));
#8959 = VECTOR('',#8960,1.);
#8960 = DIRECTION('',(1.,0.));
#8961 = ( GEOMETRIC_REPRESENTATION_CONTEXT(2) 
PARAMETRIC_REPRESENTATION_CONTEXT() REPRESENTATION_CONTEXT('2D SPACE',''
  ) );
#8962 = ORIENTED_EDGE('',*,*,#8963,.F.);
#8963 = EDGE_CURVE('',#8964,#8936,#8966,.T.);
#8964 = VERTEX_POINT('',#8965);
#8965 = CARTESIAN_POINT('',(-55.2,14.9,6.2));
#8966 = SURFACE_CURVE('',#8967,(#8971,#8978),.PCURVE_S1.);
#8967 = LINE('',#8968,#8969);
#8968 = CARTESIAN_POINT('',(-55.2,14.9,6.2));
#8969 = VECTOR('',#8970,1.);
#8970 = DIRECTION('',(-1.,0.,0.));
#8971 = PCURVE('',#8796,#8972);
#8972 = DEFINITIONAL_REPRESENTATION('',(#8973),#8977);
#8973 = LINE('',#8974,#8975);
#8974 = CARTESIAN_POINT('',(6.2,4.375));
#8975 = VECTOR('',#8976,1.);
#8976 = DIRECTION('',(0.,-1.));
#8977 = ( GEOMETRIC_REPRESENTATION_CONTEXT(2) 
PARAMETRIC_REPRESENTATION_CONTEXT() REPRESENTATION_CONTEXT('2D SPACE',''
  ) );
#8978 = PCURVE('',#8979,#8984);
#8979 = PLANE('',#8980);
#8980 = AXIS2_PLACEMENT_3D('',#8981,#8982,#8983);
#8981 = CARTESIAN_POINT('',(-59.575,14.9,6.2));
#8982 = DIRECTION('',(0.,0.,1.));
#8983 = DIRECTION('',(1.,0.,-0.));
#8984 = DEFINITIONAL_REPRESENTATION('',(#8985),#8989);
#8985 = LINE('',#8986,#8987);
#8986 = CARTESIAN_POINT('',(4.375,0.));
#8987 = VECTOR('',#8988,1.);
#8988 = DIRECTION('',(-1.,0.));
#8989 = ( GEOMETRIC_REPRESENTATION_CONTEXT(2) 
PARAMETRIC_REPRESENTATION_CONTEXT() REPRESENTATION_CONTEXT('2D SPACE',''
  ) );
#8990 = ORIENTED_EDGE('',*,*,#8991,.F.);
#8991 = EDGE_CURVE('',#8992,#8964,#8994,.T.);
#8992 = VERTEX_POINT('',#8993);
#8993 = CARTESIAN_POINT('',(-55.2,14.9,4.));
#8994 = SURFACE_CURVE('',#8995,(#8999,#9006),.PCURVE_S1.);
#8995 = LINE('',#8996,#8997);
#8996 = CARTESIAN_POINT('',(-55.2,14.9,4.));
#8997 = VECTOR('',#8998,1.);
#8998 = DIRECTION('',(0.,0.,1.));
#8999 = PCURVE('',#8796,#9000);
#9000 = DEFINITIONAL_REPRESENTATION('',(#9001),#9005);
#9001 = LINE('',#9002,#9003);
#9002 = CARTESIAN_POINT('',(4.,4.375));
#9003 = VECTOR('',#9004,1.);
#9004 = DIRECTION('',(1.,0.));
#9005 = ( GEOMETRIC_REPRESENTATION_CONTEXT(2) 
PARAMETRIC_REPRESENTATION_CONTEXT() REPRESENTATION_CONTEXT('2D SPACE',''
  ) );
#9006 = PCURVE('',#9007,#9012);
#9007 = PLANE('',#9008);
#9008 = AXIS2_PLACEMENT_3D('',#9009,#9010,#9011);
#9009 = CARTESIAN_POINT('',(-55.2,14.9,4.));
#9010 = DIRECTION('',(1.,0.,0.));
#9011 = DIRECTION('',(0.,0.,1.));
#9012 = DEFINITIONAL_REPRESENTATION('',(#9013),#9017);
#9013 = LINE('',#9014,#9015);
#9014 = CARTESIAN_POINT('',(0.,0.));
#9015 = VECTOR('',#9016,1.);
#9016 = DIRECTION('',(1.,0.));
#9017 = ( GEOMETRIC_REPRESENTATION_CONTEXT(2) 
PARAMETRIC_REPRESENTATION_CONTEXT() REPRESENTATION_CONTEXT('2D SPACE',''
  ) );
#9018 = ORIENTED_EDGE('',*,*,#9019,.F.);
#9019 = EDGE_CURVE('',#8888,#8992,#9020,.T.);
#9020 = SURFACE_CURVE('',#9021,(#9025,#9032),.PCURVE_S1.);
#9021 = LINE('',#9022,#9023);
#9022 = CARTESIAN_POINT('',(-59.8,14.9,4.));
#9023 = VECTOR('',#9024,1.);
#9024 = DIRECTION('',(1.,0.,0.));
#9025 = PCURVE('',#8796,#9026);
#9026 = DEFINITIONAL_REPRESENTATION('',(#9027),#9031);
#9027 = LINE('',#9028,#9029);
#9028 = CARTESIAN_POINT('',(4.,-0.225));
#9029 = VECTOR('',#9030,1.);
#9030 = DIRECTION('',(0.,1.));
#9031 = ( GEOMETRIC_REPRESENTATION_CONTEXT(2) 
PARAMETRIC_REPRESENTATION_CONTEXT() REPRESENTATION_CONTEXT('2D SPACE',''
  ) );
#9032 = PCURVE('',#9033,#9038);
#9033 = PLANE('',#9034);
#9034 = AXIS2_PLACEMENT_3D('',#9035,#9036,#9037);
#9035 = CARTESIAN_POINT('',(-59.8,14.9,4.));
#9036 = DIRECTION('',(0.,0.,1.));
#9037 = DIRECTION('',(1.,0.,-0.));
#9038 = DEFINITIONAL_REPRESENTATION('',(#9039),#9043);
#9039 = LINE('',#9040,#9041);
#9040 = CARTESIAN_POINT('',(0.,0.));
#9041 = VECTOR('',#9042,1.);
#9042 = DIRECTION('',(1.,0.));
#9043 = ( GEOMETRIC_REPRESENTATION_CONTEXT(2) 
PARAMETRIC_REPRESENTATION_CONTEXT() REPRESENTATION_CONTEXT('2D SPACE',''
  ) );
#9044 = ADVANCED_FACE('',(#9045),#8770,.F.);
#9045 = FACE_BOUND('',#9046,.F.);
#9046 = EDGE_LOOP('',(#9047,#9048,#9049,#9072));
#9047 = ORIENTED_EDGE('',*,*,#8887,.F.);
#9048 = ORIENTED_EDGE('',*,*,#8754,.F.);
#9049 = ORIENTED_EDGE('',*,*,#9050,.T.);
#9050 = EDGE_CURVE('',#8727,#9051,#9053,.T.);
#9051 = VERTEX_POINT('',#9052);
#9052 = CARTESIAN_POINT('',(-55.425,21.1,4.));
#9053 = SURFACE_CURVE('',#9054,(#9058,#9065),.PCURVE_S1.);
#9054 = LINE('',#9055,#9056);
#9055 = CARTESIAN_POINT('',(-55.425,21.1,0.));
#9056 = VECTOR('',#9057,1.);
#9057 = DIRECTION('',(0.,0.,1.));
#9058 = PCURVE('',#8770,#9059);
#9059 = DEFINITIONAL_REPRESENTATION('',(#9060),#9064);
#9060 = LINE('',#9061,#9062);
#9061 = CARTESIAN_POINT('',(0.,-6.2));
#9062 = VECTOR('',#9063,1.);
#9063 = DIRECTION('',(1.,0.));
#9064 = ( GEOMETRIC_REPRESENTATION_CONTEXT(2) 
PARAMETRIC_REPRESENTATION_CONTEXT() REPRESENTATION_CONTEXT('2D SPACE',''
  ) );
#9065 = PCURVE('',#8742,#9066);
#9066 = DEFINITIONAL_REPRESENTATION('',(#9067),#9071);
#9067 = LINE('',#9068,#9069);
#9068 = CARTESIAN_POINT('',(0.,4.15));
#9069 = VECTOR('',#9070,1.);
#9070 = DIRECTION('',(1.,0.));
#9071 = ( GEOMETRIC_REPRESENTATION_CONTEXT(2) 
PARAMETRIC_REPRESENTATION_CONTEXT() REPRESENTATION_CONTEXT('2D SPACE',''
  ) );
#9072 = ORIENTED_EDGE('',*,*,#9073,.T.);
#9073 = EDGE_CURVE('',#9051,#8888,#9074,.T.);
#9074 = SURFACE_CURVE('',#9075,(#9079,#9086),.PCURVE_S1.);
#9075 = LINE('',#9076,#9077);
#9076 = CARTESIAN_POINT('',(-55.425,14.9,4.));
#9077 = VECTOR('',#9078,1.);
#9078 = DIRECTION('',(0.,-1.,0.));
#9079 = PCURVE('',#8770,#9080);
#9080 = DEFINITIONAL_REPRESENTATION('',(#9081),#9085);
#9081 = LINE('',#9082,#9083);
#9082 = CARTESIAN_POINT('',(4.,0.));
#9083 = VECTOR('',#9084,1.);
#9084 = DIRECTION('',(0.,1.));
#9085 = ( GEOMETRIC_REPRESENTATION_CONTEXT(2) 
PARAMETRIC_REPRESENTATION_CONTEXT() REPRESENTATION_CONTEXT('2D SPACE',''
  ) );
#9086 = PCURVE('',#9033,#9087);
#9087 = DEFINITIONAL_REPRESENTATION('',(#9088),#9092);
#9088 = LINE('',#9089,#9090);
#9089 = CARTESIAN_POINT('',(4.375,0.));
#9090 = VECTOR('',#9091,1.);
#9091 = DIRECTION('',(0.,-1.));
#9092 = ( GEOMETRIC_REPRESENTATION_CONTEXT(2) 
PARAMETRIC_REPRESENTATION_CONTEXT() REPRESENTATION_CONTEXT('2D SPACE',''
  ) );
#9093 = ADVANCED_FACE('',(#9094),#8742,.F.);
#9094 = FACE_BOUND('',#9095,.F.);
#9095 = EDGE_LOOP('',(#9096,#9097,#9098,#9099,#9122,#9145,#9168,#9191));
#9096 = ORIENTED_EDGE('',*,*,#9050,.F.);
#9097 = ORIENTED_EDGE('',*,*,#8726,.F.);
#9098 = ORIENTED_EDGE('',*,*,#8835,.T.);
#9099 = ORIENTED_EDGE('',*,*,#9100,.F.);
#9100 = EDGE_CURVE('',#9101,#8836,#9103,.T.);
#9101 = VERTEX_POINT('',#9102);
#9102 = CARTESIAN_POINT('',(-59.8,21.1,4.));
#9103 = SURFACE_CURVE('',#9104,(#9108,#9115),.PCURVE_S1.);
#9104 = LINE('',#9105,#9106);
#9105 = CARTESIAN_POINT('',(-59.8,21.1,4.));
#9106 = VECTOR('',#9107,1.);
#9107 = DIRECTION('',(1.,0.,0.));
#9108 = PCURVE('',#8742,#9109);
#9109 = DEFINITIONAL_REPRESENTATION('',(#9110),#9114);
#9110 = LINE('',#9111,#9112);
#9111 = CARTESIAN_POINT('',(4.,-0.225));
#9112 = VECTOR('',#9113,1.);
#9113 = DIRECTION('',(0.,1.));
#9114 = ( GEOMETRIC_REPRESENTATION_CONTEXT(2) 
PARAMETRIC_REPRESENTATION_CONTEXT() REPRESENTATION_CONTEXT('2D SPACE',''
  ) );
#9115 = PCURVE('',#8872,#9116);
#9116 = DEFINITIONAL_REPRESENTATION('',(#9117),#9121);
#9117 = LINE('',#9118,#9119);
#9118 = CARTESIAN_POINT('',(0.,6.2));
#9119 = VECTOR('',#9120,1.);
#9120 = DIRECTION('',(1.,0.));
#9121 = ( GEOMETRIC_REPRESENTATION_CONTEXT(2) 
PARAMETRIC_REPRESENTATION_CONTEXT() REPRESENTATION_CONTEXT('2D SPACE',''
  ) );
#9122 = ORIENTED_EDGE('',*,*,#9123,.T.);
#9123 = EDGE_CURVE('',#9101,#9124,#9126,.T.);
#9124 = VERTEX_POINT('',#9125);
#9125 = CARTESIAN_POINT('',(-59.8,21.1,6.2));
#9126 = SURFACE_CURVE('',#9127,(#9131,#9138),.PCURVE_S1.);
#9127 = LINE('',#9128,#9129);
#9128 = CARTESIAN_POINT('',(-59.8,21.1,4.));
#9129 = VECTOR('',#9130,1.);
#9130 = DIRECTION('',(0.,0.,1.));
#9131 = PCURVE('',#8742,#9132);
#9132 = DEFINITIONAL_REPRESENTATION('',(#9133),#9137);
#9133 = LINE('',#9134,#9135);
#9134 = CARTESIAN_POINT('',(4.,-0.225));
#9135 = VECTOR('',#9136,1.);
#9136 = DIRECTION('',(1.,0.));
#9137 = ( GEOMETRIC_REPRESENTATION_CONTEXT(2) 
PARAMETRIC_REPRESENTATION_CONTEXT() REPRESENTATION_CONTEXT('2D SPACE',''
  ) );
#9138 = PCURVE('',#8951,#9139);
#9139 = DEFINITIONAL_REPRESENTATION('',(#9140),#9144);
#9140 = LINE('',#9141,#9142);
#9141 = CARTESIAN_POINT('',(0.,-6.2));
#9142 = VECTOR('',#9143,1.);
#9143 = DIRECTION('',(1.,0.));
#9144 = ( GEOMETRIC_REPRESENTATION_CONTEXT(2) 
PARAMETRIC_REPRESENTATION_CONTEXT() REPRESENTATION_CONTEXT('2D SPACE',''
  ) );
#9145 = ORIENTED_EDGE('',*,*,#9146,.T.);
#9146 = EDGE_CURVE('',#9124,#9147,#9149,.T.);
#9147 = VERTEX_POINT('',#9148);
#9148 = CARTESIAN_POINT('',(-55.2,21.1,6.2));
#9149 = SURFACE_CURVE('',#9150,(#9154,#9161),.PCURVE_S1.);
#9150 = LINE('',#9151,#9152);
#9151 = CARTESIAN_POINT('',(-59.8,21.1,6.2));
#9152 = VECTOR('',#9153,1.);
#9153 = DIRECTION('',(1.,0.,0.));
#9154 = PCURVE('',#8742,#9155);
#9155 = DEFINITIONAL_REPRESENTATION('',(#9156),#9160);
#9156 = LINE('',#9157,#9158);
#9157 = CARTESIAN_POINT('',(6.2,-0.225));
#9158 = VECTOR('',#9159,1.);
#9159 = DIRECTION('',(0.,1.));
#9160 = ( GEOMETRIC_REPRESENTATION_CONTEXT(2) 
PARAMETRIC_REPRESENTATION_CONTEXT() REPRESENTATION_CONTEXT('2D SPACE',''
  ) );
#9161 = PCURVE('',#8979,#9162);
#9162 = DEFINITIONAL_REPRESENTATION('',(#9163),#9167);
#9163 = LINE('',#9164,#9165);
#9164 = CARTESIAN_POINT('',(-0.225,6.2));
#9165 = VECTOR('',#9166,1.);
#9166 = DIRECTION('',(1.,0.));
#9167 = ( GEOMETRIC_REPRESENTATION_CONTEXT(2) 
PARAMETRIC_REPRESENTATION_CONTEXT() REPRESENTATION_CONTEXT('2D SPACE',''
  ) );
#9168 = ORIENTED_EDGE('',*,*,#9169,.F.);
#9169 = EDGE_CURVE('',#9170,#9147,#9172,.T.);
#9170 = VERTEX_POINT('',#9171);
#9171 = CARTESIAN_POINT('',(-55.2,21.1,4.));
#9172 = SURFACE_CURVE('',#9173,(#9177,#9184),.PCURVE_S1.);
#9173 = LINE('',#9174,#9175);
#9174 = CARTESIAN_POINT('',(-55.2,21.1,4.));
#9175 = VECTOR('',#9176,1.);
#9176 = DIRECTION('',(0.,0.,1.));
#9177 = PCURVE('',#8742,#9178);
#9178 = DEFINITIONAL_REPRESENTATION('',(#9179),#9183);
#9179 = LINE('',#9180,#9181);
#9180 = CARTESIAN_POINT('',(4.,4.375));
#9181 = VECTOR('',#9182,1.);
#9182 = DIRECTION('',(1.,0.));
#9183 = ( GEOMETRIC_REPRESENTATION_CONTEXT(2) 
PARAMETRIC_REPRESENTATION_CONTEXT() REPRESENTATION_CONTEXT('2D SPACE',''
  ) );
#9184 = PCURVE('',#9007,#9185);
#9185 = DEFINITIONAL_REPRESENTATION('',(#9186),#9190);
#9186 = LINE('',#9187,#9188);
#9187 = CARTESIAN_POINT('',(0.,-6.2));
#9188 = VECTOR('',#9189,1.);
#9189 = DIRECTION('',(1.,0.));
#9190 = ( GEOMETRIC_REPRESENTATION_CONTEXT(2) 
PARAMETRIC_REPRESENTATION_CONTEXT() REPRESENTATION_CONTEXT('2D SPACE',''
  ) );
#9191 = ORIENTED_EDGE('',*,*,#9192,.F.);
#9192 = EDGE_CURVE('',#9051,#9170,#9193,.T.);
#9193 = SURFACE_CURVE('',#9194,(#9198,#9205),.PCURVE_S1.);
#9194 = LINE('',#9195,#9196);
#9195 = CARTESIAN_POINT('',(-59.8,21.1,4.));
#9196 = VECTOR('',#9197,1.);
#9197 = DIRECTION('',(1.,0.,0.));
#9198 = PCURVE('',#8742,#9199);
#9199 = DEFINITIONAL_REPRESENTATION('',(#9200),#9204);
#9200 = LINE('',#9201,#9202);
#9201 = CARTESIAN_POINT('',(4.,-0.225));
#9202 = VECTOR('',#9203,1.);
#9203 = DIRECTION('',(0.,1.));
#9204 = ( GEOMETRIC_REPRESENTATION_CONTEXT(2) 
PARAMETRIC_REPRESENTATION_CONTEXT() REPRESENTATION_CONTEXT('2D SPACE',''
  ) );
#9205 = PCURVE('',#9033,#9206);
#9206 = DEFINITIONAL_REPRESENTATION('',(#9207),#9211);
#9207 = LINE('',#9208,#9209);
#9208 = CARTESIAN_POINT('',(0.,6.2));
#9209 = VECTOR('',#9210,1.);
#9210 = DIRECTION('',(1.,0.));
#9211 = ( GEOMETRIC_REPRESENTATION_CONTEXT(2) 
PARAMETRIC_REPRESENTATION_CONTEXT() REPRESENTATION_CONTEXT('2D SPACE',''
  ) );
#9212 = ADVANCED_FACE('',(#9213),#8872,.T.);
#9213 = FACE_BOUND('',#9214,.T.);
#9214 = EDGE_LOOP('',(#9215,#9216,#9237,#9238));
#9215 = ORIENTED_EDGE('',*,*,#9100,.F.);
#9216 = ORIENTED_EDGE('',*,*,#9217,.F.);
#9217 = EDGE_CURVE('',#8913,#9101,#9218,.T.);
#9218 = SURFACE_CURVE('',#9219,(#9223,#9230),.PCURVE_S1.);
#9219 = LINE('',#9220,#9221);
#9220 = CARTESIAN_POINT('',(-59.8,14.9,4.));
#9221 = VECTOR('',#9222,1.);
#9222 = DIRECTION('',(0.,1.,0.));
#9223 = PCURVE('',#8872,#9224);
#9224 = DEFINITIONAL_REPRESENTATION('',(#9225),#9229);
#9225 = LINE('',#9226,#9227);
#9226 = CARTESIAN_POINT('',(0.,0.));
#9227 = VECTOR('',#9228,1.);
#9228 = DIRECTION('',(0.,1.));
#9229 = ( GEOMETRIC_REPRESENTATION_CONTEXT(2) 
PARAMETRIC_REPRESENTATION_CONTEXT() REPRESENTATION_CONTEXT('2D SPACE',''
  ) );
#9230 = PCURVE('',#8951,#9231);
#9231 = DEFINITIONAL_REPRESENTATION('',(#9232),#9236);
#9232 = LINE('',#9233,#9234);
#9233 = CARTESIAN_POINT('',(0.,0.));
#9234 = VECTOR('',#9235,1.);
#9235 = DIRECTION('',(0.,-1.));
#9236 = ( GEOMETRIC_REPRESENTATION_CONTEXT(2) 
PARAMETRIC_REPRESENTATION_CONTEXT() REPRESENTATION_CONTEXT('2D SPACE',''
  ) );
#9237 = ORIENTED_EDGE('',*,*,#8912,.T.);
#9238 = ORIENTED_EDGE('',*,*,#8858,.F.);
#9239 = ADVANCED_FACE('',(#9240),#9033,.T.);
#9240 = FACE_BOUND('',#9241,.T.);
#9241 = EDGE_LOOP('',(#9242,#9243,#9244,#9245));
#9242 = ORIENTED_EDGE('',*,*,#9192,.F.);
#9243 = ORIENTED_EDGE('',*,*,#9073,.T.);
#9244 = ORIENTED_EDGE('',*,*,#9019,.T.);
#9245 = ORIENTED_EDGE('',*,*,#9246,.T.);
#9246 = EDGE_CURVE('',#8992,#9170,#9247,.T.);
#9247 = SURFACE_CURVE('',#9248,(#9252,#9259),.PCURVE_S1.);
#9248 = LINE('',#9249,#9250);
#9249 = CARTESIAN_POINT('',(-55.2,14.9,4.));
#9250 = VECTOR('',#9251,1.);
#9251 = DIRECTION('',(0.,1.,0.));
#9252 = PCURVE('',#9033,#9253);
#9253 = DEFINITIONAL_REPRESENTATION('',(#9254),#9258);
#9254 = LINE('',#9255,#9256);
#9255 = CARTESIAN_POINT('',(4.6,0.));
#9256 = VECTOR('',#9257,1.);
#9257 = DIRECTION('',(0.,1.));
#9258 = ( GEOMETRIC_REPRESENTATION_CONTEXT(2) 
PARAMETRIC_REPRESENTATION_CONTEXT() REPRESENTATION_CONTEXT('2D SPACE',''
  ) );
#9259 = PCURVE('',#9007,#9260);
#9260 = DEFINITIONAL_REPRESENTATION('',(#9261),#9265);
#9261 = LINE('',#9262,#9263);
#9262 = CARTESIAN_POINT('',(0.,0.));
#9263 = VECTOR('',#9264,1.);
#9264 = DIRECTION('',(0.,-1.));
#9265 = ( GEOMETRIC_REPRESENTATION_CONTEXT(2) 
PARAMETRIC_REPRESENTATION_CONTEXT() REPRESENTATION_CONTEXT('2D SPACE',''
  ) );
#9266 = ADVANCED_FACE('',(#9267),#9007,.F.);
#9267 = FACE_BOUND('',#9268,.F.);
#9268 = EDGE_LOOP('',(#9269,#9270,#9271,#9272));
#9269 = ORIENTED_EDGE('',*,*,#8991,.F.);
#9270 = ORIENTED_EDGE('',*,*,#9246,.T.);
#9271 = ORIENTED_EDGE('',*,*,#9169,.T.);
#9272 = ORIENTED_EDGE('',*,*,#9273,.F.);
#9273 = EDGE_CURVE('',#8964,#9147,#9274,.T.);
#9274 = SURFACE_CURVE('',#9275,(#9279,#9286),.PCURVE_S1.);
#9275 = LINE('',#9276,#9277);
#9276 = CARTESIAN_POINT('',(-55.2,14.9,6.2));
#9277 = VECTOR('',#9278,1.);
#9278 = DIRECTION('',(0.,1.,0.));
#9279 = PCURVE('',#9007,#9280);
#9280 = DEFINITIONAL_REPRESENTATION('',(#9281),#9285);
#9281 = LINE('',#9282,#9283);
#9282 = CARTESIAN_POINT('',(2.2,0.));
#9283 = VECTOR('',#9284,1.);
#9284 = DIRECTION('',(0.,-1.));
#9285 = ( GEOMETRIC_REPRESENTATION_CONTEXT(2) 
PARAMETRIC_REPRESENTATION_CONTEXT() REPRESENTATION_CONTEXT('2D SPACE',''
  ) );
#9286 = PCURVE('',#8979,#9287);
#9287 = DEFINITIONAL_REPRESENTATION('',(#9288),#9292);
#9288 = LINE('',#9289,#9290);
#9289 = CARTESIAN_POINT('',(4.375,0.));
#9290 = VECTOR('',#9291,1.);
#9291 = DIRECTION('',(0.,1.));
#9292 = ( GEOMETRIC_REPRESENTATION_CONTEXT(2) 
PARAMETRIC_REPRESENTATION_CONTEXT() REPRESENTATION_CONTEXT('2D SPACE',''
  ) );
#9293 = ADVANCED_FACE('',(#9294),#8979,.F.);
#9294 = FACE_BOUND('',#9295,.F.);
#9295 = EDGE_LOOP('',(#9296,#9297,#9318,#9319));
#9296 = ORIENTED_EDGE('',*,*,#9146,.F.);
#9297 = ORIENTED_EDGE('',*,*,#9298,.F.);
#9298 = EDGE_CURVE('',#8936,#9124,#9299,.T.);
#9299 = SURFACE_CURVE('',#9300,(#9304,#9311),.PCURVE_S1.);
#9300 = LINE('',#9301,#9302);
#9301 = CARTESIAN_POINT('',(-59.8,14.9,6.2));
#9302 = VECTOR('',#9303,1.);
#9303 = DIRECTION('',(0.,1.,0.));
#9304 = PCURVE('',#8979,#9305);
#9305 = DEFINITIONAL_REPRESENTATION('',(#9306),#9310);
#9306 = LINE('',#9307,#9308);
#9307 = CARTESIAN_POINT('',(-0.225,0.));
#9308 = VECTOR('',#9309,1.);
#9309 = DIRECTION('',(0.,1.));
#9310 = ( GEOMETRIC_REPRESENTATION_CONTEXT(2) 
PARAMETRIC_REPRESENTATION_CONTEXT() REPRESENTATION_CONTEXT('2D SPACE',''
  ) );
#9311 = PCURVE('',#8951,#9312);
#9312 = DEFINITIONAL_REPRESENTATION('',(#9313),#9317);
#9313 = LINE('',#9314,#9315);
#9314 = CARTESIAN_POINT('',(2.2,0.));
#9315 = VECTOR('',#9316,1.);
#9316 = DIRECTION('',(0.,-1.));
#9317 = ( GEOMETRIC_REPRESENTATION_CONTEXT(2) 
PARAMETRIC_REPRESENTATION_CONTEXT() REPRESENTATION_CONTEXT('2D SPACE',''
  ) );
#9318 = ORIENTED_EDGE('',*,*,#8963,.F.);
#9319 = ORIENTED_EDGE('',*,*,#9273,.T.);
#9320 = ADVANCED_FACE('',(#9321),#8951,.T.);
#9321 = FACE_BOUND('',#9322,.T.);
#9322 = EDGE_LOOP('',(#9323,#9324,#9325,#9326));
#9323 = ORIENTED_EDGE('',*,*,#8935,.F.);
#9324 = ORIENTED_EDGE('',*,*,#9217,.T.);
#9325 = ORIENTED_EDGE('',*,*,#9123,.T.);
#9326 = ORIENTED_EDGE('',*,*,#9298,.F.);
#9327 = ( GEOMETRIC_REPRESENTATION_CONTEXT(3) 
GLOBAL_UNCERTAINTY_ASSIGNED_CONTEXT((#9331)) 
GLOBAL_UNIT_ASSIGNED_CONTEXT((#9328,#9329,#9330)) REPRESENTATION_CONTEXT
('Context #1','3D Context with UNIT and UNCERTAINTY') );
#9328 = ( LENGTH_UNIT() NAMED_UNIT(*) SI_UNIT(.MILLI.,.METRE.) );
#9329 = ( NAMED_UNIT(*) PLANE_ANGLE_UNIT() SI_UNIT($,.RADIAN.) );
#9330 = ( NAMED_UNIT(*) SI_UNIT($,.STERADIAN.) SOLID_ANGLE_UNIT() );
#9331 = UNCERTAINTY_MEASURE_WITH_UNIT(LENGTH_MEASURE(1.E-07),#9328,
  'distance_accuracy_value','confusion accuracy');
#9332 = CONTEXT_DEPENDENT_SHAPE_REPRESENTATION(#9333,#9335);
#9333 = ( REPRESENTATION_RELATIONSHIP('','',#5832,#10) 
REPRESENTATION_RELATIONSHIP_WITH_TRANSFORMATION(#9334) 
SHAPE_REPRESENTATION_RELATIONSHIP() );
#9334 = ITEM_DEFINED_TRANSFORMATION('','',#11,#23);
#9335 = PRODUCT_DEFINITION_SHAPE('Placement','Placement of an item',
  #9336);
#9336 = NEXT_ASSEMBLY_USAGE_OCCURRENCE('5','','',#5,#5827,$);
#9337 = PRODUCT_RELATED_PRODUCT_CATEGORY('part',$,(#5829));
#9338 = SHAPE_DEFINITION_REPRESENTATION(#9339,#9345);
#9339 = PRODUCT_DEFINITION_SHAPE('','',#9340);
#9340 = PRODUCT_DEFINITION('design','',#9341,#9344);
#9341 = PRODUCT_DEFINITION_FORMATION('','',#9342);
#9342 = PRODUCT('Open CASCADE STEP translator 7.8 4.4',
  'Open CASCADE STEP translator 7.8 4.4','',(#9343));
#9343 = PRODUCT_CONTEXT('',#2,'mechanical');
#9344 = PRODUCT_DEFINITION_CONTEXT('part definition',#2,'design');
#9345 = ADVANCED_BREP_SHAPE_REPRESENTATION('',(#11,#9346),#12840);
#9346 = MANIFOLD_SOLID_BREP('',#9347);
#9347 = CLOSED_SHELL('',(#9348,#9692,#9942,#9991,#10244,#10293,#10546,
    #10595,#10848,#10897,#11100,#11154,#11416,#11443,#11470,#11497,
    #11524,#11551,#11666,#11693,#11700,#11727,#11754,#11781,#11788,
    #11815,#11842,#11869,#11876,#11903,#11930,#11957,#11964,#11991,
    #11998,#12074,#12123,#12172,#12199,#12320,#12396,#12557,#12606,
    #12725,#12752,#12779,#12806,#12833));
#9348 = ADVANCED_FACE('',(#9349),#9363,.F.);
#9349 = FACE_BOUND('',#9350,.F.);
#9350 = EDGE_LOOP('',(#9351,#9386,#9414,#9442,#9470,#9498,#9526,#9554,
    #9582,#9610,#9638,#9666));
#9351 = ORIENTED_EDGE('',*,*,#9352,.F.);
#9352 = EDGE_CURVE('',#9353,#9355,#9357,.T.);
#9353 = VERTEX_POINT('',#9354);
#9354 = CARTESIAN_POINT('',(-40.,-12.,8.));
#9355 = VERTEX_POINT('',#9356);
#9356 = CARTESIAN_POINT('',(-40.,-9.,8.));
#9357 = SURFACE_CURVE('',#9358,(#9362,#9374),.PCURVE_S1.);
#9358 = LINE('',#9359,#9360);
#9359 = CARTESIAN_POINT('',(-40.,-14.,8.));
#9360 = VECTOR('',#9361,1.);
#9361 = DIRECTION('',(0.,1.,0.));
#9362 = PCURVE('',#9363,#9368);
#9363 = PLANE('',#9364);
#9364 = AXIS2_PLACEMENT_3D('',#9365,#9366,#9367);
#9365 = CARTESIAN_POINT('',(-40.,-14.,0.));
#9366 = DIRECTION('',(1.,0.,0.));
#9367 = DIRECTION('',(0.,0.,1.));
#9368 = DEFINITIONAL_REPRESENTATION('',(#9369),#9373);
#9369 = LINE('',#9370,#9371);
#9370 = CARTESIAN_POINT('',(8.,0.));
#9371 = VECTOR('',#9372,1.);
#9372 = DIRECTION('',(0.,-1.));
#9373 = ( GEOMETRIC_REPRESENTATION_CONTEXT(2) 
PARAMETRIC_REPRESENTATION_CONTEXT() REPRESENTATION_CONTEXT('2D SPACE',''
  ) );
#9374 = PCURVE('',#9375,#9380);
#9375 = PLANE('',#9376);
#9376 = AXIS2_PLACEMENT_3D('',#9377,#9378,#9379);
#9377 = CARTESIAN_POINT('',(-40.,-14.,8.));
#9378 = DIRECTION('',(0.,0.,1.));
#9379 = DIRECTION('',(1.,0.,-0.));
#9380 = DEFINITIONAL_REPRESENTATION('',(#9381),#9385);
#9381 = LINE('',#9382,#9383);
#9382 = CARTESIAN_POINT('',(0.,0.));
#9383 = VECTOR('',#9384,1.);
#9384 = DIRECTION('',(0.,1.));
#9385 = ( GEOMETRIC_REPRESENTATION_CONTEXT(2) 
PARAMETRIC_REPRESENTATION_CONTEXT() REPRESENTATION_CONTEXT('2D SPACE',''
  ) );
#9386 = ORIENTED_EDGE('',*,*,#9387,.F.);
#9387 = EDGE_CURVE('',#9388,#9353,#9390,.T.);
#9388 = VERTEX_POINT('',#9389);
#9389 = CARTESIAN_POINT('',(-40.,-12.,0.));
#9390 = SURFACE_CURVE('',#9391,(#9395,#9402),.PCURVE_S1.);
#9391 = LINE('',#9392,#9393);
#9392 = CARTESIAN_POINT('',(-40.,-12.,0.));
#9393 = VECTOR('',#9394,1.);
#9394 = DIRECTION('',(0.,0.,1.));
#9395 = PCURVE('',#9363,#9396);
#9396 = DEFINITIONAL_REPRESENTATION('',(#9397),#9401);
#9397 = LINE('',#9398,#9399);
#9398 = CARTESIAN_POINT('',(0.,-2.));
#9399 = VECTOR('',#9400,1.);
#9400 = DIRECTION('',(1.,0.));
#9401 = ( GEOMETRIC_REPRESENTATION_CONTEXT(2) 
PARAMETRIC_REPRESENTATION_CONTEXT() REPRESENTATION_CONTEXT('2D SPACE',''
  ) );
#9402 = PCURVE('',#9403,#9408);
#9403 = CYLINDRICAL_SURFACE('',#9404,2.);
#9404 = AXIS2_PLACEMENT_3D('',#9405,#9406,#9407);
#9405 = CARTESIAN_POINT('',(-38.,-12.,0.));
#9406 = DIRECTION('',(0.,0.,1.));
#9407 = DIRECTION('',(-1.,-0.,0.));
#9408 = DEFINITIONAL_REPRESENTATION('',(#9409),#9413);
#9409 = LINE('',#9410,#9411);
#9410 = CARTESIAN_POINT('',(0.,0.));
#9411 = VECTOR('',#9412,1.);
#9412 = DIRECTION('',(0.,1.));
#9413 = ( GEOMETRIC_REPRESENTATION_CONTEXT(2) 
PARAMETRIC_REPRESENTATION_CONTEXT() REPRESENTATION_CONTEXT('2D SPACE',''
  ) );
#9414 = ORIENTED_EDGE('',*,*,#9415,.T.);
#9415 = EDGE_CURVE('',#9388,#9416,#9418,.T.);
#9416 = VERTEX_POINT('',#9417);
#9417 = CARTESIAN_POINT('',(-40.,48.,0.));
#9418 = SURFACE_CURVE('',#9419,(#9423,#9430),.PCURVE_S1.);
#9419 = LINE('',#9420,#9421);
#9420 = CARTESIAN_POINT('',(-40.,-14.,0.));
#9421 = VECTOR('',#9422,1.);
#9422 = DIRECTION('',(0.,1.,0.));
#9423 = PCURVE('',#9363,#9424);
#9424 = DEFINITIONAL_REPRESENTATION('',(#9425),#9429);
#9425 = LINE('',#9426,#9427);
#9426 = CARTESIAN_POINT('',(0.,0.));
#9427 = VECTOR('',#9428,1.);
#9428 = DIRECTION('',(0.,-1.));
#9429 = ( GEOMETRIC_REPRESENTATION_CONTEXT(2) 
PARAMETRIC_REPRESENTATION_CONTEXT() REPRESENTATION_CONTEXT('2D SPACE',''
  ) );
#9430 = PCURVE('',#9431,#9436);
#9431 = PLANE('',#9432);
#9432 = AXIS2_PLACEMENT_3D('',#9433,#9434,#9435);
#9433 = CARTESIAN_POINT('',(-40.,-14.,0.));
#9434 = DIRECTION('',(0.,0.,1.));
#9435 = DIRECTION('',(1.,0.,-0.));
#9436 = DEFINITIONAL_REPRESENTATION('',(#9437),#9441);
#9437 = LINE('',#9438,#9439);
#9438 = CARTESIAN_POINT('',(0.,0.));
#9439 = VECTOR('',#9440,1.);
#9440 = DIRECTION('',(0.,1.));
#9441 = ( GEOMETRIC_REPRESENTATION_CONTEXT(2) 
PARAMETRIC_REPRESENTATION_CONTEXT() REPRESENTATION_CONTEXT('2D SPACE',''
  ) );
#9442 = ORIENTED_EDGE('',*,*,#9443,.T.);
#9443 = EDGE_CURVE('',#9416,#9444,#9446,.T.);
#9444 = VERTEX_POINT('',#9445);
#9445 = CARTESIAN_POINT('',(-40.,48.,8.));
#9446 = SURFACE_CURVE('',#9447,(#9451,#9458),.PCURVE_S1.);
#9447 = LINE('',#9448,#9449);
#9448 = CARTESIAN_POINT('',(-40.,48.,0.));
#9449 = VECTOR('',#9450,1.);
#9450 = DIRECTION('',(0.,0.,1.));
#9451 = PCURVE('',#9363,#9452);
#9452 = DEFINITIONAL_REPRESENTATION('',(#9453),#9457);
#9453 = LINE('',#9454,#9455);
#9454 = CARTESIAN_POINT('',(0.,-62.));
#9455 = VECTOR('',#9456,1.);
#9456 = DIRECTION('',(1.,0.));
#9457 = ( GEOMETRIC_REPRESENTATION_CONTEXT(2) 
PARAMETRIC_REPRESENTATION_CONTEXT() REPRESENTATION_CONTEXT('2D SPACE',''
  ) );
#9458 = PCURVE('',#9459,#9464);
#9459 = CYLINDRICAL_SURFACE('',#9460,2.);
#9460 = AXIS2_PLACEMENT_3D('',#9461,#9462,#9463);
#9461 = CARTESIAN_POINT('',(-38.,48.,0.));
#9462 = DIRECTION('',(0.,0.,1.));
#9463 = DIRECTION('',(-1.,-0.,0.));
#9464 = DEFINITIONAL_REPRESENTATION('',(#9465),#9469);
#9465 = LINE('',#9466,#9467);
#9466 = CARTESIAN_POINT('',(6.28318530718,0.));
#9467 = VECTOR('',#9468,1.);
#9468 = DIRECTION('',(-0.,1.));
#9469 = ( GEOMETRIC_REPRESENTATION_CONTEXT(2) 
PARAMETRIC_REPRESENTATION_CONTEXT() REPRESENTATION_CONTEXT('2D SPACE',''
  ) );
#9470 = ORIENTED_EDGE('',*,*,#9471,.F.);
#9471 = EDGE_CURVE('',#9472,#9444,#9474,.T.);
#9472 = VERTEX_POINT('',#9473);
#9473 = CARTESIAN_POINT('',(-40.,45.,8.));
#9474 = SURFACE_CURVE('',#9475,(#9479,#9486),.PCURVE_S1.);
#9475 = LINE('',#9476,#9477);
#9476 = CARTESIAN_POINT('',(-40.,-14.,8.));
#9477 = VECTOR('',#9478,1.);
#9478 = DIRECTION('',(0.,1.,0.));
#9479 = PCURVE('',#9363,#9480);
#9480 = DEFINITIONAL_REPRESENTATION('',(#9481),#9485);
#9481 = LINE('',#9482,#9483);
#9482 = CARTESIAN_POINT('',(8.,0.));
#9483 = VECTOR('',#9484,1.);
#9484 = DIRECTION('',(0.,-1.));
#9485 = ( GEOMETRIC_REPRESENTATION_CONTEXT(2) 
PARAMETRIC_REPRESENTATION_CONTEXT() REPRESENTATION_CONTEXT('2D SPACE',''
  ) );
#9486 = PCURVE('',#9487,#9492);
#9487 = PLANE('',#9488);
#9488 = AXIS2_PLACEMENT_3D('',#9489,#9490,#9491);
#9489 = CARTESIAN_POINT('',(-40.,-14.,8.));
#9490 = DIRECTION('',(0.,0.,1.));
#9491 = DIRECTION('',(1.,0.,-0.));
#9492 = DEFINITIONAL_REPRESENTATION('',(#9493),#9497);
#9493 = LINE('',#9494,#9495);
#9494 = CARTESIAN_POINT('',(0.,0.));
#9495 = VECTOR('',#9496,1.);
#9496 = DIRECTION('',(0.,1.));
#9497 = ( GEOMETRIC_REPRESENTATION_CONTEXT(2) 
PARAMETRIC_REPRESENTATION_CONTEXT() REPRESENTATION_CONTEXT('2D SPACE',''
  ) );
#9498 = ORIENTED_EDGE('',*,*,#9499,.F.);
#9499 = EDGE_CURVE('',#9500,#9472,#9502,.T.);
#9500 = VERTEX_POINT('',#9501);
#9501 = CARTESIAN_POINT('',(-40.,45.,2.5));
#9502 = SURFACE_CURVE('',#9503,(#9507,#9514),.PCURVE_S1.);
#9503 = LINE('',#9504,#9505);
#9504 = CARTESIAN_POINT('',(-40.,45.,1.25));
#9505 = VECTOR('',#9506,1.);
#9506 = DIRECTION('',(0.,0.,1.));
#9507 = PCURVE('',#9363,#9508);
#9508 = DEFINITIONAL_REPRESENTATION('',(#9509),#9513);
#9509 = LINE('',#9510,#9511);
#9510 = CARTESIAN_POINT('',(1.25,-59.));
#9511 = VECTOR('',#9512,1.);
#9512 = DIRECTION('',(1.,0.));
#9513 = ( GEOMETRIC_REPRESENTATION_CONTEXT(2) 
PARAMETRIC_REPRESENTATION_CONTEXT() REPRESENTATION_CONTEXT('2D SPACE',''
  ) );
#9514 = PCURVE('',#9515,#9520);
#9515 = PLANE('',#9516);
#9516 = AXIS2_PLACEMENT_3D('',#9517,#9518,#9519);
#9517 = CARTESIAN_POINT('',(-41.5,45.,2.5));
#9518 = DIRECTION('',(0.,1.,0.));
#9519 = DIRECTION('',(0.,-0.,1.));
#9520 = DEFINITIONAL_REPRESENTATION('',(#9521),#9525);
#9521 = LINE('',#9522,#9523);
#9522 = CARTESIAN_POINT('',(-1.25,1.5));
#9523 = VECTOR('',#9524,1.);
#9524 = DIRECTION('',(1.,0.));
#9525 = ( GEOMETRIC_REPRESENTATION_CONTEXT(2) 
PARAMETRIC_REPRESENTATION_CONTEXT() REPRESENTATION_CONTEXT('2D SPACE',''
  ) );
#9526 = ORIENTED_EDGE('',*,*,#9527,.T.);
#9527 = EDGE_CURVE('',#9500,#9528,#9530,.T.);
#9528 = VERTEX_POINT('',#9529);
#9529 = CARTESIAN_POINT('',(-40.,31.,2.5));
#9530 = SURFACE_CURVE('',#9531,(#9535,#9542),.PCURVE_S1.);
#9531 = LINE('',#9532,#9533);
#9532 = CARTESIAN_POINT('',(-40.,8.5,2.5));
#9533 = VECTOR('',#9534,1.);
#9534 = DIRECTION('',(0.,-1.,0.));
#9535 = PCURVE('',#9363,#9536);
#9536 = DEFINITIONAL_REPRESENTATION('',(#9537),#9541);
#9537 = LINE('',#9538,#9539);
#9538 = CARTESIAN_POINT('',(2.5,-22.5));
#9539 = VECTOR('',#9540,1.);
#9540 = DIRECTION('',(0.,1.));
#9541 = ( GEOMETRIC_REPRESENTATION_CONTEXT(2) 
PARAMETRIC_REPRESENTATION_CONTEXT() REPRESENTATION_CONTEXT('2D SPACE',''
  ) );
#9542 = PCURVE('',#9543,#9548);
#9543 = PLANE('',#9544);
#9544 = AXIS2_PLACEMENT_3D('',#9545,#9546,#9547);
#9545 = CARTESIAN_POINT('',(-41.5,31.,2.5));
#9546 = DIRECTION('',(0.,0.,1.));
#9547 = DIRECTION('',(1.,0.,-0.));
#9548 = DEFINITIONAL_REPRESENTATION('',(#9549),#9553);
#9549 = LINE('',#9550,#9551);
#9550 = CARTESIAN_POINT('',(1.5,-22.5));
#9551 = VECTOR('',#9552,1.);
#9552 = DIRECTION('',(0.,-1.));
#9553 = ( GEOMETRIC_REPRESENTATION_CONTEXT(2) 
PARAMETRIC_REPRESENTATION_CONTEXT() REPRESENTATION_CONTEXT('2D SPACE',''
  ) );
#9554 = ORIENTED_EDGE('',*,*,#9555,.T.);
#9555 = EDGE_CURVE('',#9528,#9556,#9558,.T.);
#9556 = VERTEX_POINT('',#9557);
#9557 = CARTESIAN_POINT('',(-40.,31.,8.));
#9558 = SURFACE_CURVE('',#9559,(#9563,#9570),.PCURVE_S1.);
#9559 = LINE('',#9560,#9561);
#9560 = CARTESIAN_POINT('',(-40.,31.,1.25));
#9561 = VECTOR('',#9562,1.);
#9562 = DIRECTION('',(0.,0.,1.));
#9563 = PCURVE('',#9363,#9564);
#9564 = DEFINITIONAL_REPRESENTATION('',(#9565),#9569);
#9565 = LINE('',#9566,#9567);
#9566 = CARTESIAN_POINT('',(1.25,-45.));
#9567 = VECTOR('',#9568,1.);
#9568 = DIRECTION('',(1.,0.));
#9569 = ( GEOMETRIC_REPRESENTATION_CONTEXT(2) 
PARAMETRIC_REPRESENTATION_CONTEXT() REPRESENTATION_CONTEXT('2D SPACE',''
  ) );
#9570 = PCURVE('',#9571,#9576);
#9571 = PLANE('',#9572);
#9572 = AXIS2_PLACEMENT_3D('',#9573,#9574,#9575);
#9573 = CARTESIAN_POINT('',(-41.5,31.,2.5));
#9574 = DIRECTION('',(0.,1.,0.));
#9575 = DIRECTION('',(0.,-0.,1.));
#9576 = DEFINITIONAL_REPRESENTATION('',(#9577),#9581);
#9577 = LINE('',#9578,#9579);
#9578 = CARTESIAN_POINT('',(-1.25,1.5));
#9579 = VECTOR('',#9580,1.);
#9580 = DIRECTION('',(1.,0.));
#9581 = ( GEOMETRIC_REPRESENTATION_CONTEXT(2) 
PARAMETRIC_REPRESENTATION_CONTEXT() REPRESENTATION_CONTEXT('2D SPACE',''
  ) );
#9582 = ORIENTED_EDGE('',*,*,#9583,.F.);
#9583 = EDGE_CURVE('',#9584,#9556,#9586,.T.);
#9584 = VERTEX_POINT('',#9585);
#9585 = CARTESIAN_POINT('',(-40.,5.,8.));
#9586 = SURFACE_CURVE('',#9587,(#9591,#9598),.PCURVE_S1.);
#9587 = LINE('',#9588,#9589);
#9588 = CARTESIAN_POINT('',(-40.,-14.,8.));
#9589 = VECTOR('',#9590,1.);
#9590 = DIRECTION('',(0.,1.,0.));
#9591 = PCURVE('',#9363,#9592);
#9592 = DEFINITIONAL_REPRESENTATION('',(#9593),#9597);
#9593 = LINE('',#9594,#9595);
#9594 = CARTESIAN_POINT('',(8.,0.));
#9595 = VECTOR('',#9596,1.);
#9596 = DIRECTION('',(0.,-1.));
#9597 = ( GEOMETRIC_REPRESENTATION_CONTEXT(2) 
PARAMETRIC_REPRESENTATION_CONTEXT() REPRESENTATION_CONTEXT('2D SPACE',''
  ) );
#9598 = PCURVE('',#9599,#9604);
#9599 = PLANE('',#9600);
#9600 = AXIS2_PLACEMENT_3D('',#9601,#9602,#9603);
#9601 = CARTESIAN_POINT('',(-40.,-14.,8.));
#9602 = DIRECTION('',(0.,0.,1.));
#9603 = DIRECTION('',(1.,0.,-0.));
#9604 = DEFINITIONAL_REPRESENTATION('',(#9605),#9609);
#9605 = LINE('',#9606,#9607);
#9606 = CARTESIAN_POINT('',(0.,0.));
#9607 = VECTOR('',#9608,1.);
#9608 = DIRECTION('',(0.,1.));
#9609 = ( GEOMETRIC_REPRESENTATION_CONTEXT(2) 
PARAMETRIC_REPRESENTATION_CONTEXT() REPRESENTATION_CONTEXT('2D SPACE',''
  ) );
#9610 = ORIENTED_EDGE('',*,*,#9611,.F.);
#9611 = EDGE_CURVE('',#9612,#9584,#9614,.T.);
#9612 = VERTEX_POINT('',#9613);
#9613 = CARTESIAN_POINT('',(-40.,5.,2.5));
#9614 = SURFACE_CURVE('',#9615,(#9619,#9626),.PCURVE_S1.);
#9615 = LINE('',#9616,#9617);
#9616 = CARTESIAN_POINT('',(-40.,5.,1.25));
#9617 = VECTOR('',#9618,1.);
#9618 = DIRECTION('',(0.,0.,1.));
#9619 = PCURVE('',#9363,#9620);
#9620 = DEFINITIONAL_REPRESENTATION('',(#9621),#9625);
#9621 = LINE('',#9622,#9623);
#9622 = CARTESIAN_POINT('',(1.25,-19.));
#9623 = VECTOR('',#9624,1.);
#9624 = DIRECTION('',(1.,0.));
#9625 = ( GEOMETRIC_REPRESENTATION_CONTEXT(2) 
PARAMETRIC_REPRESENTATION_CONTEXT() REPRESENTATION_CONTEXT('2D SPACE',''
  ) );
#9626 = PCURVE('',#9627,#9632);
#9627 = PLANE('',#9628);
#9628 = AXIS2_PLACEMENT_3D('',#9629,#9630,#9631);
#9629 = CARTESIAN_POINT('',(-41.5,5.,2.5));
#9630 = DIRECTION('',(0.,1.,0.));
#9631 = DIRECTION('',(0.,-0.,1.));
#9632 = DEFINITIONAL_REPRESENTATION('',(#9633),#9637);
#9633 = LINE('',#9634,#9635);
#9634 = CARTESIAN_POINT('',(-1.25,1.5));
#9635 = VECTOR('',#9636,1.);
#9636 = DIRECTION('',(1.,0.));
#9637 = ( GEOMETRIC_REPRESENTATION_CONTEXT(2) 
PARAMETRIC_REPRESENTATION_CONTEXT() REPRESENTATION_CONTEXT('2D SPACE',''
  ) );
#9638 = ORIENTED_EDGE('',*,*,#9639,.T.);
#9639 = EDGE_CURVE('',#9612,#9640,#9642,.T.);
#9640 = VERTEX_POINT('',#9641);
#9641 = CARTESIAN_POINT('',(-40.,-9.,2.5));
#9642 = SURFACE_CURVE('',#9643,(#9647,#9654),.PCURVE_S1.);
#9643 = LINE('',#9644,#9645);
#9644 = CARTESIAN_POINT('',(-40.,-11.5,2.5));
#9645 = VECTOR('',#9646,1.);
#9646 = DIRECTION('',(0.,-1.,0.));
#9647 = PCURVE('',#9363,#9648);
#9648 = DEFINITIONAL_REPRESENTATION('',(#9649),#9653);
#9649 = LINE('',#9650,#9651);
#9650 = CARTESIAN_POINT('',(2.5,-2.5));
#9651 = VECTOR('',#9652,1.);
#9652 = DIRECTION('',(0.,1.));
#9653 = ( GEOMETRIC_REPRESENTATION_CONTEXT(2) 
PARAMETRIC_REPRESENTATION_CONTEXT() REPRESENTATION_CONTEXT('2D SPACE',''
  ) );
#9654 = PCURVE('',#9655,#9660);
#9655 = PLANE('',#9656);
#9656 = AXIS2_PLACEMENT_3D('',#9657,#9658,#9659);
#9657 = CARTESIAN_POINT('',(-41.5,-9.,2.5));
#9658 = DIRECTION('',(0.,0.,1.));
#9659 = DIRECTION('',(1.,0.,-0.));
#9660 = DEFINITIONAL_REPRESENTATION('',(#9661),#9665);
#9661 = LINE('',#9662,#9663);
#9662 = CARTESIAN_POINT('',(1.5,-2.5));
#9663 = VECTOR('',#9664,1.);
#9664 = DIRECTION('',(0.,-1.));
#9665 = ( GEOMETRIC_REPRESENTATION_CONTEXT(2) 
PARAMETRIC_REPRESENTATION_CONTEXT() REPRESENTATION_CONTEXT('2D SPACE',''
  ) );
#9666 = ORIENTED_EDGE('',*,*,#9667,.T.);
#9667 = EDGE_CURVE('',#9640,#9355,#9668,.T.);
#9668 = SURFACE_CURVE('',#9669,(#9673,#9680),.PCURVE_S1.);
#9669 = LINE('',#9670,#9671);
#9670 = CARTESIAN_POINT('',(-40.,-9.,1.25));
#9671 = VECTOR('',#9672,1.);
#9672 = DIRECTION('',(0.,0.,1.));
#9673 = PCURVE('',#9363,#9674);
#9674 = DEFINITIONAL_REPRESENTATION('',(#9675),#9679);
#9675 = LINE('',#9676,#9677);
#9676 = CARTESIAN_POINT('',(1.25,-5.));
#9677 = VECTOR('',#9678,1.);
#9678 = DIRECTION('',(1.,0.));
#9679 = ( GEOMETRIC_REPRESENTATION_CONTEXT(2) 
PARAMETRIC_REPRESENTATION_CONTEXT() REPRESENTATION_CONTEXT('2D SPACE',''
  ) );
#9680 = PCURVE('',#9681,#9686);
#9681 = PLANE('',#9682);
#9682 = AXIS2_PLACEMENT_3D('',#9683,#9684,#9685);
#9683 = CARTESIAN_POINT('',(-41.5,-9.,2.5));
#9684 = DIRECTION('',(0.,1.,0.));
#9685 = DIRECTION('',(0.,-0.,1.));
#9686 = DEFINITIONAL_REPRESENTATION('',(#9687),#9691);
#9687 = LINE('',#9688,#9689);
#9688 = CARTESIAN_POINT('',(-1.25,1.5));
#9689 = VECTOR('',#9690,1.);
#9690 = DIRECTION('',(1.,0.));
#9691 = ( GEOMETRIC_REPRESENTATION_CONTEXT(2) 
PARAMETRIC_REPRESENTATION_CONTEXT() REPRESENTATION_CONTEXT('2D SPACE',''
  ) );
#9692 = ADVANCED_FACE('',(#9693),#9375,.T.);
#9693 = FACE_BOUND('',#9694,.T.);
#9694 = EDGE_LOOP('',(#9695,#9696,#9720,#9748,#9781,#9809,#9837,#9865,
    #9893,#9921));
#9695 = ORIENTED_EDGE('',*,*,#9352,.F.);
#9696 = ORIENTED_EDGE('',*,*,#9697,.T.);
#9697 = EDGE_CURVE('',#9353,#9698,#9700,.T.);
#9698 = VERTEX_POINT('',#9699);
#9699 = CARTESIAN_POINT('',(-38.,-14.,8.));
#9700 = SURFACE_CURVE('',#9701,(#9706,#9713),.PCURVE_S1.);
#9701 = CIRCLE('',#9702,2.);
#9702 = AXIS2_PLACEMENT_3D('',#9703,#9704,#9705);
#9703 = CARTESIAN_POINT('',(-38.,-12.,8.));
#9704 = DIRECTION('',(0.,0.,1.));
#9705 = DIRECTION('',(0.,-1.,0.));
#9706 = PCURVE('',#9375,#9707);
#9707 = DEFINITIONAL_REPRESENTATION('',(#9708),#9712);
#9708 = CIRCLE('',#9709,2.);
#9709 = AXIS2_PLACEMENT_2D('',#9710,#9711);
#9710 = CARTESIAN_POINT('',(2.,2.));
#9711 = DIRECTION('',(0.,-1.));
#9712 = ( GEOMETRIC_REPRESENTATION_CONTEXT(2) 
PARAMETRIC_REPRESENTATION_CONTEXT() REPRESENTATION_CONTEXT('2D SPACE',''
  ) );
#9713 = PCURVE('',#9403,#9714);
#9714 = DEFINITIONAL_REPRESENTATION('',(#9715),#9719);
#9715 = LINE('',#9716,#9717);
#9716 = CARTESIAN_POINT('',(-4.712388980385,8.));
#9717 = VECTOR('',#9718,1.);
#9718 = DIRECTION('',(1.,0.));
#9719 = ( GEOMETRIC_REPRESENTATION_CONTEXT(2) 
PARAMETRIC_REPRESENTATION_CONTEXT() REPRESENTATION_CONTEXT('2D SPACE',''
  ) );
#9720 = ORIENTED_EDGE('',*,*,#9721,.T.);
#9721 = EDGE_CURVE('',#9698,#9722,#9724,.T.);
#9722 = VERTEX_POINT('',#9723);
#9723 = CARTESIAN_POINT('',(-11.,-14.,8.));
#9724 = SURFACE_CURVE('',#9725,(#9729,#9736),.PCURVE_S1.);
#9725 = LINE('',#9726,#9727);
#9726 = CARTESIAN_POINT('',(-40.,-14.,8.));
#9727 = VECTOR('',#9728,1.);
#9728 = DIRECTION('',(1.,0.,0.));
#9729 = PCURVE('',#9375,#9730);
#9730 = DEFINITIONAL_REPRESENTATION('',(#9731),#9735);
#9731 = LINE('',#9732,#9733);
#9732 = CARTESIAN_POINT('',(0.,0.));
#9733 = VECTOR('',#9734,1.);
#9734 = DIRECTION('',(1.,0.));
#9735 = ( GEOMETRIC_REPRESENTATION_CONTEXT(2) 
PARAMETRIC_REPRESENTATION_CONTEXT() REPRESENTATION_CONTEXT('2D SPACE',''
  ) );
#9736 = PCURVE('',#9737,#9742);
#9737 = PLANE('',#9738);
#9738 = AXIS2_PLACEMENT_3D('',#9739,#9740,#9741);
#9739 = CARTESIAN_POINT('',(-40.,-14.,0.));
#9740 = DIRECTION('',(0.,1.,0.));
#9741 = DIRECTION('',(0.,-0.,1.));
#9742 = DEFINITIONAL_REPRESENTATION('',(#9743),#9747);
#9743 = LINE('',#9744,#9745);
#9744 = CARTESIAN_POINT('',(8.,0.));
#9745 = VECTOR('',#9746,1.);
#9746 = DIRECTION('',(0.,1.));
#9747 = ( GEOMETRIC_REPRESENTATION_CONTEXT(2) 
PARAMETRIC_REPRESENTATION_CONTEXT() REPRESENTATION_CONTEXT('2D SPACE',''
  ) );
#9748 = ORIENTED_EDGE('',*,*,#9749,.F.);
#9749 = EDGE_CURVE('',#9750,#9722,#9752,.T.);
#9750 = VERTEX_POINT('',#9751);
#9751 = CARTESIAN_POINT('',(-9.,-12.,8.));
#9752 = SURFACE_CURVE('',#9753,(#9758,#9769),.PCURVE_S1.);
#9753 = CIRCLE('',#9754,2.);
#9754 = AXIS2_PLACEMENT_3D('',#9755,#9756,#9757);
#9755 = CARTESIAN_POINT('',(-11.,-12.,8.));
#9756 = DIRECTION('',(-0.,-0.,-1.));
#9757 = DIRECTION('',(0.,-1.,0.));
#9758 = PCURVE('',#9375,#9759);
#9759 = DEFINITIONAL_REPRESENTATION('',(#9760),#9768);
#9760 = ( BOUNDED_CURVE() B_SPLINE_CURVE(2,(#9761,#9762,#9763,#9764,
#9765,#9766,#9767),.UNSPECIFIED.,.T.,.F.) B_SPLINE_CURVE_WITH_KNOTS((1,2
    ,2,2,2,1),(-2.094395102393,0.,2.094395102393,4.188790204786,
6.28318530718,8.377580409573),.UNSPECIFIED.) CURVE() 
GEOMETRIC_REPRESENTATION_ITEM() RATIONAL_B_SPLINE_CURVE((1.,0.5,1.,0.5,
1.,0.5,1.)) REPRESENTATION_ITEM('') );
#9761 = CARTESIAN_POINT('',(29.,0.));
#9762 = CARTESIAN_POINT('',(25.535898384862,0.));
#9763 = CARTESIAN_POINT('',(27.267949192431,3.));
#9764 = CARTESIAN_POINT('',(29.,6.));
#9765 = CARTESIAN_POINT('',(30.732050807569,3.));
#9766 = CARTESIAN_POINT('',(32.464101615138,3.10862446895E-15));
#9767 = CARTESIAN_POINT('',(29.,0.));
#9768 = ( GEOMETRIC_REPRESENTATION_CONTEXT(2) 
PARAMETRIC_REPRESENTATION_CONTEXT() REPRESENTATION_CONTEXT('2D SPACE',''
  ) );
#9769 = PCURVE('',#9770,#9775);
#9770 = CYLINDRICAL_SURFACE('',#9771,2.);
#9771 = AXIS2_PLACEMENT_3D('',#9772,#9773,#9774);
#9772 = CARTESIAN_POINT('',(-11.,-12.,0.));
#9773 = DIRECTION('',(0.,0.,1.));
#9774 = DIRECTION('',(1.,0.,-0.));
#9775 = DEFINITIONAL_REPRESENTATION('',(#9776),#9780);
#9776 = LINE('',#9777,#9778);
#9777 = CARTESIAN_POINT('',(10.995574287565,8.));
#9778 = VECTOR('',#9779,1.);
#9779 = DIRECTION('',(-1.,0.));
#9780 = ( GEOMETRIC_REPRESENTATION_CONTEXT(2) 
PARAMETRIC_REPRESENTATION_CONTEXT() REPRESENTATION_CONTEXT('2D SPACE',''
  ) );
#9781 = ORIENTED_EDGE('',*,*,#9782,.T.);
#9782 = EDGE_CURVE('',#9750,#9783,#9785,.T.);
#9783 = VERTEX_POINT('',#9784);
#9784 = CARTESIAN_POINT('',(-9.,-9.,8.));
#9785 = SURFACE_CURVE('',#9786,(#9790,#9797),.PCURVE_S1.);
#9786 = LINE('',#9787,#9788);
#9787 = CARTESIAN_POINT('',(-9.,-14.,8.));
#9788 = VECTOR('',#9789,1.);
#9789 = DIRECTION('',(0.,1.,0.));
#9790 = PCURVE('',#9375,#9791);
#9791 = DEFINITIONAL_REPRESENTATION('',(#9792),#9796);
#9792 = LINE('',#9793,#9794);
#9793 = CARTESIAN_POINT('',(31.,0.));
#9794 = VECTOR('',#9795,1.);
#9795 = DIRECTION('',(0.,1.));
#9796 = ( GEOMETRIC_REPRESENTATION_CONTEXT(2) 
PARAMETRIC_REPRESENTATION_CONTEXT() REPRESENTATION_CONTEXT('2D SPACE',''
  ) );
#9797 = PCURVE('',#9798,#9803);
#9798 = PLANE('',#9799);
#9799 = AXIS2_PLACEMENT_3D('',#9800,#9801,#9802);
#9800 = CARTESIAN_POINT('',(-9.,-14.,0.));
#9801 = DIRECTION('',(1.,0.,0.));
#9802 = DIRECTION('',(0.,0.,1.));
#9803 = DEFINITIONAL_REPRESENTATION('',(#9804),#9808);
#9804 = LINE('',#9805,#9806);
#9805 = CARTESIAN_POINT('',(8.,0.));
#9806 = VECTOR('',#9807,1.);
#9807 = DIRECTION('',(0.,-1.));
#9808 = ( GEOMETRIC_REPRESENTATION_CONTEXT(2) 
PARAMETRIC_REPRESENTATION_CONTEXT() REPRESENTATION_CONTEXT('2D SPACE',''
  ) );
#9809 = ORIENTED_EDGE('',*,*,#9810,.F.);
#9810 = EDGE_CURVE('',#9811,#9783,#9813,.T.);
#9811 = VERTEX_POINT('',#9812);
#9812 = CARTESIAN_POINT('',(-11.7,-9.,8.));
#9813 = SURFACE_CURVE('',#9814,(#9818,#9825),.PCURVE_S1.);
#9814 = LINE('',#9815,#9816);
#9815 = CARTESIAN_POINT('',(-12.5,-9.,8.));
#9816 = VECTOR('',#9817,1.);
#9817 = DIRECTION('',(1.,0.,0.));
#9818 = PCURVE('',#9375,#9819);
#9819 = DEFINITIONAL_REPRESENTATION('',(#9820),#9824);
#9820 = LINE('',#9821,#9822);
#9821 = CARTESIAN_POINT('',(27.5,5.));
#9822 = VECTOR('',#9823,1.);
#9823 = DIRECTION('',(1.,0.));
#9824 = ( GEOMETRIC_REPRESENTATION_CONTEXT(2) 
PARAMETRIC_REPRESENTATION_CONTEXT() REPRESENTATION_CONTEXT('2D SPACE',''
  ) );
#9825 = PCURVE('',#9826,#9831);
#9826 = PLANE('',#9827);
#9827 = AXIS2_PLACEMENT_3D('',#9828,#9829,#9830);
#9828 = CARTESIAN_POINT('',(-12.5,-9.,2.5));
#9829 = DIRECTION('',(0.,1.,0.));
#9830 = DIRECTION('',(0.,-0.,1.));
#9831 = DEFINITIONAL_REPRESENTATION('',(#9832),#9836);
#9832 = LINE('',#9833,#9834);
#9833 = CARTESIAN_POINT('',(5.5,0.));
#9834 = VECTOR('',#9835,1.);
#9835 = DIRECTION('',(0.,1.));
#9836 = ( GEOMETRIC_REPRESENTATION_CONTEXT(2) 
PARAMETRIC_REPRESENTATION_CONTEXT() REPRESENTATION_CONTEXT('2D SPACE',''
  ) );
#9837 = ORIENTED_EDGE('',*,*,#9838,.F.);
#9838 = EDGE_CURVE('',#9839,#9811,#9841,.T.);
#9839 = VERTEX_POINT('',#9840);
#9840 = CARTESIAN_POINT('',(-11.7,-10.5,8.));
#9841 = SURFACE_CURVE('',#9842,(#9846,#9853),.PCURVE_S1.);
#9842 = LINE('',#9843,#9844);
#9843 = CARTESIAN_POINT('',(-11.7,-10.5,8.));
#9844 = VECTOR('',#9845,1.);
#9845 = DIRECTION('',(0.,1.,0.));
#9846 = PCURVE('',#9375,#9847);
#9847 = DEFINITIONAL_REPRESENTATION('',(#9848),#9852);
#9848 = LINE('',#9849,#9850);
#9849 = CARTESIAN_POINT('',(28.3,3.5));
#9850 = VECTOR('',#9851,1.);
#9851 = DIRECTION('',(0.,1.));
#9852 = ( GEOMETRIC_REPRESENTATION_CONTEXT(2) 
PARAMETRIC_REPRESENTATION_CONTEXT() REPRESENTATION_CONTEXT('2D SPACE',''
  ) );
#9853 = PCURVE('',#9854,#9859);
#9854 = PLANE('',#9855);
#9855 = AXIS2_PLACEMENT_3D('',#9856,#9857,#9858);
#9856 = CARTESIAN_POINT('',(-11.7,-10.5,2.5));
#9857 = DIRECTION('',(1.,0.,0.));
#9858 = DIRECTION('',(0.,0.,1.));
#9859 = DEFINITIONAL_REPRESENTATION('',(#9860),#9864);
#9860 = LINE('',#9861,#9862);
#9861 = CARTESIAN_POINT('',(5.5,0.));
#9862 = VECTOR('',#9863,1.);
#9863 = DIRECTION('',(0.,-1.));
#9864 = ( GEOMETRIC_REPRESENTATION_CONTEXT(2) 
PARAMETRIC_REPRESENTATION_CONTEXT() REPRESENTATION_CONTEXT('2D SPACE',''
  ) );
#9865 = ORIENTED_EDGE('',*,*,#9866,.F.);
#9866 = EDGE_CURVE('',#9867,#9839,#9869,.T.);
#9867 = VERTEX_POINT('',#9868);
#9868 = CARTESIAN_POINT('',(-37.3,-10.5,8.));
#9869 = SURFACE_CURVE('',#9870,(#9874,#9881),.PCURVE_S1.);
#9870 = LINE('',#9871,#9872);
#9871 = CARTESIAN_POINT('',(-37.3,-10.5,8.));
#9872 = VECTOR('',#9873,1.);
#9873 = DIRECTION('',(1.,0.,0.));
#9874 = PCURVE('',#9375,#9875);
#9875 = DEFINITIONAL_REPRESENTATION('',(#9876),#9880);
#9876 = LINE('',#9877,#9878);
#9877 = CARTESIAN_POINT('',(2.7,3.5));
#9878 = VECTOR('',#9879,1.);
#9879 = DIRECTION('',(1.,0.));
#9880 = ( GEOMETRIC_REPRESENTATION_CONTEXT(2) 
PARAMETRIC_REPRESENTATION_CONTEXT() REPRESENTATION_CONTEXT('2D SPACE',''
  ) );
#9881 = PCURVE('',#9882,#9887);
#9882 = PLANE('',#9883);
#9883 = AXIS2_PLACEMENT_3D('',#9884,#9885,#9886);
#9884 = CARTESIAN_POINT('',(-37.3,-10.5,2.5));
#9885 = DIRECTION('',(0.,1.,0.));
#9886 = DIRECTION('',(0.,-0.,1.));
#9887 = DEFINITIONAL_REPRESENTATION('',(#9888),#9892);
#9888 = LINE('',#9889,#9890);
#9889 = CARTESIAN_POINT('',(5.5,0.));
#9890 = VECTOR('',#9891,1.);
#9891 = DIRECTION('',(0.,1.));
#9892 = ( GEOMETRIC_REPRESENTATION_CONTEXT(2) 
PARAMETRIC_REPRESENTATION_CONTEXT() REPRESENTATION_CONTEXT('2D SPACE',''
  ) );
#9893 = ORIENTED_EDGE('',*,*,#9894,.T.);
#9894 = EDGE_CURVE('',#9867,#9895,#9897,.T.);
#9895 = VERTEX_POINT('',#9896);
#9896 = CARTESIAN_POINT('',(-37.3,-9.,8.));
#9897 = SURFACE_CURVE('',#9898,(#9902,#9909),.PCURVE_S1.);
#9898 = LINE('',#9899,#9900);
#9899 = CARTESIAN_POINT('',(-37.3,-10.5,8.));
#9900 = VECTOR('',#9901,1.);
#9901 = DIRECTION('',(0.,1.,0.));
#9902 = PCURVE('',#9375,#9903);
#9903 = DEFINITIONAL_REPRESENTATION('',(#9904),#9908);
#9904 = LINE('',#9905,#9906);
#9905 = CARTESIAN_POINT('',(2.7,3.5));
#9906 = VECTOR('',#9907,1.);
#9907 = DIRECTION('',(0.,1.));
#9908 = ( GEOMETRIC_REPRESENTATION_CONTEXT(2) 
PARAMETRIC_REPRESENTATION_CONTEXT() REPRESENTATION_CONTEXT('2D SPACE',''
  ) );
#9909 = PCURVE('',#9910,#9915);
#9910 = PLANE('',#9911);
#9911 = AXIS2_PLACEMENT_3D('',#9912,#9913,#9914);
#9912 = CARTESIAN_POINT('',(-37.3,-10.5,2.5));
#9913 = DIRECTION('',(1.,0.,0.));
#9914 = DIRECTION('',(0.,0.,1.));
#9915 = DEFINITIONAL_REPRESENTATION('',(#9916),#9920);
#9916 = LINE('',#9917,#9918);
#9917 = CARTESIAN_POINT('',(5.5,0.));
#9918 = VECTOR('',#9919,1.);
#9919 = DIRECTION('',(0.,-1.));
#9920 = ( GEOMETRIC_REPRESENTATION_CONTEXT(2) 
PARAMETRIC_REPRESENTATION_CONTEXT() REPRESENTATION_CONTEXT('2D SPACE',''
  ) );
#9921 = ORIENTED_EDGE('',*,*,#9922,.F.);
#9922 = EDGE_CURVE('',#9355,#9895,#9923,.T.);
#9923 = SURFACE_CURVE('',#9924,(#9928,#9935),.PCURVE_S1.);
#9924 = LINE('',#9925,#9926);
#9925 = CARTESIAN_POINT('',(-41.5,-9.,8.));
#9926 = VECTOR('',#9927,1.);
#9927 = DIRECTION('',(1.,0.,0.));
#9928 = PCURVE('',#9375,#9929);
#9929 = DEFINITIONAL_REPRESENTATION('',(#9930),#9934);
#9930 = LINE('',#9931,#9932);
#9931 = CARTESIAN_POINT('',(-1.5,5.));
#9932 = VECTOR('',#9933,1.);
#9933 = DIRECTION('',(1.,0.));
#9934 = ( GEOMETRIC_REPRESENTATION_CONTEXT(2) 
PARAMETRIC_REPRESENTATION_CONTEXT() REPRESENTATION_CONTEXT('2D SPACE',''
  ) );
#9935 = PCURVE('',#9681,#9936);
#9936 = DEFINITIONAL_REPRESENTATION('',(#9937),#9941);
#9937 = LINE('',#9938,#9939);
#9938 = CARTESIAN_POINT('',(5.5,0.));
#9939 = VECTOR('',#9940,1.);
#9940 = DIRECTION('',(0.,1.));
#9941 = ( GEOMETRIC_REPRESENTATION_CONTEXT(2) 
PARAMETRIC_REPRESENTATION_CONTEXT() REPRESENTATION_CONTEXT('2D SPACE',''
  ) );
#9942 = ADVANCED_FACE('',(#9943),#9681,.T.);
#9943 = FACE_BOUND('',#9944,.T.);
#9944 = EDGE_LOOP('',(#9945,#9968,#9989,#9990));
#9945 = ORIENTED_EDGE('',*,*,#9946,.F.);
#9946 = EDGE_CURVE('',#9947,#9895,#9949,.T.);
#9947 = VERTEX_POINT('',#9948);
#9948 = CARTESIAN_POINT('',(-37.3,-9.,2.5));
#9949 = SURFACE_CURVE('',#9950,(#9954,#9961),.PCURVE_S1.);
#9950 = LINE('',#9951,#9952);
#9951 = CARTESIAN_POINT('',(-37.3,-9.,2.5));
#9952 = VECTOR('',#9953,1.);
#9953 = DIRECTION('',(0.,0.,1.));
#9954 = PCURVE('',#9681,#9955);
#9955 = DEFINITIONAL_REPRESENTATION('',(#9956),#9960);
#9956 = LINE('',#9957,#9958);
#9957 = CARTESIAN_POINT('',(0.,4.2));
#9958 = VECTOR('',#9959,1.);
#9959 = DIRECTION('',(1.,0.));
#9960 = ( GEOMETRIC_REPRESENTATION_CONTEXT(2) 
PARAMETRIC_REPRESENTATION_CONTEXT() REPRESENTATION_CONTEXT('2D SPACE',''
  ) );
#9961 = PCURVE('',#9910,#9962);
#9962 = DEFINITIONAL_REPRESENTATION('',(#9963),#9967);
#9963 = LINE('',#9964,#9965);
#9964 = CARTESIAN_POINT('',(0.,-1.5));
#9965 = VECTOR('',#9966,1.);
#9966 = DIRECTION('',(1.,0.));
#9967 = ( GEOMETRIC_REPRESENTATION_CONTEXT(2) 
PARAMETRIC_REPRESENTATION_CONTEXT() REPRESENTATION_CONTEXT('2D SPACE',''
  ) );
#9968 = ORIENTED_EDGE('',*,*,#9969,.F.);
#9969 = EDGE_CURVE('',#9640,#9947,#9970,.T.);
#9970 = SURFACE_CURVE('',#9971,(#9975,#9982),.PCURVE_S1.);
#9971 = LINE('',#9972,#9973);
#9972 = CARTESIAN_POINT('',(-41.5,-9.,2.5));
#9973 = VECTOR('',#9974,1.);
#9974 = DIRECTION('',(1.,0.,0.));
#9975 = PCURVE('',#9681,#9976);
#9976 = DEFINITIONAL_REPRESENTATION('',(#9977),#9981);
#9977 = LINE('',#9978,#9979);
#9978 = CARTESIAN_POINT('',(0.,0.));
#9979 = VECTOR('',#9980,1.);
#9980 = DIRECTION('',(0.,1.));
#9981 = ( GEOMETRIC_REPRESENTATION_CONTEXT(2) 
PARAMETRIC_REPRESENTATION_CONTEXT() REPRESENTATION_CONTEXT('2D SPACE',''
  ) );
#9982 = PCURVE('',#9655,#9983);
#9983 = DEFINITIONAL_REPRESENTATION('',(#9984),#9988);
#9984 = LINE('',#9985,#9986);
#9985 = CARTESIAN_POINT('',(0.,0.));
#9986 = VECTOR('',#9987,1.);
#9987 = DIRECTION('',(1.,0.));
#9988 = ( GEOMETRIC_REPRESENTATION_CONTEXT(2) 
PARAMETRIC_REPRESENTATION_CONTEXT() REPRESENTATION_CONTEXT('2D SPACE',''
  ) );
#9989 = ORIENTED_EDGE('',*,*,#9667,.T.);
#9990 = ORIENTED_EDGE('',*,*,#9922,.T.);
#9991 = ADVANCED_FACE('',(#9992),#9655,.T.);
#9992 = FACE_BOUND('',#9993,.T.);
#9993 = EDGE_LOOP('',(#9994,#10017,#10018,#10019,#10042,#10065,#10088,
    #10111,#10134,#10162,#10190,#10218));
#9994 = ORIENTED_EDGE('',*,*,#9995,.F.);
#9995 = EDGE_CURVE('',#9612,#9996,#9998,.T.);
#9996 = VERTEX_POINT('',#9997);
#9997 = CARTESIAN_POINT('',(-37.3,5.,2.5));
#9998 = SURFACE_CURVE('',#9999,(#10003,#10010),.PCURVE_S1.);
#9999 = LINE('',#10000,#10001);
#10000 = CARTESIAN_POINT('',(-41.5,5.,2.5));
#10001 = VECTOR('',#10002,1.);
#10002 = DIRECTION('',(1.,0.,0.));
#10003 = PCURVE('',#9655,#10004);
#10004 = DEFINITIONAL_REPRESENTATION('',(#10005),#10009);
#10005 = LINE('',#10006,#10007);
#10006 = CARTESIAN_POINT('',(0.,14.));
#10007 = VECTOR('',#10008,1.);
#10008 = DIRECTION('',(1.,0.));
#10009 = ( GEOMETRIC_REPRESENTATION_CONTEXT(2) 
PARAMETRIC_REPRESENTATION_CONTEXT() REPRESENTATION_CONTEXT('2D SPACE',''
  ) );
#10010 = PCURVE('',#9627,#10011);
#10011 = DEFINITIONAL_REPRESENTATION('',(#10012),#10016);
#10012 = LINE('',#10013,#10014);
#10013 = CARTESIAN_POINT('',(0.,0.));
#10014 = VECTOR('',#10015,1.);
#10015 = DIRECTION('',(0.,1.));
#10016 = ( GEOMETRIC_REPRESENTATION_CONTEXT(2) 
PARAMETRIC_REPRESENTATION_CONTEXT() REPRESENTATION_CONTEXT('2D SPACE',''
  ) );
#10017 = ORIENTED_EDGE('',*,*,#9639,.T.);
#10018 = ORIENTED_EDGE('',*,*,#9969,.T.);
#10019 = ORIENTED_EDGE('',*,*,#10020,.F.);
#10020 = EDGE_CURVE('',#10021,#9947,#10023,.T.);
#10021 = VERTEX_POINT('',#10022);
#10022 = CARTESIAN_POINT('',(-37.3,-10.5,2.5));
#10023 = SURFACE_CURVE('',#10024,(#10028,#10035),.PCURVE_S1.);
#10024 = LINE('',#10025,#10026);
#10025 = CARTESIAN_POINT('',(-37.3,-10.5,2.5));
#10026 = VECTOR('',#10027,1.);
#10027 = DIRECTION('',(0.,1.,0.));
#10028 = PCURVE('',#9655,#10029);
#10029 = DEFINITIONAL_REPRESENTATION('',(#10030),#10034);
#10030 = LINE('',#10031,#10032);
#10031 = CARTESIAN_POINT('',(4.2,-1.5));
#10032 = VECTOR('',#10033,1.);
#10033 = DIRECTION('',(0.,1.));
#10034 = ( GEOMETRIC_REPRESENTATION_CONTEXT(2) 
PARAMETRIC_REPRESENTATION_CONTEXT() REPRESENTATION_CONTEXT('2D SPACE',''
  ) );
#10035 = PCURVE('',#9910,#10036);
#10036 = DEFINITIONAL_REPRESENTATION('',(#10037),#10041);
#10037 = LINE('',#10038,#10039);
#10038 = CARTESIAN_POINT('',(0.,0.));
#10039 = VECTOR('',#10040,1.);
#10040 = DIRECTION('',(0.,-1.));
#10041 = ( GEOMETRIC_REPRESENTATION_CONTEXT(2) 
PARAMETRIC_REPRESENTATION_CONTEXT() REPRESENTATION_CONTEXT('2D SPACE',''
  ) );
#10042 = ORIENTED_EDGE('',*,*,#10043,.T.);
#10043 = EDGE_CURVE('',#10021,#10044,#10046,.T.);
#10044 = VERTEX_POINT('',#10045);
#10045 = CARTESIAN_POINT('',(-11.7,-10.5,2.5));
#10046 = SURFACE_CURVE('',#10047,(#10051,#10058),.PCURVE_S1.);
#10047 = LINE('',#10048,#10049);
#10048 = CARTESIAN_POINT('',(-37.3,-10.5,2.5));
#10049 = VECTOR('',#10050,1.);
#10050 = DIRECTION('',(1.,0.,0.));
#10051 = PCURVE('',#9655,#10052);
#10052 = DEFINITIONAL_REPRESENTATION('',(#10053),#10057);
#10053 = LINE('',#10054,#10055);
#10054 = CARTESIAN_POINT('',(4.2,-1.5));
#10055 = VECTOR('',#10056,1.);
#10056 = DIRECTION('',(1.,0.));
#10057 = ( GEOMETRIC_REPRESENTATION_CONTEXT(2) 
PARAMETRIC_REPRESENTATION_CONTEXT() REPRESENTATION_CONTEXT('2D SPACE',''
  ) );
#10058 = PCURVE('',#9882,#10059);
#10059 = DEFINITIONAL_REPRESENTATION('',(#10060),#10064);
#10060 = LINE('',#10061,#10062);
#10061 = CARTESIAN_POINT('',(0.,0.));
#10062 = VECTOR('',#10063,1.);
#10063 = DIRECTION('',(0.,1.));
#10064 = ( GEOMETRIC_REPRESENTATION_CONTEXT(2) 
PARAMETRIC_REPRESENTATION_CONTEXT() REPRESENTATION_CONTEXT('2D SPACE',''
  ) );
#10065 = ORIENTED_EDGE('',*,*,#10066,.T.);
#10066 = EDGE_CURVE('',#10044,#10067,#10069,.T.);
#10067 = VERTEX_POINT('',#10068);
#10068 = CARTESIAN_POINT('',(-11.7,-9.,2.5));
#10069 = SURFACE_CURVE('',#10070,(#10074,#10081),.PCURVE_S1.);
#10070 = LINE('',#10071,#10072);
#10071 = CARTESIAN_POINT('',(-11.7,-10.5,2.5));
#10072 = VECTOR('',#10073,1.);
#10073 = DIRECTION('',(0.,1.,0.));
#10074 = PCURVE('',#9655,#10075);
#10075 = DEFINITIONAL_REPRESENTATION('',(#10076),#10080);
#10076 = LINE('',#10077,#10078);
#10077 = CARTESIAN_POINT('',(29.8,-1.5));
#10078 = VECTOR('',#10079,1.);
#10079 = DIRECTION('',(0.,1.));
#10080 = ( GEOMETRIC_REPRESENTATION_CONTEXT(2) 
PARAMETRIC_REPRESENTATION_CONTEXT() REPRESENTATION_CONTEXT('2D SPACE',''
  ) );
#10081 = PCURVE('',#9854,#10082);
#10082 = DEFINITIONAL_REPRESENTATION('',(#10083),#10087);
#10083 = LINE('',#10084,#10085);
#10084 = CARTESIAN_POINT('',(0.,0.));
#10085 = VECTOR('',#10086,1.);
#10086 = DIRECTION('',(0.,-1.));
#10087 = ( GEOMETRIC_REPRESENTATION_CONTEXT(2) 
PARAMETRIC_REPRESENTATION_CONTEXT() REPRESENTATION_CONTEXT('2D SPACE',''
  ) );
#10088 = ORIENTED_EDGE('',*,*,#10089,.T.);
#10089 = EDGE_CURVE('',#10067,#10090,#10092,.T.);
#10090 = VERTEX_POINT('',#10091);
#10091 = CARTESIAN_POINT('',(-9.,-9.,2.5));
#10092 = SURFACE_CURVE('',#10093,(#10097,#10104),.PCURVE_S1.);
#10093 = LINE('',#10094,#10095);
#10094 = CARTESIAN_POINT('',(-12.5,-9.,2.5));
#10095 = VECTOR('',#10096,1.);
#10096 = DIRECTION('',(1.,0.,0.));
#10097 = PCURVE('',#9655,#10098);
#10098 = DEFINITIONAL_REPRESENTATION('',(#10099),#10103);
#10099 = LINE('',#10100,#10101);
#10100 = CARTESIAN_POINT('',(29.,0.));
#10101 = VECTOR('',#10102,1.);
#10102 = DIRECTION('',(1.,0.));
#10103 = ( GEOMETRIC_REPRESENTATION_CONTEXT(2) 
PARAMETRIC_REPRESENTATION_CONTEXT() REPRESENTATION_CONTEXT('2D SPACE',''
  ) );
#10104 = PCURVE('',#9826,#10105);
#10105 = DEFINITIONAL_REPRESENTATION('',(#10106),#10110);
#10106 = LINE('',#10107,#10108);
#10107 = CARTESIAN_POINT('',(0.,0.));
#10108 = VECTOR('',#10109,1.);
#10109 = DIRECTION('',(0.,1.));
#10110 = ( GEOMETRIC_REPRESENTATION_CONTEXT(2) 
PARAMETRIC_REPRESENTATION_CONTEXT() REPRESENTATION_CONTEXT('2D SPACE',''
  ) );
#10111 = ORIENTED_EDGE('',*,*,#10112,.F.);
#10112 = EDGE_CURVE('',#10113,#10090,#10115,.T.);
#10113 = VERTEX_POINT('',#10114);
#10114 = CARTESIAN_POINT('',(-9.,5.,2.5));
#10115 = SURFACE_CURVE('',#10116,(#10120,#10127),.PCURVE_S1.);
#10116 = LINE('',#10117,#10118);
#10117 = CARTESIAN_POINT('',(-9.,-11.5,2.5));
#10118 = VECTOR('',#10119,1.);
#10119 = DIRECTION('',(0.,-1.,0.));
#10120 = PCURVE('',#9655,#10121);
#10121 = DEFINITIONAL_REPRESENTATION('',(#10122),#10126);
#10122 = LINE('',#10123,#10124);
#10123 = CARTESIAN_POINT('',(32.5,-2.5));
#10124 = VECTOR('',#10125,1.);
#10125 = DIRECTION('',(0.,-1.));
#10126 = ( GEOMETRIC_REPRESENTATION_CONTEXT(2) 
PARAMETRIC_REPRESENTATION_CONTEXT() REPRESENTATION_CONTEXT('2D SPACE',''
  ) );
#10127 = PCURVE('',#9798,#10128);
#10128 = DEFINITIONAL_REPRESENTATION('',(#10129),#10133);
#10129 = LINE('',#10130,#10131);
#10130 = CARTESIAN_POINT('',(2.5,-2.5));
#10131 = VECTOR('',#10132,1.);
#10132 = DIRECTION('',(0.,1.));
#10133 = ( GEOMETRIC_REPRESENTATION_CONTEXT(2) 
PARAMETRIC_REPRESENTATION_CONTEXT() REPRESENTATION_CONTEXT('2D SPACE',''
  ) );
#10134 = ORIENTED_EDGE('',*,*,#10135,.F.);
#10135 = EDGE_CURVE('',#10136,#10113,#10138,.T.);
#10136 = VERTEX_POINT('',#10137);
#10137 = CARTESIAN_POINT('',(-11.7,5.,2.5));
#10138 = SURFACE_CURVE('',#10139,(#10143,#10150),.PCURVE_S1.);
#10139 = LINE('',#10140,#10141);
#10140 = CARTESIAN_POINT('',(-12.5,5.,2.5));
#10141 = VECTOR('',#10142,1.);
#10142 = DIRECTION('',(1.,0.,0.));
#10143 = PCURVE('',#9655,#10144);
#10144 = DEFINITIONAL_REPRESENTATION('',(#10145),#10149);
#10145 = LINE('',#10146,#10147);
#10146 = CARTESIAN_POINT('',(29.,14.));
#10147 = VECTOR('',#10148,1.);
#10148 = DIRECTION('',(1.,0.));
#10149 = ( GEOMETRIC_REPRESENTATION_CONTEXT(2) 
PARAMETRIC_REPRESENTATION_CONTEXT() REPRESENTATION_CONTEXT('2D SPACE',''
  ) );
#10150 = PCURVE('',#10151,#10156);
#10151 = PLANE('',#10152);
#10152 = AXIS2_PLACEMENT_3D('',#10153,#10154,#10155);
#10153 = CARTESIAN_POINT('',(-12.5,5.,2.5));
#10154 = DIRECTION('',(0.,1.,0.));
#10155 = DIRECTION('',(0.,-0.,1.));
#10156 = DEFINITIONAL_REPRESENTATION('',(#10157),#10161);
#10157 = LINE('',#10158,#10159);
#10158 = CARTESIAN_POINT('',(0.,0.));
#10159 = VECTOR('',#10160,1.);
#10160 = DIRECTION('',(0.,1.));
#10161 = ( GEOMETRIC_REPRESENTATION_CONTEXT(2) 
PARAMETRIC_REPRESENTATION_CONTEXT() REPRESENTATION_CONTEXT('2D SPACE',''
  ) );
#10162 = ORIENTED_EDGE('',*,*,#10163,.T.);
#10163 = EDGE_CURVE('',#10136,#10164,#10166,.T.);
#10164 = VERTEX_POINT('',#10165);
#10165 = CARTESIAN_POINT('',(-11.7,6.5,2.5));
#10166 = SURFACE_CURVE('',#10167,(#10171,#10178),.PCURVE_S1.);
#10167 = LINE('',#10168,#10169);
#10168 = CARTESIAN_POINT('',(-11.7,-10.5,2.5));
#10169 = VECTOR('',#10170,1.);
#10170 = DIRECTION('',(0.,1.,0.));
#10171 = PCURVE('',#9655,#10172);
#10172 = DEFINITIONAL_REPRESENTATION('',(#10173),#10177);
#10173 = LINE('',#10174,#10175);
#10174 = CARTESIAN_POINT('',(29.8,-1.5));
#10175 = VECTOR('',#10176,1.);
#10176 = DIRECTION('',(0.,1.));
#10177 = ( GEOMETRIC_REPRESENTATION_CONTEXT(2) 
PARAMETRIC_REPRESENTATION_CONTEXT() REPRESENTATION_CONTEXT('2D SPACE',''
  ) );
#10178 = PCURVE('',#10179,#10184);
#10179 = PLANE('',#10180);
#10180 = AXIS2_PLACEMENT_3D('',#10181,#10182,#10183);
#10181 = CARTESIAN_POINT('',(-11.7,-10.5,2.5));
#10182 = DIRECTION('',(1.,0.,0.));
#10183 = DIRECTION('',(0.,0.,1.));
#10184 = DEFINITIONAL_REPRESENTATION('',(#10185),#10189);
#10185 = LINE('',#10186,#10187);
#10186 = CARTESIAN_POINT('',(0.,0.));
#10187 = VECTOR('',#10188,1.);
#10188 = DIRECTION('',(0.,-1.));
#10189 = ( GEOMETRIC_REPRESENTATION_CONTEXT(2) 
PARAMETRIC_REPRESENTATION_CONTEXT() REPRESENTATION_CONTEXT('2D SPACE',''
  ) );
#10190 = ORIENTED_EDGE('',*,*,#10191,.F.);
#10191 = EDGE_CURVE('',#10192,#10164,#10194,.T.);
#10192 = VERTEX_POINT('',#10193);
#10193 = CARTESIAN_POINT('',(-37.3,6.5,2.5));
#10194 = SURFACE_CURVE('',#10195,(#10199,#10206),.PCURVE_S1.);
#10195 = LINE('',#10196,#10197);
#10196 = CARTESIAN_POINT('',(-37.3,6.5,2.5));
#10197 = VECTOR('',#10198,1.);
#10198 = DIRECTION('',(1.,0.,0.));
#10199 = PCURVE('',#9655,#10200);
#10200 = DEFINITIONAL_REPRESENTATION('',(#10201),#10205);
#10201 = LINE('',#10202,#10203);
#10202 = CARTESIAN_POINT('',(4.2,15.5));
#10203 = VECTOR('',#10204,1.);
#10204 = DIRECTION('',(1.,0.));
#10205 = ( GEOMETRIC_REPRESENTATION_CONTEXT(2) 
PARAMETRIC_REPRESENTATION_CONTEXT() REPRESENTATION_CONTEXT('2D SPACE',''
  ) );
#10206 = PCURVE('',#10207,#10212);
#10207 = PLANE('',#10208);
#10208 = AXIS2_PLACEMENT_3D('',#10209,#10210,#10211);
#10209 = CARTESIAN_POINT('',(-37.3,6.5,2.5));
#10210 = DIRECTION('',(0.,1.,0.));
#10211 = DIRECTION('',(0.,-0.,1.));
#10212 = DEFINITIONAL_REPRESENTATION('',(#10213),#10217);
#10213 = LINE('',#10214,#10215);
#10214 = CARTESIAN_POINT('',(0.,0.));
#10215 = VECTOR('',#10216,1.);
#10216 = DIRECTION('',(0.,1.));
#10217 = ( GEOMETRIC_REPRESENTATION_CONTEXT(2) 
PARAMETRIC_REPRESENTATION_CONTEXT() REPRESENTATION_CONTEXT('2D SPACE',''
  ) );
#10218 = ORIENTED_EDGE('',*,*,#10219,.F.);
#10219 = EDGE_CURVE('',#9996,#10192,#10220,.T.);
#10220 = SURFACE_CURVE('',#10221,(#10225,#10232),.PCURVE_S1.);
#10221 = LINE('',#10222,#10223);
#10222 = CARTESIAN_POINT('',(-37.3,-10.5,2.5));
#10223 = VECTOR('',#10224,1.);
#10224 = DIRECTION('',(0.,1.,0.));
#10225 = PCURVE('',#9655,#10226);
#10226 = DEFINITIONAL_REPRESENTATION('',(#10227),#10231);
#10227 = LINE('',#10228,#10229);
#10228 = CARTESIAN_POINT('',(4.2,-1.5));
#10229 = VECTOR('',#10230,1.);
#10230 = DIRECTION('',(0.,1.));
#10231 = ( GEOMETRIC_REPRESENTATION_CONTEXT(2) 
PARAMETRIC_REPRESENTATION_CONTEXT() REPRESENTATION_CONTEXT('2D SPACE',''
  ) );
#10232 = PCURVE('',#10233,#10238);
#10233 = PLANE('',#10234);
#10234 = AXIS2_PLACEMENT_3D('',#10235,#10236,#10237);
#10235 = CARTESIAN_POINT('',(-37.3,-10.5,2.5));
#10236 = DIRECTION('',(1.,0.,0.));
#10237 = DIRECTION('',(0.,0.,1.));
#10238 = DEFINITIONAL_REPRESENTATION('',(#10239),#10243);
#10239 = LINE('',#10240,#10241);
#10240 = CARTESIAN_POINT('',(0.,0.));
#10241 = VECTOR('',#10242,1.);
#10242 = DIRECTION('',(0.,-1.));
#10243 = ( GEOMETRIC_REPRESENTATION_CONTEXT(2) 
PARAMETRIC_REPRESENTATION_CONTEXT() REPRESENTATION_CONTEXT('2D SPACE',''
  ) );
#10244 = ADVANCED_FACE('',(#10245),#9627,.F.);
#10245 = FACE_BOUND('',#10246,.F.);
#10246 = EDGE_LOOP('',(#10247,#10270,#10271,#10272));
#10247 = ORIENTED_EDGE('',*,*,#10248,.F.);
#10248 = EDGE_CURVE('',#9996,#10249,#10251,.T.);
#10249 = VERTEX_POINT('',#10250);
#10250 = CARTESIAN_POINT('',(-37.3,5.,8.));
#10251 = SURFACE_CURVE('',#10252,(#10256,#10263),.PCURVE_S1.);
#10252 = LINE('',#10253,#10254);
#10253 = CARTESIAN_POINT('',(-37.3,5.,2.5));
#10254 = VECTOR('',#10255,1.);
#10255 = DIRECTION('',(0.,0.,1.));
#10256 = PCURVE('',#9627,#10257);
#10257 = DEFINITIONAL_REPRESENTATION('',(#10258),#10262);
#10258 = LINE('',#10259,#10260);
#10259 = CARTESIAN_POINT('',(0.,4.2));
#10260 = VECTOR('',#10261,1.);
#10261 = DIRECTION('',(1.,0.));
#10262 = ( GEOMETRIC_REPRESENTATION_CONTEXT(2) 
PARAMETRIC_REPRESENTATION_CONTEXT() REPRESENTATION_CONTEXT('2D SPACE',''
  ) );
#10263 = PCURVE('',#10233,#10264);
#10264 = DEFINITIONAL_REPRESENTATION('',(#10265),#10269);
#10265 = LINE('',#10266,#10267);
#10266 = CARTESIAN_POINT('',(0.,-15.5));
#10267 = VECTOR('',#10268,1.);
#10268 = DIRECTION('',(1.,0.));
#10269 = ( GEOMETRIC_REPRESENTATION_CONTEXT(2) 
PARAMETRIC_REPRESENTATION_CONTEXT() REPRESENTATION_CONTEXT('2D SPACE',''
  ) );
#10270 = ORIENTED_EDGE('',*,*,#9995,.F.);
#10271 = ORIENTED_EDGE('',*,*,#9611,.T.);
#10272 = ORIENTED_EDGE('',*,*,#10273,.T.);
#10273 = EDGE_CURVE('',#9584,#10249,#10274,.T.);
#10274 = SURFACE_CURVE('',#10275,(#10279,#10286),.PCURVE_S1.);
#10275 = LINE('',#10276,#10277);
#10276 = CARTESIAN_POINT('',(-41.5,5.,8.));
#10277 = VECTOR('',#10278,1.);
#10278 = DIRECTION('',(1.,0.,0.));
#10279 = PCURVE('',#9627,#10280);
#10280 = DEFINITIONAL_REPRESENTATION('',(#10281),#10285);
#10281 = LINE('',#10282,#10283);
#10282 = CARTESIAN_POINT('',(5.5,0.));
#10283 = VECTOR('',#10284,1.);
#10284 = DIRECTION('',(0.,1.));
#10285 = ( GEOMETRIC_REPRESENTATION_CONTEXT(2) 
PARAMETRIC_REPRESENTATION_CONTEXT() REPRESENTATION_CONTEXT('2D SPACE',''
  ) );
#10286 = PCURVE('',#9599,#10287);
#10287 = DEFINITIONAL_REPRESENTATION('',(#10288),#10292);
#10288 = LINE('',#10289,#10290);
#10289 = CARTESIAN_POINT('',(-1.5,19.));
#10290 = VECTOR('',#10291,1.);
#10291 = DIRECTION('',(1.,0.));
#10292 = ( GEOMETRIC_REPRESENTATION_CONTEXT(2) 
PARAMETRIC_REPRESENTATION_CONTEXT() REPRESENTATION_CONTEXT('2D SPACE',''
  ) );
#10293 = ADVANCED_FACE('',(#10294),#9599,.T.);
#10294 = FACE_BOUND('',#10295,.T.);
#10295 = EDGE_LOOP('',(#10296,#10321,#10344,#10367,#10395,#10423,#10451,
    #10479,#10500,#10501,#10502,#10525));
#10296 = ORIENTED_EDGE('',*,*,#10297,.F.);
#10297 = EDGE_CURVE('',#10298,#10300,#10302,.T.);
#10298 = VERTEX_POINT('',#10299);
#10299 = CARTESIAN_POINT('',(-11.7,5.,8.));
#10300 = VERTEX_POINT('',#10301);
#10301 = CARTESIAN_POINT('',(-11.7,6.5,8.));
#10302 = SURFACE_CURVE('',#10303,(#10307,#10314),.PCURVE_S1.);
#10303 = LINE('',#10304,#10305);
#10304 = CARTESIAN_POINT('',(-11.7,-10.5,8.));
#10305 = VECTOR('',#10306,1.);
#10306 = DIRECTION('',(0.,1.,0.));
#10307 = PCURVE('',#9599,#10308);
#10308 = DEFINITIONAL_REPRESENTATION('',(#10309),#10313);
#10309 = LINE('',#10310,#10311);
#10310 = CARTESIAN_POINT('',(28.3,3.5));
#10311 = VECTOR('',#10312,1.);
#10312 = DIRECTION('',(0.,1.));
#10313 = ( GEOMETRIC_REPRESENTATION_CONTEXT(2) 
PARAMETRIC_REPRESENTATION_CONTEXT() REPRESENTATION_CONTEXT('2D SPACE',''
  ) );
#10314 = PCURVE('',#10179,#10315);
#10315 = DEFINITIONAL_REPRESENTATION('',(#10316),#10320);
#10316 = LINE('',#10317,#10318);
#10317 = CARTESIAN_POINT('',(5.5,0.));
#10318 = VECTOR('',#10319,1.);
#10319 = DIRECTION('',(0.,-1.));
#10320 = ( GEOMETRIC_REPRESENTATION_CONTEXT(2) 
PARAMETRIC_REPRESENTATION_CONTEXT() REPRESENTATION_CONTEXT('2D SPACE',''
  ) );
#10321 = ORIENTED_EDGE('',*,*,#10322,.T.);
#10322 = EDGE_CURVE('',#10298,#10323,#10325,.T.);
#10323 = VERTEX_POINT('',#10324);
#10324 = CARTESIAN_POINT('',(-9.,5.,8.));
#10325 = SURFACE_CURVE('',#10326,(#10330,#10337),.PCURVE_S1.);
#10326 = LINE('',#10327,#10328);
#10327 = CARTESIAN_POINT('',(-12.5,5.,8.));
#10328 = VECTOR('',#10329,1.);
#10329 = DIRECTION('',(1.,0.,0.));
#10330 = PCURVE('',#9599,#10331);
#10331 = DEFINITIONAL_REPRESENTATION('',(#10332),#10336);
#10332 = LINE('',#10333,#10334);
#10333 = CARTESIAN_POINT('',(27.5,19.));
#10334 = VECTOR('',#10335,1.);
#10335 = DIRECTION('',(1.,0.));
#10336 = ( GEOMETRIC_REPRESENTATION_CONTEXT(2) 
PARAMETRIC_REPRESENTATION_CONTEXT() REPRESENTATION_CONTEXT('2D SPACE',''
  ) );
#10337 = PCURVE('',#10151,#10338);
#10338 = DEFINITIONAL_REPRESENTATION('',(#10339),#10343);
#10339 = LINE('',#10340,#10341);
#10340 = CARTESIAN_POINT('',(5.5,0.));
#10341 = VECTOR('',#10342,1.);
#10342 = DIRECTION('',(0.,1.));
#10343 = ( GEOMETRIC_REPRESENTATION_CONTEXT(2) 
PARAMETRIC_REPRESENTATION_CONTEXT() REPRESENTATION_CONTEXT('2D SPACE',''
  ) );
#10344 = ORIENTED_EDGE('',*,*,#10345,.T.);
#10345 = EDGE_CURVE('',#10323,#10346,#10348,.T.);
#10346 = VERTEX_POINT('',#10347);
#10347 = CARTESIAN_POINT('',(-9.,31.,8.));
#10348 = SURFACE_CURVE('',#10349,(#10353,#10360),.PCURVE_S1.);
#10349 = LINE('',#10350,#10351);
#10350 = CARTESIAN_POINT('',(-9.,-14.,8.));
#10351 = VECTOR('',#10352,1.);
#10352 = DIRECTION('',(0.,1.,0.));
#10353 = PCURVE('',#9599,#10354);
#10354 = DEFINITIONAL_REPRESENTATION('',(#10355),#10359);
#10355 = LINE('',#10356,#10357);
#10356 = CARTESIAN_POINT('',(31.,0.));
#10357 = VECTOR('',#10358,1.);
#10358 = DIRECTION('',(0.,1.));
#10359 = ( GEOMETRIC_REPRESENTATION_CONTEXT(2) 
PARAMETRIC_REPRESENTATION_CONTEXT() REPRESENTATION_CONTEXT('2D SPACE',''
  ) );
#10360 = PCURVE('',#9798,#10361);
#10361 = DEFINITIONAL_REPRESENTATION('',(#10362),#10366);
#10362 = LINE('',#10363,#10364);
#10363 = CARTESIAN_POINT('',(8.,0.));
#10364 = VECTOR('',#10365,1.);
#10365 = DIRECTION('',(0.,-1.));
#10366 = ( GEOMETRIC_REPRESENTATION_CONTEXT(2) 
PARAMETRIC_REPRESENTATION_CONTEXT() REPRESENTATION_CONTEXT('2D SPACE',''
  ) );
#10367 = ORIENTED_EDGE('',*,*,#10368,.F.);
#10368 = EDGE_CURVE('',#10369,#10346,#10371,.T.);
#10369 = VERTEX_POINT('',#10370);
#10370 = CARTESIAN_POINT('',(-11.7,31.,8.));
#10371 = SURFACE_CURVE('',#10372,(#10376,#10383),.PCURVE_S1.);
#10372 = LINE('',#10373,#10374);
#10373 = CARTESIAN_POINT('',(-12.5,31.,8.));
#10374 = VECTOR('',#10375,1.);
#10375 = DIRECTION('',(1.,0.,0.));
#10376 = PCURVE('',#9599,#10377);
#10377 = DEFINITIONAL_REPRESENTATION('',(#10378),#10382);
#10378 = LINE('',#10379,#10380);
#10379 = CARTESIAN_POINT('',(27.5,45.));
#10380 = VECTOR('',#10381,1.);
#10381 = DIRECTION('',(1.,0.));
#10382 = ( GEOMETRIC_REPRESENTATION_CONTEXT(2) 
PARAMETRIC_REPRESENTATION_CONTEXT() REPRESENTATION_CONTEXT('2D SPACE',''
  ) );
#10383 = PCURVE('',#10384,#10389);
#10384 = PLANE('',#10385);
#10385 = AXIS2_PLACEMENT_3D('',#10386,#10387,#10388);
#10386 = CARTESIAN_POINT('',(-12.5,31.,2.5));
#10387 = DIRECTION('',(0.,1.,0.));
#10388 = DIRECTION('',(0.,-0.,1.));
#10389 = DEFINITIONAL_REPRESENTATION('',(#10390),#10394);
#10390 = LINE('',#10391,#10392);
#10391 = CARTESIAN_POINT('',(5.5,0.));
#10392 = VECTOR('',#10393,1.);
#10393 = DIRECTION('',(0.,1.));
#10394 = ( GEOMETRIC_REPRESENTATION_CONTEXT(2) 
PARAMETRIC_REPRESENTATION_CONTEXT() REPRESENTATION_CONTEXT('2D SPACE',''
  ) );
#10395 = ORIENTED_EDGE('',*,*,#10396,.F.);
#10396 = EDGE_CURVE('',#10397,#10369,#10399,.T.);
#10397 = VERTEX_POINT('',#10398);
#10398 = CARTESIAN_POINT('',(-11.7,29.5,8.));
#10399 = SURFACE_CURVE('',#10400,(#10404,#10411),.PCURVE_S1.);
#10400 = LINE('',#10401,#10402);
#10401 = CARTESIAN_POINT('',(-11.7,29.5,8.));
#10402 = VECTOR('',#10403,1.);
#10403 = DIRECTION('',(0.,1.,0.));
#10404 = PCURVE('',#9599,#10405);
#10405 = DEFINITIONAL_REPRESENTATION('',(#10406),#10410);
#10406 = LINE('',#10407,#10408);
#10407 = CARTESIAN_POINT('',(28.3,43.5));
#10408 = VECTOR('',#10409,1.);
#10409 = DIRECTION('',(0.,1.));
#10410 = ( GEOMETRIC_REPRESENTATION_CONTEXT(2) 
PARAMETRIC_REPRESENTATION_CONTEXT() REPRESENTATION_CONTEXT('2D SPACE',''
  ) );
#10411 = PCURVE('',#10412,#10417);
#10412 = PLANE('',#10413);
#10413 = AXIS2_PLACEMENT_3D('',#10414,#10415,#10416);
#10414 = CARTESIAN_POINT('',(-11.7,29.5,2.5));
#10415 = DIRECTION('',(1.,0.,0.));
#10416 = DIRECTION('',(0.,0.,1.));
#10417 = DEFINITIONAL_REPRESENTATION('',(#10418),#10422);
#10418 = LINE('',#10419,#10420);
#10419 = CARTESIAN_POINT('',(5.5,0.));
#10420 = VECTOR('',#10421,1.);
#10421 = DIRECTION('',(0.,-1.));
#10422 = ( GEOMETRIC_REPRESENTATION_CONTEXT(2) 
PARAMETRIC_REPRESENTATION_CONTEXT() REPRESENTATION_CONTEXT('2D SPACE',''
  ) );
#10423 = ORIENTED_EDGE('',*,*,#10424,.F.);
#10424 = EDGE_CURVE('',#10425,#10397,#10427,.T.);
#10425 = VERTEX_POINT('',#10426);
#10426 = CARTESIAN_POINT('',(-37.3,29.5,8.));
#10427 = SURFACE_CURVE('',#10428,(#10432,#10439),.PCURVE_S1.);
#10428 = LINE('',#10429,#10430);
#10429 = CARTESIAN_POINT('',(-37.3,29.5,8.));
#10430 = VECTOR('',#10431,1.);
#10431 = DIRECTION('',(1.,0.,0.));
#10432 = PCURVE('',#9599,#10433);
#10433 = DEFINITIONAL_REPRESENTATION('',(#10434),#10438);
#10434 = LINE('',#10435,#10436);
#10435 = CARTESIAN_POINT('',(2.7,43.5));
#10436 = VECTOR('',#10437,1.);
#10437 = DIRECTION('',(1.,0.));
#10438 = ( GEOMETRIC_REPRESENTATION_CONTEXT(2) 
PARAMETRIC_REPRESENTATION_CONTEXT() REPRESENTATION_CONTEXT('2D SPACE',''
  ) );
#10439 = PCURVE('',#10440,#10445);
#10440 = PLANE('',#10441);
#10441 = AXIS2_PLACEMENT_3D('',#10442,#10443,#10444);
#10442 = CARTESIAN_POINT('',(-37.3,29.5,2.5));
#10443 = DIRECTION('',(0.,1.,0.));
#10444 = DIRECTION('',(0.,-0.,1.));
#10445 = DEFINITIONAL_REPRESENTATION('',(#10446),#10450);
#10446 = LINE('',#10447,#10448);
#10447 = CARTESIAN_POINT('',(5.5,0.));
#10448 = VECTOR('',#10449,1.);
#10449 = DIRECTION('',(0.,1.));
#10450 = ( GEOMETRIC_REPRESENTATION_CONTEXT(2) 
PARAMETRIC_REPRESENTATION_CONTEXT() REPRESENTATION_CONTEXT('2D SPACE',''
  ) );
#10451 = ORIENTED_EDGE('',*,*,#10452,.T.);
#10452 = EDGE_CURVE('',#10425,#10453,#10455,.T.);
#10453 = VERTEX_POINT('',#10454);
#10454 = CARTESIAN_POINT('',(-37.3,31.,8.));
#10455 = SURFACE_CURVE('',#10456,(#10460,#10467),.PCURVE_S1.);
#10456 = LINE('',#10457,#10458);
#10457 = CARTESIAN_POINT('',(-37.3,29.5,8.));
#10458 = VECTOR('',#10459,1.);
#10459 = DIRECTION('',(0.,1.,0.));
#10460 = PCURVE('',#9599,#10461);
#10461 = DEFINITIONAL_REPRESENTATION('',(#10462),#10466);
#10462 = LINE('',#10463,#10464);
#10463 = CARTESIAN_POINT('',(2.7,43.5));
#10464 = VECTOR('',#10465,1.);
#10465 = DIRECTION('',(0.,1.));
#10466 = ( GEOMETRIC_REPRESENTATION_CONTEXT(2) 
PARAMETRIC_REPRESENTATION_CONTEXT() REPRESENTATION_CONTEXT('2D SPACE',''
  ) );
#10467 = PCURVE('',#10468,#10473);
#10468 = PLANE('',#10469);
#10469 = AXIS2_PLACEMENT_3D('',#10470,#10471,#10472);
#10470 = CARTESIAN_POINT('',(-37.3,29.5,2.5));
#10471 = DIRECTION('',(1.,0.,0.));
#10472 = DIRECTION('',(0.,0.,1.));
#10473 = DEFINITIONAL_REPRESENTATION('',(#10474),#10478);
#10474 = LINE('',#10475,#10476);
#10475 = CARTESIAN_POINT('',(5.5,0.));
#10476 = VECTOR('',#10477,1.);
#10477 = DIRECTION('',(0.,-1.));
#10478 = ( GEOMETRIC_REPRESENTATION_CONTEXT(2) 
PARAMETRIC_REPRESENTATION_CONTEXT() REPRESENTATION_CONTEXT('2D SPACE',''
  ) );
#10479 = ORIENTED_EDGE('',*,*,#10480,.F.);
#10480 = EDGE_CURVE('',#9556,#10453,#10481,.T.);
#10481 = SURFACE_CURVE('',#10482,(#10486,#10493),.PCURVE_S1.);
#10482 = LINE('',#10483,#10484);
#10483 = CARTESIAN_POINT('',(-41.5,31.,8.));
#10484 = VECTOR('',#10485,1.);
#10485 = DIRECTION('',(1.,0.,0.));
#10486 = PCURVE('',#9599,#10487);
#10487 = DEFINITIONAL_REPRESENTATION('',(#10488),#10492);
#10488 = LINE('',#10489,#10490);
#10489 = CARTESIAN_POINT('',(-1.5,45.));
#10490 = VECTOR('',#10491,1.);
#10491 = DIRECTION('',(1.,0.));
#10492 = ( GEOMETRIC_REPRESENTATION_CONTEXT(2) 
PARAMETRIC_REPRESENTATION_CONTEXT() REPRESENTATION_CONTEXT('2D SPACE',''
  ) );
#10493 = PCURVE('',#9571,#10494);
#10494 = DEFINITIONAL_REPRESENTATION('',(#10495),#10499);
#10495 = LINE('',#10496,#10497);
#10496 = CARTESIAN_POINT('',(5.5,0.));
#10497 = VECTOR('',#10498,1.);
#10498 = DIRECTION('',(0.,1.));
#10499 = ( GEOMETRIC_REPRESENTATION_CONTEXT(2) 
PARAMETRIC_REPRESENTATION_CONTEXT() REPRESENTATION_CONTEXT('2D SPACE',''
  ) );
#10500 = ORIENTED_EDGE('',*,*,#9583,.F.);
#10501 = ORIENTED_EDGE('',*,*,#10273,.T.);
#10502 = ORIENTED_EDGE('',*,*,#10503,.T.);
#10503 = EDGE_CURVE('',#10249,#10504,#10506,.T.);
#10504 = VERTEX_POINT('',#10505);
#10505 = CARTESIAN_POINT('',(-37.3,6.5,8.));
#10506 = SURFACE_CURVE('',#10507,(#10511,#10518),.PCURVE_S1.);
#10507 = LINE('',#10508,#10509);
#10508 = CARTESIAN_POINT('',(-37.3,-10.5,8.));
#10509 = VECTOR('',#10510,1.);
#10510 = DIRECTION('',(0.,1.,0.));
#10511 = PCURVE('',#9599,#10512);
#10512 = DEFINITIONAL_REPRESENTATION('',(#10513),#10517);
#10513 = LINE('',#10514,#10515);
#10514 = CARTESIAN_POINT('',(2.7,3.5));
#10515 = VECTOR('',#10516,1.);
#10516 = DIRECTION('',(0.,1.));
#10517 = ( GEOMETRIC_REPRESENTATION_CONTEXT(2) 
PARAMETRIC_REPRESENTATION_CONTEXT() REPRESENTATION_CONTEXT('2D SPACE',''
  ) );
#10518 = PCURVE('',#10233,#10519);
#10519 = DEFINITIONAL_REPRESENTATION('',(#10520),#10524);
#10520 = LINE('',#10521,#10522);
#10521 = CARTESIAN_POINT('',(5.5,0.));
#10522 = VECTOR('',#10523,1.);
#10523 = DIRECTION('',(0.,-1.));
#10524 = ( GEOMETRIC_REPRESENTATION_CONTEXT(2) 
PARAMETRIC_REPRESENTATION_CONTEXT() REPRESENTATION_CONTEXT('2D SPACE',''
  ) );
#10525 = ORIENTED_EDGE('',*,*,#10526,.T.);
#10526 = EDGE_CURVE('',#10504,#10300,#10527,.T.);
#10527 = SURFACE_CURVE('',#10528,(#10532,#10539),.PCURVE_S1.);
#10528 = LINE('',#10529,#10530);
#10529 = CARTESIAN_POINT('',(-37.3,6.5,8.));
#10530 = VECTOR('',#10531,1.);
#10531 = DIRECTION('',(1.,0.,0.));
#10532 = PCURVE('',#9599,#10533);
#10533 = DEFINITIONAL_REPRESENTATION('',(#10534),#10538);
#10534 = LINE('',#10535,#10536);
#10535 = CARTESIAN_POINT('',(2.7,20.5));
#10536 = VECTOR('',#10537,1.);
#10537 = DIRECTION('',(1.,0.));
#10538 = ( GEOMETRIC_REPRESENTATION_CONTEXT(2) 
PARAMETRIC_REPRESENTATION_CONTEXT() REPRESENTATION_CONTEXT('2D SPACE',''
  ) );
#10539 = PCURVE('',#10207,#10540);
#10540 = DEFINITIONAL_REPRESENTATION('',(#10541),#10545);
#10541 = LINE('',#10542,#10543);
#10542 = CARTESIAN_POINT('',(5.5,0.));
#10543 = VECTOR('',#10544,1.);
#10544 = DIRECTION('',(0.,1.));
#10545 = ( GEOMETRIC_REPRESENTATION_CONTEXT(2) 
PARAMETRIC_REPRESENTATION_CONTEXT() REPRESENTATION_CONTEXT('2D SPACE',''
  ) );
#10546 = ADVANCED_FACE('',(#10547),#9571,.T.);
#10547 = FACE_BOUND('',#10548,.T.);
#10548 = EDGE_LOOP('',(#10549,#10572,#10593,#10594));
#10549 = ORIENTED_EDGE('',*,*,#10550,.F.);
#10550 = EDGE_CURVE('',#10551,#10453,#10553,.T.);
#10551 = VERTEX_POINT('',#10552);
#10552 = CARTESIAN_POINT('',(-37.3,31.,2.5));
#10553 = SURFACE_CURVE('',#10554,(#10558,#10565),.PCURVE_S1.);
#10554 = LINE('',#10555,#10556);
#10555 = CARTESIAN_POINT('',(-37.3,31.,2.5));
#10556 = VECTOR('',#10557,1.);
#10557 = DIRECTION('',(0.,0.,1.));
#10558 = PCURVE('',#9571,#10559);
#10559 = DEFINITIONAL_REPRESENTATION('',(#10560),#10564);
#10560 = LINE('',#10561,#10562);
#10561 = CARTESIAN_POINT('',(0.,4.2));
#10562 = VECTOR('',#10563,1.);
#10563 = DIRECTION('',(1.,0.));
#10564 = ( GEOMETRIC_REPRESENTATION_CONTEXT(2) 
PARAMETRIC_REPRESENTATION_CONTEXT() REPRESENTATION_CONTEXT('2D SPACE',''
  ) );
#10565 = PCURVE('',#10468,#10566);
#10566 = DEFINITIONAL_REPRESENTATION('',(#10567),#10571);
#10567 = LINE('',#10568,#10569);
#10568 = CARTESIAN_POINT('',(0.,-1.5));
#10569 = VECTOR('',#10570,1.);
#10570 = DIRECTION('',(1.,0.));
#10571 = ( GEOMETRIC_REPRESENTATION_CONTEXT(2) 
PARAMETRIC_REPRESENTATION_CONTEXT() REPRESENTATION_CONTEXT('2D SPACE',''
  ) );
#10572 = ORIENTED_EDGE('',*,*,#10573,.F.);
#10573 = EDGE_CURVE('',#9528,#10551,#10574,.T.);
#10574 = SURFACE_CURVE('',#10575,(#10579,#10586),.PCURVE_S1.);
#10575 = LINE('',#10576,#10577);
#10576 = CARTESIAN_POINT('',(-41.5,31.,2.5));
#10577 = VECTOR('',#10578,1.);
#10578 = DIRECTION('',(1.,0.,0.));
#10579 = PCURVE('',#9571,#10580);
#10580 = DEFINITIONAL_REPRESENTATION('',(#10581),#10585);
#10581 = LINE('',#10582,#10583);
#10582 = CARTESIAN_POINT('',(0.,0.));
#10583 = VECTOR('',#10584,1.);
#10584 = DIRECTION('',(0.,1.));
#10585 = ( GEOMETRIC_REPRESENTATION_CONTEXT(2) 
PARAMETRIC_REPRESENTATION_CONTEXT() REPRESENTATION_CONTEXT('2D SPACE',''
  ) );
#10586 = PCURVE('',#9543,#10587);
#10587 = DEFINITIONAL_REPRESENTATION('',(#10588),#10592);
#10588 = LINE('',#10589,#10590);
#10589 = CARTESIAN_POINT('',(0.,0.));
#10590 = VECTOR('',#10591,1.);
#10591 = DIRECTION('',(1.,0.));
#10592 = ( GEOMETRIC_REPRESENTATION_CONTEXT(2) 
PARAMETRIC_REPRESENTATION_CONTEXT() REPRESENTATION_CONTEXT('2D SPACE',''
  ) );
#10593 = ORIENTED_EDGE('',*,*,#9555,.T.);
#10594 = ORIENTED_EDGE('',*,*,#10480,.T.);
#10595 = ADVANCED_FACE('',(#10596),#9543,.T.);
#10596 = FACE_BOUND('',#10597,.T.);
#10597 = EDGE_LOOP('',(#10598,#10621,#10622,#10623,#10646,#10669,#10692,
    #10715,#10738,#10766,#10794,#10822));
#10598 = ORIENTED_EDGE('',*,*,#10599,.F.);
#10599 = EDGE_CURVE('',#9500,#10600,#10602,.T.);
#10600 = VERTEX_POINT('',#10601);
#10601 = CARTESIAN_POINT('',(-37.3,45.,2.5));
#10602 = SURFACE_CURVE('',#10603,(#10607,#10614),.PCURVE_S1.);
#10603 = LINE('',#10604,#10605);
#10604 = CARTESIAN_POINT('',(-41.5,45.,2.5));
#10605 = VECTOR('',#10606,1.);
#10606 = DIRECTION('',(1.,0.,0.));
#10607 = PCURVE('',#9543,#10608);
#10608 = DEFINITIONAL_REPRESENTATION('',(#10609),#10613);
#10609 = LINE('',#10610,#10611);
#10610 = CARTESIAN_POINT('',(0.,14.));
#10611 = VECTOR('',#10612,1.);
#10612 = DIRECTION('',(1.,0.));
#10613 = ( GEOMETRIC_REPRESENTATION_CONTEXT(2) 
PARAMETRIC_REPRESENTATION_CONTEXT() REPRESENTATION_CONTEXT('2D SPACE',''
  ) );
#10614 = PCURVE('',#9515,#10615);
#10615 = DEFINITIONAL_REPRESENTATION('',(#10616),#10620);
#10616 = LINE('',#10617,#10618);
#10617 = CARTESIAN_POINT('',(0.,0.));
#10618 = VECTOR('',#10619,1.);
#10619 = DIRECTION('',(0.,1.));
#10620 = ( GEOMETRIC_REPRESENTATION_CONTEXT(2) 
PARAMETRIC_REPRESENTATION_CONTEXT() REPRESENTATION_CONTEXT('2D SPACE',''
  ) );
#10621 = ORIENTED_EDGE('',*,*,#9527,.T.);
#10622 = ORIENTED_EDGE('',*,*,#10573,.T.);
#10623 = ORIENTED_EDGE('',*,*,#10624,.F.);
#10624 = EDGE_CURVE('',#10625,#10551,#10627,.T.);
#10625 = VERTEX_POINT('',#10626);
#10626 = CARTESIAN_POINT('',(-37.3,29.5,2.5));
#10627 = SURFACE_CURVE('',#10628,(#10632,#10639),.PCURVE_S1.);
#10628 = LINE('',#10629,#10630);
#10629 = CARTESIAN_POINT('',(-37.3,29.5,2.5));
#10630 = VECTOR('',#10631,1.);
#10631 = DIRECTION('',(0.,1.,0.));
#10632 = PCURVE('',#9543,#10633);
#10633 = DEFINITIONAL_REPRESENTATION('',(#10634),#10638);
#10634 = LINE('',#10635,#10636);
#10635 = CARTESIAN_POINT('',(4.2,-1.5));
#10636 = VECTOR('',#10637,1.);
#10637 = DIRECTION('',(0.,1.));
#10638 = ( GEOMETRIC_REPRESENTATION_CONTEXT(2) 
PARAMETRIC_REPRESENTATION_CONTEXT() REPRESENTATION_CONTEXT('2D SPACE',''
  ) );
#10639 = PCURVE('',#10468,#10640);
#10640 = DEFINITIONAL_REPRESENTATION('',(#10641),#10645);
#10641 = LINE('',#10642,#10643);
#10642 = CARTESIAN_POINT('',(0.,0.));
#10643 = VECTOR('',#10644,1.);
#10644 = DIRECTION('',(0.,-1.));
#10645 = ( GEOMETRIC_REPRESENTATION_CONTEXT(2) 
PARAMETRIC_REPRESENTATION_CONTEXT() REPRESENTATION_CONTEXT('2D SPACE',''
  ) );
#10646 = ORIENTED_EDGE('',*,*,#10647,.T.);
#10647 = EDGE_CURVE('',#10625,#10648,#10650,.T.);
#10648 = VERTEX_POINT('',#10649);
#10649 = CARTESIAN_POINT('',(-11.7,29.5,2.5));
#10650 = SURFACE_CURVE('',#10651,(#10655,#10662),.PCURVE_S1.);
#10651 = LINE('',#10652,#10653);
#10652 = CARTESIAN_POINT('',(-37.3,29.5,2.5));
#10653 = VECTOR('',#10654,1.);
#10654 = DIRECTION('',(1.,0.,0.));
#10655 = PCURVE('',#9543,#10656);
#10656 = DEFINITIONAL_REPRESENTATION('',(#10657),#10661);
#10657 = LINE('',#10658,#10659);
#10658 = CARTESIAN_POINT('',(4.2,-1.5));
#10659 = VECTOR('',#10660,1.);
#10660 = DIRECTION('',(1.,0.));
#10661 = ( GEOMETRIC_REPRESENTATION_CONTEXT(2) 
PARAMETRIC_REPRESENTATION_CONTEXT() REPRESENTATION_CONTEXT('2D SPACE',''
  ) );
#10662 = PCURVE('',#10440,#10663);
#10663 = DEFINITIONAL_REPRESENTATION('',(#10664),#10668);
#10664 = LINE('',#10665,#10666);
#10665 = CARTESIAN_POINT('',(0.,0.));
#10666 = VECTOR('',#10667,1.);
#10667 = DIRECTION('',(0.,1.));
#10668 = ( GEOMETRIC_REPRESENTATION_CONTEXT(2) 
PARAMETRIC_REPRESENTATION_CONTEXT() REPRESENTATION_CONTEXT('2D SPACE',''
  ) );
#10669 = ORIENTED_EDGE('',*,*,#10670,.T.);
#10670 = EDGE_CURVE('',#10648,#10671,#10673,.T.);
#10671 = VERTEX_POINT('',#10672);
#10672 = CARTESIAN_POINT('',(-11.7,31.,2.5));
#10673 = SURFACE_CURVE('',#10674,(#10678,#10685),.PCURVE_S1.);
#10674 = LINE('',#10675,#10676);
#10675 = CARTESIAN_POINT('',(-11.7,29.5,2.5));
#10676 = VECTOR('',#10677,1.);
#10677 = DIRECTION('',(0.,1.,0.));
#10678 = PCURVE('',#9543,#10679);
#10679 = DEFINITIONAL_REPRESENTATION('',(#10680),#10684);
#10680 = LINE('',#10681,#10682);
#10681 = CARTESIAN_POINT('',(29.8,-1.5));
#10682 = VECTOR('',#10683,1.);
#10683 = DIRECTION('',(0.,1.));
#10684 = ( GEOMETRIC_REPRESENTATION_CONTEXT(2) 
PARAMETRIC_REPRESENTATION_CONTEXT() REPRESENTATION_CONTEXT('2D SPACE',''
  ) );
#10685 = PCURVE('',#10412,#10686);
#10686 = DEFINITIONAL_REPRESENTATION('',(#10687),#10691);
#10687 = LINE('',#10688,#10689);
#10688 = CARTESIAN_POINT('',(0.,0.));
#10689 = VECTOR('',#10690,1.);
#10690 = DIRECTION('',(0.,-1.));
#10691 = ( GEOMETRIC_REPRESENTATION_CONTEXT(2) 
PARAMETRIC_REPRESENTATION_CONTEXT() REPRESENTATION_CONTEXT('2D SPACE',''
  ) );
#10692 = ORIENTED_EDGE('',*,*,#10693,.T.);
#10693 = EDGE_CURVE('',#10671,#10694,#10696,.T.);
#10694 = VERTEX_POINT('',#10695);
#10695 = CARTESIAN_POINT('',(-9.,31.,2.5));
#10696 = SURFACE_CURVE('',#10697,(#10701,#10708),.PCURVE_S1.);
#10697 = LINE('',#10698,#10699);
#10698 = CARTESIAN_POINT('',(-12.5,31.,2.5));
#10699 = VECTOR('',#10700,1.);
#10700 = DIRECTION('',(1.,0.,0.));
#10701 = PCURVE('',#9543,#10702);
#10702 = DEFINITIONAL_REPRESENTATION('',(#10703),#10707);
#10703 = LINE('',#10704,#10705);
#10704 = CARTESIAN_POINT('',(29.,0.));
#10705 = VECTOR('',#10706,1.);
#10706 = DIRECTION('',(1.,0.));
#10707 = ( GEOMETRIC_REPRESENTATION_CONTEXT(2) 
PARAMETRIC_REPRESENTATION_CONTEXT() REPRESENTATION_CONTEXT('2D SPACE',''
  ) );
#10708 = PCURVE('',#10384,#10709);
#10709 = DEFINITIONAL_REPRESENTATION('',(#10710),#10714);
#10710 = LINE('',#10711,#10712);
#10711 = CARTESIAN_POINT('',(0.,0.));
#10712 = VECTOR('',#10713,1.);
#10713 = DIRECTION('',(0.,1.));
#10714 = ( GEOMETRIC_REPRESENTATION_CONTEXT(2) 
PARAMETRIC_REPRESENTATION_CONTEXT() REPRESENTATION_CONTEXT('2D SPACE',''
  ) );
#10715 = ORIENTED_EDGE('',*,*,#10716,.F.);
#10716 = EDGE_CURVE('',#10717,#10694,#10719,.T.);
#10717 = VERTEX_POINT('',#10718);
#10718 = CARTESIAN_POINT('',(-9.,45.,2.5));
#10719 = SURFACE_CURVE('',#10720,(#10724,#10731),.PCURVE_S1.);
#10720 = LINE('',#10721,#10722);
#10721 = CARTESIAN_POINT('',(-9.,8.5,2.5));
#10722 = VECTOR('',#10723,1.);
#10723 = DIRECTION('',(0.,-1.,0.));
#10724 = PCURVE('',#9543,#10725);
#10725 = DEFINITIONAL_REPRESENTATION('',(#10726),#10730);
#10726 = LINE('',#10727,#10728);
#10727 = CARTESIAN_POINT('',(32.5,-22.5));
#10728 = VECTOR('',#10729,1.);
#10729 = DIRECTION('',(0.,-1.));
#10730 = ( GEOMETRIC_REPRESENTATION_CONTEXT(2) 
PARAMETRIC_REPRESENTATION_CONTEXT() REPRESENTATION_CONTEXT('2D SPACE',''
  ) );
#10731 = PCURVE('',#9798,#10732);
#10732 = DEFINITIONAL_REPRESENTATION('',(#10733),#10737);
#10733 = LINE('',#10734,#10735);
#10734 = CARTESIAN_POINT('',(2.5,-22.5));
#10735 = VECTOR('',#10736,1.);
#10736 = DIRECTION('',(0.,1.));
#10737 = ( GEOMETRIC_REPRESENTATION_CONTEXT(2) 
PARAMETRIC_REPRESENTATION_CONTEXT() REPRESENTATION_CONTEXT('2D SPACE',''
  ) );
#10738 = ORIENTED_EDGE('',*,*,#10739,.F.);
#10739 = EDGE_CURVE('',#10740,#10717,#10742,.T.);
#10740 = VERTEX_POINT('',#10741);
#10741 = CARTESIAN_POINT('',(-11.7,45.,2.5));
#10742 = SURFACE_CURVE('',#10743,(#10747,#10754),.PCURVE_S1.);
#10743 = LINE('',#10744,#10745);
#10744 = CARTESIAN_POINT('',(-12.5,45.,2.5));
#10745 = VECTOR('',#10746,1.);
#10746 = DIRECTION('',(1.,0.,0.));
#10747 = PCURVE('',#9543,#10748);
#10748 = DEFINITIONAL_REPRESENTATION('',(#10749),#10753);
#10749 = LINE('',#10750,#10751);
#10750 = CARTESIAN_POINT('',(29.,14.));
#10751 = VECTOR('',#10752,1.);
#10752 = DIRECTION('',(1.,0.));
#10753 = ( GEOMETRIC_REPRESENTATION_CONTEXT(2) 
PARAMETRIC_REPRESENTATION_CONTEXT() REPRESENTATION_CONTEXT('2D SPACE',''
  ) );
#10754 = PCURVE('',#10755,#10760);
#10755 = PLANE('',#10756);
#10756 = AXIS2_PLACEMENT_3D('',#10757,#10758,#10759);
#10757 = CARTESIAN_POINT('',(-12.5,45.,2.5));
#10758 = DIRECTION('',(0.,1.,0.));
#10759 = DIRECTION('',(0.,-0.,1.));
#10760 = DEFINITIONAL_REPRESENTATION('',(#10761),#10765);
#10761 = LINE('',#10762,#10763);
#10762 = CARTESIAN_POINT('',(0.,0.));
#10763 = VECTOR('',#10764,1.);
#10764 = DIRECTION('',(0.,1.));
#10765 = ( GEOMETRIC_REPRESENTATION_CONTEXT(2) 
PARAMETRIC_REPRESENTATION_CONTEXT() REPRESENTATION_CONTEXT('2D SPACE',''
  ) );
#10766 = ORIENTED_EDGE('',*,*,#10767,.T.);
#10767 = EDGE_CURVE('',#10740,#10768,#10770,.T.);
#10768 = VERTEX_POINT('',#10769);
#10769 = CARTESIAN_POINT('',(-11.7,46.5,2.5));
#10770 = SURFACE_CURVE('',#10771,(#10775,#10782),.PCURVE_S1.);
#10771 = LINE('',#10772,#10773);
#10772 = CARTESIAN_POINT('',(-11.7,29.5,2.5));
#10773 = VECTOR('',#10774,1.);
#10774 = DIRECTION('',(0.,1.,0.));
#10775 = PCURVE('',#9543,#10776);
#10776 = DEFINITIONAL_REPRESENTATION('',(#10777),#10781);
#10777 = LINE('',#10778,#10779);
#10778 = CARTESIAN_POINT('',(29.8,-1.5));
#10779 = VECTOR('',#10780,1.);
#10780 = DIRECTION('',(0.,1.));
#10781 = ( GEOMETRIC_REPRESENTATION_CONTEXT(2) 
PARAMETRIC_REPRESENTATION_CONTEXT() REPRESENTATION_CONTEXT('2D SPACE',''
  ) );
#10782 = PCURVE('',#10783,#10788);
#10783 = PLANE('',#10784);
#10784 = AXIS2_PLACEMENT_3D('',#10785,#10786,#10787);
#10785 = CARTESIAN_POINT('',(-11.7,29.5,2.5));
#10786 = DIRECTION('',(1.,0.,0.));
#10787 = DIRECTION('',(0.,0.,1.));
#10788 = DEFINITIONAL_REPRESENTATION('',(#10789),#10793);
#10789 = LINE('',#10790,#10791);
#10790 = CARTESIAN_POINT('',(0.,0.));
#10791 = VECTOR('',#10792,1.);
#10792 = DIRECTION('',(0.,-1.));
#10793 = ( GEOMETRIC_REPRESENTATION_CONTEXT(2) 
PARAMETRIC_REPRESENTATION_CONTEXT() REPRESENTATION_CONTEXT('2D SPACE',''
  ) );
#10794 = ORIENTED_EDGE('',*,*,#10795,.F.);
#10795 = EDGE_CURVE('',#10796,#10768,#10798,.T.);
#10796 = VERTEX_POINT('',#10797);
#10797 = CARTESIAN_POINT('',(-37.3,46.5,2.5));
#10798 = SURFACE_CURVE('',#10799,(#10803,#10810),.PCURVE_S1.);
#10799 = LINE('',#10800,#10801);
#10800 = CARTESIAN_POINT('',(-37.3,46.5,2.5));
#10801 = VECTOR('',#10802,1.);
#10802 = DIRECTION('',(1.,0.,0.));
#10803 = PCURVE('',#9543,#10804);
#10804 = DEFINITIONAL_REPRESENTATION('',(#10805),#10809);
#10805 = LINE('',#10806,#10807);
#10806 = CARTESIAN_POINT('',(4.2,15.5));
#10807 = VECTOR('',#10808,1.);
#10808 = DIRECTION('',(1.,0.));
#10809 = ( GEOMETRIC_REPRESENTATION_CONTEXT(2) 
PARAMETRIC_REPRESENTATION_CONTEXT() REPRESENTATION_CONTEXT('2D SPACE',''
  ) );
#10810 = PCURVE('',#10811,#10816);
#10811 = PLANE('',#10812);
#10812 = AXIS2_PLACEMENT_3D('',#10813,#10814,#10815);
#10813 = CARTESIAN_POINT('',(-37.3,46.5,2.5));
#10814 = DIRECTION('',(0.,1.,0.));
#10815 = DIRECTION('',(0.,-0.,1.));
#10816 = DEFINITIONAL_REPRESENTATION('',(#10817),#10821);
#10817 = LINE('',#10818,#10819);
#10818 = CARTESIAN_POINT('',(0.,0.));
#10819 = VECTOR('',#10820,1.);
#10820 = DIRECTION('',(0.,1.));
#10821 = ( GEOMETRIC_REPRESENTATION_CONTEXT(2) 
PARAMETRIC_REPRESENTATION_CONTEXT() REPRESENTATION_CONTEXT('2D SPACE',''
  ) );
#10822 = ORIENTED_EDGE('',*,*,#10823,.F.);
#10823 = EDGE_CURVE('',#10600,#10796,#10824,.T.);
#10824 = SURFACE_CURVE('',#10825,(#10829,#10836),.PCURVE_S1.);
#10825 = LINE('',#10826,#10827);
#10826 = CARTESIAN_POINT('',(-37.3,29.5,2.5));
#10827 = VECTOR('',#10828,1.);
#10828 = DIRECTION('',(0.,1.,0.));
#10829 = PCURVE('',#9543,#10830);
#10830 = DEFINITIONAL_REPRESENTATION('',(#10831),#10835);
#10831 = LINE('',#10832,#10833);
#10832 = CARTESIAN_POINT('',(4.2,-1.5));
#10833 = VECTOR('',#10834,1.);
#10834 = DIRECTION('',(0.,1.));
#10835 = ( GEOMETRIC_REPRESENTATION_CONTEXT(2) 
PARAMETRIC_REPRESENTATION_CONTEXT() REPRESENTATION_CONTEXT('2D SPACE',''
  ) );
#10836 = PCURVE('',#10837,#10842);
#10837 = PLANE('',#10838);
#10838 = AXIS2_PLACEMENT_3D('',#10839,#10840,#10841);
#10839 = CARTESIAN_POINT('',(-37.3,29.5,2.5));
#10840 = DIRECTION('',(1.,0.,0.));
#10841 = DIRECTION('',(0.,0.,1.));
#10842 = DEFINITIONAL_REPRESENTATION('',(#10843),#10847);
#10843 = LINE('',#10844,#10845);
#10844 = CARTESIAN_POINT('',(0.,0.));
#10845 = VECTOR('',#10846,1.);
#10846 = DIRECTION('',(0.,-1.));
#10847 = ( GEOMETRIC_REPRESENTATION_CONTEXT(2) 
PARAMETRIC_REPRESENTATION_CONTEXT() REPRESENTATION_CONTEXT('2D SPACE',''
  ) );
#10848 = ADVANCED_FACE('',(#10849),#9515,.F.);
#10849 = FACE_BOUND('',#10850,.F.);
#10850 = EDGE_LOOP('',(#10851,#10874,#10875,#10876));
#10851 = ORIENTED_EDGE('',*,*,#10852,.F.);
#10852 = EDGE_CURVE('',#10600,#10853,#10855,.T.);
#10853 = VERTEX_POINT('',#10854);
#10854 = CARTESIAN_POINT('',(-37.3,45.,8.));
#10855 = SURFACE_CURVE('',#10856,(#10860,#10867),.PCURVE_S1.);
#10856 = LINE('',#10857,#10858);
#10857 = CARTESIAN_POINT('',(-37.3,45.,2.5));
#10858 = VECTOR('',#10859,1.);
#10859 = DIRECTION('',(0.,0.,1.));
#10860 = PCURVE('',#9515,#10861);
#10861 = DEFINITIONAL_REPRESENTATION('',(#10862),#10866);
#10862 = LINE('',#10863,#10864);
#10863 = CARTESIAN_POINT('',(0.,4.2));
#10864 = VECTOR('',#10865,1.);
#10865 = DIRECTION('',(1.,0.));
#10866 = ( GEOMETRIC_REPRESENTATION_CONTEXT(2) 
PARAMETRIC_REPRESENTATION_CONTEXT() REPRESENTATION_CONTEXT('2D SPACE',''
  ) );
#10867 = PCURVE('',#10837,#10868);
#10868 = DEFINITIONAL_REPRESENTATION('',(#10869),#10873);
#10869 = LINE('',#10870,#10871);
#10870 = CARTESIAN_POINT('',(0.,-15.5));
#10871 = VECTOR('',#10872,1.);
#10872 = DIRECTION('',(1.,0.));
#10873 = ( GEOMETRIC_REPRESENTATION_CONTEXT(2) 
PARAMETRIC_REPRESENTATION_CONTEXT() REPRESENTATION_CONTEXT('2D SPACE',''
  ) );
#10874 = ORIENTED_EDGE('',*,*,#10599,.F.);
#10875 = ORIENTED_EDGE('',*,*,#9499,.T.);
#10876 = ORIENTED_EDGE('',*,*,#10877,.T.);
#10877 = EDGE_CURVE('',#9472,#10853,#10878,.T.);
#10878 = SURFACE_CURVE('',#10879,(#10883,#10890),.PCURVE_S1.);
#10879 = LINE('',#10880,#10881);
#10880 = CARTESIAN_POINT('',(-41.5,45.,8.));
#10881 = VECTOR('',#10882,1.);
#10882 = DIRECTION('',(1.,0.,0.));
#10883 = PCURVE('',#9515,#10884);
#10884 = DEFINITIONAL_REPRESENTATION('',(#10885),#10889);
#10885 = LINE('',#10886,#10887);
#10886 = CARTESIAN_POINT('',(5.5,0.));
#10887 = VECTOR('',#10888,1.);
#10888 = DIRECTION('',(0.,1.));
#10889 = ( GEOMETRIC_REPRESENTATION_CONTEXT(2) 
PARAMETRIC_REPRESENTATION_CONTEXT() REPRESENTATION_CONTEXT('2D SPACE',''
  ) );
#10890 = PCURVE('',#9487,#10891);
#10891 = DEFINITIONAL_REPRESENTATION('',(#10892),#10896);
#10892 = LINE('',#10893,#10894);
#10893 = CARTESIAN_POINT('',(-1.5,59.));
#10894 = VECTOR('',#10895,1.);
#10895 = DIRECTION('',(1.,0.));
#10896 = ( GEOMETRIC_REPRESENTATION_CONTEXT(2) 
PARAMETRIC_REPRESENTATION_CONTEXT() REPRESENTATION_CONTEXT('2D SPACE',''
  ) );
#10897 = ADVANCED_FACE('',(#10898),#9487,.T.);
#10898 = FACE_BOUND('',#10899,.T.);
#10899 = EDGE_LOOP('',(#10900,#10925,#10948,#10977,#11005,#11031,#11032,
    #11033,#11056,#11079));
#10900 = ORIENTED_EDGE('',*,*,#10901,.T.);
#10901 = EDGE_CURVE('',#10902,#10904,#10906,.T.);
#10902 = VERTEX_POINT('',#10903);
#10903 = CARTESIAN_POINT('',(-11.7,45.,8.));
#10904 = VERTEX_POINT('',#10905);
#10905 = CARTESIAN_POINT('',(-9.,45.,8.));
#10906 = SURFACE_CURVE('',#10907,(#10911,#10918),.PCURVE_S1.);
#10907 = LINE('',#10908,#10909);
#10908 = CARTESIAN_POINT('',(-12.5,45.,8.));
#10909 = VECTOR('',#10910,1.);
#10910 = DIRECTION('',(1.,0.,0.));
#10911 = PCURVE('',#9487,#10912);
#10912 = DEFINITIONAL_REPRESENTATION('',(#10913),#10917);
#10913 = LINE('',#10914,#10915);
#10914 = CARTESIAN_POINT('',(27.5,59.));
#10915 = VECTOR('',#10916,1.);
#10916 = DIRECTION('',(1.,0.));
#10917 = ( GEOMETRIC_REPRESENTATION_CONTEXT(2) 
PARAMETRIC_REPRESENTATION_CONTEXT() REPRESENTATION_CONTEXT('2D SPACE',''
  ) );
#10918 = PCURVE('',#10755,#10919);
#10919 = DEFINITIONAL_REPRESENTATION('',(#10920),#10924);
#10920 = LINE('',#10921,#10922);
#10921 = CARTESIAN_POINT('',(5.5,0.));
#10922 = VECTOR('',#10923,1.);
#10923 = DIRECTION('',(0.,1.));
#10924 = ( GEOMETRIC_REPRESENTATION_CONTEXT(2) 
PARAMETRIC_REPRESENTATION_CONTEXT() REPRESENTATION_CONTEXT('2D SPACE',''
  ) );
#10925 = ORIENTED_EDGE('',*,*,#10926,.T.);
#10926 = EDGE_CURVE('',#10904,#10927,#10929,.T.);
#10927 = VERTEX_POINT('',#10928);
#10928 = CARTESIAN_POINT('',(-9.,48.,8.));
#10929 = SURFACE_CURVE('',#10930,(#10934,#10941),.PCURVE_S1.);
#10930 = LINE('',#10931,#10932);
#10931 = CARTESIAN_POINT('',(-9.,-14.,8.));
#10932 = VECTOR('',#10933,1.);
#10933 = DIRECTION('',(0.,1.,0.));
#10934 = PCURVE('',#9487,#10935);
#10935 = DEFINITIONAL_REPRESENTATION('',(#10936),#10940);
#10936 = LINE('',#10937,#10938);
#10937 = CARTESIAN_POINT('',(31.,0.));
#10938 = VECTOR('',#10939,1.);
#10939 = DIRECTION('',(0.,1.));
#10940 = ( GEOMETRIC_REPRESENTATION_CONTEXT(2) 
PARAMETRIC_REPRESENTATION_CONTEXT() REPRESENTATION_CONTEXT('2D SPACE',''
  ) );
#10941 = PCURVE('',#9798,#10942);
#10942 = DEFINITIONAL_REPRESENTATION('',(#10943),#10947);
#10943 = LINE('',#10944,#10945);
#10944 = CARTESIAN_POINT('',(8.,0.));
#10945 = VECTOR('',#10946,1.);
#10946 = DIRECTION('',(0.,-1.));
#10947 = ( GEOMETRIC_REPRESENTATION_CONTEXT(2) 
PARAMETRIC_REPRESENTATION_CONTEXT() REPRESENTATION_CONTEXT('2D SPACE',''
  ) );
#10948 = ORIENTED_EDGE('',*,*,#10949,.T.);
#10949 = EDGE_CURVE('',#10927,#10950,#10952,.T.);
#10950 = VERTEX_POINT('',#10951);
#10951 = CARTESIAN_POINT('',(-11.,50.,8.));
#10952 = SURFACE_CURVE('',#10953,(#10958,#10965),.PCURVE_S1.);
#10953 = CIRCLE('',#10954,2.);
#10954 = AXIS2_PLACEMENT_3D('',#10955,#10956,#10957);
#10955 = CARTESIAN_POINT('',(-11.,48.,8.));
#10956 = DIRECTION('',(0.,0.,1.));
#10957 = DIRECTION('',(0.,-1.,0.));
#10958 = PCURVE('',#9487,#10959);
#10959 = DEFINITIONAL_REPRESENTATION('',(#10960),#10964);
#10960 = CIRCLE('',#10961,2.);
#10961 = AXIS2_PLACEMENT_2D('',#10962,#10963);
#10962 = CARTESIAN_POINT('',(29.,62.));
#10963 = DIRECTION('',(0.,-1.));
#10964 = ( GEOMETRIC_REPRESENTATION_CONTEXT(2) 
PARAMETRIC_REPRESENTATION_CONTEXT() REPRESENTATION_CONTEXT('2D SPACE',''
  ) );
#10965 = PCURVE('',#10966,#10971);
#10966 = CYLINDRICAL_SURFACE('',#10967,2.);
#10967 = AXIS2_PLACEMENT_3D('',#10968,#10969,#10970);
#10968 = CARTESIAN_POINT('',(-11.,48.,0.));
#10969 = DIRECTION('',(0.,0.,1.));
#10970 = DIRECTION('',(1.,0.,-0.));
#10971 = DEFINITIONAL_REPRESENTATION('',(#10972),#10976);
#10972 = LINE('',#10973,#10974);
#10973 = CARTESIAN_POINT('',(-1.570796326795,8.));
#10974 = VECTOR('',#10975,1.);
#10975 = DIRECTION('',(1.,0.));
#10976 = ( GEOMETRIC_REPRESENTATION_CONTEXT(2) 
PARAMETRIC_REPRESENTATION_CONTEXT() REPRESENTATION_CONTEXT('2D SPACE',''
  ) );
#10977 = ORIENTED_EDGE('',*,*,#10978,.F.);
#10978 = EDGE_CURVE('',#10979,#10950,#10981,.T.);
#10979 = VERTEX_POINT('',#10980);
#10980 = CARTESIAN_POINT('',(-38.,50.,8.));
#10981 = SURFACE_CURVE('',#10982,(#10986,#10993),.PCURVE_S1.);
#10982 = LINE('',#10983,#10984);
#10983 = CARTESIAN_POINT('',(-40.,50.,8.));
#10984 = VECTOR('',#10985,1.);
#10985 = DIRECTION('',(1.,0.,0.));
#10986 = PCURVE('',#9487,#10987);
#10987 = DEFINITIONAL_REPRESENTATION('',(#10988),#10992);
#10988 = LINE('',#10989,#10990);
#10989 = CARTESIAN_POINT('',(0.,64.));
#10990 = VECTOR('',#10991,1.);
#10991 = DIRECTION('',(1.,0.));
#10992 = ( GEOMETRIC_REPRESENTATION_CONTEXT(2) 
PARAMETRIC_REPRESENTATION_CONTEXT() REPRESENTATION_CONTEXT('2D SPACE',''
  ) );
#10993 = PCURVE('',#10994,#10999);
#10994 = PLANE('',#10995);
#10995 = AXIS2_PLACEMENT_3D('',#10996,#10997,#10998);
#10996 = CARTESIAN_POINT('',(-40.,50.,0.));
#10997 = DIRECTION('',(0.,1.,0.));
#10998 = DIRECTION('',(0.,-0.,1.));
#10999 = DEFINITIONAL_REPRESENTATION('',(#11000),#11004);
#11000 = LINE('',#11001,#11002);
#11001 = CARTESIAN_POINT('',(8.,0.));
#11002 = VECTOR('',#11003,1.);
#11003 = DIRECTION('',(0.,1.));
#11004 = ( GEOMETRIC_REPRESENTATION_CONTEXT(2) 
PARAMETRIC_REPRESENTATION_CONTEXT() REPRESENTATION_CONTEXT('2D SPACE',''
  ) );
#11005 = ORIENTED_EDGE('',*,*,#11006,.F.);
#11006 = EDGE_CURVE('',#9444,#10979,#11007,.T.);
#11007 = SURFACE_CURVE('',#11008,(#11013,#11024),.PCURVE_S1.);
#11008 = CIRCLE('',#11009,2.);
#11009 = AXIS2_PLACEMENT_3D('',#11010,#11011,#11012);
#11010 = CARTESIAN_POINT('',(-38.,48.,8.));
#11011 = DIRECTION('',(-0.,-0.,-1.));
#11012 = DIRECTION('',(0.,-1.,0.));
#11013 = PCURVE('',#9487,#11014);
#11014 = DEFINITIONAL_REPRESENTATION('',(#11015),#11023);
#11015 = ( BOUNDED_CURVE() B_SPLINE_CURVE(2,(#11016,#11017,#11018,#11019
    ,#11020,#11021,#11022),.UNSPECIFIED.,.T.,.F.) 
B_SPLINE_CURVE_WITH_KNOTS((1,2,2,2,2,1),(-2.094395102393,0.,
    2.094395102393,4.188790204786,6.28318530718,8.377580409573),
.UNSPECIFIED.) CURVE() GEOMETRIC_REPRESENTATION_ITEM() 
RATIONAL_B_SPLINE_CURVE((1.,0.5,1.,0.5,1.,0.5,1.)) REPRESENTATION_ITEM(
  '') );
#11016 = CARTESIAN_POINT('',(2.,60.));
#11017 = CARTESIAN_POINT('',(-1.464101615138,60.));
#11018 = CARTESIAN_POINT('',(0.267949192431,63.));
#11019 = CARTESIAN_POINT('',(2.,66.));
#11020 = CARTESIAN_POINT('',(3.732050807569,63.));
#11021 = CARTESIAN_POINT('',(5.464101615138,60.));
#11022 = CARTESIAN_POINT('',(2.,60.));
#11023 = ( GEOMETRIC_REPRESENTATION_CONTEXT(2) 
PARAMETRIC_REPRESENTATION_CONTEXT() REPRESENTATION_CONTEXT('2D SPACE',''
  ) );
#11024 = PCURVE('',#9459,#11025);
#11025 = DEFINITIONAL_REPRESENTATION('',(#11026),#11030);
#11026 = LINE('',#11027,#11028);
#11027 = CARTESIAN_POINT('',(7.853981633975,8.));
#11028 = VECTOR('',#11029,1.);
#11029 = DIRECTION('',(-1.,0.));
#11030 = ( GEOMETRIC_REPRESENTATION_CONTEXT(2) 
PARAMETRIC_REPRESENTATION_CONTEXT() REPRESENTATION_CONTEXT('2D SPACE',''
  ) );
#11031 = ORIENTED_EDGE('',*,*,#9471,.F.);
#11032 = ORIENTED_EDGE('',*,*,#10877,.T.);
#11033 = ORIENTED_EDGE('',*,*,#11034,.T.);
#11034 = EDGE_CURVE('',#10853,#11035,#11037,.T.);
#11035 = VERTEX_POINT('',#11036);
#11036 = CARTESIAN_POINT('',(-37.3,46.5,8.));
#11037 = SURFACE_CURVE('',#11038,(#11042,#11049),.PCURVE_S1.);
#11038 = LINE('',#11039,#11040);
#11039 = CARTESIAN_POINT('',(-37.3,29.5,8.));
#11040 = VECTOR('',#11041,1.);
#11041 = DIRECTION('',(0.,1.,0.));
#11042 = PCURVE('',#9487,#11043);
#11043 = DEFINITIONAL_REPRESENTATION('',(#11044),#11048);
#11044 = LINE('',#11045,#11046);
#11045 = CARTESIAN_POINT('',(2.7,43.5));
#11046 = VECTOR('',#11047,1.);
#11047 = DIRECTION('',(0.,1.));
#11048 = ( GEOMETRIC_REPRESENTATION_CONTEXT(2) 
PARAMETRIC_REPRESENTATION_CONTEXT() REPRESENTATION_CONTEXT('2D SPACE',''
  ) );
#11049 = PCURVE('',#10837,#11050);
#11050 = DEFINITIONAL_REPRESENTATION('',(#11051),#11055);
#11051 = LINE('',#11052,#11053);
#11052 = CARTESIAN_POINT('',(5.5,0.));
#11053 = VECTOR('',#11054,1.);
#11054 = DIRECTION('',(0.,-1.));
#11055 = ( GEOMETRIC_REPRESENTATION_CONTEXT(2) 
PARAMETRIC_REPRESENTATION_CONTEXT() REPRESENTATION_CONTEXT('2D SPACE',''
  ) );
#11056 = ORIENTED_EDGE('',*,*,#11057,.T.);
#11057 = EDGE_CURVE('',#11035,#11058,#11060,.T.);
#11058 = VERTEX_POINT('',#11059);
#11059 = CARTESIAN_POINT('',(-11.7,46.5,8.));
#11060 = SURFACE_CURVE('',#11061,(#11065,#11072),.PCURVE_S1.);
#11061 = LINE('',#11062,#11063);
#11062 = CARTESIAN_POINT('',(-37.3,46.5,8.));
#11063 = VECTOR('',#11064,1.);
#11064 = DIRECTION('',(1.,0.,0.));
#11065 = PCURVE('',#9487,#11066);
#11066 = DEFINITIONAL_REPRESENTATION('',(#11067),#11071);
#11067 = LINE('',#11068,#11069);
#11068 = CARTESIAN_POINT('',(2.7,60.5));
#11069 = VECTOR('',#11070,1.);
#11070 = DIRECTION('',(1.,0.));
#11071 = ( GEOMETRIC_REPRESENTATION_CONTEXT(2) 
PARAMETRIC_REPRESENTATION_CONTEXT() REPRESENTATION_CONTEXT('2D SPACE',''
  ) );
#11072 = PCURVE('',#10811,#11073);
#11073 = DEFINITIONAL_REPRESENTATION('',(#11074),#11078);
#11074 = LINE('',#11075,#11076);
#11075 = CARTESIAN_POINT('',(5.5,0.));
#11076 = VECTOR('',#11077,1.);
#11077 = DIRECTION('',(0.,1.));
#11078 = ( GEOMETRIC_REPRESENTATION_CONTEXT(2) 
PARAMETRIC_REPRESENTATION_CONTEXT() REPRESENTATION_CONTEXT('2D SPACE',''
  ) );
#11079 = ORIENTED_EDGE('',*,*,#11080,.F.);
#11080 = EDGE_CURVE('',#10902,#11058,#11081,.T.);
#11081 = SURFACE_CURVE('',#11082,(#11086,#11093),.PCURVE_S1.);
#11082 = LINE('',#11083,#11084);
#11083 = CARTESIAN_POINT('',(-11.7,29.5,8.));
#11084 = VECTOR('',#11085,1.);
#11085 = DIRECTION('',(0.,1.,0.));
#11086 = PCURVE('',#9487,#11087);
#11087 = DEFINITIONAL_REPRESENTATION('',(#11088),#11092);
#11088 = LINE('',#11089,#11090);
#11089 = CARTESIAN_POINT('',(28.3,43.5));
#11090 = VECTOR('',#11091,1.);
#11091 = DIRECTION('',(0.,1.));
#11092 = ( GEOMETRIC_REPRESENTATION_CONTEXT(2) 
PARAMETRIC_REPRESENTATION_CONTEXT() REPRESENTATION_CONTEXT('2D SPACE',''
  ) );
#11093 = PCURVE('',#10783,#11094);
#11094 = DEFINITIONAL_REPRESENTATION('',(#11095),#11099);
#11095 = LINE('',#11096,#11097);
#11096 = CARTESIAN_POINT('',(5.5,0.));
#11097 = VECTOR('',#11098,1.);
#11098 = DIRECTION('',(0.,-1.));
#11099 = ( GEOMETRIC_REPRESENTATION_CONTEXT(2) 
PARAMETRIC_REPRESENTATION_CONTEXT() REPRESENTATION_CONTEXT('2D SPACE',''
  ) );
#11100 = ADVANCED_FACE('',(#11101),#9459,.T.);
#11101 = FACE_BOUND('',#11102,.T.);
#11102 = EDGE_LOOP('',(#11103,#11104,#11105,#11128));
#11103 = ORIENTED_EDGE('',*,*,#9443,.T.);
#11104 = ORIENTED_EDGE('',*,*,#11006,.T.);
#11105 = ORIENTED_EDGE('',*,*,#11106,.F.);
#11106 = EDGE_CURVE('',#11107,#10979,#11109,.T.);
#11107 = VERTEX_POINT('',#11108);
#11108 = CARTESIAN_POINT('',(-38.,50.,0.));
#11109 = SURFACE_CURVE('',#11110,(#11114,#11121),.PCURVE_S1.);
#11110 = LINE('',#11111,#11112);
#11111 = CARTESIAN_POINT('',(-38.,50.,0.));
#11112 = VECTOR('',#11113,1.);
#11113 = DIRECTION('',(0.,0.,1.));
#11114 = PCURVE('',#9459,#11115);
#11115 = DEFINITIONAL_REPRESENTATION('',(#11116),#11120);
#11116 = LINE('',#11117,#11118);
#11117 = CARTESIAN_POINT('',(4.712388980385,0.));
#11118 = VECTOR('',#11119,1.);
#11119 = DIRECTION('',(-0.,1.));
#11120 = ( GEOMETRIC_REPRESENTATION_CONTEXT(2) 
PARAMETRIC_REPRESENTATION_CONTEXT() REPRESENTATION_CONTEXT('2D SPACE',''
  ) );
#11121 = PCURVE('',#10994,#11122);
#11122 = DEFINITIONAL_REPRESENTATION('',(#11123),#11127);
#11123 = LINE('',#11124,#11125);
#11124 = CARTESIAN_POINT('',(0.,2.));
#11125 = VECTOR('',#11126,1.);
#11126 = DIRECTION('',(1.,0.));
#11127 = ( GEOMETRIC_REPRESENTATION_CONTEXT(2) 
PARAMETRIC_REPRESENTATION_CONTEXT() REPRESENTATION_CONTEXT('2D SPACE',''
  ) );
#11128 = ORIENTED_EDGE('',*,*,#11129,.F.);
#11129 = EDGE_CURVE('',#9416,#11107,#11130,.T.);
#11130 = SURFACE_CURVE('',#11131,(#11136,#11143),.PCURVE_S1.);
#11131 = CIRCLE('',#11132,2.);
#11132 = AXIS2_PLACEMENT_3D('',#11133,#11134,#11135);
#11133 = CARTESIAN_POINT('',(-38.,48.,0.));
#11134 = DIRECTION('',(-0.,-0.,-1.));
#11135 = DIRECTION('',(0.,-1.,0.));
#11136 = PCURVE('',#9459,#11137);
#11137 = DEFINITIONAL_REPRESENTATION('',(#11138),#11142);
#11138 = LINE('',#11139,#11140);
#11139 = CARTESIAN_POINT('',(7.853981633975,0.));
#11140 = VECTOR('',#11141,1.);
#11141 = DIRECTION('',(-1.,0.));
#11142 = ( GEOMETRIC_REPRESENTATION_CONTEXT(2) 
PARAMETRIC_REPRESENTATION_CONTEXT() REPRESENTATION_CONTEXT('2D SPACE',''
  ) );
#11143 = PCURVE('',#9431,#11144);
#11144 = DEFINITIONAL_REPRESENTATION('',(#11145),#11153);
#11145 = ( BOUNDED_CURVE() B_SPLINE_CURVE(2,(#11146,#11147,#11148,#11149
    ,#11150,#11151,#11152),.UNSPECIFIED.,.T.,.F.) 
B_SPLINE_CURVE_WITH_KNOTS((1,2,2,2,2,1),(-2.094395102393,0.,
    2.094395102393,4.188790204786,6.28318530718,8.377580409573),
.UNSPECIFIED.) CURVE() GEOMETRIC_REPRESENTATION_ITEM() 
RATIONAL_B_SPLINE_CURVE((1.,0.5,1.,0.5,1.,0.5,1.)) REPRESENTATION_ITEM(
  '') );
#11146 = CARTESIAN_POINT('',(2.,60.));
#11147 = CARTESIAN_POINT('',(-1.464101615138,60.));
#11148 = CARTESIAN_POINT('',(0.267949192431,63.));
#11149 = CARTESIAN_POINT('',(2.,66.));
#11150 = CARTESIAN_POINT('',(3.732050807569,63.));
#11151 = CARTESIAN_POINT('',(5.464101615138,60.));
#11152 = CARTESIAN_POINT('',(2.,60.));
#11153 = ( GEOMETRIC_REPRESENTATION_CONTEXT(2) 
PARAMETRIC_REPRESENTATION_CONTEXT() REPRESENTATION_CONTEXT('2D SPACE',''
  ) );
#11154 = ADVANCED_FACE('',(#11155,#11302),#9431,.F.);
#11155 = FACE_BOUND('',#11156,.F.);
#11156 = EDGE_LOOP('',(#11157,#11158,#11182,#11205,#11233,#11256,#11280,
    #11301));
#11157 = ORIENTED_EDGE('',*,*,#9415,.F.);
#11158 = ORIENTED_EDGE('',*,*,#11159,.T.);
#11159 = EDGE_CURVE('',#9388,#11160,#11162,.T.);
#11160 = VERTEX_POINT('',#11161);
#11161 = CARTESIAN_POINT('',(-38.,-14.,0.));
#11162 = SURFACE_CURVE('',#11163,(#11168,#11175),.PCURVE_S1.);
#11163 = CIRCLE('',#11164,2.);
#11164 = AXIS2_PLACEMENT_3D('',#11165,#11166,#11167);
#11165 = CARTESIAN_POINT('',(-38.,-12.,0.));
#11166 = DIRECTION('',(0.,0.,1.));
#11167 = DIRECTION('',(0.,-1.,0.));
#11168 = PCURVE('',#9431,#11169);
#11169 = DEFINITIONAL_REPRESENTATION('',(#11170),#11174);
#11170 = CIRCLE('',#11171,2.);
#11171 = AXIS2_PLACEMENT_2D('',#11172,#11173);
#11172 = CARTESIAN_POINT('',(2.,2.));
#11173 = DIRECTION('',(0.,-1.));
#11174 = ( GEOMETRIC_REPRESENTATION_CONTEXT(2) 
PARAMETRIC_REPRESENTATION_CONTEXT() REPRESENTATION_CONTEXT('2D SPACE',''
  ) );
#11175 = PCURVE('',#9403,#11176);
#11176 = DEFINITIONAL_REPRESENTATION('',(#11177),#11181);
#11177 = LINE('',#11178,#11179);
#11178 = CARTESIAN_POINT('',(-4.712388980385,0.));
#11179 = VECTOR('',#11180,1.);
#11180 = DIRECTION('',(1.,0.));
#11181 = ( GEOMETRIC_REPRESENTATION_CONTEXT(2) 
PARAMETRIC_REPRESENTATION_CONTEXT() REPRESENTATION_CONTEXT('2D SPACE',''
  ) );
#11182 = ORIENTED_EDGE('',*,*,#11183,.T.);
#11183 = EDGE_CURVE('',#11160,#11184,#11186,.T.);
#11184 = VERTEX_POINT('',#11185);
#11185 = CARTESIAN_POINT('',(-11.,-14.,0.));
#11186 = SURFACE_CURVE('',#11187,(#11191,#11198),.PCURVE_S1.);
#11187 = LINE('',#11188,#11189);
#11188 = CARTESIAN_POINT('',(-40.,-14.,0.));
#11189 = VECTOR('',#11190,1.);
#11190 = DIRECTION('',(1.,0.,0.));
#11191 = PCURVE('',#9431,#11192);
#11192 = DEFINITIONAL_REPRESENTATION('',(#11193),#11197);
#11193 = LINE('',#11194,#11195);
#11194 = CARTESIAN_POINT('',(0.,0.));
#11195 = VECTOR('',#11196,1.);
#11196 = DIRECTION('',(1.,0.));
#11197 = ( GEOMETRIC_REPRESENTATION_CONTEXT(2) 
PARAMETRIC_REPRESENTATION_CONTEXT() REPRESENTATION_CONTEXT('2D SPACE',''
  ) );
#11198 = PCURVE('',#9737,#11199);
#11199 = DEFINITIONAL_REPRESENTATION('',(#11200),#11204);
#11200 = LINE('',#11201,#11202);
#11201 = CARTESIAN_POINT('',(0.,0.));
#11202 = VECTOR('',#11203,1.);
#11203 = DIRECTION('',(0.,1.));
#11204 = ( GEOMETRIC_REPRESENTATION_CONTEXT(2) 
PARAMETRIC_REPRESENTATION_CONTEXT() REPRESENTATION_CONTEXT('2D SPACE',''
  ) );
#11205 = ORIENTED_EDGE('',*,*,#11206,.F.);
#11206 = EDGE_CURVE('',#11207,#11184,#11209,.T.);
#11207 = VERTEX_POINT('',#11208);
#11208 = CARTESIAN_POINT('',(-9.,-12.,0.));
#11209 = SURFACE_CURVE('',#11210,(#11215,#11226),.PCURVE_S1.);
#11210 = CIRCLE('',#11211,2.);
#11211 = AXIS2_PLACEMENT_3D('',#11212,#11213,#11214);
#11212 = CARTESIAN_POINT('',(-11.,-12.,0.));
#11213 = DIRECTION('',(-0.,-0.,-1.));
#11214 = DIRECTION('',(0.,-1.,0.));
#11215 = PCURVE('',#9431,#11216);
#11216 = DEFINITIONAL_REPRESENTATION('',(#11217),#11225);
#11217 = ( BOUNDED_CURVE() B_SPLINE_CURVE(2,(#11218,#11219,#11220,#11221
    ,#11222,#11223,#11224),.UNSPECIFIED.,.T.,.F.) 
B_SPLINE_CURVE_WITH_KNOTS((1,2,2,2,2,1),(-2.094395102393,0.,
    2.094395102393,4.188790204786,6.28318530718,8.377580409573),
.UNSPECIFIED.) CURVE() GEOMETRIC_REPRESENTATION_ITEM() 
RATIONAL_B_SPLINE_CURVE((1.,0.5,1.,0.5,1.,0.5,1.)) REPRESENTATION_ITEM(
  '') );
#11218 = CARTESIAN_POINT('',(29.,0.));
#11219 = CARTESIAN_POINT('',(25.535898384862,0.));
#11220 = CARTESIAN_POINT('',(27.267949192431,3.));
#11221 = CARTESIAN_POINT('',(29.,6.));
#11222 = CARTESIAN_POINT('',(30.732050807569,3.));
#11223 = CARTESIAN_POINT('',(32.464101615138,3.10862446895E-15));
#11224 = CARTESIAN_POINT('',(29.,0.));
#11225 = ( GEOMETRIC_REPRESENTATION_CONTEXT(2) 
PARAMETRIC_REPRESENTATION_CONTEXT() REPRESENTATION_CONTEXT('2D SPACE',''
  ) );
#11226 = PCURVE('',#9770,#11227);
#11227 = DEFINITIONAL_REPRESENTATION('',(#11228),#11232);
#11228 = LINE('',#11229,#11230);
#11229 = CARTESIAN_POINT('',(10.995574287565,0.));
#11230 = VECTOR('',#11231,1.);
#11231 = DIRECTION('',(-1.,0.));
#11232 = ( GEOMETRIC_REPRESENTATION_CONTEXT(2) 
PARAMETRIC_REPRESENTATION_CONTEXT() REPRESENTATION_CONTEXT('2D SPACE',''
  ) );
#11233 = ORIENTED_EDGE('',*,*,#11234,.T.);
#11234 = EDGE_CURVE('',#11207,#11235,#11237,.T.);
#11235 = VERTEX_POINT('',#11236);
#11236 = CARTESIAN_POINT('',(-9.,48.,0.));
#11237 = SURFACE_CURVE('',#11238,(#11242,#11249),.PCURVE_S1.);
#11238 = LINE('',#11239,#11240);
#11239 = CARTESIAN_POINT('',(-9.,-14.,0.));
#11240 = VECTOR('',#11241,1.);
#11241 = DIRECTION('',(0.,1.,0.));
#11242 = PCURVE('',#9431,#11243);
#11243 = DEFINITIONAL_REPRESENTATION('',(#11244),#11248);
#11244 = LINE('',#11245,#11246);
#11245 = CARTESIAN_POINT('',(31.,0.));
#11246 = VECTOR('',#11247,1.);
#11247 = DIRECTION('',(0.,1.));
#11248 = ( GEOMETRIC_REPRESENTATION_CONTEXT(2) 
PARAMETRIC_REPRESENTATION_CONTEXT() REPRESENTATION_CONTEXT('2D SPACE',''
  ) );
#11249 = PCURVE('',#9798,#11250);
#11250 = DEFINITIONAL_REPRESENTATION('',(#11251),#11255);
#11251 = LINE('',#11252,#11253);
#11252 = CARTESIAN_POINT('',(0.,0.));
#11253 = VECTOR('',#11254,1.);
#11254 = DIRECTION('',(0.,-1.));
#11255 = ( GEOMETRIC_REPRESENTATION_CONTEXT(2) 
PARAMETRIC_REPRESENTATION_CONTEXT() REPRESENTATION_CONTEXT('2D SPACE',''
  ) );
#11256 = ORIENTED_EDGE('',*,*,#11257,.T.);
#11257 = EDGE_CURVE('',#11235,#11258,#11260,.T.);
#11258 = VERTEX_POINT('',#11259);
#11259 = CARTESIAN_POINT('',(-11.,50.,0.));
#11260 = SURFACE_CURVE('',#11261,(#11266,#11273),.PCURVE_S1.);
#11261 = CIRCLE('',#11262,2.);
#11262 = AXIS2_PLACEMENT_3D('',#11263,#11264,#11265);
#11263 = CARTESIAN_POINT('',(-11.,48.,0.));
#11264 = DIRECTION('',(0.,0.,1.));
#11265 = DIRECTION('',(0.,-1.,0.));
#11266 = PCURVE('',#9431,#11267);
#11267 = DEFINITIONAL_REPRESENTATION('',(#11268),#11272);
#11268 = CIRCLE('',#11269,2.);
#11269 = AXIS2_PLACEMENT_2D('',#11270,#11271);
#11270 = CARTESIAN_POINT('',(29.,62.));
#11271 = DIRECTION('',(0.,-1.));
#11272 = ( GEOMETRIC_REPRESENTATION_CONTEXT(2) 
PARAMETRIC_REPRESENTATION_CONTEXT() REPRESENTATION_CONTEXT('2D SPACE',''
  ) );
#11273 = PCURVE('',#10966,#11274);
#11274 = DEFINITIONAL_REPRESENTATION('',(#11275),#11279);
#11275 = LINE('',#11276,#11277);
#11276 = CARTESIAN_POINT('',(-1.570796326795,0.));
#11277 = VECTOR('',#11278,1.);
#11278 = DIRECTION('',(1.,0.));
#11279 = ( GEOMETRIC_REPRESENTATION_CONTEXT(2) 
PARAMETRIC_REPRESENTATION_CONTEXT() REPRESENTATION_CONTEXT('2D SPACE',''
  ) );
#11280 = ORIENTED_EDGE('',*,*,#11281,.F.);
#11281 = EDGE_CURVE('',#11107,#11258,#11282,.T.);
#11282 = SURFACE_CURVE('',#11283,(#11287,#11294),.PCURVE_S1.);
#11283 = LINE('',#11284,#11285);
#11284 = CARTESIAN_POINT('',(-40.,50.,0.));
#11285 = VECTOR('',#11286,1.);
#11286 = DIRECTION('',(1.,0.,0.));
#11287 = PCURVE('',#9431,#11288);
#11288 = DEFINITIONAL_REPRESENTATION('',(#11289),#11293);
#11289 = LINE('',#11290,#11291);
#11290 = CARTESIAN_POINT('',(0.,64.));
#11291 = VECTOR('',#11292,1.);
#11292 = DIRECTION('',(1.,0.));
#11293 = ( GEOMETRIC_REPRESENTATION_CONTEXT(2) 
PARAMETRIC_REPRESENTATION_CONTEXT() REPRESENTATION_CONTEXT('2D SPACE',''
  ) );
#11294 = PCURVE('',#10994,#11295);
#11295 = DEFINITIONAL_REPRESENTATION('',(#11296),#11300);
#11296 = LINE('',#11297,#11298);
#11297 = CARTESIAN_POINT('',(0.,0.));
#11298 = VECTOR('',#11299,1.);
#11299 = DIRECTION('',(0.,1.));
#11300 = ( GEOMETRIC_REPRESENTATION_CONTEXT(2) 
PARAMETRIC_REPRESENTATION_CONTEXT() REPRESENTATION_CONTEXT('2D SPACE',''
  ) );
#11301 = ORIENTED_EDGE('',*,*,#11129,.F.);
#11302 = FACE_BOUND('',#11303,.F.);
#11303 = EDGE_LOOP('',(#11304,#11334,#11362,#11390));
#11304 = ORIENTED_EDGE('',*,*,#11305,.T.);
#11305 = EDGE_CURVE('',#11306,#11308,#11310,.T.);
#11306 = VERTEX_POINT('',#11307);
#11307 = CARTESIAN_POINT('',(-33.75,14.725,0.));
#11308 = VERTEX_POINT('',#11309);
#11309 = CARTESIAN_POINT('',(-33.75,21.275,0.));
#11310 = SURFACE_CURVE('',#11311,(#11315,#11322),.PCURVE_S1.);
#11311 = LINE('',#11312,#11313);
#11312 = CARTESIAN_POINT('',(-33.75,14.725,0.));
#11313 = VECTOR('',#11314,1.);
#11314 = DIRECTION('',(0.,1.,0.));
#11315 = PCURVE('',#9431,#11316);
#11316 = DEFINITIONAL_REPRESENTATION('',(#11317),#11321);
#11317 = LINE('',#11318,#11319);
#11318 = CARTESIAN_POINT('',(6.25,28.725));
#11319 = VECTOR('',#11320,1.);
#11320 = DIRECTION('',(0.,1.));
#11321 = ( GEOMETRIC_REPRESENTATION_CONTEXT(2) 
PARAMETRIC_REPRESENTATION_CONTEXT() REPRESENTATION_CONTEXT('2D SPACE',''
  ) );
#11322 = PCURVE('',#11323,#11328);
#11323 = PLANE('',#11324);
#11324 = AXIS2_PLACEMENT_3D('',#11325,#11326,#11327);
#11325 = CARTESIAN_POINT('',(-33.75,14.725,0.));
#11326 = DIRECTION('',(1.,0.,0.));
#11327 = DIRECTION('',(0.,0.,1.));
#11328 = DEFINITIONAL_REPRESENTATION('',(#11329),#11333);
#11329 = LINE('',#11330,#11331);
#11330 = CARTESIAN_POINT('',(0.,0.));
#11331 = VECTOR('',#11332,1.);
#11332 = DIRECTION('',(0.,-1.));
#11333 = ( GEOMETRIC_REPRESENTATION_CONTEXT(2) 
PARAMETRIC_REPRESENTATION_CONTEXT() REPRESENTATION_CONTEXT('2D SPACE',''
  ) );
#11334 = ORIENTED_EDGE('',*,*,#11335,.T.);
#11335 = EDGE_CURVE('',#11308,#11336,#11338,.T.);
#11336 = VERTEX_POINT('',#11337);
#11337 = CARTESIAN_POINT('',(-29.25,21.275,0.));
#11338 = SURFACE_CURVE('',#11339,(#11343,#11350),.PCURVE_S1.);
#11339 = LINE('',#11340,#11341);
#11340 = CARTESIAN_POINT('',(-33.75,21.275,0.));
#11341 = VECTOR('',#11342,1.);
#11342 = DIRECTION('',(1.,0.,0.));
#11343 = PCURVE('',#9431,#11344);
#11344 = DEFINITIONAL_REPRESENTATION('',(#11345),#11349);
#11345 = LINE('',#11346,#11347);
#11346 = CARTESIAN_POINT('',(6.25,35.275));
#11347 = VECTOR('',#11348,1.);
#11348 = DIRECTION('',(1.,0.));
#11349 = ( GEOMETRIC_REPRESENTATION_CONTEXT(2) 
PARAMETRIC_REPRESENTATION_CONTEXT() REPRESENTATION_CONTEXT('2D SPACE',''
  ) );
#11350 = PCURVE('',#11351,#11356);
#11351 = PLANE('',#11352);
#11352 = AXIS2_PLACEMENT_3D('',#11353,#11354,#11355);
#11353 = CARTESIAN_POINT('',(-33.75,21.275,0.));
#11354 = DIRECTION('',(0.,1.,0.));
#11355 = DIRECTION('',(0.,-0.,1.));
#11356 = DEFINITIONAL_REPRESENTATION('',(#11357),#11361);
#11357 = LINE('',#11358,#11359);
#11358 = CARTESIAN_POINT('',(0.,0.));
#11359 = VECTOR('',#11360,1.);
#11360 = DIRECTION('',(0.,1.));
#11361 = ( GEOMETRIC_REPRESENTATION_CONTEXT(2) 
PARAMETRIC_REPRESENTATION_CONTEXT() REPRESENTATION_CONTEXT('2D SPACE',''
  ) );
#11362 = ORIENTED_EDGE('',*,*,#11363,.F.);
#11363 = EDGE_CURVE('',#11364,#11336,#11366,.T.);
#11364 = VERTEX_POINT('',#11365);
#11365 = CARTESIAN_POINT('',(-29.25,14.725,0.));
#11366 = SURFACE_CURVE('',#11367,(#11371,#11378),.PCURVE_S1.);
#11367 = LINE('',#11368,#11369);
#11368 = CARTESIAN_POINT('',(-29.25,14.725,0.));
#11369 = VECTOR('',#11370,1.);
#11370 = DIRECTION('',(0.,1.,0.));
#11371 = PCURVE('',#9431,#11372);
#11372 = DEFINITIONAL_REPRESENTATION('',(#11373),#11377);
#11373 = LINE('',#11374,#11375);
#11374 = CARTESIAN_POINT('',(10.75,28.725));
#11375 = VECTOR('',#11376,1.);
#11376 = DIRECTION('',(0.,1.));
#11377 = ( GEOMETRIC_REPRESENTATION_CONTEXT(2) 
PARAMETRIC_REPRESENTATION_CONTEXT() REPRESENTATION_CONTEXT('2D SPACE',''
  ) );
#11378 = PCURVE('',#11379,#11384);
#11379 = PLANE('',#11380);
#11380 = AXIS2_PLACEMENT_3D('',#11381,#11382,#11383);
#11381 = CARTESIAN_POINT('',(-29.25,14.725,0.));
#11382 = DIRECTION('',(1.,0.,0.));
#11383 = DIRECTION('',(0.,0.,1.));
#11384 = DEFINITIONAL_REPRESENTATION('',(#11385),#11389);
#11385 = LINE('',#11386,#11387);
#11386 = CARTESIAN_POINT('',(0.,0.));
#11387 = VECTOR('',#11388,1.);
#11388 = DIRECTION('',(0.,-1.));
#11389 = ( GEOMETRIC_REPRESENTATION_CONTEXT(2) 
PARAMETRIC_REPRESENTATION_CONTEXT() REPRESENTATION_CONTEXT('2D SPACE',''
  ) );
#11390 = ORIENTED_EDGE('',*,*,#11391,.F.);
#11391 = EDGE_CURVE('',#11306,#11364,#11392,.T.);
#11392 = SURFACE_CURVE('',#11393,(#11397,#11404),.PCURVE_S1.);
#11393 = LINE('',#11394,#11395);
#11394 = CARTESIAN_POINT('',(-33.75,14.725,0.));
#11395 = VECTOR('',#11396,1.);
#11396 = DIRECTION('',(1.,0.,0.));
#11397 = PCURVE('',#9431,#11398);
#11398 = DEFINITIONAL_REPRESENTATION('',(#11399),#11403);
#11399 = LINE('',#11400,#11401);
#11400 = CARTESIAN_POINT('',(6.25,28.725));
#11401 = VECTOR('',#11402,1.);
#11402 = DIRECTION('',(1.,0.));
#11403 = ( GEOMETRIC_REPRESENTATION_CONTEXT(2) 
PARAMETRIC_REPRESENTATION_CONTEXT() REPRESENTATION_CONTEXT('2D SPACE',''
  ) );
#11404 = PCURVE('',#11405,#11410);
#11405 = PLANE('',#11406);
#11406 = AXIS2_PLACEMENT_3D('',#11407,#11408,#11409);
#11407 = CARTESIAN_POINT('',(-33.75,14.725,0.));
#11408 = DIRECTION('',(0.,1.,0.));
#11409 = DIRECTION('',(0.,-0.,1.));
#11410 = DEFINITIONAL_REPRESENTATION('',(#11411),#11415);
#11411 = LINE('',#11412,#11413);
#11412 = CARTESIAN_POINT('',(0.,0.));
#11413 = VECTOR('',#11414,1.);
#11414 = DIRECTION('',(0.,1.));
#11415 = ( GEOMETRIC_REPRESENTATION_CONTEXT(2) 
PARAMETRIC_REPRESENTATION_CONTEXT() REPRESENTATION_CONTEXT('2D SPACE',''
  ) );
#11416 = ADVANCED_FACE('',(#11417),#9403,.T.);
#11417 = FACE_BOUND('',#11418,.T.);
#11418 = EDGE_LOOP('',(#11419,#11420,#11441,#11442));
#11419 = ORIENTED_EDGE('',*,*,#11159,.T.);
#11420 = ORIENTED_EDGE('',*,*,#11421,.T.);
#11421 = EDGE_CURVE('',#11160,#9698,#11422,.T.);
#11422 = SURFACE_CURVE('',#11423,(#11427,#11434),.PCURVE_S1.);
#11423 = LINE('',#11424,#11425);
#11424 = CARTESIAN_POINT('',(-38.,-14.,0.));
#11425 = VECTOR('',#11426,1.);
#11426 = DIRECTION('',(0.,0.,1.));
#11427 = PCURVE('',#9403,#11428);
#11428 = DEFINITIONAL_REPRESENTATION('',(#11429),#11433);
#11429 = LINE('',#11430,#11431);
#11430 = CARTESIAN_POINT('',(1.570796326795,0.));
#11431 = VECTOR('',#11432,1.);
#11432 = DIRECTION('',(0.,1.));
#11433 = ( GEOMETRIC_REPRESENTATION_CONTEXT(2) 
PARAMETRIC_REPRESENTATION_CONTEXT() REPRESENTATION_CONTEXT('2D SPACE',''
  ) );
#11434 = PCURVE('',#9737,#11435);
#11435 = DEFINITIONAL_REPRESENTATION('',(#11436),#11440);
#11436 = LINE('',#11437,#11438);
#11437 = CARTESIAN_POINT('',(0.,2.));
#11438 = VECTOR('',#11439,1.);
#11439 = DIRECTION('',(1.,0.));
#11440 = ( GEOMETRIC_REPRESENTATION_CONTEXT(2) 
PARAMETRIC_REPRESENTATION_CONTEXT() REPRESENTATION_CONTEXT('2D SPACE',''
  ) );
#11441 = ORIENTED_EDGE('',*,*,#9697,.F.);
#11442 = ORIENTED_EDGE('',*,*,#9387,.F.);
#11443 = ADVANCED_FACE('',(#11444),#9910,.T.);
#11444 = FACE_BOUND('',#11445,.T.);
#11445 = EDGE_LOOP('',(#11446,#11447,#11468,#11469));
#11446 = ORIENTED_EDGE('',*,*,#9894,.F.);
#11447 = ORIENTED_EDGE('',*,*,#11448,.F.);
#11448 = EDGE_CURVE('',#10021,#9867,#11449,.T.);
#11449 = SURFACE_CURVE('',#11450,(#11454,#11461),.PCURVE_S1.);
#11450 = LINE('',#11451,#11452);
#11451 = CARTESIAN_POINT('',(-37.3,-10.5,2.5));
#11452 = VECTOR('',#11453,1.);
#11453 = DIRECTION('',(0.,0.,1.));
#11454 = PCURVE('',#9910,#11455);
#11455 = DEFINITIONAL_REPRESENTATION('',(#11456),#11460);
#11456 = LINE('',#11457,#11458);
#11457 = CARTESIAN_POINT('',(0.,0.));
#11458 = VECTOR('',#11459,1.);
#11459 = DIRECTION('',(1.,0.));
#11460 = ( GEOMETRIC_REPRESENTATION_CONTEXT(2) 
PARAMETRIC_REPRESENTATION_CONTEXT() REPRESENTATION_CONTEXT('2D SPACE',''
  ) );
#11461 = PCURVE('',#9882,#11462);
#11462 = DEFINITIONAL_REPRESENTATION('',(#11463),#11467);
#11463 = LINE('',#11464,#11465);
#11464 = CARTESIAN_POINT('',(0.,0.));
#11465 = VECTOR('',#11466,1.);
#11466 = DIRECTION('',(1.,0.));
#11467 = ( GEOMETRIC_REPRESENTATION_CONTEXT(2) 
PARAMETRIC_REPRESENTATION_CONTEXT() REPRESENTATION_CONTEXT('2D SPACE',''
  ) );
#11468 = ORIENTED_EDGE('',*,*,#10020,.T.);
#11469 = ORIENTED_EDGE('',*,*,#9946,.T.);
#11470 = ADVANCED_FACE('',(#11471),#9882,.T.);
#11471 = FACE_BOUND('',#11472,.T.);
#11472 = EDGE_LOOP('',(#11473,#11474,#11475,#11476));
#11473 = ORIENTED_EDGE('',*,*,#10043,.F.);
#11474 = ORIENTED_EDGE('',*,*,#11448,.T.);
#11475 = ORIENTED_EDGE('',*,*,#9866,.T.);
#11476 = ORIENTED_EDGE('',*,*,#11477,.F.);
#11477 = EDGE_CURVE('',#10044,#9839,#11478,.T.);
#11478 = SURFACE_CURVE('',#11479,(#11483,#11490),.PCURVE_S1.);
#11479 = LINE('',#11480,#11481);
#11480 = CARTESIAN_POINT('',(-11.7,-10.5,2.5));
#11481 = VECTOR('',#11482,1.);
#11482 = DIRECTION('',(0.,0.,1.));
#11483 = PCURVE('',#9882,#11484);
#11484 = DEFINITIONAL_REPRESENTATION('',(#11485),#11489);
#11485 = LINE('',#11486,#11487);
#11486 = CARTESIAN_POINT('',(0.,25.6));
#11487 = VECTOR('',#11488,1.);
#11488 = DIRECTION('',(1.,0.));
#11489 = ( GEOMETRIC_REPRESENTATION_CONTEXT(2) 
PARAMETRIC_REPRESENTATION_CONTEXT() REPRESENTATION_CONTEXT('2D SPACE',''
  ) );
#11490 = PCURVE('',#9854,#11491);
#11491 = DEFINITIONAL_REPRESENTATION('',(#11492),#11496);
#11492 = LINE('',#11493,#11494);
#11493 = CARTESIAN_POINT('',(0.,0.));
#11494 = VECTOR('',#11495,1.);
#11495 = DIRECTION('',(1.,0.));
#11496 = ( GEOMETRIC_REPRESENTATION_CONTEXT(2) 
PARAMETRIC_REPRESENTATION_CONTEXT() REPRESENTATION_CONTEXT('2D SPACE',''
  ) );
#11497 = ADVANCED_FACE('',(#11498),#9854,.F.);
#11498 = FACE_BOUND('',#11499,.F.);
#11499 = EDGE_LOOP('',(#11500,#11501,#11502,#11503));
#11500 = ORIENTED_EDGE('',*,*,#9838,.F.);
#11501 = ORIENTED_EDGE('',*,*,#11477,.F.);
#11502 = ORIENTED_EDGE('',*,*,#10066,.T.);
#11503 = ORIENTED_EDGE('',*,*,#11504,.T.);
#11504 = EDGE_CURVE('',#10067,#9811,#11505,.T.);
#11505 = SURFACE_CURVE('',#11506,(#11510,#11517),.PCURVE_S1.);
#11506 = LINE('',#11507,#11508);
#11507 = CARTESIAN_POINT('',(-11.7,-9.,2.5));
#11508 = VECTOR('',#11509,1.);
#11509 = DIRECTION('',(0.,0.,1.));
#11510 = PCURVE('',#9854,#11511);
#11511 = DEFINITIONAL_REPRESENTATION('',(#11512),#11516);
#11512 = LINE('',#11513,#11514);
#11513 = CARTESIAN_POINT('',(0.,-1.5));
#11514 = VECTOR('',#11515,1.);
#11515 = DIRECTION('',(1.,0.));
#11516 = ( GEOMETRIC_REPRESENTATION_CONTEXT(2) 
PARAMETRIC_REPRESENTATION_CONTEXT() REPRESENTATION_CONTEXT('2D SPACE',''
  ) );
#11517 = PCURVE('',#9826,#11518);
#11518 = DEFINITIONAL_REPRESENTATION('',(#11519),#11523);
#11519 = LINE('',#11520,#11521);
#11520 = CARTESIAN_POINT('',(0.,0.8));
#11521 = VECTOR('',#11522,1.);
#11522 = DIRECTION('',(1.,0.));
#11523 = ( GEOMETRIC_REPRESENTATION_CONTEXT(2) 
PARAMETRIC_REPRESENTATION_CONTEXT() REPRESENTATION_CONTEXT('2D SPACE',''
  ) );
#11524 = ADVANCED_FACE('',(#11525),#9826,.T.);
#11525 = FACE_BOUND('',#11526,.T.);
#11526 = EDGE_LOOP('',(#11527,#11528,#11529,#11530));
#11527 = ORIENTED_EDGE('',*,*,#10089,.F.);
#11528 = ORIENTED_EDGE('',*,*,#11504,.T.);
#11529 = ORIENTED_EDGE('',*,*,#9810,.T.);
#11530 = ORIENTED_EDGE('',*,*,#11531,.F.);
#11531 = EDGE_CURVE('',#10090,#9783,#11532,.T.);
#11532 = SURFACE_CURVE('',#11533,(#11537,#11544),.PCURVE_S1.);
#11533 = LINE('',#11534,#11535);
#11534 = CARTESIAN_POINT('',(-9.,-9.,1.25));
#11535 = VECTOR('',#11536,1.);
#11536 = DIRECTION('',(0.,0.,1.));
#11537 = PCURVE('',#9826,#11538);
#11538 = DEFINITIONAL_REPRESENTATION('',(#11539),#11543);
#11539 = LINE('',#11540,#11541);
#11540 = CARTESIAN_POINT('',(-1.25,3.5));
#11541 = VECTOR('',#11542,1.);
#11542 = DIRECTION('',(1.,0.));
#11543 = ( GEOMETRIC_REPRESENTATION_CONTEXT(2) 
PARAMETRIC_REPRESENTATION_CONTEXT() REPRESENTATION_CONTEXT('2D SPACE',''
  ) );
#11544 = PCURVE('',#9798,#11545);
#11545 = DEFINITIONAL_REPRESENTATION('',(#11546),#11550);
#11546 = LINE('',#11547,#11548);
#11547 = CARTESIAN_POINT('',(1.25,-5.));
#11548 = VECTOR('',#11549,1.);
#11549 = DIRECTION('',(1.,0.));
#11550 = ( GEOMETRIC_REPRESENTATION_CONTEXT(2) 
PARAMETRIC_REPRESENTATION_CONTEXT() REPRESENTATION_CONTEXT('2D SPACE',''
  ) );
#11551 = ADVANCED_FACE('',(#11552),#9798,.T.);
#11552 = FACE_BOUND('',#11553,.T.);
#11553 = EDGE_LOOP('',(#11554,#11555,#11576,#11577,#11598,#11599,#11620,
    #11621,#11642,#11643,#11664,#11665));
#11554 = ORIENTED_EDGE('',*,*,#9782,.F.);
#11555 = ORIENTED_EDGE('',*,*,#11556,.F.);
#11556 = EDGE_CURVE('',#11207,#9750,#11557,.T.);
#11557 = SURFACE_CURVE('',#11558,(#11562,#11569),.PCURVE_S1.);
#11558 = LINE('',#11559,#11560);
#11559 = CARTESIAN_POINT('',(-9.,-12.,0.));
#11560 = VECTOR('',#11561,1.);
#11561 = DIRECTION('',(0.,0.,1.));
#11562 = PCURVE('',#9798,#11563);
#11563 = DEFINITIONAL_REPRESENTATION('',(#11564),#11568);
#11564 = LINE('',#11565,#11566);
#11565 = CARTESIAN_POINT('',(0.,-2.));
#11566 = VECTOR('',#11567,1.);
#11567 = DIRECTION('',(1.,0.));
#11568 = ( GEOMETRIC_REPRESENTATION_CONTEXT(2) 
PARAMETRIC_REPRESENTATION_CONTEXT() REPRESENTATION_CONTEXT('2D SPACE',''
  ) );
#11569 = PCURVE('',#9770,#11570);
#11570 = DEFINITIONAL_REPRESENTATION('',(#11571),#11575);
#11571 = LINE('',#11572,#11573);
#11572 = CARTESIAN_POINT('',(6.28318530718,0.));
#11573 = VECTOR('',#11574,1.);
#11574 = DIRECTION('',(-0.,1.));
#11575 = ( GEOMETRIC_REPRESENTATION_CONTEXT(2) 
PARAMETRIC_REPRESENTATION_CONTEXT() REPRESENTATION_CONTEXT('2D SPACE',''
  ) );
#11576 = ORIENTED_EDGE('',*,*,#11234,.T.);
#11577 = ORIENTED_EDGE('',*,*,#11578,.T.);
#11578 = EDGE_CURVE('',#11235,#10927,#11579,.T.);
#11579 = SURFACE_CURVE('',#11580,(#11584,#11591),.PCURVE_S1.);
#11580 = LINE('',#11581,#11582);
#11581 = CARTESIAN_POINT('',(-9.,48.,0.));
#11582 = VECTOR('',#11583,1.);
#11583 = DIRECTION('',(0.,0.,1.));
#11584 = PCURVE('',#9798,#11585);
#11585 = DEFINITIONAL_REPRESENTATION('',(#11586),#11590);
#11586 = LINE('',#11587,#11588);
#11587 = CARTESIAN_POINT('',(0.,-62.));
#11588 = VECTOR('',#11589,1.);
#11589 = DIRECTION('',(1.,0.));
#11590 = ( GEOMETRIC_REPRESENTATION_CONTEXT(2) 
PARAMETRIC_REPRESENTATION_CONTEXT() REPRESENTATION_CONTEXT('2D SPACE',''
  ) );
#11591 = PCURVE('',#10966,#11592);
#11592 = DEFINITIONAL_REPRESENTATION('',(#11593),#11597);
#11593 = LINE('',#11594,#11595);
#11594 = CARTESIAN_POINT('',(0.,0.));
#11595 = VECTOR('',#11596,1.);
#11596 = DIRECTION('',(0.,1.));
#11597 = ( GEOMETRIC_REPRESENTATION_CONTEXT(2) 
PARAMETRIC_REPRESENTATION_CONTEXT() REPRESENTATION_CONTEXT('2D SPACE',''
  ) );
#11598 = ORIENTED_EDGE('',*,*,#10926,.F.);
#11599 = ORIENTED_EDGE('',*,*,#11600,.F.);
#11600 = EDGE_CURVE('',#10717,#10904,#11601,.T.);
#11601 = SURFACE_CURVE('',#11602,(#11606,#11613),.PCURVE_S1.);
#11602 = LINE('',#11603,#11604);
#11603 = CARTESIAN_POINT('',(-9.,45.,1.25));
#11604 = VECTOR('',#11605,1.);
#11605 = DIRECTION('',(0.,0.,1.));
#11606 = PCURVE('',#9798,#11607);
#11607 = DEFINITIONAL_REPRESENTATION('',(#11608),#11612);
#11608 = LINE('',#11609,#11610);
#11609 = CARTESIAN_POINT('',(1.25,-59.));
#11610 = VECTOR('',#11611,1.);
#11611 = DIRECTION('',(1.,0.));
#11612 = ( GEOMETRIC_REPRESENTATION_CONTEXT(2) 
PARAMETRIC_REPRESENTATION_CONTEXT() REPRESENTATION_CONTEXT('2D SPACE',''
  ) );
#11613 = PCURVE('',#10755,#11614);
#11614 = DEFINITIONAL_REPRESENTATION('',(#11615),#11619);
#11615 = LINE('',#11616,#11617);
#11616 = CARTESIAN_POINT('',(-1.25,3.5));
#11617 = VECTOR('',#11618,1.);
#11618 = DIRECTION('',(1.,0.));
#11619 = ( GEOMETRIC_REPRESENTATION_CONTEXT(2) 
PARAMETRIC_REPRESENTATION_CONTEXT() REPRESENTATION_CONTEXT('2D SPACE',''
  ) );
#11620 = ORIENTED_EDGE('',*,*,#10716,.T.);
#11621 = ORIENTED_EDGE('',*,*,#11622,.T.);
#11622 = EDGE_CURVE('',#10694,#10346,#11623,.T.);
#11623 = SURFACE_CURVE('',#11624,(#11628,#11635),.PCURVE_S1.);
#11624 = LINE('',#11625,#11626);
#11625 = CARTESIAN_POINT('',(-9.,31.,1.25));
#11626 = VECTOR('',#11627,1.);
#11627 = DIRECTION('',(0.,0.,1.));
#11628 = PCURVE('',#9798,#11629);
#11629 = DEFINITIONAL_REPRESENTATION('',(#11630),#11634);
#11630 = LINE('',#11631,#11632);
#11631 = CARTESIAN_POINT('',(1.25,-45.));
#11632 = VECTOR('',#11633,1.);
#11633 = DIRECTION('',(1.,0.));
#11634 = ( GEOMETRIC_REPRESENTATION_CONTEXT(2) 
PARAMETRIC_REPRESENTATION_CONTEXT() REPRESENTATION_CONTEXT('2D SPACE',''
  ) );
#11635 = PCURVE('',#10384,#11636);
#11636 = DEFINITIONAL_REPRESENTATION('',(#11637),#11641);
#11637 = LINE('',#11638,#11639);
#11638 = CARTESIAN_POINT('',(-1.25,3.5));
#11639 = VECTOR('',#11640,1.);
#11640 = DIRECTION('',(1.,0.));
#11641 = ( GEOMETRIC_REPRESENTATION_CONTEXT(2) 
PARAMETRIC_REPRESENTATION_CONTEXT() REPRESENTATION_CONTEXT('2D SPACE',''
  ) );
#11642 = ORIENTED_EDGE('',*,*,#10345,.F.);
#11643 = ORIENTED_EDGE('',*,*,#11644,.F.);
#11644 = EDGE_CURVE('',#10113,#10323,#11645,.T.);
#11645 = SURFACE_CURVE('',#11646,(#11650,#11657),.PCURVE_S1.);
#11646 = LINE('',#11647,#11648);
#11647 = CARTESIAN_POINT('',(-9.,5.,1.25));
#11648 = VECTOR('',#11649,1.);
#11649 = DIRECTION('',(0.,0.,1.));
#11650 = PCURVE('',#9798,#11651);
#11651 = DEFINITIONAL_REPRESENTATION('',(#11652),#11656);
#11652 = LINE('',#11653,#11654);
#11653 = CARTESIAN_POINT('',(1.25,-19.));
#11654 = VECTOR('',#11655,1.);
#11655 = DIRECTION('',(1.,0.));
#11656 = ( GEOMETRIC_REPRESENTATION_CONTEXT(2) 
PARAMETRIC_REPRESENTATION_CONTEXT() REPRESENTATION_CONTEXT('2D SPACE',''
  ) );
#11657 = PCURVE('',#10151,#11658);
#11658 = DEFINITIONAL_REPRESENTATION('',(#11659),#11663);
#11659 = LINE('',#11660,#11661);
#11660 = CARTESIAN_POINT('',(-1.25,3.5));
#11661 = VECTOR('',#11662,1.);
#11662 = DIRECTION('',(1.,0.));
#11663 = ( GEOMETRIC_REPRESENTATION_CONTEXT(2) 
PARAMETRIC_REPRESENTATION_CONTEXT() REPRESENTATION_CONTEXT('2D SPACE',''
  ) );
#11664 = ORIENTED_EDGE('',*,*,#10112,.T.);
#11665 = ORIENTED_EDGE('',*,*,#11531,.T.);
#11666 = ADVANCED_FACE('',(#11667),#9770,.T.);
#11667 = FACE_BOUND('',#11668,.T.);
#11668 = EDGE_LOOP('',(#11669,#11670,#11671,#11692));
#11669 = ORIENTED_EDGE('',*,*,#11556,.T.);
#11670 = ORIENTED_EDGE('',*,*,#9749,.T.);
#11671 = ORIENTED_EDGE('',*,*,#11672,.F.);
#11672 = EDGE_CURVE('',#11184,#9722,#11673,.T.);
#11673 = SURFACE_CURVE('',#11674,(#11678,#11685),.PCURVE_S1.);
#11674 = LINE('',#11675,#11676);
#11675 = CARTESIAN_POINT('',(-11.,-14.,0.));
#11676 = VECTOR('',#11677,1.);
#11677 = DIRECTION('',(0.,0.,1.));
#11678 = PCURVE('',#9770,#11679);
#11679 = DEFINITIONAL_REPRESENTATION('',(#11680),#11684);
#11680 = LINE('',#11681,#11682);
#11681 = CARTESIAN_POINT('',(4.712388980385,0.));
#11682 = VECTOR('',#11683,1.);
#11683 = DIRECTION('',(-0.,1.));
#11684 = ( GEOMETRIC_REPRESENTATION_CONTEXT(2) 
PARAMETRIC_REPRESENTATION_CONTEXT() REPRESENTATION_CONTEXT('2D SPACE',''
  ) );
#11685 = PCURVE('',#9737,#11686);
#11686 = DEFINITIONAL_REPRESENTATION('',(#11687),#11691);
#11687 = LINE('',#11688,#11689);
#11688 = CARTESIAN_POINT('',(0.,29.));
#11689 = VECTOR('',#11690,1.);
#11690 = DIRECTION('',(1.,0.));
#11691 = ( GEOMETRIC_REPRESENTATION_CONTEXT(2) 
PARAMETRIC_REPRESENTATION_CONTEXT() REPRESENTATION_CONTEXT('2D SPACE',''
  ) );
#11692 = ORIENTED_EDGE('',*,*,#11206,.F.);
#11693 = ADVANCED_FACE('',(#11694),#9737,.F.);
#11694 = FACE_BOUND('',#11695,.F.);
#11695 = EDGE_LOOP('',(#11696,#11697,#11698,#11699));
#11696 = ORIENTED_EDGE('',*,*,#11183,.F.);
#11697 = ORIENTED_EDGE('',*,*,#11421,.T.);
#11698 = ORIENTED_EDGE('',*,*,#9721,.T.);
#11699 = ORIENTED_EDGE('',*,*,#11672,.F.);
#11700 = ADVANCED_FACE('',(#11701),#10151,.F.);
#11701 = FACE_BOUND('',#11702,.F.);
#11702 = EDGE_LOOP('',(#11703,#11704,#11725,#11726));
#11703 = ORIENTED_EDGE('',*,*,#10135,.F.);
#11704 = ORIENTED_EDGE('',*,*,#11705,.T.);
#11705 = EDGE_CURVE('',#10136,#10298,#11706,.T.);
#11706 = SURFACE_CURVE('',#11707,(#11711,#11718),.PCURVE_S1.);
#11707 = LINE('',#11708,#11709);
#11708 = CARTESIAN_POINT('',(-11.7,5.,2.5));
#11709 = VECTOR('',#11710,1.);
#11710 = DIRECTION('',(0.,0.,1.));
#11711 = PCURVE('',#10151,#11712);
#11712 = DEFINITIONAL_REPRESENTATION('',(#11713),#11717);
#11713 = LINE('',#11714,#11715);
#11714 = CARTESIAN_POINT('',(0.,0.8));
#11715 = VECTOR('',#11716,1.);
#11716 = DIRECTION('',(1.,0.));
#11717 = ( GEOMETRIC_REPRESENTATION_CONTEXT(2) 
PARAMETRIC_REPRESENTATION_CONTEXT() REPRESENTATION_CONTEXT('2D SPACE',''
  ) );
#11718 = PCURVE('',#10179,#11719);
#11719 = DEFINITIONAL_REPRESENTATION('',(#11720),#11724);
#11720 = LINE('',#11721,#11722);
#11721 = CARTESIAN_POINT('',(0.,-15.5));
#11722 = VECTOR('',#11723,1.);
#11723 = DIRECTION('',(1.,0.));
#11724 = ( GEOMETRIC_REPRESENTATION_CONTEXT(2) 
PARAMETRIC_REPRESENTATION_CONTEXT() REPRESENTATION_CONTEXT('2D SPACE',''
  ) );
#11725 = ORIENTED_EDGE('',*,*,#10322,.T.);
#11726 = ORIENTED_EDGE('',*,*,#11644,.F.);
#11727 = ADVANCED_FACE('',(#11728),#10179,.F.);
#11728 = FACE_BOUND('',#11729,.F.);
#11729 = EDGE_LOOP('',(#11730,#11731,#11732,#11733));
#11730 = ORIENTED_EDGE('',*,*,#10297,.F.);
#11731 = ORIENTED_EDGE('',*,*,#11705,.F.);
#11732 = ORIENTED_EDGE('',*,*,#10163,.T.);
#11733 = ORIENTED_EDGE('',*,*,#11734,.T.);
#11734 = EDGE_CURVE('',#10164,#10300,#11735,.T.);
#11735 = SURFACE_CURVE('',#11736,(#11740,#11747),.PCURVE_S1.);
#11736 = LINE('',#11737,#11738);
#11737 = CARTESIAN_POINT('',(-11.7,6.5,2.5));
#11738 = VECTOR('',#11739,1.);
#11739 = DIRECTION('',(0.,0.,1.));
#11740 = PCURVE('',#10179,#11741);
#11741 = DEFINITIONAL_REPRESENTATION('',(#11742),#11746);
#11742 = LINE('',#11743,#11744);
#11743 = CARTESIAN_POINT('',(0.,-17.));
#11744 = VECTOR('',#11745,1.);
#11745 = DIRECTION('',(1.,0.));
#11746 = ( GEOMETRIC_REPRESENTATION_CONTEXT(2) 
PARAMETRIC_REPRESENTATION_CONTEXT() REPRESENTATION_CONTEXT('2D SPACE',''
  ) );
#11747 = PCURVE('',#10207,#11748);
#11748 = DEFINITIONAL_REPRESENTATION('',(#11749),#11753);
#11749 = LINE('',#11750,#11751);
#11750 = CARTESIAN_POINT('',(0.,25.6));
#11751 = VECTOR('',#11752,1.);
#11752 = DIRECTION('',(1.,0.));
#11753 = ( GEOMETRIC_REPRESENTATION_CONTEXT(2) 
PARAMETRIC_REPRESENTATION_CONTEXT() REPRESENTATION_CONTEXT('2D SPACE',''
  ) );
#11754 = ADVANCED_FACE('',(#11755),#10207,.F.);
#11755 = FACE_BOUND('',#11756,.F.);
#11756 = EDGE_LOOP('',(#11757,#11758,#11779,#11780));
#11757 = ORIENTED_EDGE('',*,*,#10191,.F.);
#11758 = ORIENTED_EDGE('',*,*,#11759,.T.);
#11759 = EDGE_CURVE('',#10192,#10504,#11760,.T.);
#11760 = SURFACE_CURVE('',#11761,(#11765,#11772),.PCURVE_S1.);
#11761 = LINE('',#11762,#11763);
#11762 = CARTESIAN_POINT('',(-37.3,6.5,2.5));
#11763 = VECTOR('',#11764,1.);
#11764 = DIRECTION('',(0.,0.,1.));
#11765 = PCURVE('',#10207,#11766);
#11766 = DEFINITIONAL_REPRESENTATION('',(#11767),#11771);
#11767 = LINE('',#11768,#11769);
#11768 = CARTESIAN_POINT('',(0.,0.));
#11769 = VECTOR('',#11770,1.);
#11770 = DIRECTION('',(1.,0.));
#11771 = ( GEOMETRIC_REPRESENTATION_CONTEXT(2) 
PARAMETRIC_REPRESENTATION_CONTEXT() REPRESENTATION_CONTEXT('2D SPACE',''
  ) );
#11772 = PCURVE('',#10233,#11773);
#11773 = DEFINITIONAL_REPRESENTATION('',(#11774),#11778);
#11774 = LINE('',#11775,#11776);
#11775 = CARTESIAN_POINT('',(0.,-17.));
#11776 = VECTOR('',#11777,1.);
#11777 = DIRECTION('',(1.,0.));
#11778 = ( GEOMETRIC_REPRESENTATION_CONTEXT(2) 
PARAMETRIC_REPRESENTATION_CONTEXT() REPRESENTATION_CONTEXT('2D SPACE',''
  ) );
#11779 = ORIENTED_EDGE('',*,*,#10526,.T.);
#11780 = ORIENTED_EDGE('',*,*,#11734,.F.);
#11781 = ADVANCED_FACE('',(#11782),#10233,.T.);
#11782 = FACE_BOUND('',#11783,.T.);
#11783 = EDGE_LOOP('',(#11784,#11785,#11786,#11787));
#11784 = ORIENTED_EDGE('',*,*,#10503,.F.);
#11785 = ORIENTED_EDGE('',*,*,#10248,.F.);
#11786 = ORIENTED_EDGE('',*,*,#10219,.T.);
#11787 = ORIENTED_EDGE('',*,*,#11759,.T.);
#11788 = ADVANCED_FACE('',(#11789),#10468,.T.);
#11789 = FACE_BOUND('',#11790,.T.);
#11790 = EDGE_LOOP('',(#11791,#11792,#11813,#11814));
#11791 = ORIENTED_EDGE('',*,*,#10452,.F.);
#11792 = ORIENTED_EDGE('',*,*,#11793,.F.);
#11793 = EDGE_CURVE('',#10625,#10425,#11794,.T.);
#11794 = SURFACE_CURVE('',#11795,(#11799,#11806),.PCURVE_S1.);
#11795 = LINE('',#11796,#11797);
#11796 = CARTESIAN_POINT('',(-37.3,29.5,2.5));
#11797 = VECTOR('',#11798,1.);
#11798 = DIRECTION('',(0.,0.,1.));
#11799 = PCURVE('',#10468,#11800);
#11800 = DEFINITIONAL_REPRESENTATION('',(#11801),#11805);
#11801 = LINE('',#11802,#11803);
#11802 = CARTESIAN_POINT('',(0.,0.));
#11803 = VECTOR('',#11804,1.);
#11804 = DIRECTION('',(1.,0.));
#11805 = ( GEOMETRIC_REPRESENTATION_CONTEXT(2) 
PARAMETRIC_REPRESENTATION_CONTEXT() REPRESENTATION_CONTEXT('2D SPACE',''
  ) );
#11806 = PCURVE('',#10440,#11807);
#11807 = DEFINITIONAL_REPRESENTATION('',(#11808),#11812);
#11808 = LINE('',#11809,#11810);
#11809 = CARTESIAN_POINT('',(0.,0.));
#11810 = VECTOR('',#11811,1.);
#11811 = DIRECTION('',(1.,0.));
#11812 = ( GEOMETRIC_REPRESENTATION_CONTEXT(2) 
PARAMETRIC_REPRESENTATION_CONTEXT() REPRESENTATION_CONTEXT('2D SPACE',''
  ) );
#11813 = ORIENTED_EDGE('',*,*,#10624,.T.);
#11814 = ORIENTED_EDGE('',*,*,#10550,.T.);
#11815 = ADVANCED_FACE('',(#11816),#10440,.T.);
#11816 = FACE_BOUND('',#11817,.T.);
#11817 = EDGE_LOOP('',(#11818,#11819,#11820,#11821));
#11818 = ORIENTED_EDGE('',*,*,#10647,.F.);
#11819 = ORIENTED_EDGE('',*,*,#11793,.T.);
#11820 = ORIENTED_EDGE('',*,*,#10424,.T.);
#11821 = ORIENTED_EDGE('',*,*,#11822,.F.);
#11822 = EDGE_CURVE('',#10648,#10397,#11823,.T.);
#11823 = SURFACE_CURVE('',#11824,(#11828,#11835),.PCURVE_S1.);
#11824 = LINE('',#11825,#11826);
#11825 = CARTESIAN_POINT('',(-11.7,29.5,2.5));
#11826 = VECTOR('',#11827,1.);
#11827 = DIRECTION('',(0.,0.,1.));
#11828 = PCURVE('',#10440,#11829);
#11829 = DEFINITIONAL_REPRESENTATION('',(#11830),#11834);
#11830 = LINE('',#11831,#11832);
#11831 = CARTESIAN_POINT('',(0.,25.6));
#11832 = VECTOR('',#11833,1.);
#11833 = DIRECTION('',(1.,0.));
#11834 = ( GEOMETRIC_REPRESENTATION_CONTEXT(2) 
PARAMETRIC_REPRESENTATION_CONTEXT() REPRESENTATION_CONTEXT('2D SPACE',''
  ) );
#11835 = PCURVE('',#10412,#11836);
#11836 = DEFINITIONAL_REPRESENTATION('',(#11837),#11841);
#11837 = LINE('',#11838,#11839);
#11838 = CARTESIAN_POINT('',(0.,0.));
#11839 = VECTOR('',#11840,1.);
#11840 = DIRECTION('',(1.,0.));
#11841 = ( GEOMETRIC_REPRESENTATION_CONTEXT(2) 
PARAMETRIC_REPRESENTATION_CONTEXT() REPRESENTATION_CONTEXT('2D SPACE',''
  ) );
#11842 = ADVANCED_FACE('',(#11843),#10412,.F.);
#11843 = FACE_BOUND('',#11844,.F.);
#11844 = EDGE_LOOP('',(#11845,#11846,#11847,#11848));
#11845 = ORIENTED_EDGE('',*,*,#10396,.F.);
#11846 = ORIENTED_EDGE('',*,*,#11822,.F.);
#11847 = ORIENTED_EDGE('',*,*,#10670,.T.);
#11848 = ORIENTED_EDGE('',*,*,#11849,.T.);
#11849 = EDGE_CURVE('',#10671,#10369,#11850,.T.);
#11850 = SURFACE_CURVE('',#11851,(#11855,#11862),.PCURVE_S1.);
#11851 = LINE('',#11852,#11853);
#11852 = CARTESIAN_POINT('',(-11.7,31.,2.5));
#11853 = VECTOR('',#11854,1.);
#11854 = DIRECTION('',(0.,0.,1.));
#11855 = PCURVE('',#10412,#11856);
#11856 = DEFINITIONAL_REPRESENTATION('',(#11857),#11861);
#11857 = LINE('',#11858,#11859);
#11858 = CARTESIAN_POINT('',(0.,-1.5));
#11859 = VECTOR('',#11860,1.);
#11860 = DIRECTION('',(1.,0.));
#11861 = ( GEOMETRIC_REPRESENTATION_CONTEXT(2) 
PARAMETRIC_REPRESENTATION_CONTEXT() REPRESENTATION_CONTEXT('2D SPACE',''
  ) );
#11862 = PCURVE('',#10384,#11863);
#11863 = DEFINITIONAL_REPRESENTATION('',(#11864),#11868);
#11864 = LINE('',#11865,#11866);
#11865 = CARTESIAN_POINT('',(0.,0.8));
#11866 = VECTOR('',#11867,1.);
#11867 = DIRECTION('',(1.,0.));
#11868 = ( GEOMETRIC_REPRESENTATION_CONTEXT(2) 
PARAMETRIC_REPRESENTATION_CONTEXT() REPRESENTATION_CONTEXT('2D SPACE',''
  ) );
#11869 = ADVANCED_FACE('',(#11870),#10384,.T.);
#11870 = FACE_BOUND('',#11871,.T.);
#11871 = EDGE_LOOP('',(#11872,#11873,#11874,#11875));
#11872 = ORIENTED_EDGE('',*,*,#10693,.F.);
#11873 = ORIENTED_EDGE('',*,*,#11849,.T.);
#11874 = ORIENTED_EDGE('',*,*,#10368,.T.);
#11875 = ORIENTED_EDGE('',*,*,#11622,.F.);
#11876 = ADVANCED_FACE('',(#11877),#10755,.F.);
#11877 = FACE_BOUND('',#11878,.F.);
#11878 = EDGE_LOOP('',(#11879,#11880,#11901,#11902));
#11879 = ORIENTED_EDGE('',*,*,#10739,.F.);
#11880 = ORIENTED_EDGE('',*,*,#11881,.T.);
#11881 = EDGE_CURVE('',#10740,#10902,#11882,.T.);
#11882 = SURFACE_CURVE('',#11883,(#11887,#11894),.PCURVE_S1.);
#11883 = LINE('',#11884,#11885);
#11884 = CARTESIAN_POINT('',(-11.7,45.,2.5));
#11885 = VECTOR('',#11886,1.);
#11886 = DIRECTION('',(0.,0.,1.));
#11887 = PCURVE('',#10755,#11888);
#11888 = DEFINITIONAL_REPRESENTATION('',(#11889),#11893);
#11889 = LINE('',#11890,#11891);
#11890 = CARTESIAN_POINT('',(0.,0.8));
#11891 = VECTOR('',#11892,1.);
#11892 = DIRECTION('',(1.,0.));
#11893 = ( GEOMETRIC_REPRESENTATION_CONTEXT(2) 
PARAMETRIC_REPRESENTATION_CONTEXT() REPRESENTATION_CONTEXT('2D SPACE',''
  ) );
#11894 = PCURVE('',#10783,#11895);
#11895 = DEFINITIONAL_REPRESENTATION('',(#11896),#11900);
#11896 = LINE('',#11897,#11898);
#11897 = CARTESIAN_POINT('',(0.,-15.5));
#11898 = VECTOR('',#11899,1.);
#11899 = DIRECTION('',(1.,0.));
#11900 = ( GEOMETRIC_REPRESENTATION_CONTEXT(2) 
PARAMETRIC_REPRESENTATION_CONTEXT() REPRESENTATION_CONTEXT('2D SPACE',''
  ) );
#11901 = ORIENTED_EDGE('',*,*,#10901,.T.);
#11902 = ORIENTED_EDGE('',*,*,#11600,.F.);
#11903 = ADVANCED_FACE('',(#11904),#10783,.F.);
#11904 = FACE_BOUND('',#11905,.F.);
#11905 = EDGE_LOOP('',(#11906,#11907,#11908,#11909));
#11906 = ORIENTED_EDGE('',*,*,#11080,.F.);
#11907 = ORIENTED_EDGE('',*,*,#11881,.F.);
#11908 = ORIENTED_EDGE('',*,*,#10767,.T.);
#11909 = ORIENTED_EDGE('',*,*,#11910,.T.);
#11910 = EDGE_CURVE('',#10768,#11058,#11911,.T.);
#11911 = SURFACE_CURVE('',#11912,(#11916,#11923),.PCURVE_S1.);
#11912 = LINE('',#11913,#11914);
#11913 = CARTESIAN_POINT('',(-11.7,46.5,2.5));
#11914 = VECTOR('',#11915,1.);
#11915 = DIRECTION('',(0.,0.,1.));
#11916 = PCURVE('',#10783,#11917);
#11917 = DEFINITIONAL_REPRESENTATION('',(#11918),#11922);
#11918 = LINE('',#11919,#11920);
#11919 = CARTESIAN_POINT('',(0.,-17.));
#11920 = VECTOR('',#11921,1.);
#11921 = DIRECTION('',(1.,0.));
#11922 = ( GEOMETRIC_REPRESENTATION_CONTEXT(2) 
PARAMETRIC_REPRESENTATION_CONTEXT() REPRESENTATION_CONTEXT('2D SPACE',''
  ) );
#11923 = PCURVE('',#10811,#11924);
#11924 = DEFINITIONAL_REPRESENTATION('',(#11925),#11929);
#11925 = LINE('',#11926,#11927);
#11926 = CARTESIAN_POINT('',(0.,25.6));
#11927 = VECTOR('',#11928,1.);
#11928 = DIRECTION('',(1.,0.));
#11929 = ( GEOMETRIC_REPRESENTATION_CONTEXT(2) 
PARAMETRIC_REPRESENTATION_CONTEXT() REPRESENTATION_CONTEXT('2D SPACE',''
  ) );
#11930 = ADVANCED_FACE('',(#11931),#10811,.F.);
#11931 = FACE_BOUND('',#11932,.F.);
#11932 = EDGE_LOOP('',(#11933,#11934,#11955,#11956));
#11933 = ORIENTED_EDGE('',*,*,#10795,.F.);
#11934 = ORIENTED_EDGE('',*,*,#11935,.T.);
#11935 = EDGE_CURVE('',#10796,#11035,#11936,.T.);
#11936 = SURFACE_CURVE('',#11937,(#11941,#11948),.PCURVE_S1.);
#11937 = LINE('',#11938,#11939);
#11938 = CARTESIAN_POINT('',(-37.3,46.5,2.5));
#11939 = VECTOR('',#11940,1.);
#11940 = DIRECTION('',(0.,0.,1.));
#11941 = PCURVE('',#10811,#11942);
#11942 = DEFINITIONAL_REPRESENTATION('',(#11943),#11947);
#11943 = LINE('',#11944,#11945);
#11944 = CARTESIAN_POINT('',(0.,0.));
#11945 = VECTOR('',#11946,1.);
#11946 = DIRECTION('',(1.,0.));
#11947 = ( GEOMETRIC_REPRESENTATION_CONTEXT(2) 
PARAMETRIC_REPRESENTATION_CONTEXT() REPRESENTATION_CONTEXT('2D SPACE',''
  ) );
#11948 = PCURVE('',#10837,#11949);
#11949 = DEFINITIONAL_REPRESENTATION('',(#11950),#11954);
#11950 = LINE('',#11951,#11952);
#11951 = CARTESIAN_POINT('',(0.,-17.));
#11952 = VECTOR('',#11953,1.);
#11953 = DIRECTION('',(1.,0.));
#11954 = ( GEOMETRIC_REPRESENTATION_CONTEXT(2) 
PARAMETRIC_REPRESENTATION_CONTEXT() REPRESENTATION_CONTEXT('2D SPACE',''
  ) );
#11955 = ORIENTED_EDGE('',*,*,#11057,.T.);
#11956 = ORIENTED_EDGE('',*,*,#11910,.F.);
#11957 = ADVANCED_FACE('',(#11958),#10837,.T.);
#11958 = FACE_BOUND('',#11959,.T.);
#11959 = EDGE_LOOP('',(#11960,#11961,#11962,#11963));
#11960 = ORIENTED_EDGE('',*,*,#11034,.F.);
#11961 = ORIENTED_EDGE('',*,*,#10852,.F.);
#11962 = ORIENTED_EDGE('',*,*,#10823,.T.);
#11963 = ORIENTED_EDGE('',*,*,#11935,.T.);
#11964 = ADVANCED_FACE('',(#11965),#10994,.T.);
#11965 = FACE_BOUND('',#11966,.T.);
#11966 = EDGE_LOOP('',(#11967,#11968,#11969,#11970));
#11967 = ORIENTED_EDGE('',*,*,#11281,.F.);
#11968 = ORIENTED_EDGE('',*,*,#11106,.T.);
#11969 = ORIENTED_EDGE('',*,*,#10978,.T.);
#11970 = ORIENTED_EDGE('',*,*,#11971,.F.);
#11971 = EDGE_CURVE('',#11258,#10950,#11972,.T.);
#11972 = SURFACE_CURVE('',#11973,(#11977,#11984),.PCURVE_S1.);
#11973 = LINE('',#11974,#11975);
#11974 = CARTESIAN_POINT('',(-11.,50.,0.));
#11975 = VECTOR('',#11976,1.);
#11976 = DIRECTION('',(0.,0.,1.));
#11977 = PCURVE('',#10994,#11978);
#11978 = DEFINITIONAL_REPRESENTATION('',(#11979),#11983);
#11979 = LINE('',#11980,#11981);
#11980 = CARTESIAN_POINT('',(0.,29.));
#11981 = VECTOR('',#11982,1.);
#11982 = DIRECTION('',(1.,0.));
#11983 = ( GEOMETRIC_REPRESENTATION_CONTEXT(2) 
PARAMETRIC_REPRESENTATION_CONTEXT() REPRESENTATION_CONTEXT('2D SPACE',''
  ) );
#11984 = PCURVE('',#10966,#11985);
#11985 = DEFINITIONAL_REPRESENTATION('',(#11986),#11990);
#11986 = LINE('',#11987,#11988);
#11987 = CARTESIAN_POINT('',(1.570796326795,0.));
#11988 = VECTOR('',#11989,1.);
#11989 = DIRECTION('',(0.,1.));
#11990 = ( GEOMETRIC_REPRESENTATION_CONTEXT(2) 
PARAMETRIC_REPRESENTATION_CONTEXT() REPRESENTATION_CONTEXT('2D SPACE',''
  ) );
#11991 = ADVANCED_FACE('',(#11992),#10966,.T.);
#11992 = FACE_BOUND('',#11993,.T.);
#11993 = EDGE_LOOP('',(#11994,#11995,#11996,#11997));
#11994 = ORIENTED_EDGE('',*,*,#11257,.T.);
#11995 = ORIENTED_EDGE('',*,*,#11971,.T.);
#11996 = ORIENTED_EDGE('',*,*,#10949,.F.);
#11997 = ORIENTED_EDGE('',*,*,#11578,.F.);
#11998 = ADVANCED_FACE('',(#11999),#11323,.T.);
#11999 = FACE_BOUND('',#12000,.T.);
#12000 = EDGE_LOOP('',(#12001,#12024,#12025,#12048));
#12001 = ORIENTED_EDGE('',*,*,#12002,.F.);
#12002 = EDGE_CURVE('',#11306,#12003,#12005,.T.);
#12003 = VERTEX_POINT('',#12004);
#12004 = CARTESIAN_POINT('',(-33.75,14.725,0.7));
#12005 = SURFACE_CURVE('',#12006,(#12010,#12017),.PCURVE_S1.);
#12006 = LINE('',#12007,#12008);
#12007 = CARTESIAN_POINT('',(-33.75,14.725,0.));
#12008 = VECTOR('',#12009,1.);
#12009 = DIRECTION('',(0.,0.,1.));
#12010 = PCURVE('',#11323,#12011);
#12011 = DEFINITIONAL_REPRESENTATION('',(#12012),#12016);
#12012 = LINE('',#12013,#12014);
#12013 = CARTESIAN_POINT('',(0.,0.));
#12014 = VECTOR('',#12015,1.);
#12015 = DIRECTION('',(1.,0.));
#12016 = ( GEOMETRIC_REPRESENTATION_CONTEXT(2) 
PARAMETRIC_REPRESENTATION_CONTEXT() REPRESENTATION_CONTEXT('2D SPACE',''
  ) );
#12017 = PCURVE('',#11405,#12018);
#12018 = DEFINITIONAL_REPRESENTATION('',(#12019),#12023);
#12019 = LINE('',#12020,#12021);
#12020 = CARTESIAN_POINT('',(0.,0.));
#12021 = VECTOR('',#12022,1.);
#12022 = DIRECTION('',(1.,0.));
#12023 = ( GEOMETRIC_REPRESENTATION_CONTEXT(2) 
PARAMETRIC_REPRESENTATION_CONTEXT() REPRESENTATION_CONTEXT('2D SPACE',''
  ) );
#12024 = ORIENTED_EDGE('',*,*,#11305,.T.);
#12025 = ORIENTED_EDGE('',*,*,#12026,.T.);
#12026 = EDGE_CURVE('',#11308,#12027,#12029,.T.);
#12027 = VERTEX_POINT('',#12028);
#12028 = CARTESIAN_POINT('',(-33.75,21.275,0.7));
#12029 = SURFACE_CURVE('',#12030,(#12034,#12041),.PCURVE_S1.);
#12030 = LINE('',#12031,#12032);
#12031 = CARTESIAN_POINT('',(-33.75,21.275,0.));
#12032 = VECTOR('',#12033,1.);
#12033 = DIRECTION('',(0.,0.,1.));
#12034 = PCURVE('',#11323,#12035);
#12035 = DEFINITIONAL_REPRESENTATION('',(#12036),#12040);
#12036 = LINE('',#12037,#12038);
#12037 = CARTESIAN_POINT('',(0.,-6.55));
#12038 = VECTOR('',#12039,1.);
#12039 = DIRECTION('',(1.,0.));
#12040 = ( GEOMETRIC_REPRESENTATION_CONTEXT(2) 
PARAMETRIC_REPRESENTATION_CONTEXT() REPRESENTATION_CONTEXT('2D SPACE',''
  ) );
#12041 = PCURVE('',#11351,#12042);
#12042 = DEFINITIONAL_REPRESENTATION('',(#12043),#12047);
#12043 = LINE('',#12044,#12045);
#12044 = CARTESIAN_POINT('',(0.,0.));
#12045 = VECTOR('',#12046,1.);
#12046 = DIRECTION('',(1.,0.));
#12047 = ( GEOMETRIC_REPRESENTATION_CONTEXT(2) 
PARAMETRIC_REPRESENTATION_CONTEXT() REPRESENTATION_CONTEXT('2D SPACE',''
  ) );
#12048 = ORIENTED_EDGE('',*,*,#12049,.F.);
#12049 = EDGE_CURVE('',#12003,#12027,#12050,.T.);
#12050 = SURFACE_CURVE('',#12051,(#12055,#12062),.PCURVE_S1.);
#12051 = LINE('',#12052,#12053);
#12052 = CARTESIAN_POINT('',(-33.75,14.725,0.7));
#12053 = VECTOR('',#12054,1.);
#12054 = DIRECTION('',(0.,1.,0.));
#12055 = PCURVE('',#11323,#12056);
#12056 = DEFINITIONAL_REPRESENTATION('',(#12057),#12061);
#12057 = LINE('',#12058,#12059);
#12058 = CARTESIAN_POINT('',(0.7,0.));
#12059 = VECTOR('',#12060,1.);
#12060 = DIRECTION('',(0.,-1.));
#12061 = ( GEOMETRIC_REPRESENTATION_CONTEXT(2) 
PARAMETRIC_REPRESENTATION_CONTEXT() REPRESENTATION_CONTEXT('2D SPACE',''
  ) );
#12062 = PCURVE('',#12063,#12068);
#12063 = PLANE('',#12064);
#12064 = AXIS2_PLACEMENT_3D('',#12065,#12066,#12067);
#12065 = CARTESIAN_POINT('',(-33.75,14.725,0.7));
#12066 = DIRECTION('',(0.,0.,1.));
#12067 = DIRECTION('',(1.,0.,-0.));
#12068 = DEFINITIONAL_REPRESENTATION('',(#12069),#12073);
#12069 = LINE('',#12070,#12071);
#12070 = CARTESIAN_POINT('',(0.,0.));
#12071 = VECTOR('',#12072,1.);
#12072 = DIRECTION('',(0.,1.));
#12073 = ( GEOMETRIC_REPRESENTATION_CONTEXT(2) 
PARAMETRIC_REPRESENTATION_CONTEXT() REPRESENTATION_CONTEXT('2D SPACE',''
  ) );
#12074 = ADVANCED_FACE('',(#12075),#11405,.T.);
#12075 = FACE_BOUND('',#12076,.T.);
#12076 = EDGE_LOOP('',(#12077,#12078,#12079,#12102));
#12077 = ORIENTED_EDGE('',*,*,#11391,.F.);
#12078 = ORIENTED_EDGE('',*,*,#12002,.T.);
#12079 = ORIENTED_EDGE('',*,*,#12080,.T.);
#12080 = EDGE_CURVE('',#12003,#12081,#12083,.T.);
#12081 = VERTEX_POINT('',#12082);
#12082 = CARTESIAN_POINT('',(-29.25,14.725,0.7));
#12083 = SURFACE_CURVE('',#12084,(#12088,#12095),.PCURVE_S1.);
#12084 = LINE('',#12085,#12086);
#12085 = CARTESIAN_POINT('',(-33.75,14.725,0.7));
#12086 = VECTOR('',#12087,1.);
#12087 = DIRECTION('',(1.,0.,0.));
#12088 = PCURVE('',#11405,#12089);
#12089 = DEFINITIONAL_REPRESENTATION('',(#12090),#12094);
#12090 = LINE('',#12091,#12092);
#12091 = CARTESIAN_POINT('',(0.7,0.));
#12092 = VECTOR('',#12093,1.);
#12093 = DIRECTION('',(0.,1.));
#12094 = ( GEOMETRIC_REPRESENTATION_CONTEXT(2) 
PARAMETRIC_REPRESENTATION_CONTEXT() REPRESENTATION_CONTEXT('2D SPACE',''
  ) );
#12095 = PCURVE('',#12063,#12096);
#12096 = DEFINITIONAL_REPRESENTATION('',(#12097),#12101);
#12097 = LINE('',#12098,#12099);
#12098 = CARTESIAN_POINT('',(0.,0.));
#12099 = VECTOR('',#12100,1.);
#12100 = DIRECTION('',(1.,0.));
#12101 = ( GEOMETRIC_REPRESENTATION_CONTEXT(2) 
PARAMETRIC_REPRESENTATION_CONTEXT() REPRESENTATION_CONTEXT('2D SPACE',''
  ) );
#12102 = ORIENTED_EDGE('',*,*,#12103,.F.);
#12103 = EDGE_CURVE('',#11364,#12081,#12104,.T.);
#12104 = SURFACE_CURVE('',#12105,(#12109,#12116),.PCURVE_S1.);
#12105 = LINE('',#12106,#12107);
#12106 = CARTESIAN_POINT('',(-29.25,14.725,0.));
#12107 = VECTOR('',#12108,1.);
#12108 = DIRECTION('',(0.,0.,1.));
#12109 = PCURVE('',#11405,#12110);
#12110 = DEFINITIONAL_REPRESENTATION('',(#12111),#12115);
#12111 = LINE('',#12112,#12113);
#12112 = CARTESIAN_POINT('',(0.,4.5));
#12113 = VECTOR('',#12114,1.);
#12114 = DIRECTION('',(1.,0.));
#12115 = ( GEOMETRIC_REPRESENTATION_CONTEXT(2) 
PARAMETRIC_REPRESENTATION_CONTEXT() REPRESENTATION_CONTEXT('2D SPACE',''
  ) );
#12116 = PCURVE('',#11379,#12117);
#12117 = DEFINITIONAL_REPRESENTATION('',(#12118),#12122);
#12118 = LINE('',#12119,#12120);
#12119 = CARTESIAN_POINT('',(0.,0.));
#12120 = VECTOR('',#12121,1.);
#12121 = DIRECTION('',(1.,0.));
#12122 = ( GEOMETRIC_REPRESENTATION_CONTEXT(2) 
PARAMETRIC_REPRESENTATION_CONTEXT() REPRESENTATION_CONTEXT('2D SPACE',''
  ) );
#12123 = ADVANCED_FACE('',(#12124),#11379,.F.);
#12124 = FACE_BOUND('',#12125,.F.);
#12125 = EDGE_LOOP('',(#12126,#12127,#12128,#12151));
#12126 = ORIENTED_EDGE('',*,*,#12103,.F.);
#12127 = ORIENTED_EDGE('',*,*,#11363,.T.);
#12128 = ORIENTED_EDGE('',*,*,#12129,.T.);
#12129 = EDGE_CURVE('',#11336,#12130,#12132,.T.);
#12130 = VERTEX_POINT('',#12131);
#12131 = CARTESIAN_POINT('',(-29.25,21.275,0.7));
#12132 = SURFACE_CURVE('',#12133,(#12137,#12144),.PCURVE_S1.);
#12133 = LINE('',#12134,#12135);
#12134 = CARTESIAN_POINT('',(-29.25,21.275,0.));
#12135 = VECTOR('',#12136,1.);
#12136 = DIRECTION('',(0.,0.,1.));
#12137 = PCURVE('',#11379,#12138);
#12138 = DEFINITIONAL_REPRESENTATION('',(#12139),#12143);
#12139 = LINE('',#12140,#12141);
#12140 = CARTESIAN_POINT('',(0.,-6.55));
#12141 = VECTOR('',#12142,1.);
#12142 = DIRECTION('',(1.,0.));
#12143 = ( GEOMETRIC_REPRESENTATION_CONTEXT(2) 
PARAMETRIC_REPRESENTATION_CONTEXT() REPRESENTATION_CONTEXT('2D SPACE',''
  ) );
#12144 = PCURVE('',#11351,#12145);
#12145 = DEFINITIONAL_REPRESENTATION('',(#12146),#12150);
#12146 = LINE('',#12147,#12148);
#12147 = CARTESIAN_POINT('',(0.,4.5));
#12148 = VECTOR('',#12149,1.);
#12149 = DIRECTION('',(1.,0.));
#12150 = ( GEOMETRIC_REPRESENTATION_CONTEXT(2) 
PARAMETRIC_REPRESENTATION_CONTEXT() REPRESENTATION_CONTEXT('2D SPACE',''
  ) );
#12151 = ORIENTED_EDGE('',*,*,#12152,.F.);
#12152 = EDGE_CURVE('',#12081,#12130,#12153,.T.);
#12153 = SURFACE_CURVE('',#12154,(#12158,#12165),.PCURVE_S1.);
#12154 = LINE('',#12155,#12156);
#12155 = CARTESIAN_POINT('',(-29.25,14.725,0.7));
#12156 = VECTOR('',#12157,1.);
#12157 = DIRECTION('',(0.,1.,0.));
#12158 = PCURVE('',#11379,#12159);
#12159 = DEFINITIONAL_REPRESENTATION('',(#12160),#12164);
#12160 = LINE('',#12161,#12162);
#12161 = CARTESIAN_POINT('',(0.7,0.));
#12162 = VECTOR('',#12163,1.);
#12163 = DIRECTION('',(0.,-1.));
#12164 = ( GEOMETRIC_REPRESENTATION_CONTEXT(2) 
PARAMETRIC_REPRESENTATION_CONTEXT() REPRESENTATION_CONTEXT('2D SPACE',''
  ) );
#12165 = PCURVE('',#12063,#12166);
#12166 = DEFINITIONAL_REPRESENTATION('',(#12167),#12171);
#12167 = LINE('',#12168,#12169);
#12168 = CARTESIAN_POINT('',(4.5,0.));
#12169 = VECTOR('',#12170,1.);
#12170 = DIRECTION('',(0.,1.));
#12171 = ( GEOMETRIC_REPRESENTATION_CONTEXT(2) 
PARAMETRIC_REPRESENTATION_CONTEXT() REPRESENTATION_CONTEXT('2D SPACE',''
  ) );
#12172 = ADVANCED_FACE('',(#12173),#11351,.F.);
#12173 = FACE_BOUND('',#12174,.F.);
#12174 = EDGE_LOOP('',(#12175,#12176,#12177,#12198));
#12175 = ORIENTED_EDGE('',*,*,#11335,.F.);
#12176 = ORIENTED_EDGE('',*,*,#12026,.T.);
#12177 = ORIENTED_EDGE('',*,*,#12178,.T.);
#12178 = EDGE_CURVE('',#12027,#12130,#12179,.T.);
#12179 = SURFACE_CURVE('',#12180,(#12184,#12191),.PCURVE_S1.);
#12180 = LINE('',#12181,#12182);
#12181 = CARTESIAN_POINT('',(-33.75,21.275,0.7));
#12182 = VECTOR('',#12183,1.);
#12183 = DIRECTION('',(1.,0.,0.));
#12184 = PCURVE('',#11351,#12185);
#12185 = DEFINITIONAL_REPRESENTATION('',(#12186),#12190);
#12186 = LINE('',#12187,#12188);
#12187 = CARTESIAN_POINT('',(0.7,0.));
#12188 = VECTOR('',#12189,1.);
#12189 = DIRECTION('',(0.,1.));
#12190 = ( GEOMETRIC_REPRESENTATION_CONTEXT(2) 
PARAMETRIC_REPRESENTATION_CONTEXT() REPRESENTATION_CONTEXT('2D SPACE',''
  ) );
#12191 = PCURVE('',#12063,#12192);
#12192 = DEFINITIONAL_REPRESENTATION('',(#12193),#12197);
#12193 = LINE('',#12194,#12195);
#12194 = CARTESIAN_POINT('',(0.,6.55));
#12195 = VECTOR('',#12196,1.);
#12196 = DIRECTION('',(1.,0.));
#12197 = ( GEOMETRIC_REPRESENTATION_CONTEXT(2) 
PARAMETRIC_REPRESENTATION_CONTEXT() REPRESENTATION_CONTEXT('2D SPACE',''
  ) );
#12198 = ORIENTED_EDGE('',*,*,#12129,.F.);
#12199 = ADVANCED_FACE('',(#12200,#12206),#12063,.F.);
#12200 = FACE_BOUND('',#12201,.F.);
#12201 = EDGE_LOOP('',(#12202,#12203,#12204,#12205));
#12202 = ORIENTED_EDGE('',*,*,#12049,.F.);
#12203 = ORIENTED_EDGE('',*,*,#12080,.T.);
#12204 = ORIENTED_EDGE('',*,*,#12152,.T.);
#12205 = ORIENTED_EDGE('',*,*,#12178,.F.);
#12206 = FACE_BOUND('',#12207,.F.);
#12207 = EDGE_LOOP('',(#12208,#12238,#12266,#12294));
#12208 = ORIENTED_EDGE('',*,*,#12209,.F.);
#12209 = EDGE_CURVE('',#12210,#12212,#12214,.T.);
#12210 = VERTEX_POINT('',#12211);
#12211 = CARTESIAN_POINT('',(-33.575,21.1,0.7));
#12212 = VERTEX_POINT('',#12213);
#12213 = CARTESIAN_POINT('',(-33.575,14.9,0.7));
#12214 = SURFACE_CURVE('',#12215,(#12219,#12226),.PCURVE_S1.);
#12215 = LINE('',#12216,#12217);
#12216 = CARTESIAN_POINT('',(-33.575,14.8125,0.7));
#12217 = VECTOR('',#12218,1.);
#12218 = DIRECTION('',(0.,-1.,0.));
#12219 = PCURVE('',#12063,#12220);
#12220 = DEFINITIONAL_REPRESENTATION('',(#12221),#12225);
#12221 = LINE('',#12222,#12223);
#12222 = CARTESIAN_POINT('',(0.175,8.75E-02));
#12223 = VECTOR('',#12224,1.);
#12224 = DIRECTION('',(0.,-1.));
#12225 = ( GEOMETRIC_REPRESENTATION_CONTEXT(2) 
PARAMETRIC_REPRESENTATION_CONTEXT() REPRESENTATION_CONTEXT('2D SPACE',''
  ) );
#12226 = PCURVE('',#12227,#12232);
#12227 = PLANE('',#12228);
#12228 = AXIS2_PLACEMENT_3D('',#12229,#12230,#12231);
#12229 = CARTESIAN_POINT('',(-33.575,14.9,0.));
#12230 = DIRECTION('',(1.,0.,0.));
#12231 = DIRECTION('',(0.,0.,1.));
#12232 = DEFINITIONAL_REPRESENTATION('',(#12233),#12237);
#12233 = LINE('',#12234,#12235);
#12234 = CARTESIAN_POINT('',(0.7,8.75E-02));
#12235 = VECTOR('',#12236,1.);
#12236 = DIRECTION('',(0.,1.));
#12237 = ( GEOMETRIC_REPRESENTATION_CONTEXT(2) 
PARAMETRIC_REPRESENTATION_CONTEXT() REPRESENTATION_CONTEXT('2D SPACE',''
  ) );
#12238 = ORIENTED_EDGE('',*,*,#12239,.T.);
#12239 = EDGE_CURVE('',#12210,#12240,#12242,.T.);
#12240 = VERTEX_POINT('',#12241);
#12241 = CARTESIAN_POINT('',(-29.425,21.1,0.7));
#12242 = SURFACE_CURVE('',#12243,(#12247,#12254),.PCURVE_S1.);
#12243 = LINE('',#12244,#12245);
#12244 = CARTESIAN_POINT('',(-33.6625,21.1,0.7));
#12245 = VECTOR('',#12246,1.);
#12246 = DIRECTION('',(1.,0.,0.));
#12247 = PCURVE('',#12063,#12248);
#12248 = DEFINITIONAL_REPRESENTATION('',(#12249),#12253);
#12249 = LINE('',#12250,#12251);
#12250 = CARTESIAN_POINT('',(8.75E-02,6.375));
#12251 = VECTOR('',#12252,1.);
#12252 = DIRECTION('',(1.,0.));
#12253 = ( GEOMETRIC_REPRESENTATION_CONTEXT(2) 
PARAMETRIC_REPRESENTATION_CONTEXT() REPRESENTATION_CONTEXT('2D SPACE',''
  ) );
#12254 = PCURVE('',#12255,#12260);
#12255 = PLANE('',#12256);
#12256 = AXIS2_PLACEMENT_3D('',#12257,#12258,#12259);
#12257 = CARTESIAN_POINT('',(-33.575,21.1,0.));
#12258 = DIRECTION('',(0.,1.,0.));
#12259 = DIRECTION('',(0.,-0.,1.));
#12260 = DEFINITIONAL_REPRESENTATION('',(#12261),#12265);
#12261 = LINE('',#12262,#12263);
#12262 = CARTESIAN_POINT('',(0.7,-8.75E-02));
#12263 = VECTOR('',#12264,1.);
#12264 = DIRECTION('',(0.,1.));
#12265 = ( GEOMETRIC_REPRESENTATION_CONTEXT(2) 
PARAMETRIC_REPRESENTATION_CONTEXT() REPRESENTATION_CONTEXT('2D SPACE',''
  ) );
#12266 = ORIENTED_EDGE('',*,*,#12267,.T.);
#12267 = EDGE_CURVE('',#12240,#12268,#12270,.T.);
#12268 = VERTEX_POINT('',#12269);
#12269 = CARTESIAN_POINT('',(-29.425,14.9,0.7));
#12270 = SURFACE_CURVE('',#12271,(#12275,#12282),.PCURVE_S1.);
#12271 = LINE('',#12272,#12273);
#12272 = CARTESIAN_POINT('',(-29.425,14.8125,0.7));
#12273 = VECTOR('',#12274,1.);
#12274 = DIRECTION('',(0.,-1.,0.));
#12275 = PCURVE('',#12063,#12276);
#12276 = DEFINITIONAL_REPRESENTATION('',(#12277),#12281);
#12277 = LINE('',#12278,#12279);
#12278 = CARTESIAN_POINT('',(4.325,8.75E-02));
#12279 = VECTOR('',#12280,1.);
#12280 = DIRECTION('',(0.,-1.));
#12281 = ( GEOMETRIC_REPRESENTATION_CONTEXT(2) 
PARAMETRIC_REPRESENTATION_CONTEXT() REPRESENTATION_CONTEXT('2D SPACE',''
  ) );
#12282 = PCURVE('',#12283,#12288);
#12283 = PLANE('',#12284);
#12284 = AXIS2_PLACEMENT_3D('',#12285,#12286,#12287);
#12285 = CARTESIAN_POINT('',(-29.425,14.9,0.));
#12286 = DIRECTION('',(1.,0.,0.));
#12287 = DIRECTION('',(0.,0.,1.));
#12288 = DEFINITIONAL_REPRESENTATION('',(#12289),#12293);
#12289 = LINE('',#12290,#12291);
#12290 = CARTESIAN_POINT('',(0.7,8.75E-02));
#12291 = VECTOR('',#12292,1.);
#12292 = DIRECTION('',(0.,1.));
#12293 = ( GEOMETRIC_REPRESENTATION_CONTEXT(2) 
PARAMETRIC_REPRESENTATION_CONTEXT() REPRESENTATION_CONTEXT('2D SPACE',''
  ) );
#12294 = ORIENTED_EDGE('',*,*,#12295,.F.);
#12295 = EDGE_CURVE('',#12212,#12268,#12296,.T.);
#12296 = SURFACE_CURVE('',#12297,(#12301,#12308),.PCURVE_S1.);
#12297 = LINE('',#12298,#12299);
#12298 = CARTESIAN_POINT('',(-33.6625,14.9,0.7));
#12299 = VECTOR('',#12300,1.);
#12300 = DIRECTION('',(1.,0.,0.));
#12301 = PCURVE('',#12063,#12302);
#12302 = DEFINITIONAL_REPRESENTATION('',(#12303),#12307);
#12303 = LINE('',#12304,#12305);
#12304 = CARTESIAN_POINT('',(8.75E-02,0.175));
#12305 = VECTOR('',#12306,1.);
#12306 = DIRECTION('',(1.,0.));
#12307 = ( GEOMETRIC_REPRESENTATION_CONTEXT(2) 
PARAMETRIC_REPRESENTATION_CONTEXT() REPRESENTATION_CONTEXT('2D SPACE',''
  ) );
#12308 = PCURVE('',#12309,#12314);
#12309 = PLANE('',#12310);
#12310 = AXIS2_PLACEMENT_3D('',#12311,#12312,#12313);
#12311 = CARTESIAN_POINT('',(-33.575,14.9,0.));
#12312 = DIRECTION('',(0.,1.,0.));
#12313 = DIRECTION('',(0.,-0.,1.));
#12314 = DEFINITIONAL_REPRESENTATION('',(#12315),#12319);
#12315 = LINE('',#12316,#12317);
#12316 = CARTESIAN_POINT('',(0.7,-8.75E-02));
#12317 = VECTOR('',#12318,1.);
#12318 = DIRECTION('',(0.,1.));
#12319 = ( GEOMETRIC_REPRESENTATION_CONTEXT(2) 
PARAMETRIC_REPRESENTATION_CONTEXT() REPRESENTATION_CONTEXT('2D SPACE',''
  ) );
#12320 = ADVANCED_FACE('',(#12321),#12227,.T.);
#12321 = FACE_BOUND('',#12322,.T.);
#12322 = EDGE_LOOP('',(#12323,#12346,#12347,#12370));
#12323 = ORIENTED_EDGE('',*,*,#12324,.F.);
#12324 = EDGE_CURVE('',#12212,#12325,#12327,.T.);
#12325 = VERTEX_POINT('',#12326);
#12326 = CARTESIAN_POINT('',(-33.575,14.9,4.));
#12327 = SURFACE_CURVE('',#12328,(#12332,#12339),.PCURVE_S1.);
#12328 = LINE('',#12329,#12330);
#12329 = CARTESIAN_POINT('',(-33.575,14.9,0.));
#12330 = VECTOR('',#12331,1.);
#12331 = DIRECTION('',(0.,0.,1.));
#12332 = PCURVE('',#12227,#12333);
#12333 = DEFINITIONAL_REPRESENTATION('',(#12334),#12338);
#12334 = LINE('',#12335,#12336);
#12335 = CARTESIAN_POINT('',(0.,0.));
#12336 = VECTOR('',#12337,1.);
#12337 = DIRECTION('',(1.,0.));
#12338 = ( GEOMETRIC_REPRESENTATION_CONTEXT(2) 
PARAMETRIC_REPRESENTATION_CONTEXT() REPRESENTATION_CONTEXT('2D SPACE',''
  ) );
#12339 = PCURVE('',#12309,#12340);
#12340 = DEFINITIONAL_REPRESENTATION('',(#12341),#12345);
#12341 = LINE('',#12342,#12343);
#12342 = CARTESIAN_POINT('',(0.,0.));
#12343 = VECTOR('',#12344,1.);
#12344 = DIRECTION('',(1.,0.));
#12345 = ( GEOMETRIC_REPRESENTATION_CONTEXT(2) 
PARAMETRIC_REPRESENTATION_CONTEXT() REPRESENTATION_CONTEXT('2D SPACE',''
  ) );
#12346 = ORIENTED_EDGE('',*,*,#12209,.F.);
#12347 = ORIENTED_EDGE('',*,*,#12348,.T.);
#12348 = EDGE_CURVE('',#12210,#12349,#12351,.T.);
#12349 = VERTEX_POINT('',#12350);
#12350 = CARTESIAN_POINT('',(-33.575,21.1,4.));
#12351 = SURFACE_CURVE('',#12352,(#12356,#12363),.PCURVE_S1.);
#12352 = LINE('',#12353,#12354);
#12353 = CARTESIAN_POINT('',(-33.575,21.1,0.));
#12354 = VECTOR('',#12355,1.);
#12355 = DIRECTION('',(0.,0.,1.));
#12356 = PCURVE('',#12227,#12357);
#12357 = DEFINITIONAL_REPRESENTATION('',(#12358),#12362);
#12358 = LINE('',#12359,#12360);
#12359 = CARTESIAN_POINT('',(0.,-6.2));
#12360 = VECTOR('',#12361,1.);
#12361 = DIRECTION('',(1.,0.));
#12362 = ( GEOMETRIC_REPRESENTATION_CONTEXT(2) 
PARAMETRIC_REPRESENTATION_CONTEXT() REPRESENTATION_CONTEXT('2D SPACE',''
  ) );
#12363 = PCURVE('',#12255,#12364);
#12364 = DEFINITIONAL_REPRESENTATION('',(#12365),#12369);
#12365 = LINE('',#12366,#12367);
#12366 = CARTESIAN_POINT('',(0.,0.));
#12367 = VECTOR('',#12368,1.);
#12368 = DIRECTION('',(1.,0.));
#12369 = ( GEOMETRIC_REPRESENTATION_CONTEXT(2) 
PARAMETRIC_REPRESENTATION_CONTEXT() REPRESENTATION_CONTEXT('2D SPACE',''
  ) );
#12370 = ORIENTED_EDGE('',*,*,#12371,.T.);
#12371 = EDGE_CURVE('',#12349,#12325,#12372,.T.);
#12372 = SURFACE_CURVE('',#12373,(#12377,#12384),.PCURVE_S1.);
#12373 = LINE('',#12374,#12375);
#12374 = CARTESIAN_POINT('',(-33.575,14.9,4.));
#12375 = VECTOR('',#12376,1.);
#12376 = DIRECTION('',(0.,-1.,0.));
#12377 = PCURVE('',#12227,#12378);
#12378 = DEFINITIONAL_REPRESENTATION('',(#12379),#12383);
#12379 = LINE('',#12380,#12381);
#12380 = CARTESIAN_POINT('',(4.,0.));
#12381 = VECTOR('',#12382,1.);
#12382 = DIRECTION('',(0.,1.));
#12383 = ( GEOMETRIC_REPRESENTATION_CONTEXT(2) 
PARAMETRIC_REPRESENTATION_CONTEXT() REPRESENTATION_CONTEXT('2D SPACE',''
  ) );
#12384 = PCURVE('',#12385,#12390);
#12385 = PLANE('',#12386);
#12386 = AXIS2_PLACEMENT_3D('',#12387,#12388,#12389);
#12387 = CARTESIAN_POINT('',(-33.8,14.9,4.));
#12388 = DIRECTION('',(0.,0.,1.));
#12389 = DIRECTION('',(1.,0.,-0.));
#12390 = DEFINITIONAL_REPRESENTATION('',(#12391),#12395);
#12391 = LINE('',#12392,#12393);
#12392 = CARTESIAN_POINT('',(0.225,0.));
#12393 = VECTOR('',#12394,1.);
#12394 = DIRECTION('',(0.,-1.));
#12395 = ( GEOMETRIC_REPRESENTATION_CONTEXT(2) 
PARAMETRIC_REPRESENTATION_CONTEXT() REPRESENTATION_CONTEXT('2D SPACE',''
  ) );
#12396 = ADVANCED_FACE('',(#12397),#12309,.T.);
#12397 = FACE_BOUND('',#12398,.T.);
#12398 = EDGE_LOOP('',(#12399,#12422,#12423,#12424,#12447,#12475,#12503,
    #12531));
#12399 = ORIENTED_EDGE('',*,*,#12400,.F.);
#12400 = EDGE_CURVE('',#12268,#12401,#12403,.T.);
#12401 = VERTEX_POINT('',#12402);
#12402 = CARTESIAN_POINT('',(-29.425,14.9,4.));
#12403 = SURFACE_CURVE('',#12404,(#12408,#12415),.PCURVE_S1.);
#12404 = LINE('',#12405,#12406);
#12405 = CARTESIAN_POINT('',(-29.425,14.9,0.));
#12406 = VECTOR('',#12407,1.);
#12407 = DIRECTION('',(0.,0.,1.));
#12408 = PCURVE('',#12309,#12409);
#12409 = DEFINITIONAL_REPRESENTATION('',(#12410),#12414);
#12410 = LINE('',#12411,#12412);
#12411 = CARTESIAN_POINT('',(0.,4.15));
#12412 = VECTOR('',#12413,1.);
#12413 = DIRECTION('',(1.,0.));
#12414 = ( GEOMETRIC_REPRESENTATION_CONTEXT(2) 
PARAMETRIC_REPRESENTATION_CONTEXT() REPRESENTATION_CONTEXT('2D SPACE',''
  ) );
#12415 = PCURVE('',#12283,#12416);
#12416 = DEFINITIONAL_REPRESENTATION('',(#12417),#12421);
#12417 = LINE('',#12418,#12419);
#12418 = CARTESIAN_POINT('',(0.,0.));
#12419 = VECTOR('',#12420,1.);
#12420 = DIRECTION('',(1.,0.));
#12421 = ( GEOMETRIC_REPRESENTATION_CONTEXT(2) 
PARAMETRIC_REPRESENTATION_CONTEXT() REPRESENTATION_CONTEXT('2D SPACE',''
  ) );
#12422 = ORIENTED_EDGE('',*,*,#12295,.F.);
#12423 = ORIENTED_EDGE('',*,*,#12324,.T.);
#12424 = ORIENTED_EDGE('',*,*,#12425,.F.);
#12425 = EDGE_CURVE('',#12426,#12325,#12428,.T.);
#12426 = VERTEX_POINT('',#12427);
#12427 = CARTESIAN_POINT('',(-33.8,14.9,4.));
#12428 = SURFACE_CURVE('',#12429,(#12433,#12440),.PCURVE_S1.);
#12429 = LINE('',#12430,#12431);
#12430 = CARTESIAN_POINT('',(-33.8,14.9,4.));
#12431 = VECTOR('',#12432,1.);
#12432 = DIRECTION('',(1.,0.,0.));
#12433 = PCURVE('',#12309,#12434);
#12434 = DEFINITIONAL_REPRESENTATION('',(#12435),#12439);
#12435 = LINE('',#12436,#12437);
#12436 = CARTESIAN_POINT('',(4.,-0.225));
#12437 = VECTOR('',#12438,1.);
#12438 = DIRECTION('',(0.,1.));
#12439 = ( GEOMETRIC_REPRESENTATION_CONTEXT(2) 
PARAMETRIC_REPRESENTATION_CONTEXT() REPRESENTATION_CONTEXT('2D SPACE',''
  ) );
#12440 = PCURVE('',#12385,#12441);
#12441 = DEFINITIONAL_REPRESENTATION('',(#12442),#12446);
#12442 = LINE('',#12443,#12444);
#12443 = CARTESIAN_POINT('',(0.,0.));
#12444 = VECTOR('',#12445,1.);
#12445 = DIRECTION('',(1.,0.));
#12446 = ( GEOMETRIC_REPRESENTATION_CONTEXT(2) 
PARAMETRIC_REPRESENTATION_CONTEXT() REPRESENTATION_CONTEXT('2D SPACE',''
  ) );
#12447 = ORIENTED_EDGE('',*,*,#12448,.T.);
#12448 = EDGE_CURVE('',#12426,#12449,#12451,.T.);
#12449 = VERTEX_POINT('',#12450);
#12450 = CARTESIAN_POINT('',(-33.8,14.9,6.2));
#12451 = SURFACE_CURVE('',#12452,(#12456,#12463),.PCURVE_S1.);
#12452 = LINE('',#12453,#12454);
#12453 = CARTESIAN_POINT('',(-33.8,14.9,4.));
#12454 = VECTOR('',#12455,1.);
#12455 = DIRECTION('',(0.,0.,1.));
#12456 = PCURVE('',#12309,#12457);
#12457 = DEFINITIONAL_REPRESENTATION('',(#12458),#12462);
#12458 = LINE('',#12459,#12460);
#12459 = CARTESIAN_POINT('',(4.,-0.225));
#12460 = VECTOR('',#12461,1.);
#12461 = DIRECTION('',(1.,0.));
#12462 = ( GEOMETRIC_REPRESENTATION_CONTEXT(2) 
PARAMETRIC_REPRESENTATION_CONTEXT() REPRESENTATION_CONTEXT('2D SPACE',''
  ) );
#12463 = PCURVE('',#12464,#12469);
#12464 = PLANE('',#12465);
#12465 = AXIS2_PLACEMENT_3D('',#12466,#12467,#12468);
#12466 = CARTESIAN_POINT('',(-33.8,14.9,4.));
#12467 = DIRECTION('',(1.,0.,0.));
#12468 = DIRECTION('',(0.,0.,1.));
#12469 = DEFINITIONAL_REPRESENTATION('',(#12470),#12474);
#12470 = LINE('',#12471,#12472);
#12471 = CARTESIAN_POINT('',(0.,0.));
#12472 = VECTOR('',#12473,1.);
#12473 = DIRECTION('',(1.,0.));
#12474 = ( GEOMETRIC_REPRESENTATION_CONTEXT(2) 
PARAMETRIC_REPRESENTATION_CONTEXT() REPRESENTATION_CONTEXT('2D SPACE',''
  ) );
#12475 = ORIENTED_EDGE('',*,*,#12476,.F.);
#12476 = EDGE_CURVE('',#12477,#12449,#12479,.T.);
#12477 = VERTEX_POINT('',#12478);
#12478 = CARTESIAN_POINT('',(-29.2,14.9,6.2));
#12479 = SURFACE_CURVE('',#12480,(#12484,#12491),.PCURVE_S1.);
#12480 = LINE('',#12481,#12482);
#12481 = CARTESIAN_POINT('',(-29.2,14.9,6.2));
#12482 = VECTOR('',#12483,1.);
#12483 = DIRECTION('',(-1.,0.,0.));
#12484 = PCURVE('',#12309,#12485);
#12485 = DEFINITIONAL_REPRESENTATION('',(#12486),#12490);
#12486 = LINE('',#12487,#12488);
#12487 = CARTESIAN_POINT('',(6.2,4.375));
#12488 = VECTOR('',#12489,1.);
#12489 = DIRECTION('',(0.,-1.));
#12490 = ( GEOMETRIC_REPRESENTATION_CONTEXT(2) 
PARAMETRIC_REPRESENTATION_CONTEXT() REPRESENTATION_CONTEXT('2D SPACE',''
  ) );
#12491 = PCURVE('',#12492,#12497);
#12492 = PLANE('',#12493);
#12493 = AXIS2_PLACEMENT_3D('',#12494,#12495,#12496);
#12494 = CARTESIAN_POINT('',(-33.575,14.9,6.2));
#12495 = DIRECTION('',(0.,0.,1.));
#12496 = DIRECTION('',(1.,0.,-0.));
#12497 = DEFINITIONAL_REPRESENTATION('',(#12498),#12502);
#12498 = LINE('',#12499,#12500);
#12499 = CARTESIAN_POINT('',(4.375,0.));
#12500 = VECTOR('',#12501,1.);
#12501 = DIRECTION('',(-1.,0.));
#12502 = ( GEOMETRIC_REPRESENTATION_CONTEXT(2) 
PARAMETRIC_REPRESENTATION_CONTEXT() REPRESENTATION_CONTEXT('2D SPACE',''
  ) );
#12503 = ORIENTED_EDGE('',*,*,#12504,.F.);
#12504 = EDGE_CURVE('',#12505,#12477,#12507,.T.);
#12505 = VERTEX_POINT('',#12506);
#12506 = CARTESIAN_POINT('',(-29.2,14.9,4.));
#12507 = SURFACE_CURVE('',#12508,(#12512,#12519),.PCURVE_S1.);
#12508 = LINE('',#12509,#12510);
#12509 = CARTESIAN_POINT('',(-29.2,14.9,4.));
#12510 = VECTOR('',#12511,1.);
#12511 = DIRECTION('',(0.,0.,1.));
#12512 = PCURVE('',#12309,#12513);
#12513 = DEFINITIONAL_REPRESENTATION('',(#12514),#12518);
#12514 = LINE('',#12515,#12516);
#12515 = CARTESIAN_POINT('',(4.,4.375));
#12516 = VECTOR('',#12517,1.);
#12517 = DIRECTION('',(1.,0.));
#12518 = ( GEOMETRIC_REPRESENTATION_CONTEXT(2) 
PARAMETRIC_REPRESENTATION_CONTEXT() REPRESENTATION_CONTEXT('2D SPACE',''
  ) );
#12519 = PCURVE('',#12520,#12525);
#12520 = PLANE('',#12521);
#12521 = AXIS2_PLACEMENT_3D('',#12522,#12523,#12524);
#12522 = CARTESIAN_POINT('',(-29.2,14.9,4.));
#12523 = DIRECTION('',(1.,0.,0.));
#12524 = DIRECTION('',(0.,0.,1.));
#12525 = DEFINITIONAL_REPRESENTATION('',(#12526),#12530);
#12526 = LINE('',#12527,#12528);
#12527 = CARTESIAN_POINT('',(0.,0.));
#12528 = VECTOR('',#12529,1.);
#12529 = DIRECTION('',(1.,0.));
#12530 = ( GEOMETRIC_REPRESENTATION_CONTEXT(2) 
PARAMETRIC_REPRESENTATION_CONTEXT() REPRESENTATION_CONTEXT('2D SPACE',''
  ) );
#12531 = ORIENTED_EDGE('',*,*,#12532,.F.);
#12532 = EDGE_CURVE('',#12401,#12505,#12533,.T.);
#12533 = SURFACE_CURVE('',#12534,(#12538,#12545),.PCURVE_S1.);
#12534 = LINE('',#12535,#12536);
#12535 = CARTESIAN_POINT('',(-33.8,14.9,4.));
#12536 = VECTOR('',#12537,1.);
#12537 = DIRECTION('',(1.,0.,0.));
#12538 = PCURVE('',#12309,#12539);
#12539 = DEFINITIONAL_REPRESENTATION('',(#12540),#12544);
#12540 = LINE('',#12541,#12542);
#12541 = CARTESIAN_POINT('',(4.,-0.225));
#12542 = VECTOR('',#12543,1.);
#12543 = DIRECTION('',(0.,1.));
#12544 = ( GEOMETRIC_REPRESENTATION_CONTEXT(2) 
PARAMETRIC_REPRESENTATION_CONTEXT() REPRESENTATION_CONTEXT('2D SPACE',''
  ) );
#12545 = PCURVE('',#12546,#12551);
#12546 = PLANE('',#12547);
#12547 = AXIS2_PLACEMENT_3D('',#12548,#12549,#12550);
#12548 = CARTESIAN_POINT('',(-33.8,14.9,4.));
#12549 = DIRECTION('',(0.,0.,1.));
#12550 = DIRECTION('',(1.,0.,-0.));
#12551 = DEFINITIONAL_REPRESENTATION('',(#12552),#12556);
#12552 = LINE('',#12553,#12554);
#12553 = CARTESIAN_POINT('',(0.,0.));
#12554 = VECTOR('',#12555,1.);
#12555 = DIRECTION('',(1.,0.));
#12556 = ( GEOMETRIC_REPRESENTATION_CONTEXT(2) 
PARAMETRIC_REPRESENTATION_CONTEXT() REPRESENTATION_CONTEXT('2D SPACE',''
  ) );
#12557 = ADVANCED_FACE('',(#12558),#12283,.F.);
#12558 = FACE_BOUND('',#12559,.F.);
#12559 = EDGE_LOOP('',(#12560,#12561,#12562,#12585));
#12560 = ORIENTED_EDGE('',*,*,#12400,.F.);
#12561 = ORIENTED_EDGE('',*,*,#12267,.F.);
#12562 = ORIENTED_EDGE('',*,*,#12563,.T.);
#12563 = EDGE_CURVE('',#12240,#12564,#12566,.T.);
#12564 = VERTEX_POINT('',#12565);
#12565 = CARTESIAN_POINT('',(-29.425,21.1,4.));
#12566 = SURFACE_CURVE('',#12567,(#12571,#12578),.PCURVE_S1.);
#12567 = LINE('',#12568,#12569);
#12568 = CARTESIAN_POINT('',(-29.425,21.1,0.));
#12569 = VECTOR('',#12570,1.);
#12570 = DIRECTION('',(0.,0.,1.));
#12571 = PCURVE('',#12283,#12572);
#12572 = DEFINITIONAL_REPRESENTATION('',(#12573),#12577);
#12573 = LINE('',#12574,#12575);
#12574 = CARTESIAN_POINT('',(0.,-6.2));
#12575 = VECTOR('',#12576,1.);
#12576 = DIRECTION('',(1.,0.));
#12577 = ( GEOMETRIC_REPRESENTATION_CONTEXT(2) 
PARAMETRIC_REPRESENTATION_CONTEXT() REPRESENTATION_CONTEXT('2D SPACE',''
  ) );
#12578 = PCURVE('',#12255,#12579);
#12579 = DEFINITIONAL_REPRESENTATION('',(#12580),#12584);
#12580 = LINE('',#12581,#12582);
#12581 = CARTESIAN_POINT('',(0.,4.15));
#12582 = VECTOR('',#12583,1.);
#12583 = DIRECTION('',(1.,0.));
#12584 = ( GEOMETRIC_REPRESENTATION_CONTEXT(2) 
PARAMETRIC_REPRESENTATION_CONTEXT() REPRESENTATION_CONTEXT('2D SPACE',''
  ) );
#12585 = ORIENTED_EDGE('',*,*,#12586,.T.);
#12586 = EDGE_CURVE('',#12564,#12401,#12587,.T.);
#12587 = SURFACE_CURVE('',#12588,(#12592,#12599),.PCURVE_S1.);
#12588 = LINE('',#12589,#12590);
#12589 = CARTESIAN_POINT('',(-29.425,14.9,4.));
#12590 = VECTOR('',#12591,1.);
#12591 = DIRECTION('',(0.,-1.,0.));
#12592 = PCURVE('',#12283,#12593);
#12593 = DEFINITIONAL_REPRESENTATION('',(#12594),#12598);
#12594 = LINE('',#12595,#12596);
#12595 = CARTESIAN_POINT('',(4.,0.));
#12596 = VECTOR('',#12597,1.);
#12597 = DIRECTION('',(0.,1.));
#12598 = ( GEOMETRIC_REPRESENTATION_CONTEXT(2) 
PARAMETRIC_REPRESENTATION_CONTEXT() REPRESENTATION_CONTEXT('2D SPACE',''
  ) );
#12599 = PCURVE('',#12546,#12600);
#12600 = DEFINITIONAL_REPRESENTATION('',(#12601),#12605);
#12601 = LINE('',#12602,#12603);
#12602 = CARTESIAN_POINT('',(4.375,0.));
#12603 = VECTOR('',#12604,1.);
#12604 = DIRECTION('',(0.,-1.));
#12605 = ( GEOMETRIC_REPRESENTATION_CONTEXT(2) 
PARAMETRIC_REPRESENTATION_CONTEXT() REPRESENTATION_CONTEXT('2D SPACE',''
  ) );
#12606 = ADVANCED_FACE('',(#12607),#12255,.F.);
#12607 = FACE_BOUND('',#12608,.F.);
#12608 = EDGE_LOOP('',(#12609,#12610,#12611,#12612,#12635,#12658,#12681,
    #12704));
#12609 = ORIENTED_EDGE('',*,*,#12563,.F.);
#12610 = ORIENTED_EDGE('',*,*,#12239,.F.);
#12611 = ORIENTED_EDGE('',*,*,#12348,.T.);
#12612 = ORIENTED_EDGE('',*,*,#12613,.F.);
#12613 = EDGE_CURVE('',#12614,#12349,#12616,.T.);
#12614 = VERTEX_POINT('',#12615);
#12615 = CARTESIAN_POINT('',(-33.8,21.1,4.));
#12616 = SURFACE_CURVE('',#12617,(#12621,#12628),.PCURVE_S1.);
#12617 = LINE('',#12618,#12619);
#12618 = CARTESIAN_POINT('',(-33.8,21.1,4.));
#12619 = VECTOR('',#12620,1.);
#12620 = DIRECTION('',(1.,0.,0.));
#12621 = PCURVE('',#12255,#12622);
#12622 = DEFINITIONAL_REPRESENTATION('',(#12623),#12627);
#12623 = LINE('',#12624,#12625);
#12624 = CARTESIAN_POINT('',(4.,-0.225));
#12625 = VECTOR('',#12626,1.);
#12626 = DIRECTION('',(0.,1.));
#12627 = ( GEOMETRIC_REPRESENTATION_CONTEXT(2) 
PARAMETRIC_REPRESENTATION_CONTEXT() REPRESENTATION_CONTEXT('2D SPACE',''
  ) );
#12628 = PCURVE('',#12385,#12629);
#12629 = DEFINITIONAL_REPRESENTATION('',(#12630),#12634);
#12630 = LINE('',#12631,#12632);
#12631 = CARTESIAN_POINT('',(0.,6.2));
#12632 = VECTOR('',#12633,1.);
#12633 = DIRECTION('',(1.,0.));
#12634 = ( GEOMETRIC_REPRESENTATION_CONTEXT(2) 
PARAMETRIC_REPRESENTATION_CONTEXT() REPRESENTATION_CONTEXT('2D SPACE',''
  ) );
#12635 = ORIENTED_EDGE('',*,*,#12636,.T.);
#12636 = EDGE_CURVE('',#12614,#12637,#12639,.T.);
#12637 = VERTEX_POINT('',#12638);
#12638 = CARTESIAN_POINT('',(-33.8,21.1,6.2));
#12639 = SURFACE_CURVE('',#12640,(#12644,#12651),.PCURVE_S1.);
#12640 = LINE('',#12641,#12642);
#12641 = CARTESIAN_POINT('',(-33.8,21.1,4.));
#12642 = VECTOR('',#12643,1.);
#12643 = DIRECTION('',(0.,0.,1.));
#12644 = PCURVE('',#12255,#12645);
#12645 = DEFINITIONAL_REPRESENTATION('',(#12646),#12650);
#12646 = LINE('',#12647,#12648);
#12647 = CARTESIAN_POINT('',(4.,-0.225));
#12648 = VECTOR('',#12649,1.);
#12649 = DIRECTION('',(1.,0.));
#12650 = ( GEOMETRIC_REPRESENTATION_CONTEXT(2) 
PARAMETRIC_REPRESENTATION_CONTEXT() REPRESENTATION_CONTEXT('2D SPACE',''
  ) );
#12651 = PCURVE('',#12464,#12652);
#12652 = DEFINITIONAL_REPRESENTATION('',(#12653),#12657);
#12653 = LINE('',#12654,#12655);
#12654 = CARTESIAN_POINT('',(0.,-6.2));
#12655 = VECTOR('',#12656,1.);
#12656 = DIRECTION('',(1.,0.));
#12657 = ( GEOMETRIC_REPRESENTATION_CONTEXT(2) 
PARAMETRIC_REPRESENTATION_CONTEXT() REPRESENTATION_CONTEXT('2D SPACE',''
  ) );
#12658 = ORIENTED_EDGE('',*,*,#12659,.T.);
#12659 = EDGE_CURVE('',#12637,#12660,#12662,.T.);
#12660 = VERTEX_POINT('',#12661);
#12661 = CARTESIAN_POINT('',(-29.2,21.1,6.2));
#12662 = SURFACE_CURVE('',#12663,(#12667,#12674),.PCURVE_S1.);
#12663 = LINE('',#12664,#12665);
#12664 = CARTESIAN_POINT('',(-33.8,21.1,6.2));
#12665 = VECTOR('',#12666,1.);
#12666 = DIRECTION('',(1.,0.,0.));
#12667 = PCURVE('',#12255,#12668);
#12668 = DEFINITIONAL_REPRESENTATION('',(#12669),#12673);
#12669 = LINE('',#12670,#12671);
#12670 = CARTESIAN_POINT('',(6.2,-0.225));
#12671 = VECTOR('',#12672,1.);
#12672 = DIRECTION('',(0.,1.));
#12673 = ( GEOMETRIC_REPRESENTATION_CONTEXT(2) 
PARAMETRIC_REPRESENTATION_CONTEXT() REPRESENTATION_CONTEXT('2D SPACE',''
  ) );
#12674 = PCURVE('',#12492,#12675);
#12675 = DEFINITIONAL_REPRESENTATION('',(#12676),#12680);
#12676 = LINE('',#12677,#12678);
#12677 = CARTESIAN_POINT('',(-0.225,6.2));
#12678 = VECTOR('',#12679,1.);
#12679 = DIRECTION('',(1.,0.));
#12680 = ( GEOMETRIC_REPRESENTATION_CONTEXT(2) 
PARAMETRIC_REPRESENTATION_CONTEXT() REPRESENTATION_CONTEXT('2D SPACE',''
  ) );
#12681 = ORIENTED_EDGE('',*,*,#12682,.F.);
#12682 = EDGE_CURVE('',#12683,#12660,#12685,.T.);
#12683 = VERTEX_POINT('',#12684);
#12684 = CARTESIAN_POINT('',(-29.2,21.1,4.));
#12685 = SURFACE_CURVE('',#12686,(#12690,#12697),.PCURVE_S1.);
#12686 = LINE('',#12687,#12688);
#12687 = CARTESIAN_POINT('',(-29.2,21.1,4.));
#12688 = VECTOR('',#12689,1.);
#12689 = DIRECTION('',(0.,0.,1.));
#12690 = PCURVE('',#12255,#12691);
#12691 = DEFINITIONAL_REPRESENTATION('',(#12692),#12696);
#12692 = LINE('',#12693,#12694);
#12693 = CARTESIAN_POINT('',(4.,4.375));
#12694 = VECTOR('',#12695,1.);
#12695 = DIRECTION('',(1.,0.));
#12696 = ( GEOMETRIC_REPRESENTATION_CONTEXT(2) 
PARAMETRIC_REPRESENTATION_CONTEXT() REPRESENTATION_CONTEXT('2D SPACE',''
  ) );
#12697 = PCURVE('',#12520,#12698);
#12698 = DEFINITIONAL_REPRESENTATION('',(#12699),#12703);
#12699 = LINE('',#12700,#12701);
#12700 = CARTESIAN_POINT('',(0.,-6.2));
#12701 = VECTOR('',#12702,1.);
#12702 = DIRECTION('',(1.,0.));
#12703 = ( GEOMETRIC_REPRESENTATION_CONTEXT(2) 
PARAMETRIC_REPRESENTATION_CONTEXT() REPRESENTATION_CONTEXT('2D SPACE',''
  ) );
#12704 = ORIENTED_EDGE('',*,*,#12705,.F.);
#12705 = EDGE_CURVE('',#12564,#12683,#12706,.T.);
#12706 = SURFACE_CURVE('',#12707,(#12711,#12718),.PCURVE_S1.);
#12707 = LINE('',#12708,#12709);
#12708 = CARTESIAN_POINT('',(-33.8,21.1,4.));
#12709 = VECTOR('',#12710,1.);
#12710 = DIRECTION('',(1.,0.,0.));
#12711 = PCURVE('',#12255,#12712);
#12712 = DEFINITIONAL_REPRESENTATION('',(#12713),#12717);
#12713 = LINE('',#12714,#12715);
#12714 = CARTESIAN_POINT('',(4.,-0.225));
#12715 = VECTOR('',#12716,1.);
#12716 = DIRECTION('',(0.,1.));
#12717 = ( GEOMETRIC_REPRESENTATION_CONTEXT(2) 
PARAMETRIC_REPRESENTATION_CONTEXT() REPRESENTATION_CONTEXT('2D SPACE',''
  ) );
#12718 = PCURVE('',#12546,#12719);
#12719 = DEFINITIONAL_REPRESENTATION('',(#12720),#12724);
#12720 = LINE('',#12721,#12722);
#12721 = CARTESIAN_POINT('',(0.,6.2));
#12722 = VECTOR('',#12723,1.);
#12723 = DIRECTION('',(1.,0.));
#12724 = ( GEOMETRIC_REPRESENTATION_CONTEXT(2) 
PARAMETRIC_REPRESENTATION_CONTEXT() REPRESENTATION_CONTEXT('2D SPACE',''
  ) );
#12725 = ADVANCED_FACE('',(#12726),#12385,.T.);
#12726 = FACE_BOUND('',#12727,.T.);
#12727 = EDGE_LOOP('',(#12728,#12729,#12750,#12751));
#12728 = ORIENTED_EDGE('',*,*,#12613,.F.);
#12729 = ORIENTED_EDGE('',*,*,#12730,.F.);
#12730 = EDGE_CURVE('',#12426,#12614,#12731,.T.);
#12731 = SURFACE_CURVE('',#12732,(#12736,#12743),.PCURVE_S1.);
#12732 = LINE('',#12733,#12734);
#12733 = CARTESIAN_POINT('',(-33.8,14.9,4.));
#12734 = VECTOR('',#12735,1.);
#12735 = DIRECTION('',(0.,1.,0.));
#12736 = PCURVE('',#12385,#12737);
#12737 = DEFINITIONAL_REPRESENTATION('',(#12738),#12742);
#12738 = LINE('',#12739,#12740);
#12739 = CARTESIAN_POINT('',(0.,0.));
#12740 = VECTOR('',#12741,1.);
#12741 = DIRECTION('',(0.,1.));
#12742 = ( GEOMETRIC_REPRESENTATION_CONTEXT(2) 
PARAMETRIC_REPRESENTATION_CONTEXT() REPRESENTATION_CONTEXT('2D SPACE',''
  ) );
#12743 = PCURVE('',#12464,#12744);
#12744 = DEFINITIONAL_REPRESENTATION('',(#12745),#12749);
#12745 = LINE('',#12746,#12747);
#12746 = CARTESIAN_POINT('',(0.,0.));
#12747 = VECTOR('',#12748,1.);
#12748 = DIRECTION('',(0.,-1.));
#12749 = ( GEOMETRIC_REPRESENTATION_CONTEXT(2) 
PARAMETRIC_REPRESENTATION_CONTEXT() REPRESENTATION_CONTEXT('2D SPACE',''
  ) );
#12750 = ORIENTED_EDGE('',*,*,#12425,.T.);
#12751 = ORIENTED_EDGE('',*,*,#12371,.F.);
#12752 = ADVANCED_FACE('',(#12753),#12546,.T.);
#12753 = FACE_BOUND('',#12754,.T.);
#12754 = EDGE_LOOP('',(#12755,#12756,#12757,#12758));
#12755 = ORIENTED_EDGE('',*,*,#12705,.F.);
#12756 = ORIENTED_EDGE('',*,*,#12586,.T.);
#12757 = ORIENTED_EDGE('',*,*,#12532,.T.);
#12758 = ORIENTED_EDGE('',*,*,#12759,.T.);
#12759 = EDGE_CURVE('',#12505,#12683,#12760,.T.);
#12760 = SURFACE_CURVE('',#12761,(#12765,#12772),.PCURVE_S1.);
#12761 = LINE('',#12762,#12763);
#12762 = CARTESIAN_POINT('',(-29.2,14.9,4.));
#12763 = VECTOR('',#12764,1.);
#12764 = DIRECTION('',(0.,1.,0.));
#12765 = PCURVE('',#12546,#12766);
#12766 = DEFINITIONAL_REPRESENTATION('',(#12767),#12771);
#12767 = LINE('',#12768,#12769);
#12768 = CARTESIAN_POINT('',(4.6,0.));
#12769 = VECTOR('',#12770,1.);
#12770 = DIRECTION('',(0.,1.));
#12771 = ( GEOMETRIC_REPRESENTATION_CONTEXT(2) 
PARAMETRIC_REPRESENTATION_CONTEXT() REPRESENTATION_CONTEXT('2D SPACE',''
  ) );
#12772 = PCURVE('',#12520,#12773);
#12773 = DEFINITIONAL_REPRESENTATION('',(#12774),#12778);
#12774 = LINE('',#12775,#12776);
#12775 = CARTESIAN_POINT('',(0.,0.));
#12776 = VECTOR('',#12777,1.);
#12777 = DIRECTION('',(0.,-1.));
#12778 = ( GEOMETRIC_REPRESENTATION_CONTEXT(2) 
PARAMETRIC_REPRESENTATION_CONTEXT() REPRESENTATION_CONTEXT('2D SPACE',''
  ) );
#12779 = ADVANCED_FACE('',(#12780),#12520,.F.);
#12780 = FACE_BOUND('',#12781,.F.);
#12781 = EDGE_LOOP('',(#12782,#12783,#12784,#12785));
#12782 = ORIENTED_EDGE('',*,*,#12504,.F.);
#12783 = ORIENTED_EDGE('',*,*,#12759,.T.);
#12784 = ORIENTED_EDGE('',*,*,#12682,.T.);
#12785 = ORIENTED_EDGE('',*,*,#12786,.F.);
#12786 = EDGE_CURVE('',#12477,#12660,#12787,.T.);
#12787 = SURFACE_CURVE('',#12788,(#12792,#12799),.PCURVE_S1.);
#12788 = LINE('',#12789,#12790);
#12789 = CARTESIAN_POINT('',(-29.2,14.9,6.2));
#12790 = VECTOR('',#12791,1.);
#12791 = DIRECTION('',(0.,1.,0.));
#12792 = PCURVE('',#12520,#12793);
#12793 = DEFINITIONAL_REPRESENTATION('',(#12794),#12798);
#12794 = LINE('',#12795,#12796);
#12795 = CARTESIAN_POINT('',(2.2,0.));
#12796 = VECTOR('',#12797,1.);
#12797 = DIRECTION('',(0.,-1.));
#12798 = ( GEOMETRIC_REPRESENTATION_CONTEXT(2) 
PARAMETRIC_REPRESENTATION_CONTEXT() REPRESENTATION_CONTEXT('2D SPACE',''
  ) );
#12799 = PCURVE('',#12492,#12800);
#12800 = DEFINITIONAL_REPRESENTATION('',(#12801),#12805);
#12801 = LINE('',#12802,#12803);
#12802 = CARTESIAN_POINT('',(4.375,0.));
#12803 = VECTOR('',#12804,1.);
#12804 = DIRECTION('',(0.,1.));
#12805 = ( GEOMETRIC_REPRESENTATION_CONTEXT(2) 
PARAMETRIC_REPRESENTATION_CONTEXT() REPRESENTATION_CONTEXT('2D SPACE',''
  ) );
#12806 = ADVANCED_FACE('',(#12807),#12492,.F.);
#12807 = FACE_BOUND('',#12808,.F.);
#12808 = EDGE_LOOP('',(#12809,#12810,#12831,#12832));
#12809 = ORIENTED_EDGE('',*,*,#12659,.F.);
#12810 = ORIENTED_EDGE('',*,*,#12811,.F.);
#12811 = EDGE_CURVE('',#12449,#12637,#12812,.T.);
#12812 = SURFACE_CURVE('',#12813,(#12817,#12824),.PCURVE_S1.);
#12813 = LINE('',#12814,#12815);
#12814 = CARTESIAN_POINT('',(-33.8,14.9,6.2));
#12815 = VECTOR('',#12816,1.);
#12816 = DIRECTION('',(0.,1.,0.));
#12817 = PCURVE('',#12492,#12818);
#12818 = DEFINITIONAL_REPRESENTATION('',(#12819),#12823);
#12819 = LINE('',#12820,#12821);
#12820 = CARTESIAN_POINT('',(-0.225,0.));
#12821 = VECTOR('',#12822,1.);
#12822 = DIRECTION('',(0.,1.));
#12823 = ( GEOMETRIC_REPRESENTATION_CONTEXT(2) 
PARAMETRIC_REPRESENTATION_CONTEXT() REPRESENTATION_CONTEXT('2D SPACE',''
  ) );
#12824 = PCURVE('',#12464,#12825);
#12825 = DEFINITIONAL_REPRESENTATION('',(#12826),#12830);
#12826 = LINE('',#12827,#12828);
#12827 = CARTESIAN_POINT('',(2.2,0.));
#12828 = VECTOR('',#12829,1.);
#12829 = DIRECTION('',(0.,-1.));
#12830 = ( GEOMETRIC_REPRESENTATION_CONTEXT(2) 
PARAMETRIC_REPRESENTATION_CONTEXT() REPRESENTATION_CONTEXT('2D SPACE',''
  ) );
#12831 = ORIENTED_EDGE('',*,*,#12476,.F.);
#12832 = ORIENTED_EDGE('',*,*,#12786,.T.);
#12833 = ADVANCED_FACE('',(#12834),#12464,.T.);
#12834 = FACE_BOUND('',#12835,.T.);
#12835 = EDGE_LOOP('',(#12836,#12837,#12838,#12839));
#12836 = ORIENTED_EDGE('',*,*,#12448,.F.);
#12837 = ORIENTED_EDGE('',*,*,#12730,.T.);
#12838 = ORIENTED_EDGE('',*,*,#12636,.T.);
#12839 = ORIENTED_EDGE('',*,*,#12811,.F.);
#12840 = ( GEOMETRIC_REPRESENTATION_CONTEXT(3) 
GLOBAL_UNCERTAINTY_ASSIGNED_CONTEXT((#12844)) 
GLOBAL_UNIT_ASSIGNED_CONTEXT((#12841,#12842,#12843)) 
REPRESENTATION_CONTEXT('Context #1',
  '3D Context with UNIT and UNCERTAINTY') );
#12841 = ( LENGTH_UNIT() NAMED_UNIT(*) SI_UNIT(.MILLI.,.METRE.) );
#12842 = ( NAMED_UNIT(*) PLANE_ANGLE_UNIT() SI_UNIT($,.RADIAN.) );
#12843 = ( NAMED_UNIT(*) SI_UNIT($,.STERADIAN.) SOLID_ANGLE_UNIT() );
#12844 = UNCERTAINTY_MEASURE_WITH_UNIT(LENGTH_MEASURE(1.E-07),#12841,
  'distance_accuracy_value','confusion accuracy');
#12845 = CONTEXT_DEPENDENT_SHAPE_REPRESENTATION(#12846,#12848);
#12846 = ( REPRESENTATION_RELATIONSHIP('','',#9345,#10) 
REPRESENTATION_RELATIONSHIP_WITH_TRANSFORMATION(#12847) 
SHAPE_REPRESENTATION_RELATIONSHIP() );
#12847 = ITEM_DEFINED_TRANSFORMATION('','',#11,#27);
#12848 = PRODUCT_DEFINITION_SHAPE('Placement','Placement of an item',
  #12849);
#12849 = NEXT_ASSEMBLY_USAGE_OCCURRENCE('6','','',#5,#9340,$);
#12850 = PRODUCT_RELATED_PRODUCT_CATEGORY('part',$,(#9342));
#12851 = SHAPE_DEFINITION_REPRESENTATION(#12852,#12858);
#12852 = PRODUCT_DEFINITION_SHAPE('','',#12853);
#12853 = PRODUCT_DEFINITION('design','',#12854,#12857);
#12854 = PRODUCT_DEFINITION_FORMATION('','',#12855);
#12855 = PRODUCT('Open CASCADE STEP translator 7.8 4.5',
  'Open CASCADE STEP translator 7.8 4.5','',(#12856));
#12856 = PRODUCT_CONTEXT('',#2,'mechanical');
#12857 = PRODUCT_DEFINITION_CONTEXT('part definition',#2,'design');
#12858 = ADVANCED_BREP_SHAPE_REPRESENTATION('',(#11,#12859),#17637);
#12859 = MANIFOLD_SOLID_BREP('',#12860);
#12860 = CLOSED_SHELL('',(#12861,#13689,#13872,#13994,#14043,#14093,
    #14142,#14196,#14245,#14295,#14344,#14398,#14447,#14497,#14546,
    #14600,#14756,#14878,#14927,#14981,#15030,#15080,#15129,#15183,
    #15232,#15282,#15331,#15385,#15434,#15462,#15493,#15880,#15929,
    #16234,#16261,#16648,#16697,#17002,#17029,#17076,#17103,#17110,
    #17137,#17164,#17191,#17218,#17225,#17272,#17299,#17326,#17333,
    #17360,#17387,#17414,#17441,#17468,#17495,#17522,#17529,#17576,
    #17603,#17630));
#12861 = ADVANCED_FACE('',(#12862),#12876,.F.);
#12862 = FACE_BOUND('',#12863,.F.);
#12863 = EDGE_LOOP('',(#12864,#12899,#12927,#12955,#12988,#13016,#13045,
    #13073,#13106,#13134,#13163,#13191,#13224,#13252,#13281,#13309,
    #13337,#13365,#13394,#13422,#13455,#13483,#13512,#13540,#13573,
    #13601,#13630,#13658));
#12864 = ORIENTED_EDGE('',*,*,#12865,.F.);
#12865 = EDGE_CURVE('',#12866,#12868,#12870,.T.);
#12866 = VERTEX_POINT('',#12867);
#12867 = CARTESIAN_POINT('',(17.,8.,0.));
#12868 = VERTEX_POINT('',#12869);
#12869 = CARTESIAN_POINT('',(17.,22.,0.));
#12870 = SURFACE_CURVE('',#12871,(#12875,#12887),.PCURVE_S1.);
#12871 = LINE('',#12872,#12873);
#12872 = CARTESIAN_POINT('',(17.,8.,0.));
#12873 = VECTOR('',#12874,1.);
#12874 = DIRECTION('',(-0.,1.,0.));
#12875 = PCURVE('',#12876,#12881);
#12876 = PLANE('',#12877);
#12877 = AXIS2_PLACEMENT_3D('',#12878,#12879,#12880);
#12878 = CARTESIAN_POINT('',(17.,8.,0.));
#12879 = DIRECTION('',(0.,0.,1.));
#12880 = DIRECTION('',(1.,0.,-0.));
#12881 = DEFINITIONAL_REPRESENTATION('',(#12882),#12886);
#12882 = LINE('',#12883,#12884);
#12883 = CARTESIAN_POINT('',(0.,0.));
#12884 = VECTOR('',#12885,1.);
#12885 = DIRECTION('',(0.,1.));
#12886 = ( GEOMETRIC_REPRESENTATION_CONTEXT(2) 
PARAMETRIC_REPRESENTATION_CONTEXT() REPRESENTATION_CONTEXT('2D SPACE',''
  ) );
#12887 = PCURVE('',#12888,#12893);
#12888 = PLANE('',#12889);
#12889 = AXIS2_PLACEMENT_3D('',#12890,#12891,#12892);
#12890 = CARTESIAN_POINT('',(17.,8.,6.));
#12891 = DIRECTION('',(1.,-0.,0.));
#12892 = DIRECTION('',(0.,0.,-1.));
#12893 = DEFINITIONAL_REPRESENTATION('',(#12894),#12898);
#12894 = LINE('',#12895,#12896);
#12895 = CARTESIAN_POINT('',(6.,0.));
#12896 = VECTOR('',#12897,1.);
#12897 = DIRECTION('',(0.,1.));
#12898 = ( GEOMETRIC_REPRESENTATION_CONTEXT(2) 
PARAMETRIC_REPRESENTATION_CONTEXT() REPRESENTATION_CONTEXT('2D SPACE',''
  ) );
#12899 = ORIENTED_EDGE('',*,*,#12900,.T.);
#12900 = EDGE_CURVE('',#12866,#12901,#12903,.T.);
#12901 = VERTEX_POINT('',#12902);
#12902 = CARTESIAN_POINT('',(19.,8.,0.));
#12903 = SURFACE_CURVE('',#12904,(#12908,#12915),.PCURVE_S1.);
#12904 = LINE('',#12905,#12906);
#12905 = CARTESIAN_POINT('',(17.,8.,0.));
#12906 = VECTOR('',#12907,1.);
#12907 = DIRECTION('',(1.,0.,-0.));
#12908 = PCURVE('',#12876,#12909);
#12909 = DEFINITIONAL_REPRESENTATION('',(#12910),#12914);
#12910 = LINE('',#12911,#12912);
#12911 = CARTESIAN_POINT('',(0.,0.));
#12912 = VECTOR('',#12913,1.);
#12913 = DIRECTION('',(1.,0.));
#12914 = ( GEOMETRIC_REPRESENTATION_CONTEXT(2) 
PARAMETRIC_REPRESENTATION_CONTEXT() REPRESENTATION_CONTEXT('2D SPACE',''
  ) );
#12915 = PCURVE('',#12916,#12921);
#12916 = PLANE('',#12917);
#12917 = AXIS2_PLACEMENT_3D('',#12918,#12919,#12920);
#12918 = CARTESIAN_POINT('',(18.,8.,3.));
#12919 = DIRECTION('',(-0.,-1.,-0.));
#12920 = DIRECTION('',(0.,0.,-1.));
#12921 = DEFINITIONAL_REPRESENTATION('',(#12922),#12926);
#12922 = LINE('',#12923,#12924);
#12923 = CARTESIAN_POINT('',(3.,-1.));
#12924 = VECTOR('',#12925,1.);
#12925 = DIRECTION('',(0.,1.));
#12926 = ( GEOMETRIC_REPRESENTATION_CONTEXT(2) 
PARAMETRIC_REPRESENTATION_CONTEXT() REPRESENTATION_CONTEXT('2D SPACE',''
  ) );
#12927 = ORIENTED_EDGE('',*,*,#12928,.T.);
#12928 = EDGE_CURVE('',#12901,#12929,#12931,.T.);
#12929 = VERTEX_POINT('',#12930);
#12930 = CARTESIAN_POINT('',(19.,22.,0.));
#12931 = SURFACE_CURVE('',#12932,(#12936,#12943),.PCURVE_S1.);
#12932 = LINE('',#12933,#12934);
#12933 = CARTESIAN_POINT('',(19.,8.,0.));
#12934 = VECTOR('',#12935,1.);
#12935 = DIRECTION('',(-0.,1.,0.));
#12936 = PCURVE('',#12876,#12937);
#12937 = DEFINITIONAL_REPRESENTATION('',(#12938),#12942);
#12938 = LINE('',#12939,#12940);
#12939 = CARTESIAN_POINT('',(2.,0.));
#12940 = VECTOR('',#12941,1.);
#12941 = DIRECTION('',(0.,1.));
#12942 = ( GEOMETRIC_REPRESENTATION_CONTEXT(2) 
PARAMETRIC_REPRESENTATION_CONTEXT() REPRESENTATION_CONTEXT('2D SPACE',''
  ) );
#12943 = PCURVE('',#12944,#12949);
#12944 = PLANE('',#12945);
#12945 = AXIS2_PLACEMENT_3D('',#12946,#12947,#12948);
#12946 = CARTESIAN_POINT('',(19.,8.,0.));
#12947 = DIRECTION('',(-1.,0.,0.));
#12948 = DIRECTION('',(0.,0.,1.));
#12949 = DEFINITIONAL_REPRESENTATION('',(#12950),#12954);
#12950 = LINE('',#12951,#12952);
#12951 = CARTESIAN_POINT('',(0.,0.));
#12952 = VECTOR('',#12953,1.);
#12953 = DIRECTION('',(0.,1.));
#12954 = ( GEOMETRIC_REPRESENTATION_CONTEXT(2) 
PARAMETRIC_REPRESENTATION_CONTEXT() REPRESENTATION_CONTEXT('2D SPACE',''
  ) );
#12955 = ORIENTED_EDGE('',*,*,#12956,.T.);
#12956 = EDGE_CURVE('',#12929,#12957,#12959,.T.);
#12957 = VERTEX_POINT('',#12958);
#12958 = CARTESIAN_POINT('',(21.,22.,0.));
#12959 = SURFACE_CURVE('',#12960,(#12965,#12976),.PCURVE_S1.);
#12960 = CIRCLE('',#12961,1.);
#12961 = AXIS2_PLACEMENT_3D('',#12962,#12963,#12964);
#12962 = CARTESIAN_POINT('',(20.,22.,0.));
#12963 = DIRECTION('',(0.,0.,-1.));
#12964 = DIRECTION('',(-1.,0.,0.));
#12965 = PCURVE('',#12876,#12966);
#12966 = DEFINITIONAL_REPRESENTATION('',(#12967),#12975);
#12967 = ( BOUNDED_CURVE() B_SPLINE_CURVE(2,(#12968,#12969,#12970,#12971
    ,#12972,#12973,#12974),.UNSPECIFIED.,.T.,.F.) 
B_SPLINE_CURVE_WITH_KNOTS((1,2,2,2,2,1),(-2.094395102393,0.,
    2.094395102393,4.188790204786,6.28318530718,8.377580409573),
.UNSPECIFIED.) CURVE() GEOMETRIC_REPRESENTATION_ITEM() 
RATIONAL_B_SPLINE_CURVE((1.,0.5,1.,0.5,1.,0.5,1.)) REPRESENTATION_ITEM(
  '') );
#12968 = CARTESIAN_POINT('',(2.,14.));
#12969 = CARTESIAN_POINT('',(2.,15.732050807569));
#12970 = CARTESIAN_POINT('',(3.5,14.866025403784));
#12971 = CARTESIAN_POINT('',(5.,14.));
#12972 = CARTESIAN_POINT('',(3.5,13.133974596216));
#12973 = CARTESIAN_POINT('',(2.,12.267949192431));
#12974 = CARTESIAN_POINT('',(2.,14.));
#12975 = ( GEOMETRIC_REPRESENTATION_CONTEXT(2) 
PARAMETRIC_REPRESENTATION_CONTEXT() REPRESENTATION_CONTEXT('2D SPACE',''
  ) );
#12976 = PCURVE('',#12977,#12982);
#12977 = CYLINDRICAL_SURFACE('',#12978,1.);
#12978 = AXIS2_PLACEMENT_3D('',#12979,#12980,#12981);
#12979 = CARTESIAN_POINT('',(20.,22.,0.));
#12980 = DIRECTION('',(-0.,-0.,1.));
#12981 = DIRECTION('',(-1.,0.,0.));
#12982 = DEFINITIONAL_REPRESENTATION('',(#12983),#12987);
#12983 = LINE('',#12984,#12985);
#12984 = CARTESIAN_POINT('',(6.28318530718,0.));
#12985 = VECTOR('',#12986,1.);
#12986 = DIRECTION('',(-1.,0.));
#12987 = ( GEOMETRIC_REPRESENTATION_CONTEXT(2) 
PARAMETRIC_REPRESENTATION_CONTEXT() REPRESENTATION_CONTEXT('2D SPACE',''
  ) );
#12988 = ORIENTED_EDGE('',*,*,#12989,.T.);
#12989 = EDGE_CURVE('',#12957,#12990,#12992,.T.);
#12990 = VERTEX_POINT('',#12991);
#12991 = CARTESIAN_POINT('',(21.,8.,0.));
#12992 = SURFACE_CURVE('',#12993,(#12997,#13004),.PCURVE_S1.);
#12993 = LINE('',#12994,#12995);
#12994 = CARTESIAN_POINT('',(21.,22.,0.));
#12995 = VECTOR('',#12996,1.);
#12996 = DIRECTION('',(1.224646799147E-16,-1.,0.));
#12997 = PCURVE('',#12876,#12998);
#12998 = DEFINITIONAL_REPRESENTATION('',(#12999),#13003);
#12999 = LINE('',#13000,#13001);
#13000 = CARTESIAN_POINT('',(4.,14.));
#13001 = VECTOR('',#13002,1.);
#13002 = DIRECTION('',(1.224646799147E-16,-1.));
#13003 = ( GEOMETRIC_REPRESENTATION_CONTEXT(2) 
PARAMETRIC_REPRESENTATION_CONTEXT() REPRESENTATION_CONTEXT('2D SPACE',''
  ) );
#13004 = PCURVE('',#13005,#13010);
#13005 = PLANE('',#13006);
#13006 = AXIS2_PLACEMENT_3D('',#13007,#13008,#13009);
#13007 = CARTESIAN_POINT('',(21.,22.,0.));
#13008 = DIRECTION('',(1.,0.,-0.));
#13009 = DIRECTION('',(0.,0.,1.));
#13010 = DEFINITIONAL_REPRESENTATION('',(#13011),#13015);
#13011 = LINE('',#13012,#13013);
#13012 = CARTESIAN_POINT('',(0.,0.));
#13013 = VECTOR('',#13014,1.);
#13014 = DIRECTION('',(0.,1.));
#13015 = ( GEOMETRIC_REPRESENTATION_CONTEXT(2) 
PARAMETRIC_REPRESENTATION_CONTEXT() REPRESENTATION_CONTEXT('2D SPACE',''
  ) );
#13016 = ORIENTED_EDGE('',*,*,#13017,.T.);
#13017 = EDGE_CURVE('',#12990,#13018,#13020,.T.);
#13018 = VERTEX_POINT('',#13019);
#13019 = CARTESIAN_POINT('',(27.,8.,0.));
#13020 = SURFACE_CURVE('',#13021,(#13026,#13033),.PCURVE_S1.);
#13021 = CIRCLE('',#13022,3.);
#13022 = AXIS2_PLACEMENT_3D('',#13023,#13024,#13025);
#13023 = CARTESIAN_POINT('',(24.,8.,0.));
#13024 = DIRECTION('',(0.,0.,1.));
#13025 = DIRECTION('',(-1.,0.,0.));
#13026 = PCURVE('',#12876,#13027);
#13027 = DEFINITIONAL_REPRESENTATION('',(#13028),#13032);
#13028 = CIRCLE('',#13029,3.);
#13029 = AXIS2_PLACEMENT_2D('',#13030,#13031);
#13030 = CARTESIAN_POINT('',(7.,0.));
#13031 = DIRECTION('',(-1.,0.));
#13032 = ( GEOMETRIC_REPRESENTATION_CONTEXT(2) 
PARAMETRIC_REPRESENTATION_CONTEXT() REPRESENTATION_CONTEXT('2D SPACE',''
  ) );
#13033 = PCURVE('',#13034,#13039);
#13034 = CYLINDRICAL_SURFACE('',#13035,3.);
#13035 = AXIS2_PLACEMENT_3D('',#13036,#13037,#13038);
#13036 = CARTESIAN_POINT('',(24.,8.,0.));
#13037 = DIRECTION('',(0.,0.,1.));
#13038 = DIRECTION('',(-1.,0.,0.));
#13039 = DEFINITIONAL_REPRESENTATION('',(#13040),#13044);
#13040 = LINE('',#13041,#13042);
#13041 = CARTESIAN_POINT('',(0.,0.));
#13042 = VECTOR('',#13043,1.);
#13043 = DIRECTION('',(1.,0.));
#13044 = ( GEOMETRIC_REPRESENTATION_CONTEXT(2) 
PARAMETRIC_REPRESENTATION_CONTEXT() REPRESENTATION_CONTEXT('2D SPACE',''
  ) );
#13045 = ORIENTED_EDGE('',*,*,#13046,.T.);
#13046 = EDGE_CURVE('',#13018,#13047,#13049,.T.);
#13047 = VERTEX_POINT('',#13048);
#13048 = CARTESIAN_POINT('',(27.,22.,0.));
#13049 = SURFACE_CURVE('',#13050,(#13054,#13061),.PCURVE_S1.);
#13050 = LINE('',#13051,#13052);
#13051 = CARTESIAN_POINT('',(27.,8.,0.));
#13052 = VECTOR('',#13053,1.);
#13053 = DIRECTION('',(-0.,1.,0.));
#13054 = PCURVE('',#12876,#13055);
#13055 = DEFINITIONAL_REPRESENTATION('',(#13056),#13060);
#13056 = LINE('',#13057,#13058);
#13057 = CARTESIAN_POINT('',(10.,0.));
#13058 = VECTOR('',#13059,1.);
#13059 = DIRECTION('',(0.,1.));
#13060 = ( GEOMETRIC_REPRESENTATION_CONTEXT(2) 
PARAMETRIC_REPRESENTATION_CONTEXT() REPRESENTATION_CONTEXT('2D SPACE',''
  ) );
#13061 = PCURVE('',#13062,#13067);
#13062 = PLANE('',#13063);
#13063 = AXIS2_PLACEMENT_3D('',#13064,#13065,#13066);
#13064 = CARTESIAN_POINT('',(27.,8.,0.));
#13065 = DIRECTION('',(-1.,0.,0.));
#13066 = DIRECTION('',(0.,0.,1.));
#13067 = DEFINITIONAL_REPRESENTATION('',(#13068),#13072);
#13068 = LINE('',#13069,#13070);
#13069 = CARTESIAN_POINT('',(0.,0.));
#13070 = VECTOR('',#13071,1.);
#13071 = DIRECTION('',(0.,1.));
#13072 = ( GEOMETRIC_REPRESENTATION_CONTEXT(2) 
PARAMETRIC_REPRESENTATION_CONTEXT() REPRESENTATION_CONTEXT('2D SPACE',''
  ) );
#13073 = ORIENTED_EDGE('',*,*,#13074,.T.);
#13074 = EDGE_CURVE('',#13047,#13075,#13077,.T.);
#13075 = VERTEX_POINT('',#13076);
#13076 = CARTESIAN_POINT('',(29.,22.,0.));
#13077 = SURFACE_CURVE('',#13078,(#13083,#13094),.PCURVE_S1.);
#13078 = CIRCLE('',#13079,1.);
#13079 = AXIS2_PLACEMENT_3D('',#13080,#13081,#13082);
#13080 = CARTESIAN_POINT('',(28.,22.,0.));
#13081 = DIRECTION('',(0.,0.,-1.));
#13082 = DIRECTION('',(-1.,0.,0.));
#13083 = PCURVE('',#12876,#13084);
#13084 = DEFINITIONAL_REPRESENTATION('',(#13085),#13093);
#13085 = ( BOUNDED_CURVE() B_SPLINE_CURVE(2,(#13086,#13087,#13088,#13089
    ,#13090,#13091,#13092),.UNSPECIFIED.,.T.,.F.) 
B_SPLINE_CURVE_WITH_KNOTS((1,2,2,2,2,1),(-2.094395102393,0.,
    2.094395102393,4.188790204786,6.28318530718,8.377580409573),
.UNSPECIFIED.) CURVE() GEOMETRIC_REPRESENTATION_ITEM() 
RATIONAL_B_SPLINE_CURVE((1.,0.5,1.,0.5,1.,0.5,1.)) REPRESENTATION_ITEM(
  '') );
#13086 = CARTESIAN_POINT('',(10.,14.));
#13087 = CARTESIAN_POINT('',(10.,15.732050807569));
#13088 = CARTESIAN_POINT('',(11.5,14.866025403784));
#13089 = CARTESIAN_POINT('',(13.,14.));
#13090 = CARTESIAN_POINT('',(11.5,13.133974596216));
#13091 = CARTESIAN_POINT('',(10.,12.267949192431));
#13092 = CARTESIAN_POINT('',(10.,14.));
#13093 = ( GEOMETRIC_REPRESENTATION_CONTEXT(2) 
PARAMETRIC_REPRESENTATION_CONTEXT() REPRESENTATION_CONTEXT('2D SPACE',''
  ) );
#13094 = PCURVE('',#13095,#13100);
#13095 = CYLINDRICAL_SURFACE('',#13096,1.);
#13096 = AXIS2_PLACEMENT_3D('',#13097,#13098,#13099);
#13097 = CARTESIAN_POINT('',(28.,22.,0.));
#13098 = DIRECTION('',(-0.,-0.,1.));
#13099 = DIRECTION('',(-1.,0.,0.));
#13100 = DEFINITIONAL_REPRESENTATION('',(#13101),#13105);
#13101 = LINE('',#13102,#13103);
#13102 = CARTESIAN_POINT('',(6.28318530718,0.));
#13103 = VECTOR('',#13104,1.);
#13104 = DIRECTION('',(-1.,0.));
#13105 = ( GEOMETRIC_REPRESENTATION_CONTEXT(2) 
PARAMETRIC_REPRESENTATION_CONTEXT() REPRESENTATION_CONTEXT('2D SPACE',''
  ) );
#13106 = ORIENTED_EDGE('',*,*,#13107,.T.);
#13107 = EDGE_CURVE('',#13075,#13108,#13110,.T.);
#13108 = VERTEX_POINT('',#13109);
#13109 = CARTESIAN_POINT('',(29.,8.,0.));
#13110 = SURFACE_CURVE('',#13111,(#13115,#13122),.PCURVE_S1.);
#13111 = LINE('',#13112,#13113);
#13112 = CARTESIAN_POINT('',(29.,22.,0.));
#13113 = VECTOR('',#13114,1.);
#13114 = DIRECTION('',(1.224646799147E-16,-1.,0.));
#13115 = PCURVE('',#12876,#13116);
#13116 = DEFINITIONAL_REPRESENTATION('',(#13117),#13121);
#13117 = LINE('',#13118,#13119);
#13118 = CARTESIAN_POINT('',(12.,14.));
#13119 = VECTOR('',#13120,1.);
#13120 = DIRECTION('',(1.224646799147E-16,-1.));
#13121 = ( GEOMETRIC_REPRESENTATION_CONTEXT(2) 
PARAMETRIC_REPRESENTATION_CONTEXT() REPRESENTATION_CONTEXT('2D SPACE',''
  ) );
#13122 = PCURVE('',#13123,#13128);
#13123 = PLANE('',#13124);
#13124 = AXIS2_PLACEMENT_3D('',#13125,#13126,#13127);
#13125 = CARTESIAN_POINT('',(29.,22.,0.));
#13126 = DIRECTION('',(1.,-1.586032892322E-17,0.));
#13127 = DIRECTION('',(0.,0.,1.));
#13128 = DEFINITIONAL_REPRESENTATION('',(#13129),#13133);
#13129 = LINE('',#13130,#13131);
#13130 = CARTESIAN_POINT('',(0.,0.));
#13131 = VECTOR('',#13132,1.);
#13132 = DIRECTION('',(0.,1.));
#13133 = ( GEOMETRIC_REPRESENTATION_CONTEXT(2) 
PARAMETRIC_REPRESENTATION_CONTEXT() REPRESENTATION_CONTEXT('2D SPACE',''
  ) );
#13134 = ORIENTED_EDGE('',*,*,#13135,.T.);
#13135 = EDGE_CURVE('',#13108,#13136,#13138,.T.);
#13136 = VERTEX_POINT('',#13137);
#13137 = CARTESIAN_POINT('',(35.,8.,0.));
#13138 = SURFACE_CURVE('',#13139,(#13144,#13151),.PCURVE_S1.);
#13139 = CIRCLE('',#13140,3.);
#13140 = AXIS2_PLACEMENT_3D('',#13141,#13142,#13143);
#13141 = CARTESIAN_POINT('',(32.,8.,0.));
#13142 = DIRECTION('',(0.,0.,1.));
#13143 = DIRECTION('',(-1.,0.,0.));
#13144 = PCURVE('',#12876,#13145);
#13145 = DEFINITIONAL_REPRESENTATION('',(#13146),#13150);
#13146 = CIRCLE('',#13147,3.);
#13147 = AXIS2_PLACEMENT_2D('',#13148,#13149);
#13148 = CARTESIAN_POINT('',(15.,0.));
#13149 = DIRECTION('',(-1.,0.));
#13150 = ( GEOMETRIC_REPRESENTATION_CONTEXT(2) 
PARAMETRIC_REPRESENTATION_CONTEXT() REPRESENTATION_CONTEXT('2D SPACE',''
  ) );
#13151 = PCURVE('',#13152,#13157);
#13152 = CYLINDRICAL_SURFACE('',#13153,3.);
#13153 = AXIS2_PLACEMENT_3D('',#13154,#13155,#13156);
#13154 = CARTESIAN_POINT('',(32.,8.,0.));
#13155 = DIRECTION('',(0.,0.,1.));
#13156 = DIRECTION('',(-1.,0.,0.));
#13157 = DEFINITIONAL_REPRESENTATION('',(#13158),#13162);
#13158 = LINE('',#13159,#13160);
#13159 = CARTESIAN_POINT('',(0.,0.));
#13160 = VECTOR('',#13161,1.);
#13161 = DIRECTION('',(1.,0.));
#13162 = ( GEOMETRIC_REPRESENTATION_CONTEXT(2) 
PARAMETRIC_REPRESENTATION_CONTEXT() REPRESENTATION_CONTEXT('2D SPACE',''
  ) );
#13163 = ORIENTED_EDGE('',*,*,#13164,.T.);
#13164 = EDGE_CURVE('',#13136,#13165,#13167,.T.);
#13165 = VERTEX_POINT('',#13166);
#13166 = CARTESIAN_POINT('',(35.,22.,0.));
#13167 = SURFACE_CURVE('',#13168,(#13172,#13179),.PCURVE_S1.);
#13168 = LINE('',#13169,#13170);
#13169 = CARTESIAN_POINT('',(35.,8.,0.));
#13170 = VECTOR('',#13171,1.);
#13171 = DIRECTION('',(-0.,1.,0.));
#13172 = PCURVE('',#12876,#13173);
#13173 = DEFINITIONAL_REPRESENTATION('',(#13174),#13178);
#13174 = LINE('',#13175,#13176);
#13175 = CARTESIAN_POINT('',(18.,0.));
#13176 = VECTOR('',#13177,1.);
#13177 = DIRECTION('',(0.,1.));
#13178 = ( GEOMETRIC_REPRESENTATION_CONTEXT(2) 
PARAMETRIC_REPRESENTATION_CONTEXT() REPRESENTATION_CONTEXT('2D SPACE',''
  ) );
#13179 = PCURVE('',#13180,#13185);
#13180 = PLANE('',#13181);
#13181 = AXIS2_PLACEMENT_3D('',#13182,#13183,#13184);
#13182 = CARTESIAN_POINT('',(35.,8.,0.));
#13183 = DIRECTION('',(-1.,0.,0.));
#13184 = DIRECTION('',(0.,0.,1.));
#13185 = DEFINITIONAL_REPRESENTATION('',(#13186),#13190);
#13186 = LINE('',#13187,#13188);
#13187 = CARTESIAN_POINT('',(0.,0.));
#13188 = VECTOR('',#13189,1.);
#13189 = DIRECTION('',(0.,1.));
#13190 = ( GEOMETRIC_REPRESENTATION_CONTEXT(2) 
PARAMETRIC_REPRESENTATION_CONTEXT() REPRESENTATION_CONTEXT('2D SPACE',''
  ) );
#13191 = ORIENTED_EDGE('',*,*,#13192,.T.);
#13192 = EDGE_CURVE('',#13165,#13193,#13195,.T.);
#13193 = VERTEX_POINT('',#13194);
#13194 = CARTESIAN_POINT('',(37.,22.,0.));
#13195 = SURFACE_CURVE('',#13196,(#13201,#13212),.PCURVE_S1.);
#13196 = CIRCLE('',#13197,1.);
#13197 = AXIS2_PLACEMENT_3D('',#13198,#13199,#13200);
#13198 = CARTESIAN_POINT('',(36.,22.,0.));
#13199 = DIRECTION('',(0.,0.,-1.));
#13200 = DIRECTION('',(-1.,0.,0.));
#13201 = PCURVE('',#12876,#13202);
#13202 = DEFINITIONAL_REPRESENTATION('',(#13203),#13211);
#13203 = ( BOUNDED_CURVE() B_SPLINE_CURVE(2,(#13204,#13205,#13206,#13207
    ,#13208,#13209,#13210),.UNSPECIFIED.,.T.,.F.) 
B_SPLINE_CURVE_WITH_KNOTS((1,2,2,2,2,1),(-2.094395102393,0.,
    2.094395102393,4.188790204786,6.28318530718,8.377580409573),
.UNSPECIFIED.) CURVE() GEOMETRIC_REPRESENTATION_ITEM() 
RATIONAL_B_SPLINE_CURVE((1.,0.5,1.,0.5,1.,0.5,1.)) REPRESENTATION_ITEM(
  '') );
#13204 = CARTESIAN_POINT('',(18.,14.));
#13205 = CARTESIAN_POINT('',(18.,15.732050807569));
#13206 = CARTESIAN_POINT('',(19.5,14.866025403784));
#13207 = CARTESIAN_POINT('',(21.,14.));
#13208 = CARTESIAN_POINT('',(19.5,13.133974596216));
#13209 = CARTESIAN_POINT('',(18.,12.267949192431));
#13210 = CARTESIAN_POINT('',(18.,14.));
#13211 = ( GEOMETRIC_REPRESENTATION_CONTEXT(2) 
PARAMETRIC_REPRESENTATION_CONTEXT() REPRESENTATION_CONTEXT('2D SPACE',''
  ) );
#13212 = PCURVE('',#13213,#13218);
#13213 = CYLINDRICAL_SURFACE('',#13214,1.);
#13214 = AXIS2_PLACEMENT_3D('',#13215,#13216,#13217);
#13215 = CARTESIAN_POINT('',(36.,22.,0.));
#13216 = DIRECTION('',(-0.,-0.,1.));
#13217 = DIRECTION('',(-1.,0.,0.));
#13218 = DEFINITIONAL_REPRESENTATION('',(#13219),#13223);
#13219 = LINE('',#13220,#13221);
#13220 = CARTESIAN_POINT('',(6.28318530718,0.));
#13221 = VECTOR('',#13222,1.);
#13222 = DIRECTION('',(-1.,0.));
#13223 = ( GEOMETRIC_REPRESENTATION_CONTEXT(2) 
PARAMETRIC_REPRESENTATION_CONTEXT() REPRESENTATION_CONTEXT('2D SPACE',''
  ) );
#13224 = ORIENTED_EDGE('',*,*,#13225,.T.);
#13225 = EDGE_CURVE('',#13193,#13226,#13228,.T.);
#13226 = VERTEX_POINT('',#13227);
#13227 = CARTESIAN_POINT('',(37.,8.,0.));
#13228 = SURFACE_CURVE('',#13229,(#13233,#13240),.PCURVE_S1.);
#13229 = LINE('',#13230,#13231);
#13230 = CARTESIAN_POINT('',(37.,22.,0.));
#13231 = VECTOR('',#13232,1.);
#13232 = DIRECTION('',(1.224646799147E-16,-1.,0.));
#13233 = PCURVE('',#12876,#13234);
#13234 = DEFINITIONAL_REPRESENTATION('',(#13235),#13239);
#13235 = LINE('',#13236,#13237);
#13236 = CARTESIAN_POINT('',(20.,14.));
#13237 = VECTOR('',#13238,1.);
#13238 = DIRECTION('',(1.224646799147E-16,-1.));
#13239 = ( GEOMETRIC_REPRESENTATION_CONTEXT(2) 
PARAMETRIC_REPRESENTATION_CONTEXT() REPRESENTATION_CONTEXT('2D SPACE',''
  ) );
#13240 = PCURVE('',#13241,#13246);
#13241 = PLANE('',#13242);
#13242 = AXIS2_PLACEMENT_3D('',#13243,#13244,#13245);
#13243 = CARTESIAN_POINT('',(37.,22.,0.));
#13244 = DIRECTION('',(1.,0.,-0.));
#13245 = DIRECTION('',(0.,0.,1.));
#13246 = DEFINITIONAL_REPRESENTATION('',(#13247),#13251);
#13247 = LINE('',#13248,#13249);
#13248 = CARTESIAN_POINT('',(0.,0.));
#13249 = VECTOR('',#13250,1.);
#13250 = DIRECTION('',(0.,1.));
#13251 = ( GEOMETRIC_REPRESENTATION_CONTEXT(2) 
PARAMETRIC_REPRESENTATION_CONTEXT() REPRESENTATION_CONTEXT('2D SPACE',''
  ) );
#13252 = ORIENTED_EDGE('',*,*,#13253,.T.);
#13253 = EDGE_CURVE('',#13226,#13254,#13256,.T.);
#13254 = VERTEX_POINT('',#13255);
#13255 = CARTESIAN_POINT('',(43.,8.,0.));
#13256 = SURFACE_CURVE('',#13257,(#13262,#13269),.PCURVE_S1.);
#13257 = CIRCLE('',#13258,3.);
#13258 = AXIS2_PLACEMENT_3D('',#13259,#13260,#13261);
#13259 = CARTESIAN_POINT('',(40.,8.,0.));
#13260 = DIRECTION('',(0.,0.,1.));
#13261 = DIRECTION('',(-1.,0.,0.));
#13262 = PCURVE('',#12876,#13263);
#13263 = DEFINITIONAL_REPRESENTATION('',(#13264),#13268);
#13264 = CIRCLE('',#13265,3.);
#13265 = AXIS2_PLACEMENT_2D('',#13266,#13267);
#13266 = CARTESIAN_POINT('',(23.,0.));
#13267 = DIRECTION('',(-1.,0.));
#13268 = ( GEOMETRIC_REPRESENTATION_CONTEXT(2) 
PARAMETRIC_REPRESENTATION_CONTEXT() REPRESENTATION_CONTEXT('2D SPACE',''
  ) );
#13269 = PCURVE('',#13270,#13275);
#13270 = CYLINDRICAL_SURFACE('',#13271,3.);
#13271 = AXIS2_PLACEMENT_3D('',#13272,#13273,#13274);
#13272 = CARTESIAN_POINT('',(40.,8.,0.));
#13273 = DIRECTION('',(0.,0.,1.));
#13274 = DIRECTION('',(-1.,0.,0.));
#13275 = DEFINITIONAL_REPRESENTATION('',(#13276),#13280);
#13276 = LINE('',#13277,#13278);
#13277 = CARTESIAN_POINT('',(0.,0.));
#13278 = VECTOR('',#13279,1.);
#13279 = DIRECTION('',(1.,0.));
#13280 = ( GEOMETRIC_REPRESENTATION_CONTEXT(2) 
PARAMETRIC_REPRESENTATION_CONTEXT() REPRESENTATION_CONTEXT('2D SPACE',''
  ) );
#13281 = ORIENTED_EDGE('',*,*,#13282,.T.);
#13282 = EDGE_CURVE('',#13254,#13283,#13285,.T.);
#13283 = VERTEX_POINT('',#13284);
#13284 = CARTESIAN_POINT('',(43.,22.,0.));
#13285 = SURFACE_CURVE('',#13286,(#13290,#13297),.PCURVE_S1.);
#13286 = LINE('',#13287,#13288);
#13287 = CARTESIAN_POINT('',(43.,8.,0.));
#13288 = VECTOR('',#13289,1.);
#13289 = DIRECTION('',(-0.,1.,0.));
#13290 = PCURVE('',#12876,#13291);
#13291 = DEFINITIONAL_REPRESENTATION('',(#13292),#13296);
#13292 = LINE('',#13293,#13294);
#13293 = CARTESIAN_POINT('',(26.,0.));
#13294 = VECTOR('',#13295,1.);
#13295 = DIRECTION('',(0.,1.));
#13296 = ( GEOMETRIC_REPRESENTATION_CONTEXT(2) 
PARAMETRIC_REPRESENTATION_CONTEXT() REPRESENTATION_CONTEXT('2D SPACE',''
  ) );
#13297 = PCURVE('',#13298,#13303);
#13298 = PLANE('',#13299);
#13299 = AXIS2_PLACEMENT_3D('',#13300,#13301,#13302);
#13300 = CARTESIAN_POINT('',(43.,8.,0.));
#13301 = DIRECTION('',(-1.,0.,0.));
#13302 = DIRECTION('',(0.,0.,1.));
#13303 = DEFINITIONAL_REPRESENTATION('',(#13304),#13308);
#13304 = LINE('',#13305,#13306);
#13305 = CARTESIAN_POINT('',(0.,0.));
#13306 = VECTOR('',#13307,1.);
#13307 = DIRECTION('',(0.,1.));
#13308 = ( GEOMETRIC_REPRESENTATION_CONTEXT(2) 
PARAMETRIC_REPRESENTATION_CONTEXT() REPRESENTATION_CONTEXT('2D SPACE',''
  ) );
#13309 = ORIENTED_EDGE('',*,*,#13310,.F.);
#13310 = EDGE_CURVE('',#13311,#13283,#13313,.T.);
#13311 = VERTEX_POINT('',#13312);
#13312 = CARTESIAN_POINT('',(41.,22.,0.));
#13313 = SURFACE_CURVE('',#13314,(#13318,#13325),.PCURVE_S1.);
#13314 = LINE('',#13315,#13316);
#13315 = CARTESIAN_POINT('',(41.,22.,0.));
#13316 = VECTOR('',#13317,1.);
#13317 = DIRECTION('',(1.,0.,-0.));
#13318 = PCURVE('',#12876,#13319);
#13319 = DEFINITIONAL_REPRESENTATION('',(#13320),#13324);
#13320 = LINE('',#13321,#13322);
#13321 = CARTESIAN_POINT('',(24.,14.));
#13322 = VECTOR('',#13323,1.);
#13323 = DIRECTION('',(1.,0.));
#13324 = ( GEOMETRIC_REPRESENTATION_CONTEXT(2) 
PARAMETRIC_REPRESENTATION_CONTEXT() REPRESENTATION_CONTEXT('2D SPACE',''
  ) );
#13325 = PCURVE('',#13326,#13331);
#13326 = PLANE('',#13327);
#13327 = AXIS2_PLACEMENT_3D('',#13328,#13329,#13330);
#13328 = CARTESIAN_POINT('',(42.,22.,3.));
#13329 = DIRECTION('',(-0.,-1.,-0.));
#13330 = DIRECTION('',(0.,0.,-1.));
#13331 = DEFINITIONAL_REPRESENTATION('',(#13332),#13336);
#13332 = LINE('',#13333,#13334);
#13333 = CARTESIAN_POINT('',(3.,-1.));
#13334 = VECTOR('',#13335,1.);
#13335 = DIRECTION('',(0.,1.));
#13336 = ( GEOMETRIC_REPRESENTATION_CONTEXT(2) 
PARAMETRIC_REPRESENTATION_CONTEXT() REPRESENTATION_CONTEXT('2D SPACE',''
  ) );
#13337 = ORIENTED_EDGE('',*,*,#13338,.F.);
#13338 = EDGE_CURVE('',#13339,#13311,#13341,.T.);
#13339 = VERTEX_POINT('',#13340);
#13340 = CARTESIAN_POINT('',(41.,8.,0.));
#13341 = SURFACE_CURVE('',#13342,(#13346,#13353),.PCURVE_S1.);
#13342 = LINE('',#13343,#13344);
#13343 = CARTESIAN_POINT('',(41.,8.,0.));
#13344 = VECTOR('',#13345,1.);
#13345 = DIRECTION('',(-0.,1.,0.));
#13346 = PCURVE('',#12876,#13347);
#13347 = DEFINITIONAL_REPRESENTATION('',(#13348),#13352);
#13348 = LINE('',#13349,#13350);
#13349 = CARTESIAN_POINT('',(24.,0.));
#13350 = VECTOR('',#13351,1.);
#13351 = DIRECTION('',(0.,1.));
#13352 = ( GEOMETRIC_REPRESENTATION_CONTEXT(2) 
PARAMETRIC_REPRESENTATION_CONTEXT() REPRESENTATION_CONTEXT('2D SPACE',''
  ) );
#13353 = PCURVE('',#13354,#13359);
#13354 = PLANE('',#13355);
#13355 = AXIS2_PLACEMENT_3D('',#13356,#13357,#13358);
#13356 = CARTESIAN_POINT('',(41.,8.,6.));
#13357 = DIRECTION('',(1.,-0.,0.));
#13358 = DIRECTION('',(0.,0.,-1.));
#13359 = DEFINITIONAL_REPRESENTATION('',(#13360),#13364);
#13360 = LINE('',#13361,#13362);
#13361 = CARTESIAN_POINT('',(6.,0.));
#13362 = VECTOR('',#13363,1.);
#13363 = DIRECTION('',(0.,1.));
#13364 = ( GEOMETRIC_REPRESENTATION_CONTEXT(2) 
PARAMETRIC_REPRESENTATION_CONTEXT() REPRESENTATION_CONTEXT('2D SPACE',''
  ) );
#13365 = ORIENTED_EDGE('',*,*,#13366,.F.);
#13366 = EDGE_CURVE('',#13367,#13339,#13369,.T.);
#13367 = VERTEX_POINT('',#13368);
#13368 = CARTESIAN_POINT('',(39.,8.,0.));
#13369 = SURFACE_CURVE('',#13370,(#13375,#13382),.PCURVE_S1.);
#13370 = CIRCLE('',#13371,1.);
#13371 = AXIS2_PLACEMENT_3D('',#13372,#13373,#13374);
#13372 = CARTESIAN_POINT('',(40.,8.,0.));
#13373 = DIRECTION('',(0.,0.,1.));
#13374 = DIRECTION('',(-1.,0.,0.));
#13375 = PCURVE('',#12876,#13376);
#13376 = DEFINITIONAL_REPRESENTATION('',(#13377),#13381);
#13377 = CIRCLE('',#13378,1.);
#13378 = AXIS2_PLACEMENT_2D('',#13379,#13380);
#13379 = CARTESIAN_POINT('',(23.,0.));
#13380 = DIRECTION('',(-1.,0.));
#13381 = ( GEOMETRIC_REPRESENTATION_CONTEXT(2) 
PARAMETRIC_REPRESENTATION_CONTEXT() REPRESENTATION_CONTEXT('2D SPACE',''
  ) );
#13382 = PCURVE('',#13383,#13388);
#13383 = CYLINDRICAL_SURFACE('',#13384,1.);
#13384 = AXIS2_PLACEMENT_3D('',#13385,#13386,#13387);
#13385 = CARTESIAN_POINT('',(40.,8.,6.));
#13386 = DIRECTION('',(-0.,-0.,-1.));
#13387 = DIRECTION('',(-1.,0.,0.));
#13388 = DEFINITIONAL_REPRESENTATION('',(#13389),#13393);
#13389 = LINE('',#13390,#13391);
#13390 = CARTESIAN_POINT('',(6.28318530718,6.));
#13391 = VECTOR('',#13392,1.);
#13392 = DIRECTION('',(-1.,0.));
#13393 = ( GEOMETRIC_REPRESENTATION_CONTEXT(2) 
PARAMETRIC_REPRESENTATION_CONTEXT() REPRESENTATION_CONTEXT('2D SPACE',''
  ) );
#13394 = ORIENTED_EDGE('',*,*,#13395,.F.);
#13395 = EDGE_CURVE('',#13396,#13367,#13398,.T.);
#13396 = VERTEX_POINT('',#13397);
#13397 = CARTESIAN_POINT('',(39.,22.,0.));
#13398 = SURFACE_CURVE('',#13399,(#13403,#13410),.PCURVE_S1.);
#13399 = LINE('',#13400,#13401);
#13400 = CARTESIAN_POINT('',(39.,22.,0.));
#13401 = VECTOR('',#13402,1.);
#13402 = DIRECTION('',(1.224646799147E-16,-1.,0.));
#13403 = PCURVE('',#12876,#13404);
#13404 = DEFINITIONAL_REPRESENTATION('',(#13405),#13409);
#13405 = LINE('',#13406,#13407);
#13406 = CARTESIAN_POINT('',(22.,14.));
#13407 = VECTOR('',#13408,1.);
#13408 = DIRECTION('',(1.224646799147E-16,-1.));
#13409 = ( GEOMETRIC_REPRESENTATION_CONTEXT(2) 
PARAMETRIC_REPRESENTATION_CONTEXT() REPRESENTATION_CONTEXT('2D SPACE',''
  ) );
#13410 = PCURVE('',#13411,#13416);
#13411 = PLANE('',#13412);
#13412 = AXIS2_PLACEMENT_3D('',#13413,#13414,#13415);
#13413 = CARTESIAN_POINT('',(39.,22.,6.));
#13414 = DIRECTION('',(-1.,-0.,0.));
#13415 = DIRECTION('',(0.,-0.,-1.));
#13416 = DEFINITIONAL_REPRESENTATION('',(#13417),#13421);
#13417 = LINE('',#13418,#13419);
#13418 = CARTESIAN_POINT('',(6.,0.));
#13419 = VECTOR('',#13420,1.);
#13420 = DIRECTION('',(0.,1.));
#13421 = ( GEOMETRIC_REPRESENTATION_CONTEXT(2) 
PARAMETRIC_REPRESENTATION_CONTEXT() REPRESENTATION_CONTEXT('2D SPACE',''
  ) );
#13422 = ORIENTED_EDGE('',*,*,#13423,.F.);
#13423 = EDGE_CURVE('',#13424,#13396,#13426,.T.);
#13424 = VERTEX_POINT('',#13425);
#13425 = CARTESIAN_POINT('',(33.,22.,0.));
#13426 = SURFACE_CURVE('',#13427,(#13432,#13443),.PCURVE_S1.);
#13427 = CIRCLE('',#13428,3.);
#13428 = AXIS2_PLACEMENT_3D('',#13429,#13430,#13431);
#13429 = CARTESIAN_POINT('',(36.,22.,0.));
#13430 = DIRECTION('',(0.,0.,-1.));
#13431 = DIRECTION('',(-1.,0.,0.));
#13432 = PCURVE('',#12876,#13433);
#13433 = DEFINITIONAL_REPRESENTATION('',(#13434),#13442);
#13434 = ( BOUNDED_CURVE() B_SPLINE_CURVE(2,(#13435,#13436,#13437,#13438
    ,#13439,#13440,#13441),.UNSPECIFIED.,.T.,.F.) 
B_SPLINE_CURVE_WITH_KNOTS((1,2,2,2,2,1),(-2.094395102393,0.,
    2.094395102393,4.188790204786,6.28318530718,8.377580409573),
.UNSPECIFIED.) CURVE() GEOMETRIC_REPRESENTATION_ITEM() 
RATIONAL_B_SPLINE_CURVE((1.,0.5,1.,0.5,1.,0.5,1.)) REPRESENTATION_ITEM(
  '') );
#13435 = CARTESIAN_POINT('',(16.,14.));
#13436 = CARTESIAN_POINT('',(16.,19.196152422707));
#13437 = CARTESIAN_POINT('',(20.5,16.598076211353));
#13438 = CARTESIAN_POINT('',(25.,14.));
#13439 = CARTESIAN_POINT('',(20.5,11.401923788647));
#13440 = CARTESIAN_POINT('',(16.,8.803847577293));
#13441 = CARTESIAN_POINT('',(16.,14.));
#13442 = ( GEOMETRIC_REPRESENTATION_CONTEXT(2) 
PARAMETRIC_REPRESENTATION_CONTEXT() REPRESENTATION_CONTEXT('2D SPACE',''
  ) );
#13443 = PCURVE('',#13444,#13449);
#13444 = CYLINDRICAL_SURFACE('',#13445,3.);
#13445 = AXIS2_PLACEMENT_3D('',#13446,#13447,#13448);
#13446 = CARTESIAN_POINT('',(36.,22.,6.));
#13447 = DIRECTION('',(0.,0.,-1.));
#13448 = DIRECTION('',(-1.,0.,0.));
#13449 = DEFINITIONAL_REPRESENTATION('',(#13450),#13454);
#13450 = LINE('',#13451,#13452);
#13451 = CARTESIAN_POINT('',(0.,6.));
#13452 = VECTOR('',#13453,1.);
#13453 = DIRECTION('',(1.,0.));
#13454 = ( GEOMETRIC_REPRESENTATION_CONTEXT(2) 
PARAMETRIC_REPRESENTATION_CONTEXT() REPRESENTATION_CONTEXT('2D SPACE',''
  ) );
#13455 = ORIENTED_EDGE('',*,*,#13456,.F.);
#13456 = EDGE_CURVE('',#13457,#13424,#13459,.T.);
#13457 = VERTEX_POINT('',#13458);
#13458 = CARTESIAN_POINT('',(33.,8.,0.));
#13459 = SURFACE_CURVE('',#13460,(#13464,#13471),.PCURVE_S1.);
#13460 = LINE('',#13461,#13462);
#13461 = CARTESIAN_POINT('',(33.,8.,0.));
#13462 = VECTOR('',#13463,1.);
#13463 = DIRECTION('',(-0.,1.,0.));
#13464 = PCURVE('',#12876,#13465);
#13465 = DEFINITIONAL_REPRESENTATION('',(#13466),#13470);
#13466 = LINE('',#13467,#13468);
#13467 = CARTESIAN_POINT('',(16.,0.));
#13468 = VECTOR('',#13469,1.);
#13469 = DIRECTION('',(0.,1.));
#13470 = ( GEOMETRIC_REPRESENTATION_CONTEXT(2) 
PARAMETRIC_REPRESENTATION_CONTEXT() REPRESENTATION_CONTEXT('2D SPACE',''
  ) );
#13471 = PCURVE('',#13472,#13477);
#13472 = PLANE('',#13473);
#13473 = AXIS2_PLACEMENT_3D('',#13474,#13475,#13476);
#13474 = CARTESIAN_POINT('',(33.,8.,6.));
#13475 = DIRECTION('',(1.,-0.,0.));
#13476 = DIRECTION('',(0.,0.,-1.));
#13477 = DEFINITIONAL_REPRESENTATION('',(#13478),#13482);
#13478 = LINE('',#13479,#13480);
#13479 = CARTESIAN_POINT('',(6.,0.));
#13480 = VECTOR('',#13481,1.);
#13481 = DIRECTION('',(0.,1.));
#13482 = ( GEOMETRIC_REPRESENTATION_CONTEXT(2) 
PARAMETRIC_REPRESENTATION_CONTEXT() REPRESENTATION_CONTEXT('2D SPACE',''
  ) );
#13483 = ORIENTED_EDGE('',*,*,#13484,.F.);
#13484 = EDGE_CURVE('',#13485,#13457,#13487,.T.);
#13485 = VERTEX_POINT('',#13486);
#13486 = CARTESIAN_POINT('',(31.,8.,0.));
#13487 = SURFACE_CURVE('',#13488,(#13493,#13500),.PCURVE_S1.);
#13488 = CIRCLE('',#13489,1.);
#13489 = AXIS2_PLACEMENT_3D('',#13490,#13491,#13492);
#13490 = CARTESIAN_POINT('',(32.,8.,0.));
#13491 = DIRECTION('',(0.,0.,1.));
#13492 = DIRECTION('',(-1.,0.,0.));
#13493 = PCURVE('',#12876,#13494);
#13494 = DEFINITIONAL_REPRESENTATION('',(#13495),#13499);
#13495 = CIRCLE('',#13496,1.);
#13496 = AXIS2_PLACEMENT_2D('',#13497,#13498);
#13497 = CARTESIAN_POINT('',(15.,0.));
#13498 = DIRECTION('',(-1.,0.));
#13499 = ( GEOMETRIC_REPRESENTATION_CONTEXT(2) 
PARAMETRIC_REPRESENTATION_CONTEXT() REPRESENTATION_CONTEXT('2D SPACE',''
  ) );
#13500 = PCURVE('',#13501,#13506);
#13501 = CYLINDRICAL_SURFACE('',#13502,1.);
#13502 = AXIS2_PLACEMENT_3D('',#13503,#13504,#13505);
#13503 = CARTESIAN_POINT('',(32.,8.,6.));
#13504 = DIRECTION('',(-0.,-0.,-1.));
#13505 = DIRECTION('',(-1.,0.,0.));
#13506 = DEFINITIONAL_REPRESENTATION('',(#13507),#13511);
#13507 = LINE('',#13508,#13509);
#13508 = CARTESIAN_POINT('',(6.28318530718,6.));
#13509 = VECTOR('',#13510,1.);
#13510 = DIRECTION('',(-1.,0.));
#13511 = ( GEOMETRIC_REPRESENTATION_CONTEXT(2) 
PARAMETRIC_REPRESENTATION_CONTEXT() REPRESENTATION_CONTEXT('2D SPACE',''
  ) );
#13512 = ORIENTED_EDGE('',*,*,#13513,.F.);
#13513 = EDGE_CURVE('',#13514,#13485,#13516,.T.);
#13514 = VERTEX_POINT('',#13515);
#13515 = CARTESIAN_POINT('',(31.,22.,0.));
#13516 = SURFACE_CURVE('',#13517,(#13521,#13528),.PCURVE_S1.);
#13517 = LINE('',#13518,#13519);
#13518 = CARTESIAN_POINT('',(31.,22.,0.));
#13519 = VECTOR('',#13520,1.);
#13520 = DIRECTION('',(1.224646799147E-16,-1.,0.));
#13521 = PCURVE('',#12876,#13522);
#13522 = DEFINITIONAL_REPRESENTATION('',(#13523),#13527);
#13523 = LINE('',#13524,#13525);
#13524 = CARTESIAN_POINT('',(14.,14.));
#13525 = VECTOR('',#13526,1.);
#13526 = DIRECTION('',(1.224646799147E-16,-1.));
#13527 = ( GEOMETRIC_REPRESENTATION_CONTEXT(2) 
PARAMETRIC_REPRESENTATION_CONTEXT() REPRESENTATION_CONTEXT('2D SPACE',''
  ) );
#13528 = PCURVE('',#13529,#13534);
#13529 = PLANE('',#13530);
#13530 = AXIS2_PLACEMENT_3D('',#13531,#13532,#13533);
#13531 = CARTESIAN_POINT('',(31.,22.,6.));
#13532 = DIRECTION('',(-1.,1.586032892322E-17,-0.));
#13533 = DIRECTION('',(0.,0.,-1.));
#13534 = DEFINITIONAL_REPRESENTATION('',(#13535),#13539);
#13535 = LINE('',#13536,#13537);
#13536 = CARTESIAN_POINT('',(6.,0.));
#13537 = VECTOR('',#13538,1.);
#13538 = DIRECTION('',(-0.,1.));
#13539 = ( GEOMETRIC_REPRESENTATION_CONTEXT(2) 
PARAMETRIC_REPRESENTATION_CONTEXT() REPRESENTATION_CONTEXT('2D SPACE',''
  ) );
#13540 = ORIENTED_EDGE('',*,*,#13541,.F.);
#13541 = EDGE_CURVE('',#13542,#13514,#13544,.T.);
#13542 = VERTEX_POINT('',#13543);
#13543 = CARTESIAN_POINT('',(25.,22.,0.));
#13544 = SURFACE_CURVE('',#13545,(#13550,#13561),.PCURVE_S1.);
#13545 = CIRCLE('',#13546,3.);
#13546 = AXIS2_PLACEMENT_3D('',#13547,#13548,#13549);
#13547 = CARTESIAN_POINT('',(28.,22.,0.));
#13548 = DIRECTION('',(0.,0.,-1.));
#13549 = DIRECTION('',(-1.,0.,0.));
#13550 = PCURVE('',#12876,#13551);
#13551 = DEFINITIONAL_REPRESENTATION('',(#13552),#13560);
#13552 = ( BOUNDED_CURVE() B_SPLINE_CURVE(2,(#13553,#13554,#13555,#13556
    ,#13557,#13558,#13559),.UNSPECIFIED.,.T.,.F.) 
B_SPLINE_CURVE_WITH_KNOTS((1,2,2,2,2,1),(-2.094395102393,0.,
    2.094395102393,4.188790204786,6.28318530718,8.377580409573),
.UNSPECIFIED.) CURVE() GEOMETRIC_REPRESENTATION_ITEM() 
RATIONAL_B_SPLINE_CURVE((1.,0.5,1.,0.5,1.,0.5,1.)) REPRESENTATION_ITEM(
  '') );
#13553 = CARTESIAN_POINT('',(8.,14.));
#13554 = CARTESIAN_POINT('',(8.,19.196152422707));
#13555 = CARTESIAN_POINT('',(12.5,16.598076211353));
#13556 = CARTESIAN_POINT('',(17.,14.));
#13557 = CARTESIAN_POINT('',(12.5,11.401923788647));
#13558 = CARTESIAN_POINT('',(8.,8.803847577293));
#13559 = CARTESIAN_POINT('',(8.,14.));
#13560 = ( GEOMETRIC_REPRESENTATION_CONTEXT(2) 
PARAMETRIC_REPRESENTATION_CONTEXT() REPRESENTATION_CONTEXT('2D SPACE',''
  ) );
#13561 = PCURVE('',#13562,#13567);
#13562 = CYLINDRICAL_SURFACE('',#13563,3.);
#13563 = AXIS2_PLACEMENT_3D('',#13564,#13565,#13566);
#13564 = CARTESIAN_POINT('',(28.,22.,6.));
#13565 = DIRECTION('',(0.,0.,-1.));
#13566 = DIRECTION('',(-1.,0.,0.));
#13567 = DEFINITIONAL_REPRESENTATION('',(#13568),#13572);
#13568 = LINE('',#13569,#13570);
#13569 = CARTESIAN_POINT('',(0.,6.));
#13570 = VECTOR('',#13571,1.);
#13571 = DIRECTION('',(1.,0.));
#13572 = ( GEOMETRIC_REPRESENTATION_CONTEXT(2) 
PARAMETRIC_REPRESENTATION_CONTEXT() REPRESENTATION_CONTEXT('2D SPACE',''
  ) );
#13573 = ORIENTED_EDGE('',*,*,#13574,.F.);
#13574 = EDGE_CURVE('',#13575,#13542,#13577,.T.);
#13575 = VERTEX_POINT('',#13576);
#13576 = CARTESIAN_POINT('',(25.,8.,0.));
#13577 = SURFACE_CURVE('',#13578,(#13582,#13589),.PCURVE_S1.);
#13578 = LINE('',#13579,#13580);
#13579 = CARTESIAN_POINT('',(25.,8.,0.));
#13580 = VECTOR('',#13581,1.);
#13581 = DIRECTION('',(-0.,1.,0.));
#13582 = PCURVE('',#12876,#13583);
#13583 = DEFINITIONAL_REPRESENTATION('',(#13584),#13588);
#13584 = LINE('',#13585,#13586);
#13585 = CARTESIAN_POINT('',(8.,0.));
#13586 = VECTOR('',#13587,1.);
#13587 = DIRECTION('',(0.,1.));
#13588 = ( GEOMETRIC_REPRESENTATION_CONTEXT(2) 
PARAMETRIC_REPRESENTATION_CONTEXT() REPRESENTATION_CONTEXT('2D SPACE',''
  ) );
#13589 = PCURVE('',#13590,#13595);
#13590 = PLANE('',#13591);
#13591 = AXIS2_PLACEMENT_3D('',#13592,#13593,#13594);
#13592 = CARTESIAN_POINT('',(25.,8.,6.));
#13593 = DIRECTION('',(1.,-0.,0.));
#13594 = DIRECTION('',(0.,0.,-1.));
#13595 = DEFINITIONAL_REPRESENTATION('',(#13596),#13600);
#13596 = LINE('',#13597,#13598);
#13597 = CARTESIAN_POINT('',(6.,0.));
#13598 = VECTOR('',#13599,1.);
#13599 = DIRECTION('',(0.,1.));
#13600 = ( GEOMETRIC_REPRESENTATION_CONTEXT(2) 
PARAMETRIC_REPRESENTATION_CONTEXT() REPRESENTATION_CONTEXT('2D SPACE',''
  ) );
#13601 = ORIENTED_EDGE('',*,*,#13602,.F.);
#13602 = EDGE_CURVE('',#13603,#13575,#13605,.T.);
#13603 = VERTEX_POINT('',#13604);
#13604 = CARTESIAN_POINT('',(23.,8.,0.));
#13605 = SURFACE_CURVE('',#13606,(#13611,#13618),.PCURVE_S1.);
#13606 = CIRCLE('',#13607,1.);
#13607 = AXIS2_PLACEMENT_3D('',#13608,#13609,#13610);
#13608 = CARTESIAN_POINT('',(24.,8.,0.));
#13609 = DIRECTION('',(0.,0.,1.));
#13610 = DIRECTION('',(-1.,0.,0.));
#13611 = PCURVE('',#12876,#13612);
#13612 = DEFINITIONAL_REPRESENTATION('',(#13613),#13617);
#13613 = CIRCLE('',#13614,1.);
#13614 = AXIS2_PLACEMENT_2D('',#13615,#13616);
#13615 = CARTESIAN_POINT('',(7.,0.));
#13616 = DIRECTION('',(-1.,0.));
#13617 = ( GEOMETRIC_REPRESENTATION_CONTEXT(2) 
PARAMETRIC_REPRESENTATION_CONTEXT() REPRESENTATION_CONTEXT('2D SPACE',''
  ) );
#13618 = PCURVE('',#13619,#13624);
#13619 = CYLINDRICAL_SURFACE('',#13620,1.);
#13620 = AXIS2_PLACEMENT_3D('',#13621,#13622,#13623);
#13621 = CARTESIAN_POINT('',(24.,8.,6.));
#13622 = DIRECTION('',(-0.,-0.,-1.));
#13623 = DIRECTION('',(-1.,0.,0.));
#13624 = DEFINITIONAL_REPRESENTATION('',(#13625),#13629);
#13625 = LINE('',#13626,#13627);
#13626 = CARTESIAN_POINT('',(6.28318530718,6.));
#13627 = VECTOR('',#13628,1.);
#13628 = DIRECTION('',(-1.,0.));
#13629 = ( GEOMETRIC_REPRESENTATION_CONTEXT(2) 
PARAMETRIC_REPRESENTATION_CONTEXT() REPRESENTATION_CONTEXT('2D SPACE',''
  ) );
#13630 = ORIENTED_EDGE('',*,*,#13631,.F.);
#13631 = EDGE_CURVE('',#13632,#13603,#13634,.T.);
#13632 = VERTEX_POINT('',#13633);
#13633 = CARTESIAN_POINT('',(23.,22.,0.));
#13634 = SURFACE_CURVE('',#13635,(#13639,#13646),.PCURVE_S1.);
#13635 = LINE('',#13636,#13637);
#13636 = CARTESIAN_POINT('',(23.,22.,0.));
#13637 = VECTOR('',#13638,1.);
#13638 = DIRECTION('',(1.224646799147E-16,-1.,0.));
#13639 = PCURVE('',#12876,#13640);
#13640 = DEFINITIONAL_REPRESENTATION('',(#13641),#13645);
#13641 = LINE('',#13642,#13643);
#13642 = CARTESIAN_POINT('',(6.,14.));
#13643 = VECTOR('',#13644,1.);
#13644 = DIRECTION('',(1.224646799147E-16,-1.));
#13645 = ( GEOMETRIC_REPRESENTATION_CONTEXT(2) 
PARAMETRIC_REPRESENTATION_CONTEXT() REPRESENTATION_CONTEXT('2D SPACE',''
  ) );
#13646 = PCURVE('',#13647,#13652);
#13647 = PLANE('',#13648);
#13648 = AXIS2_PLACEMENT_3D('',#13649,#13650,#13651);
#13649 = CARTESIAN_POINT('',(23.,22.,6.));
#13650 = DIRECTION('',(-1.,-0.,0.));
#13651 = DIRECTION('',(0.,-0.,-1.));
#13652 = DEFINITIONAL_REPRESENTATION('',(#13653),#13657);
#13653 = LINE('',#13654,#13655);
#13654 = CARTESIAN_POINT('',(6.,0.));
#13655 = VECTOR('',#13656,1.);
#13656 = DIRECTION('',(0.,1.));
#13657 = ( GEOMETRIC_REPRESENTATION_CONTEXT(2) 
PARAMETRIC_REPRESENTATION_CONTEXT() REPRESENTATION_CONTEXT('2D SPACE',''
  ) );
#13658 = ORIENTED_EDGE('',*,*,#13659,.F.);
#13659 = EDGE_CURVE('',#12868,#13632,#13660,.T.);
#13660 = SURFACE_CURVE('',#13661,(#13666,#13677),.PCURVE_S1.);
#13661 = CIRCLE('',#13662,3.);
#13662 = AXIS2_PLACEMENT_3D('',#13663,#13664,#13665);
#13663 = CARTESIAN_POINT('',(20.,22.,0.));
#13664 = DIRECTION('',(0.,0.,-1.));
#13665 = DIRECTION('',(-1.,0.,0.));
#13666 = PCURVE('',#12876,#13667);
#13667 = DEFINITIONAL_REPRESENTATION('',(#13668),#13676);
#13668 = ( BOUNDED_CURVE() B_SPLINE_CURVE(2,(#13669,#13670,#13671,#13672
    ,#13673,#13674,#13675),.UNSPECIFIED.,.T.,.F.) 
B_SPLINE_CURVE_WITH_KNOTS((1,2,2,2,2,1),(-2.094395102393,0.,
    2.094395102393,4.188790204786,6.28318530718,8.377580409573),
.UNSPECIFIED.) CURVE() GEOMETRIC_REPRESENTATION_ITEM() 
RATIONAL_B_SPLINE_CURVE((1.,0.5,1.,0.5,1.,0.5,1.)) REPRESENTATION_ITEM(
  '') );
#13669 = CARTESIAN_POINT('',(0.,14.));
#13670 = CARTESIAN_POINT('',(0.,19.196152422707));
#13671 = CARTESIAN_POINT('',(4.5,16.598076211353));
#13672 = CARTESIAN_POINT('',(9.,14.));
#13673 = CARTESIAN_POINT('',(4.5,11.401923788647));
#13674 = CARTESIAN_POINT('',(4.440892098501E-15,8.803847577293));
#13675 = CARTESIAN_POINT('',(0.,14.));
#13676 = ( GEOMETRIC_REPRESENTATION_CONTEXT(2) 
PARAMETRIC_REPRESENTATION_CONTEXT() REPRESENTATION_CONTEXT('2D SPACE',''
  ) );
#13677 = PCURVE('',#13678,#13683);
#13678 = CYLINDRICAL_SURFACE('',#13679,3.);
#13679 = AXIS2_PLACEMENT_3D('',#13680,#13681,#13682);
#13680 = CARTESIAN_POINT('',(20.,22.,6.));
#13681 = DIRECTION('',(0.,0.,-1.));
#13682 = DIRECTION('',(-1.,0.,0.));
#13683 = DEFINITIONAL_REPRESENTATION('',(#13684),#13688);
#13684 = LINE('',#13685,#13686);
#13685 = CARTESIAN_POINT('',(0.,6.));
#13686 = VECTOR('',#13687,1.);
#13687 = DIRECTION('',(1.,0.));
#13688 = ( GEOMETRIC_REPRESENTATION_CONTEXT(2) 
PARAMETRIC_REPRESENTATION_CONTEXT() REPRESENTATION_CONTEXT('2D SPACE',''
  ) );
#13689 = ADVANCED_FACE('',(#13690),#12888,.F.);
#13690 = FACE_BOUND('',#13691,.F.);
#13691 = EDGE_LOOP('',(#13692,#13722,#13745,#13773,#13801,#13829,#13850,
    #13851));
#13692 = ORIENTED_EDGE('',*,*,#13693,.F.);
#13693 = EDGE_CURVE('',#13694,#13696,#13698,.T.);
#13694 = VERTEX_POINT('',#13695);
#13695 = CARTESIAN_POINT('',(17.,8.,6.));
#13696 = VERTEX_POINT('',#13697);
#13697 = CARTESIAN_POINT('',(17.,22.,6.));
#13698 = SURFACE_CURVE('',#13699,(#13703,#13710),.PCURVE_S1.);
#13699 = LINE('',#13700,#13701);
#13700 = CARTESIAN_POINT('',(17.,8.,6.));
#13701 = VECTOR('',#13702,1.);
#13702 = DIRECTION('',(0.,1.,0.));
#13703 = PCURVE('',#12888,#13704);
#13704 = DEFINITIONAL_REPRESENTATION('',(#13705),#13709);
#13705 = LINE('',#13706,#13707);
#13706 = CARTESIAN_POINT('',(0.,0.));
#13707 = VECTOR('',#13708,1.);
#13708 = DIRECTION('',(0.,1.));
#13709 = ( GEOMETRIC_REPRESENTATION_CONTEXT(2) 
PARAMETRIC_REPRESENTATION_CONTEXT() REPRESENTATION_CONTEXT('2D SPACE',''
  ) );
#13710 = PCURVE('',#13711,#13716);
#13711 = PLANE('',#13712);
#13712 = AXIS2_PLACEMENT_3D('',#13713,#13714,#13715);
#13713 = CARTESIAN_POINT('',(19.,8.,6.));
#13714 = DIRECTION('',(0.,0.,-1.));
#13715 = DIRECTION('',(-1.,0.,0.));
#13716 = DEFINITIONAL_REPRESENTATION('',(#13717),#13721);
#13717 = LINE('',#13718,#13719);
#13718 = CARTESIAN_POINT('',(2.,0.));
#13719 = VECTOR('',#13720,1.);
#13720 = DIRECTION('',(0.,1.));
#13721 = ( GEOMETRIC_REPRESENTATION_CONTEXT(2) 
PARAMETRIC_REPRESENTATION_CONTEXT() REPRESENTATION_CONTEXT('2D SPACE',''
  ) );
#13722 = ORIENTED_EDGE('',*,*,#13723,.T.);
#13723 = EDGE_CURVE('',#13694,#13724,#13726,.T.);
#13724 = VERTEX_POINT('',#13725);
#13725 = CARTESIAN_POINT('',(17.,8.,5.9));
#13726 = SURFACE_CURVE('',#13727,(#13731,#13738),.PCURVE_S1.);
#13727 = LINE('',#13728,#13729);
#13728 = CARTESIAN_POINT('',(17.,8.,6.));
#13729 = VECTOR('',#13730,1.);
#13730 = DIRECTION('',(0.,0.,-1.));
#13731 = PCURVE('',#12888,#13732);
#13732 = DEFINITIONAL_REPRESENTATION('',(#13733),#13737);
#13733 = LINE('',#13734,#13735);
#13734 = CARTESIAN_POINT('',(0.,0.));
#13735 = VECTOR('',#13736,1.);
#13736 = DIRECTION('',(1.,0.));
#13737 = ( GEOMETRIC_REPRESENTATION_CONTEXT(2) 
PARAMETRIC_REPRESENTATION_CONTEXT() REPRESENTATION_CONTEXT('2D SPACE',''
  ) );
#13738 = PCURVE('',#12916,#13739);
#13739 = DEFINITIONAL_REPRESENTATION('',(#13740),#13744);
#13740 = LINE('',#13741,#13742);
#13741 = CARTESIAN_POINT('',(-3.,-1.));
#13742 = VECTOR('',#13743,1.);
#13743 = DIRECTION('',(1.,0.));
#13744 = ( GEOMETRIC_REPRESENTATION_CONTEXT(2) 
PARAMETRIC_REPRESENTATION_CONTEXT() REPRESENTATION_CONTEXT('2D SPACE',''
  ) );
#13745 = ORIENTED_EDGE('',*,*,#13746,.F.);
#13746 = EDGE_CURVE('',#13747,#13724,#13749,.T.);
#13747 = VERTEX_POINT('',#13748);
#13748 = CARTESIAN_POINT('',(17.,9.9,5.9));
#13749 = SURFACE_CURVE('',#13750,(#13754,#13761),.PCURVE_S1.);
#13750 = LINE('',#13751,#13752);
#13751 = CARTESIAN_POINT('',(17.,7.05,5.9));
#13752 = VECTOR('',#13753,1.);
#13753 = DIRECTION('',(-0.,-1.,0.));
#13754 = PCURVE('',#12888,#13755);
#13755 = DEFINITIONAL_REPRESENTATION('',(#13756),#13760);
#13756 = LINE('',#13757,#13758);
#13757 = CARTESIAN_POINT('',(1.E-01,-0.95));
#13758 = VECTOR('',#13759,1.);
#13759 = DIRECTION('',(-0.,-1.));
#13760 = ( GEOMETRIC_REPRESENTATION_CONTEXT(2) 
PARAMETRIC_REPRESENTATION_CONTEXT() REPRESENTATION_CONTEXT('2D SPACE',''
  ) );
#13761 = PCURVE('',#13762,#13767);
#13762 = PLANE('',#13763);
#13763 = AXIS2_PLACEMENT_3D('',#13764,#13765,#13766);
#13764 = CARTESIAN_POINT('',(15.,6.1,5.9));
#13765 = DIRECTION('',(0.,0.,1.));
#13766 = DIRECTION('',(1.,0.,-0.));
#13767 = DEFINITIONAL_REPRESENTATION('',(#13768),#13772);
#13768 = LINE('',#13769,#13770);
#13769 = CARTESIAN_POINT('',(2.,0.95));
#13770 = VECTOR('',#13771,1.);
#13771 = DIRECTION('',(-0.,-1.));
#13772 = ( GEOMETRIC_REPRESENTATION_CONTEXT(2) 
PARAMETRIC_REPRESENTATION_CONTEXT() REPRESENTATION_CONTEXT('2D SPACE',''
  ) );
#13773 = ORIENTED_EDGE('',*,*,#13774,.F.);
#13774 = EDGE_CURVE('',#13775,#13747,#13777,.T.);
#13775 = VERTEX_POINT('',#13776);
#13776 = CARTESIAN_POINT('',(17.,9.9,0.1));
#13777 = SURFACE_CURVE('',#13778,(#13782,#13789),.PCURVE_S1.);
#13778 = LINE('',#13779,#13780);
#13779 = CARTESIAN_POINT('',(17.,9.9,3.05));
#13780 = VECTOR('',#13781,1.);
#13781 = DIRECTION('',(-0.,0.,1.));
#13782 = PCURVE('',#12888,#13783);
#13783 = DEFINITIONAL_REPRESENTATION('',(#13784),#13788);
#13784 = LINE('',#13785,#13786);
#13785 = CARTESIAN_POINT('',(2.95,1.9));
#13786 = VECTOR('',#13787,1.);
#13787 = DIRECTION('',(-1.,0.));
#13788 = ( GEOMETRIC_REPRESENTATION_CONTEXT(2) 
PARAMETRIC_REPRESENTATION_CONTEXT() REPRESENTATION_CONTEXT('2D SPACE',''
  ) );
#13789 = PCURVE('',#13790,#13795);
#13790 = PLANE('',#13791);
#13791 = AXIS2_PLACEMENT_3D('',#13792,#13793,#13794);
#13792 = CARTESIAN_POINT('',(15.,9.9,0.1));
#13793 = DIRECTION('',(0.,1.,0.));
#13794 = DIRECTION('',(0.,-0.,1.));
#13795 = DEFINITIONAL_REPRESENTATION('',(#13796),#13800);
#13796 = LINE('',#13797,#13798);
#13797 = CARTESIAN_POINT('',(2.95,2.));
#13798 = VECTOR('',#13799,1.);
#13799 = DIRECTION('',(1.,0.));
#13800 = ( GEOMETRIC_REPRESENTATION_CONTEXT(2) 
PARAMETRIC_REPRESENTATION_CONTEXT() REPRESENTATION_CONTEXT('2D SPACE',''
  ) );
#13801 = ORIENTED_EDGE('',*,*,#13802,.T.);
#13802 = EDGE_CURVE('',#13775,#13803,#13805,.T.);
#13803 = VERTEX_POINT('',#13804);
#13804 = CARTESIAN_POINT('',(17.,8.,0.1));
#13805 = SURFACE_CURVE('',#13806,(#13810,#13817),.PCURVE_S1.);
#13806 = LINE('',#13807,#13808);
#13807 = CARTESIAN_POINT('',(17.,7.05,0.1));
#13808 = VECTOR('',#13809,1.);
#13809 = DIRECTION('',(-0.,-1.,0.));
#13810 = PCURVE('',#12888,#13811);
#13811 = DEFINITIONAL_REPRESENTATION('',(#13812),#13816);
#13812 = LINE('',#13813,#13814);
#13813 = CARTESIAN_POINT('',(5.9,-0.95));
#13814 = VECTOR('',#13815,1.);
#13815 = DIRECTION('',(-0.,-1.));
#13816 = ( GEOMETRIC_REPRESENTATION_CONTEXT(2) 
PARAMETRIC_REPRESENTATION_CONTEXT() REPRESENTATION_CONTEXT('2D SPACE',''
  ) );
#13817 = PCURVE('',#13818,#13823);
#13818 = PLANE('',#13819);
#13819 = AXIS2_PLACEMENT_3D('',#13820,#13821,#13822);
#13820 = CARTESIAN_POINT('',(15.,6.1,0.1));
#13821 = DIRECTION('',(0.,0.,1.));
#13822 = DIRECTION('',(1.,0.,-0.));
#13823 = DEFINITIONAL_REPRESENTATION('',(#13824),#13828);
#13824 = LINE('',#13825,#13826);
#13825 = CARTESIAN_POINT('',(2.,0.95));
#13826 = VECTOR('',#13827,1.);
#13827 = DIRECTION('',(-0.,-1.));
#13828 = ( GEOMETRIC_REPRESENTATION_CONTEXT(2) 
PARAMETRIC_REPRESENTATION_CONTEXT() REPRESENTATION_CONTEXT('2D SPACE',''
  ) );
#13829 = ORIENTED_EDGE('',*,*,#13830,.T.);
#13830 = EDGE_CURVE('',#13803,#12866,#13831,.T.);
#13831 = SURFACE_CURVE('',#13832,(#13836,#13843),.PCURVE_S1.);
#13832 = LINE('',#13833,#13834);
#13833 = CARTESIAN_POINT('',(17.,8.,6.));
#13834 = VECTOR('',#13835,1.);
#13835 = DIRECTION('',(0.,0.,-1.));
#13836 = PCURVE('',#12888,#13837);
#13837 = DEFINITIONAL_REPRESENTATION('',(#13838),#13842);
#13838 = LINE('',#13839,#13840);
#13839 = CARTESIAN_POINT('',(0.,0.));
#13840 = VECTOR('',#13841,1.);
#13841 = DIRECTION('',(1.,0.));
#13842 = ( GEOMETRIC_REPRESENTATION_CONTEXT(2) 
PARAMETRIC_REPRESENTATION_CONTEXT() REPRESENTATION_CONTEXT('2D SPACE',''
  ) );
#13843 = PCURVE('',#12916,#13844);
#13844 = DEFINITIONAL_REPRESENTATION('',(#13845),#13849);
#13845 = LINE('',#13846,#13847);
#13846 = CARTESIAN_POINT('',(-3.,-1.));
#13847 = VECTOR('',#13848,1.);
#13848 = DIRECTION('',(1.,0.));
#13849 = ( GEOMETRIC_REPRESENTATION_CONTEXT(2) 
PARAMETRIC_REPRESENTATION_CONTEXT() REPRESENTATION_CONTEXT('2D SPACE',''
  ) );
#13850 = ORIENTED_EDGE('',*,*,#12865,.T.);
#13851 = ORIENTED_EDGE('',*,*,#13852,.F.);
#13852 = EDGE_CURVE('',#13696,#12868,#13853,.T.);
#13853 = SURFACE_CURVE('',#13854,(#13858,#13865),.PCURVE_S1.);
#13854 = LINE('',#13855,#13856);
#13855 = CARTESIAN_POINT('',(17.,22.,6.));
#13856 = VECTOR('',#13857,1.);
#13857 = DIRECTION('',(0.,0.,-1.));
#13858 = PCURVE('',#12888,#13859);
#13859 = DEFINITIONAL_REPRESENTATION('',(#13860),#13864);
#13860 = LINE('',#13861,#13862);
#13861 = CARTESIAN_POINT('',(0.,14.));
#13862 = VECTOR('',#13863,1.);
#13863 = DIRECTION('',(1.,0.));
#13864 = ( GEOMETRIC_REPRESENTATION_CONTEXT(2) 
PARAMETRIC_REPRESENTATION_CONTEXT() REPRESENTATION_CONTEXT('2D SPACE',''
  ) );
#13865 = PCURVE('',#13678,#13866);
#13866 = DEFINITIONAL_REPRESENTATION('',(#13867),#13871);
#13867 = LINE('',#13868,#13869);
#13868 = CARTESIAN_POINT('',(0.,0.));
#13869 = VECTOR('',#13870,1.);
#13870 = DIRECTION('',(0.,1.));
#13871 = ( GEOMETRIC_REPRESENTATION_CONTEXT(2) 
PARAMETRIC_REPRESENTATION_CONTEXT() REPRESENTATION_CONTEXT('2D SPACE',''
  ) );
#13872 = ADVANCED_FACE('',(#13873),#12916,.T.);
#13873 = FACE_BOUND('',#13874,.T.);
#13874 = EDGE_LOOP('',(#13875,#13876,#13877,#13900,#13921,#13922,#13945,
    #13973));
#13875 = ORIENTED_EDGE('',*,*,#13830,.T.);
#13876 = ORIENTED_EDGE('',*,*,#12900,.T.);
#13877 = ORIENTED_EDGE('',*,*,#13878,.T.);
#13878 = EDGE_CURVE('',#12901,#13879,#13881,.T.);
#13879 = VERTEX_POINT('',#13880);
#13880 = CARTESIAN_POINT('',(19.,8.,6.));
#13881 = SURFACE_CURVE('',#13882,(#13886,#13893),.PCURVE_S1.);
#13882 = LINE('',#13883,#13884);
#13883 = CARTESIAN_POINT('',(19.,8.,0.));
#13884 = VECTOR('',#13885,1.);
#13885 = DIRECTION('',(0.,0.,1.));
#13886 = PCURVE('',#12916,#13887);
#13887 = DEFINITIONAL_REPRESENTATION('',(#13888),#13892);
#13888 = LINE('',#13889,#13890);
#13889 = CARTESIAN_POINT('',(3.,1.));
#13890 = VECTOR('',#13891,1.);
#13891 = DIRECTION('',(-1.,0.));
#13892 = ( GEOMETRIC_REPRESENTATION_CONTEXT(2) 
PARAMETRIC_REPRESENTATION_CONTEXT() REPRESENTATION_CONTEXT('2D SPACE',''
  ) );
#13893 = PCURVE('',#12944,#13894);
#13894 = DEFINITIONAL_REPRESENTATION('',(#13895),#13899);
#13895 = LINE('',#13896,#13897);
#13896 = CARTESIAN_POINT('',(0.,0.));
#13897 = VECTOR('',#13898,1.);
#13898 = DIRECTION('',(1.,0.));
#13899 = ( GEOMETRIC_REPRESENTATION_CONTEXT(2) 
PARAMETRIC_REPRESENTATION_CONTEXT() REPRESENTATION_CONTEXT('2D SPACE',''
  ) );
#13900 = ORIENTED_EDGE('',*,*,#13901,.T.);
#13901 = EDGE_CURVE('',#13879,#13694,#13902,.T.);
#13902 = SURFACE_CURVE('',#13903,(#13907,#13914),.PCURVE_S1.);
#13903 = LINE('',#13904,#13905);
#13904 = CARTESIAN_POINT('',(19.,8.,6.));
#13905 = VECTOR('',#13906,1.);
#13906 = DIRECTION('',(-1.,0.,0.));
#13907 = PCURVE('',#12916,#13908);
#13908 = DEFINITIONAL_REPRESENTATION('',(#13909),#13913);
#13909 = LINE('',#13910,#13911);
#13910 = CARTESIAN_POINT('',(-3.,1.));
#13911 = VECTOR('',#13912,1.);
#13912 = DIRECTION('',(0.,-1.));
#13913 = ( GEOMETRIC_REPRESENTATION_CONTEXT(2) 
PARAMETRIC_REPRESENTATION_CONTEXT() REPRESENTATION_CONTEXT('2D SPACE',''
  ) );
#13914 = PCURVE('',#13711,#13915);
#13915 = DEFINITIONAL_REPRESENTATION('',(#13916),#13920);
#13916 = LINE('',#13917,#13918);
#13917 = CARTESIAN_POINT('',(0.,0.));
#13918 = VECTOR('',#13919,1.);
#13919 = DIRECTION('',(1.,0.));
#13920 = ( GEOMETRIC_REPRESENTATION_CONTEXT(2) 
PARAMETRIC_REPRESENTATION_CONTEXT() REPRESENTATION_CONTEXT('2D SPACE',''
  ) );
#13921 = ORIENTED_EDGE('',*,*,#13723,.T.);
#13922 = ORIENTED_EDGE('',*,*,#13923,.F.);
#13923 = EDGE_CURVE('',#13924,#13724,#13926,.T.);
#13924 = VERTEX_POINT('',#13925);
#13925 = CARTESIAN_POINT('',(18.5,8.,5.9));
#13926 = SURFACE_CURVE('',#13927,(#13931,#13938),.PCURVE_S1.);
#13927 = LINE('',#13928,#13929);
#13928 = CARTESIAN_POINT('',(16.5,8.,5.9));
#13929 = VECTOR('',#13930,1.);
#13930 = DIRECTION('',(-1.,0.,0.));
#13931 = PCURVE('',#12916,#13932);
#13932 = DEFINITIONAL_REPRESENTATION('',(#13933),#13937);
#13933 = LINE('',#13934,#13935);
#13934 = CARTESIAN_POINT('',(-2.9,-1.5));
#13935 = VECTOR('',#13936,1.);
#13936 = DIRECTION('',(0.,-1.));
#13937 = ( GEOMETRIC_REPRESENTATION_CONTEXT(2) 
PARAMETRIC_REPRESENTATION_CONTEXT() REPRESENTATION_CONTEXT('2D SPACE',''
  ) );
#13938 = PCURVE('',#13762,#13939);
#13939 = DEFINITIONAL_REPRESENTATION('',(#13940),#13944);
#13940 = LINE('',#13941,#13942);
#13941 = CARTESIAN_POINT('',(1.5,1.9));
#13942 = VECTOR('',#13943,1.);
#13943 = DIRECTION('',(-1.,0.));
#13944 = ( GEOMETRIC_REPRESENTATION_CONTEXT(2) 
PARAMETRIC_REPRESENTATION_CONTEXT() REPRESENTATION_CONTEXT('2D SPACE',''
  ) );
#13945 = ORIENTED_EDGE('',*,*,#13946,.F.);
#13946 = EDGE_CURVE('',#13947,#13924,#13949,.T.);
#13947 = VERTEX_POINT('',#13948);
#13948 = CARTESIAN_POINT('',(18.5,8.,0.1));
#13949 = SURFACE_CURVE('',#13950,(#13954,#13961),.PCURVE_S1.);
#13950 = LINE('',#13951,#13952);
#13951 = CARTESIAN_POINT('',(18.5,8.,1.55));
#13952 = VECTOR('',#13953,1.);
#13953 = DIRECTION('',(0.,0.,1.));
#13954 = PCURVE('',#12916,#13955);
#13955 = DEFINITIONAL_REPRESENTATION('',(#13956),#13960);
#13956 = LINE('',#13957,#13958);
#13957 = CARTESIAN_POINT('',(1.45,0.5));
#13958 = VECTOR('',#13959,1.);
#13959 = DIRECTION('',(-1.,0.));
#13960 = ( GEOMETRIC_REPRESENTATION_CONTEXT(2) 
PARAMETRIC_REPRESENTATION_CONTEXT() REPRESENTATION_CONTEXT('2D SPACE',''
  ) );
#13961 = PCURVE('',#13962,#13967);
#13962 = PLANE('',#13963);
#13963 = AXIS2_PLACEMENT_3D('',#13964,#13965,#13966);
#13964 = CARTESIAN_POINT('',(18.5,6.1,0.1));
#13965 = DIRECTION('',(1.,0.,0.));
#13966 = DIRECTION('',(0.,0.,1.));
#13967 = DEFINITIONAL_REPRESENTATION('',(#13968),#13972);
#13968 = LINE('',#13969,#13970);
#13969 = CARTESIAN_POINT('',(1.45,-1.9));
#13970 = VECTOR('',#13971,1.);
#13971 = DIRECTION('',(1.,0.));
#13972 = ( GEOMETRIC_REPRESENTATION_CONTEXT(2) 
PARAMETRIC_REPRESENTATION_CONTEXT() REPRESENTATION_CONTEXT('2D SPACE',''
  ) );
#13973 = ORIENTED_EDGE('',*,*,#13974,.T.);
#13974 = EDGE_CURVE('',#13947,#13803,#13975,.T.);
#13975 = SURFACE_CURVE('',#13976,(#13980,#13987),.PCURVE_S1.);
#13976 = LINE('',#13977,#13978);
#13977 = CARTESIAN_POINT('',(16.5,8.,0.1));
#13978 = VECTOR('',#13979,1.);
#13979 = DIRECTION('',(-1.,0.,0.));
#13980 = PCURVE('',#12916,#13981);
#13981 = DEFINITIONAL_REPRESENTATION('',(#13982),#13986);
#13982 = LINE('',#13983,#13984);
#13983 = CARTESIAN_POINT('',(2.9,-1.5));
#13984 = VECTOR('',#13985,1.);
#13985 = DIRECTION('',(0.,-1.));
#13986 = ( GEOMETRIC_REPRESENTATION_CONTEXT(2) 
PARAMETRIC_REPRESENTATION_CONTEXT() REPRESENTATION_CONTEXT('2D SPACE',''
  ) );
#13987 = PCURVE('',#13818,#13988);
#13988 = DEFINITIONAL_REPRESENTATION('',(#13989),#13993);
#13989 = LINE('',#13990,#13991);
#13990 = CARTESIAN_POINT('',(1.5,1.9));
#13991 = VECTOR('',#13992,1.);
#13992 = DIRECTION('',(-1.,0.));
#13993 = ( GEOMETRIC_REPRESENTATION_CONTEXT(2) 
PARAMETRIC_REPRESENTATION_CONTEXT() REPRESENTATION_CONTEXT('2D SPACE',''
  ) );
#13994 = ADVANCED_FACE('',(#13995),#12944,.F.);
#13995 = FACE_BOUND('',#13996,.F.);
#13996 = EDGE_LOOP('',(#13997,#13998,#13999,#14022));
#13997 = ORIENTED_EDGE('',*,*,#12928,.F.);
#13998 = ORIENTED_EDGE('',*,*,#13878,.T.);
#13999 = ORIENTED_EDGE('',*,*,#14000,.T.);
#14000 = EDGE_CURVE('',#13879,#14001,#14003,.T.);
#14001 = VERTEX_POINT('',#14002);
#14002 = CARTESIAN_POINT('',(19.,22.,6.));
#14003 = SURFACE_CURVE('',#14004,(#14008,#14015),.PCURVE_S1.);
#14004 = LINE('',#14005,#14006);
#14005 = CARTESIAN_POINT('',(19.,8.,6.));
#14006 = VECTOR('',#14007,1.);
#14007 = DIRECTION('',(0.,1.,-0.));
#14008 = PCURVE('',#12944,#14009);
#14009 = DEFINITIONAL_REPRESENTATION('',(#14010),#14014);
#14010 = LINE('',#14011,#14012);
#14011 = CARTESIAN_POINT('',(6.,0.));
#14012 = VECTOR('',#14013,1.);
#14013 = DIRECTION('',(0.,1.));
#14014 = ( GEOMETRIC_REPRESENTATION_CONTEXT(2) 
PARAMETRIC_REPRESENTATION_CONTEXT() REPRESENTATION_CONTEXT('2D SPACE',''
  ) );
#14015 = PCURVE('',#13711,#14016);
#14016 = DEFINITIONAL_REPRESENTATION('',(#14017),#14021);
#14017 = LINE('',#14018,#14019);
#14018 = CARTESIAN_POINT('',(0.,0.));
#14019 = VECTOR('',#14020,1.);
#14020 = DIRECTION('',(0.,1.));
#14021 = ( GEOMETRIC_REPRESENTATION_CONTEXT(2) 
PARAMETRIC_REPRESENTATION_CONTEXT() REPRESENTATION_CONTEXT('2D SPACE',''
  ) );
#14022 = ORIENTED_EDGE('',*,*,#14023,.F.);
#14023 = EDGE_CURVE('',#12929,#14001,#14024,.T.);
#14024 = SURFACE_CURVE('',#14025,(#14029,#14036),.PCURVE_S1.);
#14025 = LINE('',#14026,#14027);
#14026 = CARTESIAN_POINT('',(19.,22.,0.));
#14027 = VECTOR('',#14028,1.);
#14028 = DIRECTION('',(0.,0.,1.));
#14029 = PCURVE('',#12944,#14030);
#14030 = DEFINITIONAL_REPRESENTATION('',(#14031),#14035);
#14031 = LINE('',#14032,#14033);
#14032 = CARTESIAN_POINT('',(0.,14.));
#14033 = VECTOR('',#14034,1.);
#14034 = DIRECTION('',(1.,0.));
#14035 = ( GEOMETRIC_REPRESENTATION_CONTEXT(2) 
PARAMETRIC_REPRESENTATION_CONTEXT() REPRESENTATION_CONTEXT('2D SPACE',''
  ) );
#14036 = PCURVE('',#12977,#14037);
#14037 = DEFINITIONAL_REPRESENTATION('',(#14038),#14042);
#14038 = LINE('',#14039,#14040);
#14039 = CARTESIAN_POINT('',(6.28318530718,0.));
#14040 = VECTOR('',#14041,1.);
#14041 = DIRECTION('',(-0.,1.));
#14042 = ( GEOMETRIC_REPRESENTATION_CONTEXT(2) 
PARAMETRIC_REPRESENTATION_CONTEXT() REPRESENTATION_CONTEXT('2D SPACE',''
  ) );
#14043 = ADVANCED_FACE('',(#14044),#12977,.F.);
#14044 = FACE_BOUND('',#14045,.F.);
#14045 = EDGE_LOOP('',(#14046,#14047,#14071,#14092));
#14046 = ORIENTED_EDGE('',*,*,#14023,.T.);
#14047 = ORIENTED_EDGE('',*,*,#14048,.T.);
#14048 = EDGE_CURVE('',#14001,#14049,#14051,.T.);
#14049 = VERTEX_POINT('',#14050);
#14050 = CARTESIAN_POINT('',(21.,22.,6.));
#14051 = SURFACE_CURVE('',#14052,(#14057,#14064),.PCURVE_S1.);
#14052 = CIRCLE('',#14053,1.);
#14053 = AXIS2_PLACEMENT_3D('',#14054,#14055,#14056);
#14054 = CARTESIAN_POINT('',(20.,22.,6.));
#14055 = DIRECTION('',(0.,0.,-1.));
#14056 = DIRECTION('',(-1.,0.,0.));
#14057 = PCURVE('',#12977,#14058);
#14058 = DEFINITIONAL_REPRESENTATION('',(#14059),#14063);
#14059 = LINE('',#14060,#14061);
#14060 = CARTESIAN_POINT('',(6.28318530718,6.));
#14061 = VECTOR('',#14062,1.);
#14062 = DIRECTION('',(-1.,0.));
#14063 = ( GEOMETRIC_REPRESENTATION_CONTEXT(2) 
PARAMETRIC_REPRESENTATION_CONTEXT() REPRESENTATION_CONTEXT('2D SPACE',''
  ) );
#14064 = PCURVE('',#13711,#14065);
#14065 = DEFINITIONAL_REPRESENTATION('',(#14066),#14070);
#14066 = CIRCLE('',#14067,1.);
#14067 = AXIS2_PLACEMENT_2D('',#14068,#14069);
#14068 = CARTESIAN_POINT('',(-1.,14.));
#14069 = DIRECTION('',(1.,0.));
#14070 = ( GEOMETRIC_REPRESENTATION_CONTEXT(2) 
PARAMETRIC_REPRESENTATION_CONTEXT() REPRESENTATION_CONTEXT('2D SPACE',''
  ) );
#14071 = ORIENTED_EDGE('',*,*,#14072,.F.);
#14072 = EDGE_CURVE('',#12957,#14049,#14073,.T.);
#14073 = SURFACE_CURVE('',#14074,(#14078,#14085),.PCURVE_S1.);
#14074 = LINE('',#14075,#14076);
#14075 = CARTESIAN_POINT('',(21.,22.,0.));
#14076 = VECTOR('',#14077,1.);
#14077 = DIRECTION('',(-0.,-0.,1.));
#14078 = PCURVE('',#12977,#14079);
#14079 = DEFINITIONAL_REPRESENTATION('',(#14080),#14084);
#14080 = LINE('',#14081,#14082);
#14081 = CARTESIAN_POINT('',(3.14159265359,0.));
#14082 = VECTOR('',#14083,1.);
#14083 = DIRECTION('',(-0.,1.));
#14084 = ( GEOMETRIC_REPRESENTATION_CONTEXT(2) 
PARAMETRIC_REPRESENTATION_CONTEXT() REPRESENTATION_CONTEXT('2D SPACE',''
  ) );
#14085 = PCURVE('',#13005,#14086);
#14086 = DEFINITIONAL_REPRESENTATION('',(#14087),#14091);
#14087 = LINE('',#14088,#14089);
#14088 = CARTESIAN_POINT('',(0.,0.));
#14089 = VECTOR('',#14090,1.);
#14090 = DIRECTION('',(1.,0.));
#14091 = ( GEOMETRIC_REPRESENTATION_CONTEXT(2) 
PARAMETRIC_REPRESENTATION_CONTEXT() REPRESENTATION_CONTEXT('2D SPACE',''
  ) );
#14092 = ORIENTED_EDGE('',*,*,#12956,.F.);
#14093 = ADVANCED_FACE('',(#14094),#13005,.F.);
#14094 = FACE_BOUND('',#14095,.F.);
#14095 = EDGE_LOOP('',(#14096,#14097,#14098,#14121));
#14096 = ORIENTED_EDGE('',*,*,#12989,.F.);
#14097 = ORIENTED_EDGE('',*,*,#14072,.T.);
#14098 = ORIENTED_EDGE('',*,*,#14099,.T.);
#14099 = EDGE_CURVE('',#14049,#14100,#14102,.T.);
#14100 = VERTEX_POINT('',#14101);
#14101 = CARTESIAN_POINT('',(21.,8.,6.));
#14102 = SURFACE_CURVE('',#14103,(#14107,#14114),.PCURVE_S1.);
#14103 = LINE('',#14104,#14105);
#14104 = CARTESIAN_POINT('',(21.,22.,6.));
#14105 = VECTOR('',#14106,1.);
#14106 = DIRECTION('',(0.,-1.,0.));
#14107 = PCURVE('',#13005,#14108);
#14108 = DEFINITIONAL_REPRESENTATION('',(#14109),#14113);
#14109 = LINE('',#14110,#14111);
#14110 = CARTESIAN_POINT('',(6.,0.));
#14111 = VECTOR('',#14112,1.);
#14112 = DIRECTION('',(0.,1.));
#14113 = ( GEOMETRIC_REPRESENTATION_CONTEXT(2) 
PARAMETRIC_REPRESENTATION_CONTEXT() REPRESENTATION_CONTEXT('2D SPACE',''
  ) );
#14114 = PCURVE('',#13711,#14115);
#14115 = DEFINITIONAL_REPRESENTATION('',(#14116),#14120);
#14116 = LINE('',#14117,#14118);
#14117 = CARTESIAN_POINT('',(-2.,14.));
#14118 = VECTOR('',#14119,1.);
#14119 = DIRECTION('',(0.,-1.));
#14120 = ( GEOMETRIC_REPRESENTATION_CONTEXT(2) 
PARAMETRIC_REPRESENTATION_CONTEXT() REPRESENTATION_CONTEXT('2D SPACE',''
  ) );
#14121 = ORIENTED_EDGE('',*,*,#14122,.F.);
#14122 = EDGE_CURVE('',#12990,#14100,#14123,.T.);
#14123 = SURFACE_CURVE('',#14124,(#14128,#14135),.PCURVE_S1.);
#14124 = LINE('',#14125,#14126);
#14125 = CARTESIAN_POINT('',(21.,8.,0.));
#14126 = VECTOR('',#14127,1.);
#14127 = DIRECTION('',(0.,0.,1.));
#14128 = PCURVE('',#13005,#14129);
#14129 = DEFINITIONAL_REPRESENTATION('',(#14130),#14134);
#14130 = LINE('',#14131,#14132);
#14131 = CARTESIAN_POINT('',(0.,14.));
#14132 = VECTOR('',#14133,1.);
#14133 = DIRECTION('',(1.,0.));
#14134 = ( GEOMETRIC_REPRESENTATION_CONTEXT(2) 
PARAMETRIC_REPRESENTATION_CONTEXT() REPRESENTATION_CONTEXT('2D SPACE',''
  ) );
#14135 = PCURVE('',#13034,#14136);
#14136 = DEFINITIONAL_REPRESENTATION('',(#14137),#14141);
#14137 = LINE('',#14138,#14139);
#14138 = CARTESIAN_POINT('',(0.,0.));
#14139 = VECTOR('',#14140,1.);
#14140 = DIRECTION('',(0.,1.));
#14141 = ( GEOMETRIC_REPRESENTATION_CONTEXT(2) 
PARAMETRIC_REPRESENTATION_CONTEXT() REPRESENTATION_CONTEXT('2D SPACE',''
  ) );
#14142 = ADVANCED_FACE('',(#14143),#13034,.T.);
#14143 = FACE_BOUND('',#14144,.T.);
#14144 = EDGE_LOOP('',(#14145,#14146,#14169,#14195));
#14145 = ORIENTED_EDGE('',*,*,#13017,.T.);
#14146 = ORIENTED_EDGE('',*,*,#14147,.T.);
#14147 = EDGE_CURVE('',#13018,#14148,#14150,.T.);
#14148 = VERTEX_POINT('',#14149);
#14149 = CARTESIAN_POINT('',(27.,8.,6.));
#14150 = SURFACE_CURVE('',#14151,(#14155,#14162),.PCURVE_S1.);
#14151 = LINE('',#14152,#14153);
#14152 = CARTESIAN_POINT('',(27.,8.,0.));
#14153 = VECTOR('',#14154,1.);
#14154 = DIRECTION('',(0.,0.,1.));
#14155 = PCURVE('',#13034,#14156);
#14156 = DEFINITIONAL_REPRESENTATION('',(#14157),#14161);
#14157 = LINE('',#14158,#14159);
#14158 = CARTESIAN_POINT('',(3.14159265359,0.));
#14159 = VECTOR('',#14160,1.);
#14160 = DIRECTION('',(0.,1.));
#14161 = ( GEOMETRIC_REPRESENTATION_CONTEXT(2) 
PARAMETRIC_REPRESENTATION_CONTEXT() REPRESENTATION_CONTEXT('2D SPACE',''
  ) );
#14162 = PCURVE('',#13062,#14163);
#14163 = DEFINITIONAL_REPRESENTATION('',(#14164),#14168);
#14164 = LINE('',#14165,#14166);
#14165 = CARTESIAN_POINT('',(0.,0.));
#14166 = VECTOR('',#14167,1.);
#14167 = DIRECTION('',(1.,0.));
#14168 = ( GEOMETRIC_REPRESENTATION_CONTEXT(2) 
PARAMETRIC_REPRESENTATION_CONTEXT() REPRESENTATION_CONTEXT('2D SPACE',''
  ) );
#14169 = ORIENTED_EDGE('',*,*,#14170,.F.);
#14170 = EDGE_CURVE('',#14100,#14148,#14171,.T.);
#14171 = SURFACE_CURVE('',#14172,(#14177,#14184),.PCURVE_S1.);
#14172 = CIRCLE('',#14173,3.);
#14173 = AXIS2_PLACEMENT_3D('',#14174,#14175,#14176);
#14174 = CARTESIAN_POINT('',(24.,8.,6.));
#14175 = DIRECTION('',(0.,0.,1.));
#14176 = DIRECTION('',(-1.,0.,0.));
#14177 = PCURVE('',#13034,#14178);
#14178 = DEFINITIONAL_REPRESENTATION('',(#14179),#14183);
#14179 = LINE('',#14180,#14181);
#14180 = CARTESIAN_POINT('',(0.,6.));
#14181 = VECTOR('',#14182,1.);
#14182 = DIRECTION('',(1.,0.));
#14183 = ( GEOMETRIC_REPRESENTATION_CONTEXT(2) 
PARAMETRIC_REPRESENTATION_CONTEXT() REPRESENTATION_CONTEXT('2D SPACE',''
  ) );
#14184 = PCURVE('',#13711,#14185);
#14185 = DEFINITIONAL_REPRESENTATION('',(#14186),#14194);
#14186 = ( BOUNDED_CURVE() B_SPLINE_CURVE(2,(#14187,#14188,#14189,#14190
    ,#14191,#14192,#14193),.UNSPECIFIED.,.T.,.F.) 
B_SPLINE_CURVE_WITH_KNOTS((1,2,2,2,2,1),(-2.094395102393,0.,
    2.094395102393,4.188790204786,6.28318530718,8.377580409573),
.UNSPECIFIED.) CURVE() GEOMETRIC_REPRESENTATION_ITEM() 
RATIONAL_B_SPLINE_CURVE((1.,0.5,1.,0.5,1.,0.5,1.)) REPRESENTATION_ITEM(
  '') );
#14187 = CARTESIAN_POINT('',(-2.,0.));
#14188 = CARTESIAN_POINT('',(-2.,-5.196152422707));
#14189 = CARTESIAN_POINT('',(-6.5,-2.598076211353));
#14190 = CARTESIAN_POINT('',(-11.,-7.347880794884E-16));
#14191 = CARTESIAN_POINT('',(-6.5,2.598076211353));
#14192 = CARTESIAN_POINT('',(-2.,5.196152422707));
#14193 = CARTESIAN_POINT('',(-2.,0.));
#14194 = ( GEOMETRIC_REPRESENTATION_CONTEXT(2) 
PARAMETRIC_REPRESENTATION_CONTEXT() REPRESENTATION_CONTEXT('2D SPACE',''
  ) );
#14195 = ORIENTED_EDGE('',*,*,#14122,.F.);
#14196 = ADVANCED_FACE('',(#14197),#13062,.F.);
#14197 = FACE_BOUND('',#14198,.F.);
#14198 = EDGE_LOOP('',(#14199,#14200,#14201,#14224));
#14199 = ORIENTED_EDGE('',*,*,#13046,.F.);
#14200 = ORIENTED_EDGE('',*,*,#14147,.T.);
#14201 = ORIENTED_EDGE('',*,*,#14202,.T.);
#14202 = EDGE_CURVE('',#14148,#14203,#14205,.T.);
#14203 = VERTEX_POINT('',#14204);
#14204 = CARTESIAN_POINT('',(27.,22.,6.));
#14205 = SURFACE_CURVE('',#14206,(#14210,#14217),.PCURVE_S1.);
#14206 = LINE('',#14207,#14208);
#14207 = CARTESIAN_POINT('',(27.,8.,6.));
#14208 = VECTOR('',#14209,1.);
#14209 = DIRECTION('',(0.,1.,-0.));
#14210 = PCURVE('',#13062,#14211);
#14211 = DEFINITIONAL_REPRESENTATION('',(#14212),#14216);
#14212 = LINE('',#14213,#14214);
#14213 = CARTESIAN_POINT('',(6.,0.));
#14214 = VECTOR('',#14215,1.);
#14215 = DIRECTION('',(0.,1.));
#14216 = ( GEOMETRIC_REPRESENTATION_CONTEXT(2) 
PARAMETRIC_REPRESENTATION_CONTEXT() REPRESENTATION_CONTEXT('2D SPACE',''
  ) );
#14217 = PCURVE('',#13711,#14218);
#14218 = DEFINITIONAL_REPRESENTATION('',(#14219),#14223);
#14219 = LINE('',#14220,#14221);
#14220 = CARTESIAN_POINT('',(-8.,0.));
#14221 = VECTOR('',#14222,1.);
#14222 = DIRECTION('',(0.,1.));
#14223 = ( GEOMETRIC_REPRESENTATION_CONTEXT(2) 
PARAMETRIC_REPRESENTATION_CONTEXT() REPRESENTATION_CONTEXT('2D SPACE',''
  ) );
#14224 = ORIENTED_EDGE('',*,*,#14225,.F.);
#14225 = EDGE_CURVE('',#13047,#14203,#14226,.T.);
#14226 = SURFACE_CURVE('',#14227,(#14231,#14238),.PCURVE_S1.);
#14227 = LINE('',#14228,#14229);
#14228 = CARTESIAN_POINT('',(27.,22.,0.));
#14229 = VECTOR('',#14230,1.);
#14230 = DIRECTION('',(0.,0.,1.));
#14231 = PCURVE('',#13062,#14232);
#14232 = DEFINITIONAL_REPRESENTATION('',(#14233),#14237);
#14233 = LINE('',#14234,#14235);
#14234 = CARTESIAN_POINT('',(0.,14.));
#14235 = VECTOR('',#14236,1.);
#14236 = DIRECTION('',(1.,0.));
#14237 = ( GEOMETRIC_REPRESENTATION_CONTEXT(2) 
PARAMETRIC_REPRESENTATION_CONTEXT() REPRESENTATION_CONTEXT('2D SPACE',''
  ) );
#14238 = PCURVE('',#13095,#14239);
#14239 = DEFINITIONAL_REPRESENTATION('',(#14240),#14244);
#14240 = LINE('',#14241,#14242);
#14241 = CARTESIAN_POINT('',(6.28318530718,0.));
#14242 = VECTOR('',#14243,1.);
#14243 = DIRECTION('',(-0.,1.));
#14244 = ( GEOMETRIC_REPRESENTATION_CONTEXT(2) 
PARAMETRIC_REPRESENTATION_CONTEXT() REPRESENTATION_CONTEXT('2D SPACE',''
  ) );
#14245 = ADVANCED_FACE('',(#14246),#13095,.F.);
#14246 = FACE_BOUND('',#14247,.F.);
#14247 = EDGE_LOOP('',(#14248,#14249,#14273,#14294));
#14248 = ORIENTED_EDGE('',*,*,#14225,.T.);
#14249 = ORIENTED_EDGE('',*,*,#14250,.T.);
#14250 = EDGE_CURVE('',#14203,#14251,#14253,.T.);
#14251 = VERTEX_POINT('',#14252);
#14252 = CARTESIAN_POINT('',(29.,22.,6.));
#14253 = SURFACE_CURVE('',#14254,(#14259,#14266),.PCURVE_S1.);
#14254 = CIRCLE('',#14255,1.);
#14255 = AXIS2_PLACEMENT_3D('',#14256,#14257,#14258);
#14256 = CARTESIAN_POINT('',(28.,22.,6.));
#14257 = DIRECTION('',(0.,0.,-1.));
#14258 = DIRECTION('',(-1.,0.,0.));
#14259 = PCURVE('',#13095,#14260);
#14260 = DEFINITIONAL_REPRESENTATION('',(#14261),#14265);
#14261 = LINE('',#14262,#14263);
#14262 = CARTESIAN_POINT('',(6.28318530718,6.));
#14263 = VECTOR('',#14264,1.);
#14264 = DIRECTION('',(-1.,0.));
#14265 = ( GEOMETRIC_REPRESENTATION_CONTEXT(2) 
PARAMETRIC_REPRESENTATION_CONTEXT() REPRESENTATION_CONTEXT('2D SPACE',''
  ) );
#14266 = PCURVE('',#13711,#14267);
#14267 = DEFINITIONAL_REPRESENTATION('',(#14268),#14272);
#14268 = CIRCLE('',#14269,1.);
#14269 = AXIS2_PLACEMENT_2D('',#14270,#14271);
#14270 = CARTESIAN_POINT('',(-9.,14.));
#14271 = DIRECTION('',(1.,0.));
#14272 = ( GEOMETRIC_REPRESENTATION_CONTEXT(2) 
PARAMETRIC_REPRESENTATION_CONTEXT() REPRESENTATION_CONTEXT('2D SPACE',''
  ) );
#14273 = ORIENTED_EDGE('',*,*,#14274,.F.);
#14274 = EDGE_CURVE('',#13075,#14251,#14275,.T.);
#14275 = SURFACE_CURVE('',#14276,(#14280,#14287),.PCURVE_S1.);
#14276 = LINE('',#14277,#14278);
#14277 = CARTESIAN_POINT('',(29.,22.,0.));
#14278 = VECTOR('',#14279,1.);
#14279 = DIRECTION('',(-0.,-0.,1.));
#14280 = PCURVE('',#13095,#14281);
#14281 = DEFINITIONAL_REPRESENTATION('',(#14282),#14286);
#14282 = LINE('',#14283,#14284);
#14283 = CARTESIAN_POINT('',(3.14159265359,0.));
#14284 = VECTOR('',#14285,1.);
#14285 = DIRECTION('',(-0.,1.));
#14286 = ( GEOMETRIC_REPRESENTATION_CONTEXT(2) 
PARAMETRIC_REPRESENTATION_CONTEXT() REPRESENTATION_CONTEXT('2D SPACE',''
  ) );
#14287 = PCURVE('',#13123,#14288);
#14288 = DEFINITIONAL_REPRESENTATION('',(#14289),#14293);
#14289 = LINE('',#14290,#14291);
#14290 = CARTESIAN_POINT('',(0.,0.));
#14291 = VECTOR('',#14292,1.);
#14292 = DIRECTION('',(1.,0.));
#14293 = ( GEOMETRIC_REPRESENTATION_CONTEXT(2) 
PARAMETRIC_REPRESENTATION_CONTEXT() REPRESENTATION_CONTEXT('2D SPACE',''
  ) );
#14294 = ORIENTED_EDGE('',*,*,#13074,.F.);
#14295 = ADVANCED_FACE('',(#14296),#13123,.F.);
#14296 = FACE_BOUND('',#14297,.F.);
#14297 = EDGE_LOOP('',(#14298,#14299,#14300,#14323));
#14298 = ORIENTED_EDGE('',*,*,#13107,.F.);
#14299 = ORIENTED_EDGE('',*,*,#14274,.T.);
#14300 = ORIENTED_EDGE('',*,*,#14301,.T.);
#14301 = EDGE_CURVE('',#14251,#14302,#14304,.T.);
#14302 = VERTEX_POINT('',#14303);
#14303 = CARTESIAN_POINT('',(29.,8.,6.));
#14304 = SURFACE_CURVE('',#14305,(#14309,#14316),.PCURVE_S1.);
#14305 = LINE('',#14306,#14307);
#14306 = CARTESIAN_POINT('',(29.,22.,6.));
#14307 = VECTOR('',#14308,1.);
#14308 = DIRECTION('',(-1.586032892322E-17,-1.,0.));
#14309 = PCURVE('',#13123,#14310);
#14310 = DEFINITIONAL_REPRESENTATION('',(#14311),#14315);
#14311 = LINE('',#14312,#14313);
#14312 = CARTESIAN_POINT('',(6.,0.));
#14313 = VECTOR('',#14314,1.);
#14314 = DIRECTION('',(0.,1.));
#14315 = ( GEOMETRIC_REPRESENTATION_CONTEXT(2) 
PARAMETRIC_REPRESENTATION_CONTEXT() REPRESENTATION_CONTEXT('2D SPACE',''
  ) );
#14316 = PCURVE('',#13711,#14317);
#14317 = DEFINITIONAL_REPRESENTATION('',(#14318),#14322);
#14318 = LINE('',#14319,#14320);
#14319 = CARTESIAN_POINT('',(-10.,14.));
#14320 = VECTOR('',#14321,1.);
#14321 = DIRECTION('',(1.586032892322E-17,-1.));
#14322 = ( GEOMETRIC_REPRESENTATION_CONTEXT(2) 
PARAMETRIC_REPRESENTATION_CONTEXT() REPRESENTATION_CONTEXT('2D SPACE',''
  ) );
#14323 = ORIENTED_EDGE('',*,*,#14324,.F.);
#14324 = EDGE_CURVE('',#13108,#14302,#14325,.T.);
#14325 = SURFACE_CURVE('',#14326,(#14330,#14337),.PCURVE_S1.);
#14326 = LINE('',#14327,#14328);
#14327 = CARTESIAN_POINT('',(29.,8.,0.));
#14328 = VECTOR('',#14329,1.);
#14329 = DIRECTION('',(0.,0.,1.));
#14330 = PCURVE('',#13123,#14331);
#14331 = DEFINITIONAL_REPRESENTATION('',(#14332),#14336);
#14332 = LINE('',#14333,#14334);
#14333 = CARTESIAN_POINT('',(0.,14.));
#14334 = VECTOR('',#14335,1.);
#14335 = DIRECTION('',(1.,0.));
#14336 = ( GEOMETRIC_REPRESENTATION_CONTEXT(2) 
PARAMETRIC_REPRESENTATION_CONTEXT() REPRESENTATION_CONTEXT('2D SPACE',''
  ) );
#14337 = PCURVE('',#13152,#14338);
#14338 = DEFINITIONAL_REPRESENTATION('',(#14339),#14343);
#14339 = LINE('',#14340,#14341);
#14340 = CARTESIAN_POINT('',(0.,0.));
#14341 = VECTOR('',#14342,1.);
#14342 = DIRECTION('',(0.,1.));
#14343 = ( GEOMETRIC_REPRESENTATION_CONTEXT(2) 
PARAMETRIC_REPRESENTATION_CONTEXT() REPRESENTATION_CONTEXT('2D SPACE',''
  ) );
#14344 = ADVANCED_FACE('',(#14345),#13152,.T.);
#14345 = FACE_BOUND('',#14346,.T.);
#14346 = EDGE_LOOP('',(#14347,#14348,#14371,#14397));
#14347 = ORIENTED_EDGE('',*,*,#13135,.T.);
#14348 = ORIENTED_EDGE('',*,*,#14349,.T.);
#14349 = EDGE_CURVE('',#13136,#14350,#14352,.T.);
#14350 = VERTEX_POINT('',#14351);
#14351 = CARTESIAN_POINT('',(35.,8.,6.));
#14352 = SURFACE_CURVE('',#14353,(#14357,#14364),.PCURVE_S1.);
#14353 = LINE('',#14354,#14355);
#14354 = CARTESIAN_POINT('',(35.,8.,0.));
#14355 = VECTOR('',#14356,1.);
#14356 = DIRECTION('',(0.,0.,1.));
#14357 = PCURVE('',#13152,#14358);
#14358 = DEFINITIONAL_REPRESENTATION('',(#14359),#14363);
#14359 = LINE('',#14360,#14361);
#14360 = CARTESIAN_POINT('',(3.14159265359,0.));
#14361 = VECTOR('',#14362,1.);
#14362 = DIRECTION('',(0.,1.));
#14363 = ( GEOMETRIC_REPRESENTATION_CONTEXT(2) 
PARAMETRIC_REPRESENTATION_CONTEXT() REPRESENTATION_CONTEXT('2D SPACE',''
  ) );
#14364 = PCURVE('',#13180,#14365);
#14365 = DEFINITIONAL_REPRESENTATION('',(#14366),#14370);
#14366 = LINE('',#14367,#14368);
#14367 = CARTESIAN_POINT('',(0.,0.));
#14368 = VECTOR('',#14369,1.);
#14369 = DIRECTION('',(1.,0.));
#14370 = ( GEOMETRIC_REPRESENTATION_CONTEXT(2) 
PARAMETRIC_REPRESENTATION_CONTEXT() REPRESENTATION_CONTEXT('2D SPACE',''
  ) );
#14371 = ORIENTED_EDGE('',*,*,#14372,.F.);
#14372 = EDGE_CURVE('',#14302,#14350,#14373,.T.);
#14373 = SURFACE_CURVE('',#14374,(#14379,#14386),.PCURVE_S1.);
#14374 = CIRCLE('',#14375,3.);
#14375 = AXIS2_PLACEMENT_3D('',#14376,#14377,#14378);
#14376 = CARTESIAN_POINT('',(32.,8.,6.));
#14377 = DIRECTION('',(0.,0.,1.));
#14378 = DIRECTION('',(-1.,0.,0.));
#14379 = PCURVE('',#13152,#14380);
#14380 = DEFINITIONAL_REPRESENTATION('',(#14381),#14385);
#14381 = LINE('',#14382,#14383);
#14382 = CARTESIAN_POINT('',(0.,6.));
#14383 = VECTOR('',#14384,1.);
#14384 = DIRECTION('',(1.,0.));
#14385 = ( GEOMETRIC_REPRESENTATION_CONTEXT(2) 
PARAMETRIC_REPRESENTATION_CONTEXT() REPRESENTATION_CONTEXT('2D SPACE',''
  ) );
#14386 = PCURVE('',#13711,#14387);
#14387 = DEFINITIONAL_REPRESENTATION('',(#14388),#14396);
#14388 = ( BOUNDED_CURVE() B_SPLINE_CURVE(2,(#14389,#14390,#14391,#14392
    ,#14393,#14394,#14395),.UNSPECIFIED.,.T.,.F.) 
B_SPLINE_CURVE_WITH_KNOTS((1,2,2,2,2,1),(-2.094395102393,0.,
    2.094395102393,4.188790204786,6.28318530718,8.377580409573),
.UNSPECIFIED.) CURVE() GEOMETRIC_REPRESENTATION_ITEM() 
RATIONAL_B_SPLINE_CURVE((1.,0.5,1.,0.5,1.,0.5,1.)) REPRESENTATION_ITEM(
  '') );
#14389 = CARTESIAN_POINT('',(-10.,0.));
#14390 = CARTESIAN_POINT('',(-10.,-5.196152422707));
#14391 = CARTESIAN_POINT('',(-14.5,-2.598076211353));
#14392 = CARTESIAN_POINT('',(-19.,-7.347880794884E-16));
#14393 = CARTESIAN_POINT('',(-14.5,2.598076211353));
#14394 = CARTESIAN_POINT('',(-10.,5.196152422707));
#14395 = CARTESIAN_POINT('',(-10.,0.));
#14396 = ( GEOMETRIC_REPRESENTATION_CONTEXT(2) 
PARAMETRIC_REPRESENTATION_CONTEXT() REPRESENTATION_CONTEXT('2D SPACE',''
  ) );
#14397 = ORIENTED_EDGE('',*,*,#14324,.F.);
#14398 = ADVANCED_FACE('',(#14399),#13180,.F.);
#14399 = FACE_BOUND('',#14400,.F.);
#14400 = EDGE_LOOP('',(#14401,#14402,#14403,#14426));
#14401 = ORIENTED_EDGE('',*,*,#13164,.F.);
#14402 = ORIENTED_EDGE('',*,*,#14349,.T.);
#14403 = ORIENTED_EDGE('',*,*,#14404,.T.);
#14404 = EDGE_CURVE('',#14350,#14405,#14407,.T.);
#14405 = VERTEX_POINT('',#14406);
#14406 = CARTESIAN_POINT('',(35.,22.,6.));
#14407 = SURFACE_CURVE('',#14408,(#14412,#14419),.PCURVE_S1.);
#14408 = LINE('',#14409,#14410);
#14409 = CARTESIAN_POINT('',(35.,8.,6.));
#14410 = VECTOR('',#14411,1.);
#14411 = DIRECTION('',(0.,1.,-0.));
#14412 = PCURVE('',#13180,#14413);
#14413 = DEFINITIONAL_REPRESENTATION('',(#14414),#14418);
#14414 = LINE('',#14415,#14416);
#14415 = CARTESIAN_POINT('',(6.,0.));
#14416 = VECTOR('',#14417,1.);
#14417 = DIRECTION('',(0.,1.));
#14418 = ( GEOMETRIC_REPRESENTATION_CONTEXT(2) 
PARAMETRIC_REPRESENTATION_CONTEXT() REPRESENTATION_CONTEXT('2D SPACE',''
  ) );
#14419 = PCURVE('',#13711,#14420);
#14420 = DEFINITIONAL_REPRESENTATION('',(#14421),#14425);
#14421 = LINE('',#14422,#14423);
#14422 = CARTESIAN_POINT('',(-16.,0.));
#14423 = VECTOR('',#14424,1.);
#14424 = DIRECTION('',(0.,1.));
#14425 = ( GEOMETRIC_REPRESENTATION_CONTEXT(2) 
PARAMETRIC_REPRESENTATION_CONTEXT() REPRESENTATION_CONTEXT('2D SPACE',''
  ) );
#14426 = ORIENTED_EDGE('',*,*,#14427,.F.);
#14427 = EDGE_CURVE('',#13165,#14405,#14428,.T.);
#14428 = SURFACE_CURVE('',#14429,(#14433,#14440),.PCURVE_S1.);
#14429 = LINE('',#14430,#14431);
#14430 = CARTESIAN_POINT('',(35.,22.,0.));
#14431 = VECTOR('',#14432,1.);
#14432 = DIRECTION('',(0.,0.,1.));
#14433 = PCURVE('',#13180,#14434);
#14434 = DEFINITIONAL_REPRESENTATION('',(#14435),#14439);
#14435 = LINE('',#14436,#14437);
#14436 = CARTESIAN_POINT('',(0.,14.));
#14437 = VECTOR('',#14438,1.);
#14438 = DIRECTION('',(1.,0.));
#14439 = ( GEOMETRIC_REPRESENTATION_CONTEXT(2) 
PARAMETRIC_REPRESENTATION_CONTEXT() REPRESENTATION_CONTEXT('2D SPACE',''
  ) );
#14440 = PCURVE('',#13213,#14441);
#14441 = DEFINITIONAL_REPRESENTATION('',(#14442),#14446);
#14442 = LINE('',#14443,#14444);
#14443 = CARTESIAN_POINT('',(6.28318530718,0.));
#14444 = VECTOR('',#14445,1.);
#14445 = DIRECTION('',(-0.,1.));
#14446 = ( GEOMETRIC_REPRESENTATION_CONTEXT(2) 
PARAMETRIC_REPRESENTATION_CONTEXT() REPRESENTATION_CONTEXT('2D SPACE',''
  ) );
#14447 = ADVANCED_FACE('',(#14448),#13213,.F.);
#14448 = FACE_BOUND('',#14449,.F.);
#14449 = EDGE_LOOP('',(#14450,#14451,#14475,#14496));
#14450 = ORIENTED_EDGE('',*,*,#14427,.T.);
#14451 = ORIENTED_EDGE('',*,*,#14452,.T.);
#14452 = EDGE_CURVE('',#14405,#14453,#14455,.T.);
#14453 = VERTEX_POINT('',#14454);
#14454 = CARTESIAN_POINT('',(37.,22.,6.));
#14455 = SURFACE_CURVE('',#14456,(#14461,#14468),.PCURVE_S1.);
#14456 = CIRCLE('',#14457,1.);
#14457 = AXIS2_PLACEMENT_3D('',#14458,#14459,#14460);
#14458 = CARTESIAN_POINT('',(36.,22.,6.));
#14459 = DIRECTION('',(0.,0.,-1.));
#14460 = DIRECTION('',(-1.,0.,0.));
#14461 = PCURVE('',#13213,#14462);
#14462 = DEFINITIONAL_REPRESENTATION('',(#14463),#14467);
#14463 = LINE('',#14464,#14465);
#14464 = CARTESIAN_POINT('',(6.28318530718,6.));
#14465 = VECTOR('',#14466,1.);
#14466 = DIRECTION('',(-1.,0.));
#14467 = ( GEOMETRIC_REPRESENTATION_CONTEXT(2) 
PARAMETRIC_REPRESENTATION_CONTEXT() REPRESENTATION_CONTEXT('2D SPACE',''
  ) );
#14468 = PCURVE('',#13711,#14469);
#14469 = DEFINITIONAL_REPRESENTATION('',(#14470),#14474);
#14470 = CIRCLE('',#14471,1.);
#14471 = AXIS2_PLACEMENT_2D('',#14472,#14473);
#14472 = CARTESIAN_POINT('',(-17.,14.));
#14473 = DIRECTION('',(1.,0.));
#14474 = ( GEOMETRIC_REPRESENTATION_CONTEXT(2) 
PARAMETRIC_REPRESENTATION_CONTEXT() REPRESENTATION_CONTEXT('2D SPACE',''
  ) );
#14475 = ORIENTED_EDGE('',*,*,#14476,.F.);
#14476 = EDGE_CURVE('',#13193,#14453,#14477,.T.);
#14477 = SURFACE_CURVE('',#14478,(#14482,#14489),.PCURVE_S1.);
#14478 = LINE('',#14479,#14480);
#14479 = CARTESIAN_POINT('',(37.,22.,0.));
#14480 = VECTOR('',#14481,1.);
#14481 = DIRECTION('',(-0.,-0.,1.));
#14482 = PCURVE('',#13213,#14483);
#14483 = DEFINITIONAL_REPRESENTATION('',(#14484),#14488);
#14484 = LINE('',#14485,#14486);
#14485 = CARTESIAN_POINT('',(3.14159265359,0.));
#14486 = VECTOR('',#14487,1.);
#14487 = DIRECTION('',(-0.,1.));
#14488 = ( GEOMETRIC_REPRESENTATION_CONTEXT(2) 
PARAMETRIC_REPRESENTATION_CONTEXT() REPRESENTATION_CONTEXT('2D SPACE',''
  ) );
#14489 = PCURVE('',#13241,#14490);
#14490 = DEFINITIONAL_REPRESENTATION('',(#14491),#14495);
#14491 = LINE('',#14492,#14493);
#14492 = CARTESIAN_POINT('',(0.,0.));
#14493 = VECTOR('',#14494,1.);
#14494 = DIRECTION('',(1.,0.));
#14495 = ( GEOMETRIC_REPRESENTATION_CONTEXT(2) 
PARAMETRIC_REPRESENTATION_CONTEXT() REPRESENTATION_CONTEXT('2D SPACE',''
  ) );
#14496 = ORIENTED_EDGE('',*,*,#13192,.F.);
#14497 = ADVANCED_FACE('',(#14498),#13241,.F.);
#14498 = FACE_BOUND('',#14499,.F.);
#14499 = EDGE_LOOP('',(#14500,#14501,#14502,#14525));
#14500 = ORIENTED_EDGE('',*,*,#13225,.F.);
#14501 = ORIENTED_EDGE('',*,*,#14476,.T.);
#14502 = ORIENTED_EDGE('',*,*,#14503,.T.);
#14503 = EDGE_CURVE('',#14453,#14504,#14506,.T.);
#14504 = VERTEX_POINT('',#14505);
#14505 = CARTESIAN_POINT('',(37.,8.,6.));
#14506 = SURFACE_CURVE('',#14507,(#14511,#14518),.PCURVE_S1.);
#14507 = LINE('',#14508,#14509);
#14508 = CARTESIAN_POINT('',(37.,22.,6.));
#14509 = VECTOR('',#14510,1.);
#14510 = DIRECTION('',(0.,-1.,0.));
#14511 = PCURVE('',#13241,#14512);
#14512 = DEFINITIONAL_REPRESENTATION('',(#14513),#14517);
#14513 = LINE('',#14514,#14515);
#14514 = CARTESIAN_POINT('',(6.,0.));
#14515 = VECTOR('',#14516,1.);
#14516 = DIRECTION('',(0.,1.));
#14517 = ( GEOMETRIC_REPRESENTATION_CONTEXT(2) 
PARAMETRIC_REPRESENTATION_CONTEXT() REPRESENTATION_CONTEXT('2D SPACE',''
  ) );
#14518 = PCURVE('',#13711,#14519);
#14519 = DEFINITIONAL_REPRESENTATION('',(#14520),#14524);
#14520 = LINE('',#14521,#14522);
#14521 = CARTESIAN_POINT('',(-18.,14.));
#14522 = VECTOR('',#14523,1.);
#14523 = DIRECTION('',(0.,-1.));
#14524 = ( GEOMETRIC_REPRESENTATION_CONTEXT(2) 
PARAMETRIC_REPRESENTATION_CONTEXT() REPRESENTATION_CONTEXT('2D SPACE',''
  ) );
#14525 = ORIENTED_EDGE('',*,*,#14526,.F.);
#14526 = EDGE_CURVE('',#13226,#14504,#14527,.T.);
#14527 = SURFACE_CURVE('',#14528,(#14532,#14539),.PCURVE_S1.);
#14528 = LINE('',#14529,#14530);
#14529 = CARTESIAN_POINT('',(37.,8.,0.));
#14530 = VECTOR('',#14531,1.);
#14531 = DIRECTION('',(0.,0.,1.));
#14532 = PCURVE('',#13241,#14533);
#14533 = DEFINITIONAL_REPRESENTATION('',(#14534),#14538);
#14534 = LINE('',#14535,#14536);
#14535 = CARTESIAN_POINT('',(0.,14.));
#14536 = VECTOR('',#14537,1.);
#14537 = DIRECTION('',(1.,0.));
#14538 = ( GEOMETRIC_REPRESENTATION_CONTEXT(2) 
PARAMETRIC_REPRESENTATION_CONTEXT() REPRESENTATION_CONTEXT('2D SPACE',''
  ) );
#14539 = PCURVE('',#13270,#14540);
#14540 = DEFINITIONAL_REPRESENTATION('',(#14541),#14545);
#14541 = LINE('',#14542,#14543);
#14542 = CARTESIAN_POINT('',(0.,0.));
#14543 = VECTOR('',#14544,1.);
#14544 = DIRECTION('',(0.,1.));
#14545 = ( GEOMETRIC_REPRESENTATION_CONTEXT(2) 
PARAMETRIC_REPRESENTATION_CONTEXT() REPRESENTATION_CONTEXT('2D SPACE',''
  ) );
#14546 = ADVANCED_FACE('',(#14547),#13270,.T.);
#14547 = FACE_BOUND('',#14548,.T.);
#14548 = EDGE_LOOP('',(#14549,#14550,#14573,#14599));
#14549 = ORIENTED_EDGE('',*,*,#13253,.T.);
#14550 = ORIENTED_EDGE('',*,*,#14551,.T.);
#14551 = EDGE_CURVE('',#13254,#14552,#14554,.T.);
#14552 = VERTEX_POINT('',#14553);
#14553 = CARTESIAN_POINT('',(43.,8.,6.));
#14554 = SURFACE_CURVE('',#14555,(#14559,#14566),.PCURVE_S1.);
#14555 = LINE('',#14556,#14557);
#14556 = CARTESIAN_POINT('',(43.,8.,0.));
#14557 = VECTOR('',#14558,1.);
#14558 = DIRECTION('',(0.,0.,1.));
#14559 = PCURVE('',#13270,#14560);
#14560 = DEFINITIONAL_REPRESENTATION('',(#14561),#14565);
#14561 = LINE('',#14562,#14563);
#14562 = CARTESIAN_POINT('',(3.14159265359,0.));
#14563 = VECTOR('',#14564,1.);
#14564 = DIRECTION('',(0.,1.));
#14565 = ( GEOMETRIC_REPRESENTATION_CONTEXT(2) 
PARAMETRIC_REPRESENTATION_CONTEXT() REPRESENTATION_CONTEXT('2D SPACE',''
  ) );
#14566 = PCURVE('',#13298,#14567);
#14567 = DEFINITIONAL_REPRESENTATION('',(#14568),#14572);
#14568 = LINE('',#14569,#14570);
#14569 = CARTESIAN_POINT('',(0.,0.));
#14570 = VECTOR('',#14571,1.);
#14571 = DIRECTION('',(1.,0.));
#14572 = ( GEOMETRIC_REPRESENTATION_CONTEXT(2) 
PARAMETRIC_REPRESENTATION_CONTEXT() REPRESENTATION_CONTEXT('2D SPACE',''
  ) );
#14573 = ORIENTED_EDGE('',*,*,#14574,.F.);
#14574 = EDGE_CURVE('',#14504,#14552,#14575,.T.);
#14575 = SURFACE_CURVE('',#14576,(#14581,#14588),.PCURVE_S1.);
#14576 = CIRCLE('',#14577,3.);
#14577 = AXIS2_PLACEMENT_3D('',#14578,#14579,#14580);
#14578 = CARTESIAN_POINT('',(40.,8.,6.));
#14579 = DIRECTION('',(0.,0.,1.));
#14580 = DIRECTION('',(-1.,0.,0.));
#14581 = PCURVE('',#13270,#14582);
#14582 = DEFINITIONAL_REPRESENTATION('',(#14583),#14587);
#14583 = LINE('',#14584,#14585);
#14584 = CARTESIAN_POINT('',(0.,6.));
#14585 = VECTOR('',#14586,1.);
#14586 = DIRECTION('',(1.,0.));
#14587 = ( GEOMETRIC_REPRESENTATION_CONTEXT(2) 
PARAMETRIC_REPRESENTATION_CONTEXT() REPRESENTATION_CONTEXT('2D SPACE',''
  ) );
#14588 = PCURVE('',#13711,#14589);
#14589 = DEFINITIONAL_REPRESENTATION('',(#14590),#14598);
#14590 = ( BOUNDED_CURVE() B_SPLINE_CURVE(2,(#14591,#14592,#14593,#14594
    ,#14595,#14596,#14597),.UNSPECIFIED.,.T.,.F.) 
B_SPLINE_CURVE_WITH_KNOTS((1,2,2,2,2,1),(-2.094395102393,0.,
    2.094395102393,4.188790204786,6.28318530718,8.377580409573),
.UNSPECIFIED.) CURVE() GEOMETRIC_REPRESENTATION_ITEM() 
RATIONAL_B_SPLINE_CURVE((1.,0.5,1.,0.5,1.,0.5,1.)) REPRESENTATION_ITEM(
  '') );
#14591 = CARTESIAN_POINT('',(-18.,0.));
#14592 = CARTESIAN_POINT('',(-18.,-5.196152422707));
#14593 = CARTESIAN_POINT('',(-22.5,-2.598076211353));
#14594 = CARTESIAN_POINT('',(-27.,-7.347880794884E-16));
#14595 = CARTESIAN_POINT('',(-22.5,2.598076211353));
#14596 = CARTESIAN_POINT('',(-18.,5.196152422707));
#14597 = CARTESIAN_POINT('',(-18.,0.));
#14598 = ( GEOMETRIC_REPRESENTATION_CONTEXT(2) 
PARAMETRIC_REPRESENTATION_CONTEXT() REPRESENTATION_CONTEXT('2D SPACE',''
  ) );
#14599 = ORIENTED_EDGE('',*,*,#14526,.F.);
#14600 = ADVANCED_FACE('',(#14601),#13298,.F.);
#14601 = FACE_BOUND('',#14602,.F.);
#14602 = EDGE_LOOP('',(#14603,#14604,#14605,#14628,#14651,#14679,#14707,
    #14735));
#14603 = ORIENTED_EDGE('',*,*,#13282,.F.);
#14604 = ORIENTED_EDGE('',*,*,#14551,.T.);
#14605 = ORIENTED_EDGE('',*,*,#14606,.T.);
#14606 = EDGE_CURVE('',#14552,#14607,#14609,.T.);
#14607 = VERTEX_POINT('',#14608);
#14608 = CARTESIAN_POINT('',(43.,22.,6.));
#14609 = SURFACE_CURVE('',#14610,(#14614,#14621),.PCURVE_S1.);
#14610 = LINE('',#14611,#14612);
#14611 = CARTESIAN_POINT('',(43.,8.,6.));
#14612 = VECTOR('',#14613,1.);
#14613 = DIRECTION('',(0.,1.,-0.));
#14614 = PCURVE('',#13298,#14615);
#14615 = DEFINITIONAL_REPRESENTATION('',(#14616),#14620);
#14616 = LINE('',#14617,#14618);
#14617 = CARTESIAN_POINT('',(6.,0.));
#14618 = VECTOR('',#14619,1.);
#14619 = DIRECTION('',(0.,1.));
#14620 = ( GEOMETRIC_REPRESENTATION_CONTEXT(2) 
PARAMETRIC_REPRESENTATION_CONTEXT() REPRESENTATION_CONTEXT('2D SPACE',''
  ) );
#14621 = PCURVE('',#13711,#14622);
#14622 = DEFINITIONAL_REPRESENTATION('',(#14623),#14627);
#14623 = LINE('',#14624,#14625);
#14624 = CARTESIAN_POINT('',(-24.,0.));
#14625 = VECTOR('',#14626,1.);
#14626 = DIRECTION('',(0.,1.));
#14627 = ( GEOMETRIC_REPRESENTATION_CONTEXT(2) 
PARAMETRIC_REPRESENTATION_CONTEXT() REPRESENTATION_CONTEXT('2D SPACE',''
  ) );
#14628 = ORIENTED_EDGE('',*,*,#14629,.F.);
#14629 = EDGE_CURVE('',#14630,#14607,#14632,.T.);
#14630 = VERTEX_POINT('',#14631);
#14631 = CARTESIAN_POINT('',(43.,22.,5.9));
#14632 = SURFACE_CURVE('',#14633,(#14637,#14644),.PCURVE_S1.);
#14633 = LINE('',#14634,#14635);
#14634 = CARTESIAN_POINT('',(43.,22.,0.));
#14635 = VECTOR('',#14636,1.);
#14636 = DIRECTION('',(0.,0.,1.));
#14637 = PCURVE('',#13298,#14638);
#14638 = DEFINITIONAL_REPRESENTATION('',(#14639),#14643);
#14639 = LINE('',#14640,#14641);
#14640 = CARTESIAN_POINT('',(0.,14.));
#14641 = VECTOR('',#14642,1.);
#14642 = DIRECTION('',(1.,0.));
#14643 = ( GEOMETRIC_REPRESENTATION_CONTEXT(2) 
PARAMETRIC_REPRESENTATION_CONTEXT() REPRESENTATION_CONTEXT('2D SPACE',''
  ) );
#14644 = PCURVE('',#13326,#14645);
#14645 = DEFINITIONAL_REPRESENTATION('',(#14646),#14650);
#14646 = LINE('',#14647,#14648);
#14647 = CARTESIAN_POINT('',(3.,1.));
#14648 = VECTOR('',#14649,1.);
#14649 = DIRECTION('',(-1.,0.));
#14650 = ( GEOMETRIC_REPRESENTATION_CONTEXT(2) 
PARAMETRIC_REPRESENTATION_CONTEXT() REPRESENTATION_CONTEXT('2D SPACE',''
  ) );
#14651 = ORIENTED_EDGE('',*,*,#14652,.F.);
#14652 = EDGE_CURVE('',#14653,#14630,#14655,.T.);
#14653 = VERTEX_POINT('',#14654);
#14654 = CARTESIAN_POINT('',(43.,20.1,5.9));
#14655 = SURFACE_CURVE('',#14656,(#14660,#14667),.PCURVE_S1.);
#14656 = LINE('',#14657,#14658);
#14657 = CARTESIAN_POINT('',(43.,14.05,5.9));
#14658 = VECTOR('',#14659,1.);
#14659 = DIRECTION('',(0.,1.,-0.));
#14660 = PCURVE('',#13298,#14661);
#14661 = DEFINITIONAL_REPRESENTATION('',(#14662),#14666);
#14662 = LINE('',#14663,#14664);
#14663 = CARTESIAN_POINT('',(5.9,6.05));
#14664 = VECTOR('',#14665,1.);
#14665 = DIRECTION('',(0.,1.));
#14666 = ( GEOMETRIC_REPRESENTATION_CONTEXT(2) 
PARAMETRIC_REPRESENTATION_CONTEXT() REPRESENTATION_CONTEXT('2D SPACE',''
  ) );
#14667 = PCURVE('',#14668,#14673);
#14668 = PLANE('',#14669);
#14669 = AXIS2_PLACEMENT_3D('',#14670,#14671,#14672);
#14670 = CARTESIAN_POINT('',(41.5,20.1,5.9));
#14671 = DIRECTION('',(0.,0.,1.));
#14672 = DIRECTION('',(1.,0.,-0.));
#14673 = DEFINITIONAL_REPRESENTATION('',(#14674),#14678);
#14674 = LINE('',#14675,#14676);
#14675 = CARTESIAN_POINT('',(1.5,-6.05));
#14676 = VECTOR('',#14677,1.);
#14677 = DIRECTION('',(0.,1.));
#14678 = ( GEOMETRIC_REPRESENTATION_CONTEXT(2) 
PARAMETRIC_REPRESENTATION_CONTEXT() REPRESENTATION_CONTEXT('2D SPACE',''
  ) );
#14679 = ORIENTED_EDGE('',*,*,#14680,.T.);
#14680 = EDGE_CURVE('',#14653,#14681,#14683,.T.);
#14681 = VERTEX_POINT('',#14682);
#14682 = CARTESIAN_POINT('',(43.,20.1,0.1));
#14683 = SURFACE_CURVE('',#14684,(#14688,#14695),.PCURVE_S1.);
#14684 = LINE('',#14685,#14686);
#14685 = CARTESIAN_POINT('',(43.,20.1,5.E-02));
#14686 = VECTOR('',#14687,1.);
#14687 = DIRECTION('',(0.,0.,-1.));
#14688 = PCURVE('',#13298,#14689);
#14689 = DEFINITIONAL_REPRESENTATION('',(#14690),#14694);
#14690 = LINE('',#14691,#14692);
#14691 = CARTESIAN_POINT('',(5.E-02,12.1));
#14692 = VECTOR('',#14693,1.);
#14693 = DIRECTION('',(-1.,0.));
#14694 = ( GEOMETRIC_REPRESENTATION_CONTEXT(2) 
PARAMETRIC_REPRESENTATION_CONTEXT() REPRESENTATION_CONTEXT('2D SPACE',''
  ) );
#14695 = PCURVE('',#14696,#14701);
#14696 = PLANE('',#14697);
#14697 = AXIS2_PLACEMENT_3D('',#14698,#14699,#14700);
#14698 = CARTESIAN_POINT('',(41.5,20.1,0.1));
#14699 = DIRECTION('',(0.,1.,0.));
#14700 = DIRECTION('',(0.,-0.,1.));
#14701 = DEFINITIONAL_REPRESENTATION('',(#14702),#14706);
#14702 = LINE('',#14703,#14704);
#14703 = CARTESIAN_POINT('',(-5.E-02,1.5));
#14704 = VECTOR('',#14705,1.);
#14705 = DIRECTION('',(-1.,0.));
#14706 = ( GEOMETRIC_REPRESENTATION_CONTEXT(2) 
PARAMETRIC_REPRESENTATION_CONTEXT() REPRESENTATION_CONTEXT('2D SPACE',''
  ) );
#14707 = ORIENTED_EDGE('',*,*,#14708,.T.);
#14708 = EDGE_CURVE('',#14681,#14709,#14711,.T.);
#14709 = VERTEX_POINT('',#14710);
#14710 = CARTESIAN_POINT('',(43.,22.,0.1));
#14711 = SURFACE_CURVE('',#14712,(#14716,#14723),.PCURVE_S1.);
#14712 = LINE('',#14713,#14714);
#14713 = CARTESIAN_POINT('',(43.,14.05,0.1));
#14714 = VECTOR('',#14715,1.);
#14715 = DIRECTION('',(0.,1.,-0.));
#14716 = PCURVE('',#13298,#14717);
#14717 = DEFINITIONAL_REPRESENTATION('',(#14718),#14722);
#14718 = LINE('',#14719,#14720);
#14719 = CARTESIAN_POINT('',(0.1,6.05));
#14720 = VECTOR('',#14721,1.);
#14721 = DIRECTION('',(0.,1.));
#14722 = ( GEOMETRIC_REPRESENTATION_CONTEXT(2) 
PARAMETRIC_REPRESENTATION_CONTEXT() REPRESENTATION_CONTEXT('2D SPACE',''
  ) );
#14723 = PCURVE('',#14724,#14729);
#14724 = PLANE('',#14725);
#14725 = AXIS2_PLACEMENT_3D('',#14726,#14727,#14728);
#14726 = CARTESIAN_POINT('',(41.5,20.1,0.1));
#14727 = DIRECTION('',(0.,0.,1.));
#14728 = DIRECTION('',(1.,0.,-0.));
#14729 = DEFINITIONAL_REPRESENTATION('',(#14730),#14734);
#14730 = LINE('',#14731,#14732);
#14731 = CARTESIAN_POINT('',(1.5,-6.05));
#14732 = VECTOR('',#14733,1.);
#14733 = DIRECTION('',(0.,1.));
#14734 = ( GEOMETRIC_REPRESENTATION_CONTEXT(2) 
PARAMETRIC_REPRESENTATION_CONTEXT() REPRESENTATION_CONTEXT('2D SPACE',''
  ) );
#14735 = ORIENTED_EDGE('',*,*,#14736,.F.);
#14736 = EDGE_CURVE('',#13283,#14709,#14737,.T.);
#14737 = SURFACE_CURVE('',#14738,(#14742,#14749),.PCURVE_S1.);
#14738 = LINE('',#14739,#14740);
#14739 = CARTESIAN_POINT('',(43.,22.,0.));
#14740 = VECTOR('',#14741,1.);
#14741 = DIRECTION('',(0.,0.,1.));
#14742 = PCURVE('',#13298,#14743);
#14743 = DEFINITIONAL_REPRESENTATION('',(#14744),#14748);
#14744 = LINE('',#14745,#14746);
#14745 = CARTESIAN_POINT('',(0.,14.));
#14746 = VECTOR('',#14747,1.);
#14747 = DIRECTION('',(1.,0.));
#14748 = ( GEOMETRIC_REPRESENTATION_CONTEXT(2) 
PARAMETRIC_REPRESENTATION_CONTEXT() REPRESENTATION_CONTEXT('2D SPACE',''
  ) );
#14749 = PCURVE('',#13326,#14750);
#14750 = DEFINITIONAL_REPRESENTATION('',(#14751),#14755);
#14751 = LINE('',#14752,#14753);
#14752 = CARTESIAN_POINT('',(3.,1.));
#14753 = VECTOR('',#14754,1.);
#14754 = DIRECTION('',(-1.,0.));
#14755 = ( GEOMETRIC_REPRESENTATION_CONTEXT(2) 
PARAMETRIC_REPRESENTATION_CONTEXT() REPRESENTATION_CONTEXT('2D SPACE',''
  ) );
#14756 = ADVANCED_FACE('',(#14757),#13326,.F.);
#14757 = FACE_BOUND('',#14758,.F.);
#14758 = EDGE_LOOP('',(#14759,#14782,#14783,#14784,#14807,#14835,#14856,
    #14857));
#14759 = ORIENTED_EDGE('',*,*,#14760,.T.);
#14760 = EDGE_CURVE('',#14761,#13311,#14763,.T.);
#14761 = VERTEX_POINT('',#14762);
#14762 = CARTESIAN_POINT('',(41.,22.,6.));
#14763 = SURFACE_CURVE('',#14764,(#14768,#14775),.PCURVE_S1.);
#14764 = LINE('',#14765,#14766);
#14765 = CARTESIAN_POINT('',(41.,22.,6.));
#14766 = VECTOR('',#14767,1.);
#14767 = DIRECTION('',(0.,0.,-1.));
#14768 = PCURVE('',#13326,#14769);
#14769 = DEFINITIONAL_REPRESENTATION('',(#14770),#14774);
#14770 = LINE('',#14771,#14772);
#14771 = CARTESIAN_POINT('',(-3.,-1.));
#14772 = VECTOR('',#14773,1.);
#14773 = DIRECTION('',(1.,0.));
#14774 = ( GEOMETRIC_REPRESENTATION_CONTEXT(2) 
PARAMETRIC_REPRESENTATION_CONTEXT() REPRESENTATION_CONTEXT('2D SPACE',''
  ) );
#14775 = PCURVE('',#13354,#14776);
#14776 = DEFINITIONAL_REPRESENTATION('',(#14777),#14781);
#14777 = LINE('',#14778,#14779);
#14778 = CARTESIAN_POINT('',(0.,14.));
#14779 = VECTOR('',#14780,1.);
#14780 = DIRECTION('',(1.,0.));
#14781 = ( GEOMETRIC_REPRESENTATION_CONTEXT(2) 
PARAMETRIC_REPRESENTATION_CONTEXT() REPRESENTATION_CONTEXT('2D SPACE',''
  ) );
#14782 = ORIENTED_EDGE('',*,*,#13310,.T.);
#14783 = ORIENTED_EDGE('',*,*,#14736,.T.);
#14784 = ORIENTED_EDGE('',*,*,#14785,.T.);
#14785 = EDGE_CURVE('',#14709,#14786,#14788,.T.);
#14786 = VERTEX_POINT('',#14787);
#14787 = CARTESIAN_POINT('',(41.5,22.,0.1));
#14788 = SURFACE_CURVE('',#14789,(#14793,#14800),.PCURVE_S1.);
#14789 = LINE('',#14790,#14791);
#14790 = CARTESIAN_POINT('',(41.75,22.,0.1));
#14791 = VECTOR('',#14792,1.);
#14792 = DIRECTION('',(-1.,0.,0.));
#14793 = PCURVE('',#13326,#14794);
#14794 = DEFINITIONAL_REPRESENTATION('',(#14795),#14799);
#14795 = LINE('',#14796,#14797);
#14796 = CARTESIAN_POINT('',(2.9,-0.25));
#14797 = VECTOR('',#14798,1.);
#14798 = DIRECTION('',(0.,-1.));
#14799 = ( GEOMETRIC_REPRESENTATION_CONTEXT(2) 
PARAMETRIC_REPRESENTATION_CONTEXT() REPRESENTATION_CONTEXT('2D SPACE',''
  ) );
#14800 = PCURVE('',#14724,#14801);
#14801 = DEFINITIONAL_REPRESENTATION('',(#14802),#14806);
#14802 = LINE('',#14803,#14804);
#14803 = CARTESIAN_POINT('',(0.25,1.9));
#14804 = VECTOR('',#14805,1.);
#14805 = DIRECTION('',(-1.,0.));
#14806 = ( GEOMETRIC_REPRESENTATION_CONTEXT(2) 
PARAMETRIC_REPRESENTATION_CONTEXT() REPRESENTATION_CONTEXT('2D SPACE',''
  ) );
#14807 = ORIENTED_EDGE('',*,*,#14808,.T.);
#14808 = EDGE_CURVE('',#14786,#14809,#14811,.T.);
#14809 = VERTEX_POINT('',#14810);
#14810 = CARTESIAN_POINT('',(41.5,22.,5.9));
#14811 = SURFACE_CURVE('',#14812,(#14816,#14823),.PCURVE_S1.);
#14812 = LINE('',#14813,#14814);
#14813 = CARTESIAN_POINT('',(41.5,22.,1.55));
#14814 = VECTOR('',#14815,1.);
#14815 = DIRECTION('',(0.,0.,1.));
#14816 = PCURVE('',#13326,#14817);
#14817 = DEFINITIONAL_REPRESENTATION('',(#14818),#14822);
#14818 = LINE('',#14819,#14820);
#14819 = CARTESIAN_POINT('',(1.45,-0.5));
#14820 = VECTOR('',#14821,1.);
#14821 = DIRECTION('',(-1.,0.));
#14822 = ( GEOMETRIC_REPRESENTATION_CONTEXT(2) 
PARAMETRIC_REPRESENTATION_CONTEXT() REPRESENTATION_CONTEXT('2D SPACE',''
  ) );
#14823 = PCURVE('',#14824,#14829);
#14824 = PLANE('',#14825);
#14825 = AXIS2_PLACEMENT_3D('',#14826,#14827,#14828);
#14826 = CARTESIAN_POINT('',(41.5,20.1,0.1));
#14827 = DIRECTION('',(1.,0.,0.));
#14828 = DIRECTION('',(0.,0.,1.));
#14829 = DEFINITIONAL_REPRESENTATION('',(#14830),#14834);
#14830 = LINE('',#14831,#14832);
#14831 = CARTESIAN_POINT('',(1.45,-1.9));
#14832 = VECTOR('',#14833,1.);
#14833 = DIRECTION('',(1.,0.));
#14834 = ( GEOMETRIC_REPRESENTATION_CONTEXT(2) 
PARAMETRIC_REPRESENTATION_CONTEXT() REPRESENTATION_CONTEXT('2D SPACE',''
  ) );
#14835 = ORIENTED_EDGE('',*,*,#14836,.F.);
#14836 = EDGE_CURVE('',#14630,#14809,#14837,.T.);
#14837 = SURFACE_CURVE('',#14838,(#14842,#14849),.PCURVE_S1.);
#14838 = LINE('',#14839,#14840);
#14839 = CARTESIAN_POINT('',(41.75,22.,5.9));
#14840 = VECTOR('',#14841,1.);
#14841 = DIRECTION('',(-1.,0.,0.));
#14842 = PCURVE('',#13326,#14843);
#14843 = DEFINITIONAL_REPRESENTATION('',(#14844),#14848);
#14844 = LINE('',#14845,#14846);
#14845 = CARTESIAN_POINT('',(-2.9,-0.25));
#14846 = VECTOR('',#14847,1.);
#14847 = DIRECTION('',(0.,-1.));
#14848 = ( GEOMETRIC_REPRESENTATION_CONTEXT(2) 
PARAMETRIC_REPRESENTATION_CONTEXT() REPRESENTATION_CONTEXT('2D SPACE',''
  ) );
#14849 = PCURVE('',#14668,#14850);
#14850 = DEFINITIONAL_REPRESENTATION('',(#14851),#14855);
#14851 = LINE('',#14852,#14853);
#14852 = CARTESIAN_POINT('',(0.25,1.9));
#14853 = VECTOR('',#14854,1.);
#14854 = DIRECTION('',(-1.,0.));
#14855 = ( GEOMETRIC_REPRESENTATION_CONTEXT(2) 
PARAMETRIC_REPRESENTATION_CONTEXT() REPRESENTATION_CONTEXT('2D SPACE',''
  ) );
#14856 = ORIENTED_EDGE('',*,*,#14629,.T.);
#14857 = ORIENTED_EDGE('',*,*,#14858,.T.);
#14858 = EDGE_CURVE('',#14607,#14761,#14859,.T.);
#14859 = SURFACE_CURVE('',#14860,(#14864,#14871),.PCURVE_S1.);
#14860 = LINE('',#14861,#14862);
#14861 = CARTESIAN_POINT('',(43.,22.,6.));
#14862 = VECTOR('',#14863,1.);
#14863 = DIRECTION('',(-1.,0.,0.));
#14864 = PCURVE('',#13326,#14865);
#14865 = DEFINITIONAL_REPRESENTATION('',(#14866),#14870);
#14866 = LINE('',#14867,#14868);
#14867 = CARTESIAN_POINT('',(-3.,1.));
#14868 = VECTOR('',#14869,1.);
#14869 = DIRECTION('',(0.,-1.));
#14870 = ( GEOMETRIC_REPRESENTATION_CONTEXT(2) 
PARAMETRIC_REPRESENTATION_CONTEXT() REPRESENTATION_CONTEXT('2D SPACE',''
  ) );
#14871 = PCURVE('',#13711,#14872);
#14872 = DEFINITIONAL_REPRESENTATION('',(#14873),#14877);
#14873 = LINE('',#14874,#14875);
#14874 = CARTESIAN_POINT('',(-24.,14.));
#14875 = VECTOR('',#14876,1.);
#14876 = DIRECTION('',(1.,0.));
#14877 = ( GEOMETRIC_REPRESENTATION_CONTEXT(2) 
PARAMETRIC_REPRESENTATION_CONTEXT() REPRESENTATION_CONTEXT('2D SPACE',''
  ) );
#14878 = ADVANCED_FACE('',(#14879),#13354,.F.);
#14879 = FACE_BOUND('',#14880,.F.);
#14880 = EDGE_LOOP('',(#14881,#14904,#14925,#14926));
#14881 = ORIENTED_EDGE('',*,*,#14882,.F.);
#14882 = EDGE_CURVE('',#14883,#14761,#14885,.T.);
#14883 = VERTEX_POINT('',#14884);
#14884 = CARTESIAN_POINT('',(41.,8.,6.));
#14885 = SURFACE_CURVE('',#14886,(#14890,#14897),.PCURVE_S1.);
#14886 = LINE('',#14887,#14888);
#14887 = CARTESIAN_POINT('',(41.,8.,6.));
#14888 = VECTOR('',#14889,1.);
#14889 = DIRECTION('',(0.,1.,0.));
#14890 = PCURVE('',#13354,#14891);
#14891 = DEFINITIONAL_REPRESENTATION('',(#14892),#14896);
#14892 = LINE('',#14893,#14894);
#14893 = CARTESIAN_POINT('',(0.,0.));
#14894 = VECTOR('',#14895,1.);
#14895 = DIRECTION('',(0.,1.));
#14896 = ( GEOMETRIC_REPRESENTATION_CONTEXT(2) 
PARAMETRIC_REPRESENTATION_CONTEXT() REPRESENTATION_CONTEXT('2D SPACE',''
  ) );
#14897 = PCURVE('',#13711,#14898);
#14898 = DEFINITIONAL_REPRESENTATION('',(#14899),#14903);
#14899 = LINE('',#14900,#14901);
#14900 = CARTESIAN_POINT('',(-22.,0.));
#14901 = VECTOR('',#14902,1.);
#14902 = DIRECTION('',(0.,1.));
#14903 = ( GEOMETRIC_REPRESENTATION_CONTEXT(2) 
PARAMETRIC_REPRESENTATION_CONTEXT() REPRESENTATION_CONTEXT('2D SPACE',''
  ) );
#14904 = ORIENTED_EDGE('',*,*,#14905,.T.);
#14905 = EDGE_CURVE('',#14883,#13339,#14906,.T.);
#14906 = SURFACE_CURVE('',#14907,(#14911,#14918),.PCURVE_S1.);
#14907 = LINE('',#14908,#14909);
#14908 = CARTESIAN_POINT('',(41.,8.,6.));
#14909 = VECTOR('',#14910,1.);
#14910 = DIRECTION('',(-0.,-0.,-1.));
#14911 = PCURVE('',#13354,#14912);
#14912 = DEFINITIONAL_REPRESENTATION('',(#14913),#14917);
#14913 = LINE('',#14914,#14915);
#14914 = CARTESIAN_POINT('',(0.,0.));
#14915 = VECTOR('',#14916,1.);
#14916 = DIRECTION('',(1.,0.));
#14917 = ( GEOMETRIC_REPRESENTATION_CONTEXT(2) 
PARAMETRIC_REPRESENTATION_CONTEXT() REPRESENTATION_CONTEXT('2D SPACE',''
  ) );
#14918 = PCURVE('',#13383,#14919);
#14919 = DEFINITIONAL_REPRESENTATION('',(#14920),#14924);
#14920 = LINE('',#14921,#14922);
#14921 = CARTESIAN_POINT('',(3.14159265359,0.));
#14922 = VECTOR('',#14923,1.);
#14923 = DIRECTION('',(-0.,1.));
#14924 = ( GEOMETRIC_REPRESENTATION_CONTEXT(2) 
PARAMETRIC_REPRESENTATION_CONTEXT() REPRESENTATION_CONTEXT('2D SPACE',''
  ) );
#14925 = ORIENTED_EDGE('',*,*,#13338,.T.);
#14926 = ORIENTED_EDGE('',*,*,#14760,.F.);
#14927 = ADVANCED_FACE('',(#14928),#13383,.F.);
#14928 = FACE_BOUND('',#14929,.F.);
#14929 = EDGE_LOOP('',(#14930,#14953,#14954,#14955));
#14930 = ORIENTED_EDGE('',*,*,#14931,.T.);
#14931 = EDGE_CURVE('',#14932,#13367,#14934,.T.);
#14932 = VERTEX_POINT('',#14933);
#14933 = CARTESIAN_POINT('',(39.,8.,6.));
#14934 = SURFACE_CURVE('',#14935,(#14939,#14946),.PCURVE_S1.);
#14935 = LINE('',#14936,#14937);
#14936 = CARTESIAN_POINT('',(39.,8.,6.));
#14937 = VECTOR('',#14938,1.);
#14938 = DIRECTION('',(0.,-0.,-1.));
#14939 = PCURVE('',#13383,#14940);
#14940 = DEFINITIONAL_REPRESENTATION('',(#14941),#14945);
#14941 = LINE('',#14942,#14943);
#14942 = CARTESIAN_POINT('',(6.28318530718,0.));
#14943 = VECTOR('',#14944,1.);
#14944 = DIRECTION('',(-0.,1.));
#14945 = ( GEOMETRIC_REPRESENTATION_CONTEXT(2) 
PARAMETRIC_REPRESENTATION_CONTEXT() REPRESENTATION_CONTEXT('2D SPACE',''
  ) );
#14946 = PCURVE('',#13411,#14947);
#14947 = DEFINITIONAL_REPRESENTATION('',(#14948),#14952);
#14948 = LINE('',#14949,#14950);
#14949 = CARTESIAN_POINT('',(0.,14.));
#14950 = VECTOR('',#14951,1.);
#14951 = DIRECTION('',(1.,0.));
#14952 = ( GEOMETRIC_REPRESENTATION_CONTEXT(2) 
PARAMETRIC_REPRESENTATION_CONTEXT() REPRESENTATION_CONTEXT('2D SPACE',''
  ) );
#14953 = ORIENTED_EDGE('',*,*,#13366,.T.);
#14954 = ORIENTED_EDGE('',*,*,#14905,.F.);
#14955 = ORIENTED_EDGE('',*,*,#14956,.F.);
#14956 = EDGE_CURVE('',#14932,#14883,#14957,.T.);
#14957 = SURFACE_CURVE('',#14958,(#14963,#14970),.PCURVE_S1.);
#14958 = CIRCLE('',#14959,1.);
#14959 = AXIS2_PLACEMENT_3D('',#14960,#14961,#14962);
#14960 = CARTESIAN_POINT('',(40.,8.,6.));
#14961 = DIRECTION('',(0.,0.,1.));
#14962 = DIRECTION('',(-1.,0.,0.));
#14963 = PCURVE('',#13383,#14964);
#14964 = DEFINITIONAL_REPRESENTATION('',(#14965),#14969);
#14965 = LINE('',#14966,#14967);
#14966 = CARTESIAN_POINT('',(6.28318530718,0.));
#14967 = VECTOR('',#14968,1.);
#14968 = DIRECTION('',(-1.,0.));
#14969 = ( GEOMETRIC_REPRESENTATION_CONTEXT(2) 
PARAMETRIC_REPRESENTATION_CONTEXT() REPRESENTATION_CONTEXT('2D SPACE',''
  ) );
#14970 = PCURVE('',#13711,#14971);
#14971 = DEFINITIONAL_REPRESENTATION('',(#14972),#14980);
#14972 = ( BOUNDED_CURVE() B_SPLINE_CURVE(2,(#14973,#14974,#14975,#14976
    ,#14977,#14978,#14979),.UNSPECIFIED.,.T.,.F.) 
B_SPLINE_CURVE_WITH_KNOTS((1,2,2,2,2,1),(-2.094395102393,0.,
    2.094395102393,4.188790204786,6.28318530718,8.377580409573),
.UNSPECIFIED.) CURVE() GEOMETRIC_REPRESENTATION_ITEM() 
RATIONAL_B_SPLINE_CURVE((1.,0.5,1.,0.5,1.,0.5,1.)) REPRESENTATION_ITEM(
  '') );
#14973 = CARTESIAN_POINT('',(-20.,0.));
#14974 = CARTESIAN_POINT('',(-20.,-1.732050807569));
#14975 = CARTESIAN_POINT('',(-21.5,-0.866025403784));
#14976 = CARTESIAN_POINT('',(-23.,-2.449293598295E-16));
#14977 = CARTESIAN_POINT('',(-21.5,0.866025403784));
#14978 = CARTESIAN_POINT('',(-20.,1.732050807569));
#14979 = CARTESIAN_POINT('',(-20.,0.));
#14980 = ( GEOMETRIC_REPRESENTATION_CONTEXT(2) 
PARAMETRIC_REPRESENTATION_CONTEXT() REPRESENTATION_CONTEXT('2D SPACE',''
  ) );
#14981 = ADVANCED_FACE('',(#14982),#13411,.F.);
#14982 = FACE_BOUND('',#14983,.F.);
#14983 = EDGE_LOOP('',(#14984,#15007,#15028,#15029));
#14984 = ORIENTED_EDGE('',*,*,#14985,.F.);
#14985 = EDGE_CURVE('',#14986,#14932,#14988,.T.);
#14986 = VERTEX_POINT('',#14987);
#14987 = CARTESIAN_POINT('',(39.,22.,6.));
#14988 = SURFACE_CURVE('',#14989,(#14993,#15000),.PCURVE_S1.);
#14989 = LINE('',#14990,#14991);
#14990 = CARTESIAN_POINT('',(39.,22.,6.));
#14991 = VECTOR('',#14992,1.);
#14992 = DIRECTION('',(1.224646799147E-16,-1.,0.));
#14993 = PCURVE('',#13411,#14994);
#14994 = DEFINITIONAL_REPRESENTATION('',(#14995),#14999);
#14995 = LINE('',#14996,#14997);
#14996 = CARTESIAN_POINT('',(0.,0.));
#14997 = VECTOR('',#14998,1.);
#14998 = DIRECTION('',(0.,1.));
#14999 = ( GEOMETRIC_REPRESENTATION_CONTEXT(2) 
PARAMETRIC_REPRESENTATION_CONTEXT() REPRESENTATION_CONTEXT('2D SPACE',''
  ) );
#15000 = PCURVE('',#13711,#15001);
#15001 = DEFINITIONAL_REPRESENTATION('',(#15002),#15006);
#15002 = LINE('',#15003,#15004);
#15003 = CARTESIAN_POINT('',(-20.,14.));
#15004 = VECTOR('',#15005,1.);
#15005 = DIRECTION('',(-1.224646799147E-16,-1.));
#15006 = ( GEOMETRIC_REPRESENTATION_CONTEXT(2) 
PARAMETRIC_REPRESENTATION_CONTEXT() REPRESENTATION_CONTEXT('2D SPACE',''
  ) );
#15007 = ORIENTED_EDGE('',*,*,#15008,.T.);
#15008 = EDGE_CURVE('',#14986,#13396,#15009,.T.);
#15009 = SURFACE_CURVE('',#15010,(#15014,#15021),.PCURVE_S1.);
#15010 = LINE('',#15011,#15012);
#15011 = CARTESIAN_POINT('',(39.,22.,6.));
#15012 = VECTOR('',#15013,1.);
#15013 = DIRECTION('',(0.,0.,-1.));
#15014 = PCURVE('',#13411,#15015);
#15015 = DEFINITIONAL_REPRESENTATION('',(#15016),#15020);
#15016 = LINE('',#15017,#15018);
#15017 = CARTESIAN_POINT('',(0.,0.));
#15018 = VECTOR('',#15019,1.);
#15019 = DIRECTION('',(1.,0.));
#15020 = ( GEOMETRIC_REPRESENTATION_CONTEXT(2) 
PARAMETRIC_REPRESENTATION_CONTEXT() REPRESENTATION_CONTEXT('2D SPACE',''
  ) );
#15021 = PCURVE('',#13444,#15022);
#15022 = DEFINITIONAL_REPRESENTATION('',(#15023),#15027);
#15023 = LINE('',#15024,#15025);
#15024 = CARTESIAN_POINT('',(3.14159265359,0.));
#15025 = VECTOR('',#15026,1.);
#15026 = DIRECTION('',(0.,1.));
#15027 = ( GEOMETRIC_REPRESENTATION_CONTEXT(2) 
PARAMETRIC_REPRESENTATION_CONTEXT() REPRESENTATION_CONTEXT('2D SPACE',''
  ) );
#15028 = ORIENTED_EDGE('',*,*,#13395,.T.);
#15029 = ORIENTED_EDGE('',*,*,#14931,.F.);
#15030 = ADVANCED_FACE('',(#15031),#13444,.T.);
#15031 = FACE_BOUND('',#15032,.T.);
#15032 = EDGE_LOOP('',(#15033,#15057,#15058,#15059));
#15033 = ORIENTED_EDGE('',*,*,#15034,.T.);
#15034 = EDGE_CURVE('',#15035,#14986,#15037,.T.);
#15035 = VERTEX_POINT('',#15036);
#15036 = CARTESIAN_POINT('',(33.,22.,6.));
#15037 = SURFACE_CURVE('',#15038,(#15043,#15050),.PCURVE_S1.);
#15038 = CIRCLE('',#15039,3.);
#15039 = AXIS2_PLACEMENT_3D('',#15040,#15041,#15042);
#15040 = CARTESIAN_POINT('',(36.,22.,6.));
#15041 = DIRECTION('',(0.,0.,-1.));
#15042 = DIRECTION('',(-1.,0.,0.));
#15043 = PCURVE('',#13444,#15044);
#15044 = DEFINITIONAL_REPRESENTATION('',(#15045),#15049);
#15045 = LINE('',#15046,#15047);
#15046 = CARTESIAN_POINT('',(0.,0.));
#15047 = VECTOR('',#15048,1.);
#15048 = DIRECTION('',(1.,0.));
#15049 = ( GEOMETRIC_REPRESENTATION_CONTEXT(2) 
PARAMETRIC_REPRESENTATION_CONTEXT() REPRESENTATION_CONTEXT('2D SPACE',''
  ) );
#15050 = PCURVE('',#13711,#15051);
#15051 = DEFINITIONAL_REPRESENTATION('',(#15052),#15056);
#15052 = CIRCLE('',#15053,3.);
#15053 = AXIS2_PLACEMENT_2D('',#15054,#15055);
#15054 = CARTESIAN_POINT('',(-17.,14.));
#15055 = DIRECTION('',(1.,0.));
#15056 = ( GEOMETRIC_REPRESENTATION_CONTEXT(2) 
PARAMETRIC_REPRESENTATION_CONTEXT() REPRESENTATION_CONTEXT('2D SPACE',''
  ) );
#15057 = ORIENTED_EDGE('',*,*,#15008,.T.);
#15058 = ORIENTED_EDGE('',*,*,#13423,.F.);
#15059 = ORIENTED_EDGE('',*,*,#15060,.F.);
#15060 = EDGE_CURVE('',#15035,#13424,#15061,.T.);
#15061 = SURFACE_CURVE('',#15062,(#15066,#15073),.PCURVE_S1.);
#15062 = LINE('',#15063,#15064);
#15063 = CARTESIAN_POINT('',(33.,22.,6.));
#15064 = VECTOR('',#15065,1.);
#15065 = DIRECTION('',(0.,0.,-1.));
#15066 = PCURVE('',#13444,#15067);
#15067 = DEFINITIONAL_REPRESENTATION('',(#15068),#15072);
#15068 = LINE('',#15069,#15070);
#15069 = CARTESIAN_POINT('',(0.,0.));
#15070 = VECTOR('',#15071,1.);
#15071 = DIRECTION('',(0.,1.));
#15072 = ( GEOMETRIC_REPRESENTATION_CONTEXT(2) 
PARAMETRIC_REPRESENTATION_CONTEXT() REPRESENTATION_CONTEXT('2D SPACE',''
  ) );
#15073 = PCURVE('',#13472,#15074);
#15074 = DEFINITIONAL_REPRESENTATION('',(#15075),#15079);
#15075 = LINE('',#15076,#15077);
#15076 = CARTESIAN_POINT('',(0.,14.));
#15077 = VECTOR('',#15078,1.);
#15078 = DIRECTION('',(1.,0.));
#15079 = ( GEOMETRIC_REPRESENTATION_CONTEXT(2) 
PARAMETRIC_REPRESENTATION_CONTEXT() REPRESENTATION_CONTEXT('2D SPACE',''
  ) );
#15080 = ADVANCED_FACE('',(#15081),#13472,.F.);
#15081 = FACE_BOUND('',#15082,.F.);
#15082 = EDGE_LOOP('',(#15083,#15106,#15127,#15128));
#15083 = ORIENTED_EDGE('',*,*,#15084,.F.);
#15084 = EDGE_CURVE('',#15085,#15035,#15087,.T.);
#15085 = VERTEX_POINT('',#15086);
#15086 = CARTESIAN_POINT('',(33.,8.,6.));
#15087 = SURFACE_CURVE('',#15088,(#15092,#15099),.PCURVE_S1.);
#15088 = LINE('',#15089,#15090);
#15089 = CARTESIAN_POINT('',(33.,8.,6.));
#15090 = VECTOR('',#15091,1.);
#15091 = DIRECTION('',(0.,1.,0.));
#15092 = PCURVE('',#13472,#15093);
#15093 = DEFINITIONAL_REPRESENTATION('',(#15094),#15098);
#15094 = LINE('',#15095,#15096);
#15095 = CARTESIAN_POINT('',(0.,0.));
#15096 = VECTOR('',#15097,1.);
#15097 = DIRECTION('',(0.,1.));
#15098 = ( GEOMETRIC_REPRESENTATION_CONTEXT(2) 
PARAMETRIC_REPRESENTATION_CONTEXT() REPRESENTATION_CONTEXT('2D SPACE',''
  ) );
#15099 = PCURVE('',#13711,#15100);
#15100 = DEFINITIONAL_REPRESENTATION('',(#15101),#15105);
#15101 = LINE('',#15102,#15103);
#15102 = CARTESIAN_POINT('',(-14.,0.));
#15103 = VECTOR('',#15104,1.);
#15104 = DIRECTION('',(0.,1.));
#15105 = ( GEOMETRIC_REPRESENTATION_CONTEXT(2) 
PARAMETRIC_REPRESENTATION_CONTEXT() REPRESENTATION_CONTEXT('2D SPACE',''
  ) );
#15106 = ORIENTED_EDGE('',*,*,#15107,.T.);
#15107 = EDGE_CURVE('',#15085,#13457,#15108,.T.);
#15108 = SURFACE_CURVE('',#15109,(#15113,#15120),.PCURVE_S1.);
#15109 = LINE('',#15110,#15111);
#15110 = CARTESIAN_POINT('',(33.,8.,6.));
#15111 = VECTOR('',#15112,1.);
#15112 = DIRECTION('',(-0.,-0.,-1.));
#15113 = PCURVE('',#13472,#15114);
#15114 = DEFINITIONAL_REPRESENTATION('',(#15115),#15119);
#15115 = LINE('',#15116,#15117);
#15116 = CARTESIAN_POINT('',(0.,0.));
#15117 = VECTOR('',#15118,1.);
#15118 = DIRECTION('',(1.,0.));
#15119 = ( GEOMETRIC_REPRESENTATION_CONTEXT(2) 
PARAMETRIC_REPRESENTATION_CONTEXT() REPRESENTATION_CONTEXT('2D SPACE',''
  ) );
#15120 = PCURVE('',#13501,#15121);
#15121 = DEFINITIONAL_REPRESENTATION('',(#15122),#15126);
#15122 = LINE('',#15123,#15124);
#15123 = CARTESIAN_POINT('',(3.14159265359,0.));
#15124 = VECTOR('',#15125,1.);
#15125 = DIRECTION('',(-0.,1.));
#15126 = ( GEOMETRIC_REPRESENTATION_CONTEXT(2) 
PARAMETRIC_REPRESENTATION_CONTEXT() REPRESENTATION_CONTEXT('2D SPACE',''
  ) );
#15127 = ORIENTED_EDGE('',*,*,#13456,.T.);
#15128 = ORIENTED_EDGE('',*,*,#15060,.F.);
#15129 = ADVANCED_FACE('',(#15130),#13501,.F.);
#15130 = FACE_BOUND('',#15131,.F.);
#15131 = EDGE_LOOP('',(#15132,#15155,#15156,#15157));
#15132 = ORIENTED_EDGE('',*,*,#15133,.T.);
#15133 = EDGE_CURVE('',#15134,#13485,#15136,.T.);
#15134 = VERTEX_POINT('',#15135);
#15135 = CARTESIAN_POINT('',(31.,8.,6.));
#15136 = SURFACE_CURVE('',#15137,(#15141,#15148),.PCURVE_S1.);
#15137 = LINE('',#15138,#15139);
#15138 = CARTESIAN_POINT('',(31.,8.,6.));
#15139 = VECTOR('',#15140,1.);
#15140 = DIRECTION('',(0.,0.,-1.));
#15141 = PCURVE('',#13501,#15142);
#15142 = DEFINITIONAL_REPRESENTATION('',(#15143),#15147);
#15143 = LINE('',#15144,#15145);
#15144 = CARTESIAN_POINT('',(6.28318530718,0.));
#15145 = VECTOR('',#15146,1.);
#15146 = DIRECTION('',(-0.,1.));
#15147 = ( GEOMETRIC_REPRESENTATION_CONTEXT(2) 
PARAMETRIC_REPRESENTATION_CONTEXT() REPRESENTATION_CONTEXT('2D SPACE',''
  ) );
#15148 = PCURVE('',#13529,#15149);
#15149 = DEFINITIONAL_REPRESENTATION('',(#15150),#15154);
#15150 = LINE('',#15151,#15152);
#15151 = CARTESIAN_POINT('',(0.,14.));
#15152 = VECTOR('',#15153,1.);
#15153 = DIRECTION('',(1.,0.));
#15154 = ( GEOMETRIC_REPRESENTATION_CONTEXT(2) 
PARAMETRIC_REPRESENTATION_CONTEXT() REPRESENTATION_CONTEXT('2D SPACE',''
  ) );
#15155 = ORIENTED_EDGE('',*,*,#13484,.T.);
#15156 = ORIENTED_EDGE('',*,*,#15107,.F.);
#15157 = ORIENTED_EDGE('',*,*,#15158,.F.);
#15158 = EDGE_CURVE('',#15134,#15085,#15159,.T.);
#15159 = SURFACE_CURVE('',#15160,(#15165,#15172),.PCURVE_S1.);
#15160 = CIRCLE('',#15161,1.);
#15161 = AXIS2_PLACEMENT_3D('',#15162,#15163,#15164);
#15162 = CARTESIAN_POINT('',(32.,8.,6.));
#15163 = DIRECTION('',(0.,0.,1.));
#15164 = DIRECTION('',(-1.,0.,0.));
#15165 = PCURVE('',#13501,#15166);
#15166 = DEFINITIONAL_REPRESENTATION('',(#15167),#15171);
#15167 = LINE('',#15168,#15169);
#15168 = CARTESIAN_POINT('',(6.28318530718,0.));
#15169 = VECTOR('',#15170,1.);
#15170 = DIRECTION('',(-1.,0.));
#15171 = ( GEOMETRIC_REPRESENTATION_CONTEXT(2) 
PARAMETRIC_REPRESENTATION_CONTEXT() REPRESENTATION_CONTEXT('2D SPACE',''
  ) );
#15172 = PCURVE('',#13711,#15173);
#15173 = DEFINITIONAL_REPRESENTATION('',(#15174),#15182);
#15174 = ( BOUNDED_CURVE() B_SPLINE_CURVE(2,(#15175,#15176,#15177,#15178
    ,#15179,#15180,#15181),.UNSPECIFIED.,.T.,.F.) 
B_SPLINE_CURVE_WITH_KNOTS((1,2,2,2,2,1),(-2.094395102393,0.,
    2.094395102393,4.188790204786,6.28318530718,8.377580409573),
.UNSPECIFIED.) CURVE() GEOMETRIC_REPRESENTATION_ITEM() 
RATIONAL_B_SPLINE_CURVE((1.,0.5,1.,0.5,1.,0.5,1.)) REPRESENTATION_ITEM(
  '') );
#15175 = CARTESIAN_POINT('',(-12.,0.));
#15176 = CARTESIAN_POINT('',(-12.,-1.732050807569));
#15177 = CARTESIAN_POINT('',(-13.5,-0.866025403784));
#15178 = CARTESIAN_POINT('',(-15.,-2.449293598295E-16));
#15179 = CARTESIAN_POINT('',(-13.5,0.866025403784));
#15180 = CARTESIAN_POINT('',(-12.,1.732050807569));
#15181 = CARTESIAN_POINT('',(-12.,0.));
#15182 = ( GEOMETRIC_REPRESENTATION_CONTEXT(2) 
PARAMETRIC_REPRESENTATION_CONTEXT() REPRESENTATION_CONTEXT('2D SPACE',''
  ) );
#15183 = ADVANCED_FACE('',(#15184),#13529,.F.);
#15184 = FACE_BOUND('',#15185,.F.);
#15185 = EDGE_LOOP('',(#15186,#15209,#15230,#15231));
#15186 = ORIENTED_EDGE('',*,*,#15187,.F.);
#15187 = EDGE_CURVE('',#15188,#15134,#15190,.T.);
#15188 = VERTEX_POINT('',#15189);
#15189 = CARTESIAN_POINT('',(31.,22.,6.));
#15190 = SURFACE_CURVE('',#15191,(#15195,#15202),.PCURVE_S1.);
#15191 = LINE('',#15192,#15193);
#15192 = CARTESIAN_POINT('',(31.,22.,6.));
#15193 = VECTOR('',#15194,1.);
#15194 = DIRECTION('',(1.224646799147E-16,-1.,0.));
#15195 = PCURVE('',#13529,#15196);
#15196 = DEFINITIONAL_REPRESENTATION('',(#15197),#15201);
#15197 = LINE('',#15198,#15199);
#15198 = CARTESIAN_POINT('',(0.,-0.));
#15199 = VECTOR('',#15200,1.);
#15200 = DIRECTION('',(-0.,1.));
#15201 = ( GEOMETRIC_REPRESENTATION_CONTEXT(2) 
PARAMETRIC_REPRESENTATION_CONTEXT() REPRESENTATION_CONTEXT('2D SPACE',''
  ) );
#15202 = PCURVE('',#13711,#15203);
#15203 = DEFINITIONAL_REPRESENTATION('',(#15204),#15208);
#15204 = LINE('',#15205,#15206);
#15205 = CARTESIAN_POINT('',(-12.,14.));
#15206 = VECTOR('',#15207,1.);
#15207 = DIRECTION('',(-1.224646799147E-16,-1.));
#15208 = ( GEOMETRIC_REPRESENTATION_CONTEXT(2) 
PARAMETRIC_REPRESENTATION_CONTEXT() REPRESENTATION_CONTEXT('2D SPACE',''
  ) );
#15209 = ORIENTED_EDGE('',*,*,#15210,.T.);
#15210 = EDGE_CURVE('',#15188,#13514,#15211,.T.);
#15211 = SURFACE_CURVE('',#15212,(#15216,#15223),.PCURVE_S1.);
#15212 = LINE('',#15213,#15214);
#15213 = CARTESIAN_POINT('',(31.,22.,6.));
#15214 = VECTOR('',#15215,1.);
#15215 = DIRECTION('',(0.,0.,-1.));
#15216 = PCURVE('',#13529,#15217);
#15217 = DEFINITIONAL_REPRESENTATION('',(#15218),#15222);
#15218 = LINE('',#15219,#15220);
#15219 = CARTESIAN_POINT('',(0.,-0.));
#15220 = VECTOR('',#15221,1.);
#15221 = DIRECTION('',(1.,0.));
#15222 = ( GEOMETRIC_REPRESENTATION_CONTEXT(2) 
PARAMETRIC_REPRESENTATION_CONTEXT() REPRESENTATION_CONTEXT('2D SPACE',''
  ) );
#15223 = PCURVE('',#13562,#15224);
#15224 = DEFINITIONAL_REPRESENTATION('',(#15225),#15229);
#15225 = LINE('',#15226,#15227);
#15226 = CARTESIAN_POINT('',(3.14159265359,0.));
#15227 = VECTOR('',#15228,1.);
#15228 = DIRECTION('',(0.,1.));
#15229 = ( GEOMETRIC_REPRESENTATION_CONTEXT(2) 
PARAMETRIC_REPRESENTATION_CONTEXT() REPRESENTATION_CONTEXT('2D SPACE',''
  ) );
#15230 = ORIENTED_EDGE('',*,*,#13513,.T.);
#15231 = ORIENTED_EDGE('',*,*,#15133,.F.);
#15232 = ADVANCED_FACE('',(#15233),#13562,.T.);
#15233 = FACE_BOUND('',#15234,.T.);
#15234 = EDGE_LOOP('',(#15235,#15259,#15260,#15261));
#15235 = ORIENTED_EDGE('',*,*,#15236,.T.);
#15236 = EDGE_CURVE('',#15237,#15188,#15239,.T.);
#15237 = VERTEX_POINT('',#15238);
#15238 = CARTESIAN_POINT('',(25.,22.,6.));
#15239 = SURFACE_CURVE('',#15240,(#15245,#15252),.PCURVE_S1.);
#15240 = CIRCLE('',#15241,3.);
#15241 = AXIS2_PLACEMENT_3D('',#15242,#15243,#15244);
#15242 = CARTESIAN_POINT('',(28.,22.,6.));
#15243 = DIRECTION('',(0.,0.,-1.));
#15244 = DIRECTION('',(-1.,0.,0.));
#15245 = PCURVE('',#13562,#15246);
#15246 = DEFINITIONAL_REPRESENTATION('',(#15247),#15251);
#15247 = LINE('',#15248,#15249);
#15248 = CARTESIAN_POINT('',(0.,0.));
#15249 = VECTOR('',#15250,1.);
#15250 = DIRECTION('',(1.,0.));
#15251 = ( GEOMETRIC_REPRESENTATION_CONTEXT(2) 
PARAMETRIC_REPRESENTATION_CONTEXT() REPRESENTATION_CONTEXT('2D SPACE',''
  ) );
#15252 = PCURVE('',#13711,#15253);
#15253 = DEFINITIONAL_REPRESENTATION('',(#15254),#15258);
#15254 = CIRCLE('',#15255,3.);
#15255 = AXIS2_PLACEMENT_2D('',#15256,#15257);
#15256 = CARTESIAN_POINT('',(-9.,14.));
#15257 = DIRECTION('',(1.,0.));
#15258 = ( GEOMETRIC_REPRESENTATION_CONTEXT(2) 
PARAMETRIC_REPRESENTATION_CONTEXT() REPRESENTATION_CONTEXT('2D SPACE',''
  ) );
#15259 = ORIENTED_EDGE('',*,*,#15210,.T.);
#15260 = ORIENTED_EDGE('',*,*,#13541,.F.);
#15261 = ORIENTED_EDGE('',*,*,#15262,.F.);
#15262 = EDGE_CURVE('',#15237,#13542,#15263,.T.);
#15263 = SURFACE_CURVE('',#15264,(#15268,#15275),.PCURVE_S1.);
#15264 = LINE('',#15265,#15266);
#15265 = CARTESIAN_POINT('',(25.,22.,6.));
#15266 = VECTOR('',#15267,1.);
#15267 = DIRECTION('',(0.,0.,-1.));
#15268 = PCURVE('',#13562,#15269);
#15269 = DEFINITIONAL_REPRESENTATION('',(#15270),#15274);
#15270 = LINE('',#15271,#15272);
#15271 = CARTESIAN_POINT('',(0.,0.));
#15272 = VECTOR('',#15273,1.);
#15273 = DIRECTION('',(0.,1.));
#15274 = ( GEOMETRIC_REPRESENTATION_CONTEXT(2) 
PARAMETRIC_REPRESENTATION_CONTEXT() REPRESENTATION_CONTEXT('2D SPACE',''
  ) );
#15275 = PCURVE('',#13590,#15276);
#15276 = DEFINITIONAL_REPRESENTATION('',(#15277),#15281);
#15277 = LINE('',#15278,#15279);
#15278 = CARTESIAN_POINT('',(0.,14.));
#15279 = VECTOR('',#15280,1.);
#15280 = DIRECTION('',(1.,0.));
#15281 = ( GEOMETRIC_REPRESENTATION_CONTEXT(2) 
PARAMETRIC_REPRESENTATION_CONTEXT() REPRESENTATION_CONTEXT('2D SPACE',''
  ) );
#15282 = ADVANCED_FACE('',(#15283),#13590,.F.);
#15283 = FACE_BOUND('',#15284,.F.);
#15284 = EDGE_LOOP('',(#15285,#15308,#15329,#15330));
#15285 = ORIENTED_EDGE('',*,*,#15286,.F.);
#15286 = EDGE_CURVE('',#15287,#15237,#15289,.T.);
#15287 = VERTEX_POINT('',#15288);
#15288 = CARTESIAN_POINT('',(25.,8.,6.));
#15289 = SURFACE_CURVE('',#15290,(#15294,#15301),.PCURVE_S1.);
#15290 = LINE('',#15291,#15292);
#15291 = CARTESIAN_POINT('',(25.,8.,6.));
#15292 = VECTOR('',#15293,1.);
#15293 = DIRECTION('',(0.,1.,0.));
#15294 = PCURVE('',#13590,#15295);
#15295 = DEFINITIONAL_REPRESENTATION('',(#15296),#15300);
#15296 = LINE('',#15297,#15298);
#15297 = CARTESIAN_POINT('',(0.,0.));
#15298 = VECTOR('',#15299,1.);
#15299 = DIRECTION('',(0.,1.));
#15300 = ( GEOMETRIC_REPRESENTATION_CONTEXT(2) 
PARAMETRIC_REPRESENTATION_CONTEXT() REPRESENTATION_CONTEXT('2D SPACE',''
  ) );
#15301 = PCURVE('',#13711,#15302);
#15302 = DEFINITIONAL_REPRESENTATION('',(#15303),#15307);
#15303 = LINE('',#15304,#15305);
#15304 = CARTESIAN_POINT('',(-6.,0.));
#15305 = VECTOR('',#15306,1.);
#15306 = DIRECTION('',(0.,1.));
#15307 = ( GEOMETRIC_REPRESENTATION_CONTEXT(2) 
PARAMETRIC_REPRESENTATION_CONTEXT() REPRESENTATION_CONTEXT('2D SPACE',''
  ) );
#15308 = ORIENTED_EDGE('',*,*,#15309,.T.);
#15309 = EDGE_CURVE('',#15287,#13575,#15310,.T.);
#15310 = SURFACE_CURVE('',#15311,(#15315,#15322),.PCURVE_S1.);
#15311 = LINE('',#15312,#15313);
#15312 = CARTESIAN_POINT('',(25.,8.,6.));
#15313 = VECTOR('',#15314,1.);
#15314 = DIRECTION('',(-0.,-0.,-1.));
#15315 = PCURVE('',#13590,#15316);
#15316 = DEFINITIONAL_REPRESENTATION('',(#15317),#15321);
#15317 = LINE('',#15318,#15319);
#15318 = CARTESIAN_POINT('',(0.,0.));
#15319 = VECTOR('',#15320,1.);
#15320 = DIRECTION('',(1.,0.));
#15321 = ( GEOMETRIC_REPRESENTATION_CONTEXT(2) 
PARAMETRIC_REPRESENTATION_CONTEXT() REPRESENTATION_CONTEXT('2D SPACE',''
  ) );
#15322 = PCURVE('',#13619,#15323);
#15323 = DEFINITIONAL_REPRESENTATION('',(#15324),#15328);
#15324 = LINE('',#15325,#15326);
#15325 = CARTESIAN_POINT('',(3.14159265359,0.));
#15326 = VECTOR('',#15327,1.);
#15327 = DIRECTION('',(-0.,1.));
#15328 = ( GEOMETRIC_REPRESENTATION_CONTEXT(2) 
PARAMETRIC_REPRESENTATION_CONTEXT() REPRESENTATION_CONTEXT('2D SPACE',''
  ) );
#15329 = ORIENTED_EDGE('',*,*,#13574,.T.);
#15330 = ORIENTED_EDGE('',*,*,#15262,.F.);
#15331 = ADVANCED_FACE('',(#15332),#13619,.F.);
#15332 = FACE_BOUND('',#15333,.F.);
#15333 = EDGE_LOOP('',(#15334,#15357,#15358,#15359));
#15334 = ORIENTED_EDGE('',*,*,#15335,.T.);
#15335 = EDGE_CURVE('',#15336,#13603,#15338,.T.);
#15336 = VERTEX_POINT('',#15337);
#15337 = CARTESIAN_POINT('',(23.,8.,6.));
#15338 = SURFACE_CURVE('',#15339,(#15343,#15350),.PCURVE_S1.);
#15339 = LINE('',#15340,#15341);
#15340 = CARTESIAN_POINT('',(23.,8.,6.));
#15341 = VECTOR('',#15342,1.);
#15342 = DIRECTION('',(0.,-0.,-1.));
#15343 = PCURVE('',#13619,#15344);
#15344 = DEFINITIONAL_REPRESENTATION('',(#15345),#15349);
#15345 = LINE('',#15346,#15347);
#15346 = CARTESIAN_POINT('',(6.28318530718,0.));
#15347 = VECTOR('',#15348,1.);
#15348 = DIRECTION('',(-0.,1.));
#15349 = ( GEOMETRIC_REPRESENTATION_CONTEXT(2) 
PARAMETRIC_REPRESENTATION_CONTEXT() REPRESENTATION_CONTEXT('2D SPACE',''
  ) );
#15350 = PCURVE('',#13647,#15351);
#15351 = DEFINITIONAL_REPRESENTATION('',(#15352),#15356);
#15352 = LINE('',#15353,#15354);
#15353 = CARTESIAN_POINT('',(0.,14.));
#15354 = VECTOR('',#15355,1.);
#15355 = DIRECTION('',(1.,0.));
#15356 = ( GEOMETRIC_REPRESENTATION_CONTEXT(2) 
PARAMETRIC_REPRESENTATION_CONTEXT() REPRESENTATION_CONTEXT('2D SPACE',''
  ) );
#15357 = ORIENTED_EDGE('',*,*,#13602,.T.);
#15358 = ORIENTED_EDGE('',*,*,#15309,.F.);
#15359 = ORIENTED_EDGE('',*,*,#15360,.F.);
#15360 = EDGE_CURVE('',#15336,#15287,#15361,.T.);
#15361 = SURFACE_CURVE('',#15362,(#15367,#15374),.PCURVE_S1.);
#15362 = CIRCLE('',#15363,1.);
#15363 = AXIS2_PLACEMENT_3D('',#15364,#15365,#15366);
#15364 = CARTESIAN_POINT('',(24.,8.,6.));
#15365 = DIRECTION('',(0.,0.,1.));
#15366 = DIRECTION('',(-1.,0.,0.));
#15367 = PCURVE('',#13619,#15368);
#15368 = DEFINITIONAL_REPRESENTATION('',(#15369),#15373);
#15369 = LINE('',#15370,#15371);
#15370 = CARTESIAN_POINT('',(6.28318530718,0.));
#15371 = VECTOR('',#15372,1.);
#15372 = DIRECTION('',(-1.,0.));
#15373 = ( GEOMETRIC_REPRESENTATION_CONTEXT(2) 
PARAMETRIC_REPRESENTATION_CONTEXT() REPRESENTATION_CONTEXT('2D SPACE',''
  ) );
#15374 = PCURVE('',#13711,#15375);
#15375 = DEFINITIONAL_REPRESENTATION('',(#15376),#15384);
#15376 = ( BOUNDED_CURVE() B_SPLINE_CURVE(2,(#15377,#15378,#15379,#15380
    ,#15381,#15382,#15383),.UNSPECIFIED.,.T.,.F.) 
B_SPLINE_CURVE_WITH_KNOTS((1,2,2,2,2,1),(-2.094395102393,0.,
    2.094395102393,4.188790204786,6.28318530718,8.377580409573),
.UNSPECIFIED.) CURVE() GEOMETRIC_REPRESENTATION_ITEM() 
RATIONAL_B_SPLINE_CURVE((1.,0.5,1.,0.5,1.,0.5,1.)) REPRESENTATION_ITEM(
  '') );
#15377 = CARTESIAN_POINT('',(-4.,0.));
#15378 = CARTESIAN_POINT('',(-4.,-1.732050807569));
#15379 = CARTESIAN_POINT('',(-5.5,-0.866025403784));
#15380 = CARTESIAN_POINT('',(-7.,-2.449293598295E-16));
#15381 = CARTESIAN_POINT('',(-5.5,0.866025403784));
#15382 = CARTESIAN_POINT('',(-4.,1.732050807569));
#15383 = CARTESIAN_POINT('',(-4.,0.));
#15384 = ( GEOMETRIC_REPRESENTATION_CONTEXT(2) 
PARAMETRIC_REPRESENTATION_CONTEXT() REPRESENTATION_CONTEXT('2D SPACE',''
  ) );
#15385 = ADVANCED_FACE('',(#15386),#13647,.F.);
#15386 = FACE_BOUND('',#15387,.F.);
#15387 = EDGE_LOOP('',(#15388,#15411,#15432,#15433));
#15388 = ORIENTED_EDGE('',*,*,#15389,.F.);
#15389 = EDGE_CURVE('',#15390,#15336,#15392,.T.);
#15390 = VERTEX_POINT('',#15391);
#15391 = CARTESIAN_POINT('',(23.,22.,6.));
#15392 = SURFACE_CURVE('',#15393,(#15397,#15404),.PCURVE_S1.);
#15393 = LINE('',#15394,#15395);
#15394 = CARTESIAN_POINT('',(23.,22.,6.));
#15395 = VECTOR('',#15396,1.);
#15396 = DIRECTION('',(1.224646799147E-16,-1.,0.));
#15397 = PCURVE('',#13647,#15398);
#15398 = DEFINITIONAL_REPRESENTATION('',(#15399),#15403);
#15399 = LINE('',#15400,#15401);
#15400 = CARTESIAN_POINT('',(0.,0.));
#15401 = VECTOR('',#15402,1.);
#15402 = DIRECTION('',(0.,1.));
#15403 = ( GEOMETRIC_REPRESENTATION_CONTEXT(2) 
PARAMETRIC_REPRESENTATION_CONTEXT() REPRESENTATION_CONTEXT('2D SPACE',''
  ) );
#15404 = PCURVE('',#13711,#15405);
#15405 = DEFINITIONAL_REPRESENTATION('',(#15406),#15410);
#15406 = LINE('',#15407,#15408);
#15407 = CARTESIAN_POINT('',(-4.,14.));
#15408 = VECTOR('',#15409,1.);
#15409 = DIRECTION('',(-1.224646799147E-16,-1.));
#15410 = ( GEOMETRIC_REPRESENTATION_CONTEXT(2) 
PARAMETRIC_REPRESENTATION_CONTEXT() REPRESENTATION_CONTEXT('2D SPACE',''
  ) );
#15411 = ORIENTED_EDGE('',*,*,#15412,.T.);
#15412 = EDGE_CURVE('',#15390,#13632,#15413,.T.);
#15413 = SURFACE_CURVE('',#15414,(#15418,#15425),.PCURVE_S1.);
#15414 = LINE('',#15415,#15416);
#15415 = CARTESIAN_POINT('',(23.,22.,6.));
#15416 = VECTOR('',#15417,1.);
#15417 = DIRECTION('',(0.,0.,-1.));
#15418 = PCURVE('',#13647,#15419);
#15419 = DEFINITIONAL_REPRESENTATION('',(#15420),#15424);
#15420 = LINE('',#15421,#15422);
#15421 = CARTESIAN_POINT('',(0.,0.));
#15422 = VECTOR('',#15423,1.);
#15423 = DIRECTION('',(1.,0.));
#15424 = ( GEOMETRIC_REPRESENTATION_CONTEXT(2) 
PARAMETRIC_REPRESENTATION_CONTEXT() REPRESENTATION_CONTEXT('2D SPACE',''
  ) );
#15425 = PCURVE('',#13678,#15426);
#15426 = DEFINITIONAL_REPRESENTATION('',(#15427),#15431);
#15427 = LINE('',#15428,#15429);
#15428 = CARTESIAN_POINT('',(3.14159265359,0.));
#15429 = VECTOR('',#15430,1.);
#15430 = DIRECTION('',(0.,1.));
#15431 = ( GEOMETRIC_REPRESENTATION_CONTEXT(2) 
PARAMETRIC_REPRESENTATION_CONTEXT() REPRESENTATION_CONTEXT('2D SPACE',''
  ) );
#15432 = ORIENTED_EDGE('',*,*,#13631,.T.);
#15433 = ORIENTED_EDGE('',*,*,#15335,.F.);
#15434 = ADVANCED_FACE('',(#15435),#13678,.T.);
#15435 = FACE_BOUND('',#15436,.T.);
#15436 = EDGE_LOOP('',(#15437,#15459,#15460,#15461));
#15437 = ORIENTED_EDGE('',*,*,#15438,.T.);
#15438 = EDGE_CURVE('',#13696,#15390,#15439,.T.);
#15439 = SURFACE_CURVE('',#15440,(#15445,#15452),.PCURVE_S1.);
#15440 = CIRCLE('',#15441,3.);
#15441 = AXIS2_PLACEMENT_3D('',#15442,#15443,#15444);
#15442 = CARTESIAN_POINT('',(20.,22.,6.));
#15443 = DIRECTION('',(0.,0.,-1.));
#15444 = DIRECTION('',(-1.,0.,0.));
#15445 = PCURVE('',#13678,#15446);
#15446 = DEFINITIONAL_REPRESENTATION('',(#15447),#15451);
#15447 = LINE('',#15448,#15449);
#15448 = CARTESIAN_POINT('',(0.,0.));
#15449 = VECTOR('',#15450,1.);
#15450 = DIRECTION('',(1.,0.));
#15451 = ( GEOMETRIC_REPRESENTATION_CONTEXT(2) 
PARAMETRIC_REPRESENTATION_CONTEXT() REPRESENTATION_CONTEXT('2D SPACE',''
  ) );
#15452 = PCURVE('',#13711,#15453);
#15453 = DEFINITIONAL_REPRESENTATION('',(#15454),#15458);
#15454 = CIRCLE('',#15455,3.);
#15455 = AXIS2_PLACEMENT_2D('',#15456,#15457);
#15456 = CARTESIAN_POINT('',(-1.,14.));
#15457 = DIRECTION('',(1.,0.));
#15458 = ( GEOMETRIC_REPRESENTATION_CONTEXT(2) 
PARAMETRIC_REPRESENTATION_CONTEXT() REPRESENTATION_CONTEXT('2D SPACE',''
  ) );
#15459 = ORIENTED_EDGE('',*,*,#15412,.T.);
#15460 = ORIENTED_EDGE('',*,*,#13659,.F.);
#15461 = ORIENTED_EDGE('',*,*,#13852,.F.);
#15462 = ADVANCED_FACE('',(#15463),#13711,.F.);
#15463 = FACE_BOUND('',#15464,.F.);
#15464 = EDGE_LOOP('',(#15465,#15466,#15467,#15468,#15469,#15470,#15471,
    #15472,#15473,#15474,#15475,#15476,#15477,#15478,#15479,#15480,
    #15481,#15482,#15483,#15484,#15485,#15486,#15487,#15488,#15489,
    #15490,#15491,#15492));
#15465 = ORIENTED_EDGE('',*,*,#14000,.F.);
#15466 = ORIENTED_EDGE('',*,*,#13901,.T.);
#15467 = ORIENTED_EDGE('',*,*,#13693,.T.);
#15468 = ORIENTED_EDGE('',*,*,#15438,.T.);
#15469 = ORIENTED_EDGE('',*,*,#15389,.T.);
#15470 = ORIENTED_EDGE('',*,*,#15360,.T.);
#15471 = ORIENTED_EDGE('',*,*,#15286,.T.);
#15472 = ORIENTED_EDGE('',*,*,#15236,.T.);
#15473 = ORIENTED_EDGE('',*,*,#15187,.T.);
#15474 = ORIENTED_EDGE('',*,*,#15158,.T.);
#15475 = ORIENTED_EDGE('',*,*,#15084,.T.);
#15476 = ORIENTED_EDGE('',*,*,#15034,.T.);
#15477 = ORIENTED_EDGE('',*,*,#14985,.T.);
#15478 = ORIENTED_EDGE('',*,*,#14956,.T.);
#15479 = ORIENTED_EDGE('',*,*,#14882,.T.);
#15480 = ORIENTED_EDGE('',*,*,#14858,.F.);
#15481 = ORIENTED_EDGE('',*,*,#14606,.F.);
#15482 = ORIENTED_EDGE('',*,*,#14574,.F.);
#15483 = ORIENTED_EDGE('',*,*,#14503,.F.);
#15484 = ORIENTED_EDGE('',*,*,#14452,.F.);
#15485 = ORIENTED_EDGE('',*,*,#14404,.F.);
#15486 = ORIENTED_EDGE('',*,*,#14372,.F.);
#15487 = ORIENTED_EDGE('',*,*,#14301,.F.);
#15488 = ORIENTED_EDGE('',*,*,#14250,.F.);
#15489 = ORIENTED_EDGE('',*,*,#14202,.F.);
#15490 = ORIENTED_EDGE('',*,*,#14170,.F.);
#15491 = ORIENTED_EDGE('',*,*,#14099,.F.);
#15492 = ORIENTED_EDGE('',*,*,#14048,.F.);
#15493 = ADVANCED_FACE('',(#15494,#15766),#13818,.F.);
#15494 = FACE_BOUND('',#15495,.F.);
#15495 = EDGE_LOOP('',(#15496,#15526,#15554,#15582,#15610,#15638,#15666,
    #15687,#15688,#15689,#15712,#15740));
#15496 = ORIENTED_EDGE('',*,*,#15497,.F.);
#15497 = EDGE_CURVE('',#15498,#15500,#15502,.T.);
#15498 = VERTEX_POINT('',#15499);
#15499 = CARTESIAN_POINT('',(8.8,9.9,0.1));
#15500 = VERTEX_POINT('',#15501);
#15501 = CARTESIAN_POINT('',(9.,9.9,0.1));
#15502 = SURFACE_CURVE('',#15503,(#15507,#15514),.PCURVE_S1.);
#15503 = LINE('',#15504,#15505);
#15504 = CARTESIAN_POINT('',(8.8,9.9,0.1));
#15505 = VECTOR('',#15506,1.);
#15506 = DIRECTION('',(1.,0.,0.));
#15507 = PCURVE('',#13818,#15508);
#15508 = DEFINITIONAL_REPRESENTATION('',(#15509),#15513);
#15509 = LINE('',#15510,#15511);
#15510 = CARTESIAN_POINT('',(-6.2,3.8));
#15511 = VECTOR('',#15512,1.);
#15512 = DIRECTION('',(1.,0.));
#15513 = ( GEOMETRIC_REPRESENTATION_CONTEXT(2) 
PARAMETRIC_REPRESENTATION_CONTEXT() REPRESENTATION_CONTEXT('2D SPACE',''
  ) );
#15514 = PCURVE('',#15515,#15520);
#15515 = PLANE('',#15516);
#15516 = AXIS2_PLACEMENT_3D('',#15517,#15518,#15519);
#15517 = CARTESIAN_POINT('',(15.,9.9,0.1));
#15518 = DIRECTION('',(0.,1.,0.));
#15519 = DIRECTION('',(0.,-0.,1.));
#15520 = DEFINITIONAL_REPRESENTATION('',(#15521),#15525);
#15521 = LINE('',#15522,#15523);
#15522 = CARTESIAN_POINT('',(0.,-6.2));
#15523 = VECTOR('',#15524,1.);
#15524 = DIRECTION('',(0.,1.));
#15525 = ( GEOMETRIC_REPRESENTATION_CONTEXT(2) 
PARAMETRIC_REPRESENTATION_CONTEXT() REPRESENTATION_CONTEXT('2D SPACE',''
  ) );
#15526 = ORIENTED_EDGE('',*,*,#15527,.F.);
#15527 = EDGE_CURVE('',#15528,#15498,#15530,.T.);
#15528 = VERTEX_POINT('',#15529);
#15529 = CARTESIAN_POINT('',(8.8,6.1,0.1));
#15530 = SURFACE_CURVE('',#15531,(#15535,#15542),.PCURVE_S1.);
#15531 = LINE('',#15532,#15533);
#15532 = CARTESIAN_POINT('',(8.8,6.1,0.1));
#15533 = VECTOR('',#15534,1.);
#15534 = DIRECTION('',(0.,1.,0.));
#15535 = PCURVE('',#13818,#15536);
#15536 = DEFINITIONAL_REPRESENTATION('',(#15537),#15541);
#15537 = LINE('',#15538,#15539);
#15538 = CARTESIAN_POINT('',(-6.2,0.));
#15539 = VECTOR('',#15540,1.);
#15540 = DIRECTION('',(0.,1.));
#15541 = ( GEOMETRIC_REPRESENTATION_CONTEXT(2) 
PARAMETRIC_REPRESENTATION_CONTEXT() REPRESENTATION_CONTEXT('2D SPACE',''
  ) );
#15542 = PCURVE('',#15543,#15548);
#15543 = PLANE('',#15544);
#15544 = AXIS2_PLACEMENT_3D('',#15545,#15546,#15547);
#15545 = CARTESIAN_POINT('',(8.8,6.1,0.1));
#15546 = DIRECTION('',(1.,0.,0.));
#15547 = DIRECTION('',(0.,0.,1.));
#15548 = DEFINITIONAL_REPRESENTATION('',(#15549),#15553);
#15549 = LINE('',#15550,#15551);
#15550 = CARTESIAN_POINT('',(0.,0.));
#15551 = VECTOR('',#15552,1.);
#15552 = DIRECTION('',(0.,-1.));
#15553 = ( GEOMETRIC_REPRESENTATION_CONTEXT(2) 
PARAMETRIC_REPRESENTATION_CONTEXT() REPRESENTATION_CONTEXT('2D SPACE',''
  ) );
#15554 = ORIENTED_EDGE('',*,*,#15555,.T.);
#15555 = EDGE_CURVE('',#15528,#15556,#15558,.T.);
#15556 = VERTEX_POINT('',#15557);
#15557 = CARTESIAN_POINT('',(9.,6.1,0.1));
#15558 = SURFACE_CURVE('',#15559,(#15563,#15570),.PCURVE_S1.);
#15559 = LINE('',#15560,#15561);
#15560 = CARTESIAN_POINT('',(8.8,6.1,0.1));
#15561 = VECTOR('',#15562,1.);
#15562 = DIRECTION('',(1.,0.,0.));
#15563 = PCURVE('',#13818,#15564);
#15564 = DEFINITIONAL_REPRESENTATION('',(#15565),#15569);
#15565 = LINE('',#15566,#15567);
#15566 = CARTESIAN_POINT('',(-6.2,0.));
#15567 = VECTOR('',#15568,1.);
#15568 = DIRECTION('',(1.,0.));
#15569 = ( GEOMETRIC_REPRESENTATION_CONTEXT(2) 
PARAMETRIC_REPRESENTATION_CONTEXT() REPRESENTATION_CONTEXT('2D SPACE',''
  ) );
#15570 = PCURVE('',#15571,#15576);
#15571 = PLANE('',#15572);
#15572 = AXIS2_PLACEMENT_3D('',#15573,#15574,#15575);
#15573 = CARTESIAN_POINT('',(15.,6.1,0.1));
#15574 = DIRECTION('',(0.,1.,0.));
#15575 = DIRECTION('',(0.,-0.,1.));
#15576 = DEFINITIONAL_REPRESENTATION('',(#15577),#15581);
#15577 = LINE('',#15578,#15579);
#15578 = CARTESIAN_POINT('',(0.,-6.2));
#15579 = VECTOR('',#15580,1.);
#15580 = DIRECTION('',(0.,1.));
#15581 = ( GEOMETRIC_REPRESENTATION_CONTEXT(2) 
PARAMETRIC_REPRESENTATION_CONTEXT() REPRESENTATION_CONTEXT('2D SPACE',''
  ) );
#15582 = ORIENTED_EDGE('',*,*,#15583,.T.);
#15583 = EDGE_CURVE('',#15556,#15584,#15586,.T.);
#15584 = VERTEX_POINT('',#15585);
#15585 = CARTESIAN_POINT('',(10.2,5.8,0.1));
#15586 = SURFACE_CURVE('',#15587,(#15591,#15598),.PCURVE_S1.);
#15587 = LINE('',#15588,#15589);
#15588 = CARTESIAN_POINT('',(9.,6.1,0.1));
#15589 = VECTOR('',#15590,1.);
#15590 = DIRECTION('',(0.970142500145,-0.242535625036,0.));
#15591 = PCURVE('',#13818,#15592);
#15592 = DEFINITIONAL_REPRESENTATION('',(#15593),#15597);
#15593 = LINE('',#15594,#15595);
#15594 = CARTESIAN_POINT('',(-6.,0.));
#15595 = VECTOR('',#15596,1.);
#15596 = DIRECTION('',(0.970142500145,-0.242535625036));
#15597 = ( GEOMETRIC_REPRESENTATION_CONTEXT(2) 
PARAMETRIC_REPRESENTATION_CONTEXT() REPRESENTATION_CONTEXT('2D SPACE',''
  ) );
#15598 = PCURVE('',#15599,#15604);
#15599 = PLANE('',#15600);
#15600 = AXIS2_PLACEMENT_3D('',#15601,#15602,#15603);
#15601 = CARTESIAN_POINT('',(9.,6.1,3.));
#15602 = DIRECTION('',(0.242535625036,0.970142500145,-0.));
#15603 = DIRECTION('',(0.970142500145,-0.242535625036,0.));
#15604 = DEFINITIONAL_REPRESENTATION('',(#15605),#15609);
#15605 = LINE('',#15606,#15607);
#15606 = CARTESIAN_POINT('',(0.,2.9));
#15607 = VECTOR('',#15608,1.);
#15608 = DIRECTION('',(1.,0.));
#15609 = ( GEOMETRIC_REPRESENTATION_CONTEXT(2) 
PARAMETRIC_REPRESENTATION_CONTEXT() REPRESENTATION_CONTEXT('2D SPACE',''
  ) );
#15610 = ORIENTED_EDGE('',*,*,#15611,.T.);
#15611 = EDGE_CURVE('',#15584,#15612,#15614,.T.);
#15612 = VERTEX_POINT('',#15613);
#15613 = CARTESIAN_POINT('',(11.4,6.1,0.1));
#15614 = SURFACE_CURVE('',#15615,(#15619,#15626),.PCURVE_S1.);
#15615 = LINE('',#15616,#15617);
#15616 = CARTESIAN_POINT('',(10.2,5.8,0.1));
#15617 = VECTOR('',#15618,1.);
#15618 = DIRECTION('',(0.970142500145,0.242535625036,0.));
#15619 = PCURVE('',#13818,#15620);
#15620 = DEFINITIONAL_REPRESENTATION('',(#15621),#15625);
#15621 = LINE('',#15622,#15623);
#15622 = CARTESIAN_POINT('',(-4.8,-0.3));
#15623 = VECTOR('',#15624,1.);
#15624 = DIRECTION('',(0.970142500145,0.242535625036));
#15625 = ( GEOMETRIC_REPRESENTATION_CONTEXT(2) 
PARAMETRIC_REPRESENTATION_CONTEXT() REPRESENTATION_CONTEXT('2D SPACE',''
  ) );
#15626 = PCURVE('',#15627,#15632);
#15627 = PLANE('',#15628);
#15628 = AXIS2_PLACEMENT_3D('',#15629,#15630,#15631);
#15629 = CARTESIAN_POINT('',(10.2,5.8,3.));
#15630 = DIRECTION('',(-0.242535625036,0.970142500145,0.));
#15631 = DIRECTION('',(0.970142500145,0.242535625036,0.));
#15632 = DEFINITIONAL_REPRESENTATION('',(#15633),#15637);
#15633 = LINE('',#15634,#15635);
#15634 = CARTESIAN_POINT('',(0.,2.9));
#15635 = VECTOR('',#15636,1.);
#15636 = DIRECTION('',(1.,0.));
#15637 = ( GEOMETRIC_REPRESENTATION_CONTEXT(2) 
PARAMETRIC_REPRESENTATION_CONTEXT() REPRESENTATION_CONTEXT('2D SPACE',''
  ) );
#15638 = ORIENTED_EDGE('',*,*,#15639,.T.);
#15639 = EDGE_CURVE('',#15612,#15640,#15642,.T.);
#15640 = VERTEX_POINT('',#15641);
#15641 = CARTESIAN_POINT('',(18.5,6.1,0.1));
#15642 = SURFACE_CURVE('',#15643,(#15647,#15654),.PCURVE_S1.);
#15643 = LINE('',#15644,#15645);
#15644 = CARTESIAN_POINT('',(8.8,6.1,0.1));
#15645 = VECTOR('',#15646,1.);
#15646 = DIRECTION('',(1.,0.,0.));
#15647 = PCURVE('',#13818,#15648);
#15648 = DEFINITIONAL_REPRESENTATION('',(#15649),#15653);
#15649 = LINE('',#15650,#15651);
#15650 = CARTESIAN_POINT('',(-6.2,0.));
#15651 = VECTOR('',#15652,1.);
#15652 = DIRECTION('',(1.,0.));
#15653 = ( GEOMETRIC_REPRESENTATION_CONTEXT(2) 
PARAMETRIC_REPRESENTATION_CONTEXT() REPRESENTATION_CONTEXT('2D SPACE',''
  ) );
#15654 = PCURVE('',#15655,#15660);
#15655 = PLANE('',#15656);
#15656 = AXIS2_PLACEMENT_3D('',#15657,#15658,#15659);
#15657 = CARTESIAN_POINT('',(15.,6.1,0.1));
#15658 = DIRECTION('',(0.,1.,0.));
#15659 = DIRECTION('',(0.,-0.,1.));
#15660 = DEFINITIONAL_REPRESENTATION('',(#15661),#15665);
#15661 = LINE('',#15662,#15663);
#15662 = CARTESIAN_POINT('',(0.,-6.2));
#15663 = VECTOR('',#15664,1.);
#15664 = DIRECTION('',(0.,1.));
#15665 = ( GEOMETRIC_REPRESENTATION_CONTEXT(2) 
PARAMETRIC_REPRESENTATION_CONTEXT() REPRESENTATION_CONTEXT('2D SPACE',''
  ) );
#15666 = ORIENTED_EDGE('',*,*,#15667,.T.);
#15667 = EDGE_CURVE('',#15640,#13947,#15668,.T.);
#15668 = SURFACE_CURVE('',#15669,(#15673,#15680),.PCURVE_S1.);
#15669 = LINE('',#15670,#15671);
#15670 = CARTESIAN_POINT('',(18.5,6.1,0.1));
#15671 = VECTOR('',#15672,1.);
#15672 = DIRECTION('',(0.,1.,0.));
#15673 = PCURVE('',#13818,#15674);
#15674 = DEFINITIONAL_REPRESENTATION('',(#15675),#15679);
#15675 = LINE('',#15676,#15677);
#15676 = CARTESIAN_POINT('',(3.5,0.));
#15677 = VECTOR('',#15678,1.);
#15678 = DIRECTION('',(0.,1.));
#15679 = ( GEOMETRIC_REPRESENTATION_CONTEXT(2) 
PARAMETRIC_REPRESENTATION_CONTEXT() REPRESENTATION_CONTEXT('2D SPACE',''
  ) );
#15680 = PCURVE('',#13962,#15681);
#15681 = DEFINITIONAL_REPRESENTATION('',(#15682),#15686);
#15682 = LINE('',#15683,#15684);
#15683 = CARTESIAN_POINT('',(0.,0.));
#15684 = VECTOR('',#15685,1.);
#15685 = DIRECTION('',(0.,-1.));
#15686 = ( GEOMETRIC_REPRESENTATION_CONTEXT(2) 
PARAMETRIC_REPRESENTATION_CONTEXT() REPRESENTATION_CONTEXT('2D SPACE',''
  ) );
#15687 = ORIENTED_EDGE('',*,*,#13974,.T.);
#15688 = ORIENTED_EDGE('',*,*,#13802,.F.);
#15689 = ORIENTED_EDGE('',*,*,#15690,.F.);
#15690 = EDGE_CURVE('',#15691,#13775,#15693,.T.);
#15691 = VERTEX_POINT('',#15692);
#15692 = CARTESIAN_POINT('',(11.4,9.9,0.1));
#15693 = SURFACE_CURVE('',#15694,(#15698,#15705),.PCURVE_S1.);
#15694 = LINE('',#15695,#15696);
#15695 = CARTESIAN_POINT('',(8.8,9.9,0.1));
#15696 = VECTOR('',#15697,1.);
#15697 = DIRECTION('',(1.,0.,0.));
#15698 = PCURVE('',#13818,#15699);
#15699 = DEFINITIONAL_REPRESENTATION('',(#15700),#15704);
#15700 = LINE('',#15701,#15702);
#15701 = CARTESIAN_POINT('',(-6.2,3.8));
#15702 = VECTOR('',#15703,1.);
#15703 = DIRECTION('',(1.,0.));
#15704 = ( GEOMETRIC_REPRESENTATION_CONTEXT(2) 
PARAMETRIC_REPRESENTATION_CONTEXT() REPRESENTATION_CONTEXT('2D SPACE',''
  ) );
#15705 = PCURVE('',#13790,#15706);
#15706 = DEFINITIONAL_REPRESENTATION('',(#15707),#15711);
#15707 = LINE('',#15708,#15709);
#15708 = CARTESIAN_POINT('',(0.,-6.2));
#15709 = VECTOR('',#15710,1.);
#15710 = DIRECTION('',(0.,1.));
#15711 = ( GEOMETRIC_REPRESENTATION_CONTEXT(2) 
PARAMETRIC_REPRESENTATION_CONTEXT() REPRESENTATION_CONTEXT('2D SPACE',''
  ) );
#15712 = ORIENTED_EDGE('',*,*,#15713,.F.);
#15713 = EDGE_CURVE('',#15714,#15691,#15716,.T.);
#15714 = VERTEX_POINT('',#15715);
#15715 = CARTESIAN_POINT('',(10.2,10.2,0.1));
#15716 = SURFACE_CURVE('',#15717,(#15721,#15728),.PCURVE_S1.);
#15717 = LINE('',#15718,#15719);
#15718 = CARTESIAN_POINT('',(10.2,10.2,0.1));
#15719 = VECTOR('',#15720,1.);
#15720 = DIRECTION('',(0.970142500145,-0.242535625036,0.));
#15721 = PCURVE('',#13818,#15722);
#15722 = DEFINITIONAL_REPRESENTATION('',(#15723),#15727);
#15723 = LINE('',#15724,#15725);
#15724 = CARTESIAN_POINT('',(-4.8,4.1));
#15725 = VECTOR('',#15726,1.);
#15726 = DIRECTION('',(0.970142500145,-0.242535625036));
#15727 = ( GEOMETRIC_REPRESENTATION_CONTEXT(2) 
PARAMETRIC_REPRESENTATION_CONTEXT() REPRESENTATION_CONTEXT('2D SPACE',''
  ) );
#15728 = PCURVE('',#15729,#15734);
#15729 = PLANE('',#15730);
#15730 = AXIS2_PLACEMENT_3D('',#15731,#15732,#15733);
#15731 = CARTESIAN_POINT('',(10.2,10.2,3.));
#15732 = DIRECTION('',(0.242535625036,0.970142500145,-0.));
#15733 = DIRECTION('',(0.970142500145,-0.242535625036,0.));
#15734 = DEFINITIONAL_REPRESENTATION('',(#15735),#15739);
#15735 = LINE('',#15736,#15737);
#15736 = CARTESIAN_POINT('',(0.,2.9));
#15737 = VECTOR('',#15738,1.);
#15738 = DIRECTION('',(1.,0.));
#15739 = ( GEOMETRIC_REPRESENTATION_CONTEXT(2) 
PARAMETRIC_REPRESENTATION_CONTEXT() REPRESENTATION_CONTEXT('2D SPACE',''
  ) );
#15740 = ORIENTED_EDGE('',*,*,#15741,.F.);
#15741 = EDGE_CURVE('',#15500,#15714,#15742,.T.);
#15742 = SURFACE_CURVE('',#15743,(#15747,#15754),.PCURVE_S1.);
#15743 = LINE('',#15744,#15745);
#15744 = CARTESIAN_POINT('',(9.,9.9,0.1));
#15745 = VECTOR('',#15746,1.);
#15746 = DIRECTION('',(0.970142500145,0.242535625036,0.));
#15747 = PCURVE('',#13818,#15748);
#15748 = DEFINITIONAL_REPRESENTATION('',(#15749),#15753);
#15749 = LINE('',#15750,#15751);
#15750 = CARTESIAN_POINT('',(-6.,3.8));
#15751 = VECTOR('',#15752,1.);
#15752 = DIRECTION('',(0.970142500145,0.242535625036));
#15753 = ( GEOMETRIC_REPRESENTATION_CONTEXT(2) 
PARAMETRIC_REPRESENTATION_CONTEXT() REPRESENTATION_CONTEXT('2D SPACE',''
  ) );
#15754 = PCURVE('',#15755,#15760);
#15755 = PLANE('',#15756);
#15756 = AXIS2_PLACEMENT_3D('',#15757,#15758,#15759);
#15757 = CARTESIAN_POINT('',(9.,9.9,3.));
#15758 = DIRECTION('',(-0.242535625036,0.970142500145,0.));
#15759 = DIRECTION('',(0.970142500145,0.242535625036,0.));
#15760 = DEFINITIONAL_REPRESENTATION('',(#15761),#15765);
#15761 = LINE('',#15762,#15763);
#15762 = CARTESIAN_POINT('',(0.,2.9));
#15763 = VECTOR('',#15764,1.);
#15764 = DIRECTION('',(1.,0.));
#15765 = ( GEOMETRIC_REPRESENTATION_CONTEXT(2) 
PARAMETRIC_REPRESENTATION_CONTEXT() REPRESENTATION_CONTEXT('2D SPACE',''
  ) );
#15766 = FACE_BOUND('',#15767,.F.);
#15767 = EDGE_LOOP('',(#15768,#15798,#15826,#15854));
#15768 = ORIENTED_EDGE('',*,*,#15769,.F.);
#15769 = EDGE_CURVE('',#15770,#15772,#15774,.T.);
#15770 = VERTEX_POINT('',#15771);
#15771 = CARTESIAN_POINT('',(13.9,8.7,0.1));
#15772 = VERTEX_POINT('',#15773);
#15773 = CARTESIAN_POINT('',(8.9,8.7,0.1));
#15774 = SURFACE_CURVE('',#15775,(#15779,#15786),.PCURVE_S1.);
#15775 = LINE('',#15776,#15777);
#15776 = CARTESIAN_POINT('',(8.85,8.7,0.1));
#15777 = VECTOR('',#15778,1.);
#15778 = DIRECTION('',(-1.,0.,0.));
#15779 = PCURVE('',#13818,#15780);
#15780 = DEFINITIONAL_REPRESENTATION('',(#15781),#15785);
#15781 = LINE('',#15782,#15783);
#15782 = CARTESIAN_POINT('',(-6.15,2.6));
#15783 = VECTOR('',#15784,1.);
#15784 = DIRECTION('',(-1.,0.));
#15785 = ( GEOMETRIC_REPRESENTATION_CONTEXT(2) 
PARAMETRIC_REPRESENTATION_CONTEXT() REPRESENTATION_CONTEXT('2D SPACE',''
  ) );
#15786 = PCURVE('',#15787,#15792);
#15787 = PLANE('',#15788);
#15788 = AXIS2_PLACEMENT_3D('',#15789,#15790,#15791);
#15789 = CARTESIAN_POINT('',(8.9,8.7,-0.1));
#15790 = DIRECTION('',(0.,1.,0.));
#15791 = DIRECTION('',(0.,-0.,1.));
#15792 = DEFINITIONAL_REPRESENTATION('',(#15793),#15797);
#15793 = LINE('',#15794,#15795);
#15794 = CARTESIAN_POINT('',(0.2,-5.E-02));
#15795 = VECTOR('',#15796,1.);
#15796 = DIRECTION('',(0.,-1.));
#15797 = ( GEOMETRIC_REPRESENTATION_CONTEXT(2) 
PARAMETRIC_REPRESENTATION_CONTEXT() REPRESENTATION_CONTEXT('2D SPACE',''
  ) );
#15798 = ORIENTED_EDGE('',*,*,#15799,.F.);
#15799 = EDGE_CURVE('',#15800,#15770,#15802,.T.);
#15800 = VERTEX_POINT('',#15801);
#15801 = CARTESIAN_POINT('',(13.9,7.3,0.1));
#15802 = SURFACE_CURVE('',#15803,(#15807,#15814),.PCURVE_S1.);
#15803 = LINE('',#15804,#15805);
#15804 = CARTESIAN_POINT('',(13.9,6.7,0.1));
#15805 = VECTOR('',#15806,1.);
#15806 = DIRECTION('',(0.,1.,0.));
#15807 = PCURVE('',#13818,#15808);
#15808 = DEFINITIONAL_REPRESENTATION('',(#15809),#15813);
#15809 = LINE('',#15810,#15811);
#15810 = CARTESIAN_POINT('',(-1.1,0.6));
#15811 = VECTOR('',#15812,1.);
#15812 = DIRECTION('',(0.,1.));
#15813 = ( GEOMETRIC_REPRESENTATION_CONTEXT(2) 
PARAMETRIC_REPRESENTATION_CONTEXT() REPRESENTATION_CONTEXT('2D SPACE',''
  ) );
#15814 = PCURVE('',#15815,#15820);
#15815 = PLANE('',#15816);
#15816 = AXIS2_PLACEMENT_3D('',#15817,#15818,#15819);
#15817 = CARTESIAN_POINT('',(13.9,7.3,-0.1));
#15818 = DIRECTION('',(1.,0.,0.));
#15819 = DIRECTION('',(0.,0.,1.));
#15820 = DEFINITIONAL_REPRESENTATION('',(#15821),#15825);
#15821 = LINE('',#15822,#15823);
#15822 = CARTESIAN_POINT('',(0.2,0.6));
#15823 = VECTOR('',#15824,1.);
#15824 = DIRECTION('',(0.,-1.));
#15825 = ( GEOMETRIC_REPRESENTATION_CONTEXT(2) 
PARAMETRIC_REPRESENTATION_CONTEXT() REPRESENTATION_CONTEXT('2D SPACE',''
  ) );
#15826 = ORIENTED_EDGE('',*,*,#15827,.T.);
#15827 = EDGE_CURVE('',#15800,#15828,#15830,.T.);
#15828 = VERTEX_POINT('',#15829);
#15829 = CARTESIAN_POINT('',(8.9,7.3,0.1));
#15830 = SURFACE_CURVE('',#15831,(#15835,#15842),.PCURVE_S1.);
#15831 = LINE('',#15832,#15833);
#15832 = CARTESIAN_POINT('',(8.85,7.3,0.1));
#15833 = VECTOR('',#15834,1.);
#15834 = DIRECTION('',(-1.,0.,0.));
#15835 = PCURVE('',#13818,#15836);
#15836 = DEFINITIONAL_REPRESENTATION('',(#15837),#15841);
#15837 = LINE('',#15838,#15839);
#15838 = CARTESIAN_POINT('',(-6.15,1.2));
#15839 = VECTOR('',#15840,1.);
#15840 = DIRECTION('',(-1.,0.));
#15841 = ( GEOMETRIC_REPRESENTATION_CONTEXT(2) 
PARAMETRIC_REPRESENTATION_CONTEXT() REPRESENTATION_CONTEXT('2D SPACE',''
  ) );
#15842 = PCURVE('',#15843,#15848);
#15843 = PLANE('',#15844);
#15844 = AXIS2_PLACEMENT_3D('',#15845,#15846,#15847);
#15845 = CARTESIAN_POINT('',(8.9,7.3,-0.1));
#15846 = DIRECTION('',(0.,1.,0.));
#15847 = DIRECTION('',(0.,-0.,1.));
#15848 = DEFINITIONAL_REPRESENTATION('',(#15849),#15853);
#15849 = LINE('',#15850,#15851);
#15850 = CARTESIAN_POINT('',(0.2,-5.E-02));
#15851 = VECTOR('',#15852,1.);
#15852 = DIRECTION('',(0.,-1.));
#15853 = ( GEOMETRIC_REPRESENTATION_CONTEXT(2) 
PARAMETRIC_REPRESENTATION_CONTEXT() REPRESENTATION_CONTEXT('2D SPACE',''
  ) );
#15854 = ORIENTED_EDGE('',*,*,#15855,.T.);
#15855 = EDGE_CURVE('',#15828,#15772,#15856,.T.);
#15856 = SURFACE_CURVE('',#15857,(#15861,#15868),.PCURVE_S1.);
#15857 = LINE('',#15858,#15859);
#15858 = CARTESIAN_POINT('',(8.9,6.7,0.1));
#15859 = VECTOR('',#15860,1.);
#15860 = DIRECTION('',(0.,1.,0.));
#15861 = PCURVE('',#13818,#15862);
#15862 = DEFINITIONAL_REPRESENTATION('',(#15863),#15867);
#15863 = LINE('',#15864,#15865);
#15864 = CARTESIAN_POINT('',(-6.1,0.6));
#15865 = VECTOR('',#15866,1.);
#15866 = DIRECTION('',(0.,1.));
#15867 = ( GEOMETRIC_REPRESENTATION_CONTEXT(2) 
PARAMETRIC_REPRESENTATION_CONTEXT() REPRESENTATION_CONTEXT('2D SPACE',''
  ) );
#15868 = PCURVE('',#15869,#15874);
#15869 = PLANE('',#15870);
#15870 = AXIS2_PLACEMENT_3D('',#15871,#15872,#15873);
#15871 = CARTESIAN_POINT('',(8.9,7.3,-0.1));
#15872 = DIRECTION('',(1.,0.,0.));
#15873 = DIRECTION('',(0.,0.,1.));
#15874 = DEFINITIONAL_REPRESENTATION('',(#15875),#15879);
#15875 = LINE('',#15876,#15877);
#15876 = CARTESIAN_POINT('',(0.2,0.6));
#15877 = VECTOR('',#15878,1.);
#15878 = DIRECTION('',(0.,-1.));
#15879 = ( GEOMETRIC_REPRESENTATION_CONTEXT(2) 
PARAMETRIC_REPRESENTATION_CONTEXT() REPRESENTATION_CONTEXT('2D SPACE',''
  ) );
#15880 = ADVANCED_FACE('',(#15881),#13790,.T.);
#15881 = FACE_BOUND('',#15882,.T.);
#15882 = EDGE_LOOP('',(#15883,#15884,#15907,#15928));
#15883 = ORIENTED_EDGE('',*,*,#15690,.F.);
#15884 = ORIENTED_EDGE('',*,*,#15885,.T.);
#15885 = EDGE_CURVE('',#15691,#15886,#15888,.T.);
#15886 = VERTEX_POINT('',#15887);
#15887 = CARTESIAN_POINT('',(11.4,9.9,5.9));
#15888 = SURFACE_CURVE('',#15889,(#15893,#15900),.PCURVE_S1.);
#15889 = LINE('',#15890,#15891);
#15890 = CARTESIAN_POINT('',(11.4,9.9,0.1));
#15891 = VECTOR('',#15892,1.);
#15892 = DIRECTION('',(0.,0.,1.));
#15893 = PCURVE('',#13790,#15894);
#15894 = DEFINITIONAL_REPRESENTATION('',(#15895),#15899);
#15895 = LINE('',#15896,#15897);
#15896 = CARTESIAN_POINT('',(0.,-3.6));
#15897 = VECTOR('',#15898,1.);
#15898 = DIRECTION('',(1.,0.));
#15899 = ( GEOMETRIC_REPRESENTATION_CONTEXT(2) 
PARAMETRIC_REPRESENTATION_CONTEXT() REPRESENTATION_CONTEXT('2D SPACE',''
  ) );
#15900 = PCURVE('',#15729,#15901);
#15901 = DEFINITIONAL_REPRESENTATION('',(#15902),#15906);
#15902 = LINE('',#15903,#15904);
#15903 = CARTESIAN_POINT('',(1.236931687685,2.9));
#15904 = VECTOR('',#15905,1.);
#15905 = DIRECTION('',(0.,-1.));
#15906 = ( GEOMETRIC_REPRESENTATION_CONTEXT(2) 
PARAMETRIC_REPRESENTATION_CONTEXT() REPRESENTATION_CONTEXT('2D SPACE',''
  ) );
#15907 = ORIENTED_EDGE('',*,*,#15908,.F.);
#15908 = EDGE_CURVE('',#13747,#15886,#15909,.T.);
#15909 = SURFACE_CURVE('',#15910,(#15914,#15921),.PCURVE_S1.);
#15910 = LINE('',#15911,#15912);
#15911 = CARTESIAN_POINT('',(18.5,9.9,5.9));
#15912 = VECTOR('',#15913,1.);
#15913 = DIRECTION('',(-1.,0.,0.));
#15914 = PCURVE('',#13790,#15915);
#15915 = DEFINITIONAL_REPRESENTATION('',(#15916),#15920);
#15916 = LINE('',#15917,#15918);
#15917 = CARTESIAN_POINT('',(5.8,3.5));
#15918 = VECTOR('',#15919,1.);
#15919 = DIRECTION('',(0.,-1.));
#15920 = ( GEOMETRIC_REPRESENTATION_CONTEXT(2) 
PARAMETRIC_REPRESENTATION_CONTEXT() REPRESENTATION_CONTEXT('2D SPACE',''
  ) );
#15921 = PCURVE('',#13762,#15922);
#15922 = DEFINITIONAL_REPRESENTATION('',(#15923),#15927);
#15923 = LINE('',#15924,#15925);
#15924 = CARTESIAN_POINT('',(3.5,3.8));
#15925 = VECTOR('',#15926,1.);
#15926 = DIRECTION('',(-1.,0.));
#15927 = ( GEOMETRIC_REPRESENTATION_CONTEXT(2) 
PARAMETRIC_REPRESENTATION_CONTEXT() REPRESENTATION_CONTEXT('2D SPACE',''
  ) );
#15928 = ORIENTED_EDGE('',*,*,#13774,.F.);
#15929 = ADVANCED_FACE('',(#15930,#16140),#13762,.T.);
#15930 = FACE_BOUND('',#15931,.T.);
#15931 = EDGE_LOOP('',(#15932,#15957,#15980,#16003,#16026,#16049,#16072,
    #16093,#16094,#16095,#16096,#16119));
#15932 = ORIENTED_EDGE('',*,*,#15933,.T.);
#15933 = EDGE_CURVE('',#15934,#15936,#15938,.T.);
#15934 = VERTEX_POINT('',#15935);
#15935 = CARTESIAN_POINT('',(9.,9.9,5.9));
#15936 = VERTEX_POINT('',#15937);
#15937 = CARTESIAN_POINT('',(8.8,9.9,5.9));
#15938 = SURFACE_CURVE('',#15939,(#15943,#15950),.PCURVE_S1.);
#15939 = LINE('',#15940,#15941);
#15940 = CARTESIAN_POINT('',(18.5,9.9,5.9));
#15941 = VECTOR('',#15942,1.);
#15942 = DIRECTION('',(-1.,0.,0.));
#15943 = PCURVE('',#13762,#15944);
#15944 = DEFINITIONAL_REPRESENTATION('',(#15945),#15949);
#15945 = LINE('',#15946,#15947);
#15946 = CARTESIAN_POINT('',(3.5,3.8));
#15947 = VECTOR('',#15948,1.);
#15948 = DIRECTION('',(-1.,0.));
#15949 = ( GEOMETRIC_REPRESENTATION_CONTEXT(2) 
PARAMETRIC_REPRESENTATION_CONTEXT() REPRESENTATION_CONTEXT('2D SPACE',''
  ) );
#15950 = PCURVE('',#15515,#15951);
#15951 = DEFINITIONAL_REPRESENTATION('',(#15952),#15956);
#15952 = LINE('',#15953,#15954);
#15953 = CARTESIAN_POINT('',(5.8,3.5));
#15954 = VECTOR('',#15955,1.);
#15955 = DIRECTION('',(0.,-1.));
#15956 = ( GEOMETRIC_REPRESENTATION_CONTEXT(2) 
PARAMETRIC_REPRESENTATION_CONTEXT() REPRESENTATION_CONTEXT('2D SPACE',''
  ) );
#15957 = ORIENTED_EDGE('',*,*,#15958,.F.);
#15958 = EDGE_CURVE('',#15959,#15936,#15961,.T.);
#15959 = VERTEX_POINT('',#15960);
#15960 = CARTESIAN_POINT('',(8.8,6.1,5.9));
#15961 = SURFACE_CURVE('',#15962,(#15966,#15973),.PCURVE_S1.);
#15962 = LINE('',#15963,#15964);
#15963 = CARTESIAN_POINT('',(8.8,6.1,5.9));
#15964 = VECTOR('',#15965,1.);
#15965 = DIRECTION('',(0.,1.,0.));
#15966 = PCURVE('',#13762,#15967);
#15967 = DEFINITIONAL_REPRESENTATION('',(#15968),#15972);
#15968 = LINE('',#15969,#15970);
#15969 = CARTESIAN_POINT('',(-6.2,0.));
#15970 = VECTOR('',#15971,1.);
#15971 = DIRECTION('',(0.,1.));
#15972 = ( GEOMETRIC_REPRESENTATION_CONTEXT(2) 
PARAMETRIC_REPRESENTATION_CONTEXT() REPRESENTATION_CONTEXT('2D SPACE',''
  ) );
#15973 = PCURVE('',#15543,#15974);
#15974 = DEFINITIONAL_REPRESENTATION('',(#15975),#15979);
#15975 = LINE('',#15976,#15977);
#15976 = CARTESIAN_POINT('',(5.8,0.));
#15977 = VECTOR('',#15978,1.);
#15978 = DIRECTION('',(0.,-1.));
#15979 = ( GEOMETRIC_REPRESENTATION_CONTEXT(2) 
PARAMETRIC_REPRESENTATION_CONTEXT() REPRESENTATION_CONTEXT('2D SPACE',''
  ) );
#15980 = ORIENTED_EDGE('',*,*,#15981,.F.);
#15981 = EDGE_CURVE('',#15982,#15959,#15984,.T.);
#15982 = VERTEX_POINT('',#15983);
#15983 = CARTESIAN_POINT('',(9.,6.1,5.9));
#15984 = SURFACE_CURVE('',#15985,(#15989,#15996),.PCURVE_S1.);
#15985 = LINE('',#15986,#15987);
#15986 = CARTESIAN_POINT('',(18.5,6.1,5.9));
#15987 = VECTOR('',#15988,1.);
#15988 = DIRECTION('',(-1.,0.,0.));
#15989 = PCURVE('',#13762,#15990);
#15990 = DEFINITIONAL_REPRESENTATION('',(#15991),#15995);
#15991 = LINE('',#15992,#15993);
#15992 = CARTESIAN_POINT('',(3.5,0.));
#15993 = VECTOR('',#15994,1.);
#15994 = DIRECTION('',(-1.,0.));
#15995 = ( GEOMETRIC_REPRESENTATION_CONTEXT(2) 
PARAMETRIC_REPRESENTATION_CONTEXT() REPRESENTATION_CONTEXT('2D SPACE',''
  ) );
#15996 = PCURVE('',#15571,#15997);
#15997 = DEFINITIONAL_REPRESENTATION('',(#15998),#16002);
#15998 = LINE('',#15999,#16000);
#15999 = CARTESIAN_POINT('',(5.8,3.5));
#16000 = VECTOR('',#16001,1.);
#16001 = DIRECTION('',(0.,-1.));
#16002 = ( GEOMETRIC_REPRESENTATION_CONTEXT(2) 
PARAMETRIC_REPRESENTATION_CONTEXT() REPRESENTATION_CONTEXT('2D SPACE',''
  ) );
#16003 = ORIENTED_EDGE('',*,*,#16004,.T.);
#16004 = EDGE_CURVE('',#15982,#16005,#16007,.T.);
#16005 = VERTEX_POINT('',#16006);
#16006 = CARTESIAN_POINT('',(10.2,5.8,5.9));
#16007 = SURFACE_CURVE('',#16008,(#16012,#16019),.PCURVE_S1.);
#16008 = LINE('',#16009,#16010);
#16009 = CARTESIAN_POINT('',(9.,6.1,5.9));
#16010 = VECTOR('',#16011,1.);
#16011 = DIRECTION('',(0.970142500145,-0.242535625036,0.));
#16012 = PCURVE('',#13762,#16013);
#16013 = DEFINITIONAL_REPRESENTATION('',(#16014),#16018);
#16014 = LINE('',#16015,#16016);
#16015 = CARTESIAN_POINT('',(-6.,0.));
#16016 = VECTOR('',#16017,1.);
#16017 = DIRECTION('',(0.970142500145,-0.242535625036));
#16018 = ( GEOMETRIC_REPRESENTATION_CONTEXT(2) 
PARAMETRIC_REPRESENTATION_CONTEXT() REPRESENTATION_CONTEXT('2D SPACE',''
  ) );
#16019 = PCURVE('',#15599,#16020);
#16020 = DEFINITIONAL_REPRESENTATION('',(#16021),#16025);
#16021 = LINE('',#16022,#16023);
#16022 = CARTESIAN_POINT('',(0.,-2.9));
#16023 = VECTOR('',#16024,1.);
#16024 = DIRECTION('',(1.,0.));
#16025 = ( GEOMETRIC_REPRESENTATION_CONTEXT(2) 
PARAMETRIC_REPRESENTATION_CONTEXT() REPRESENTATION_CONTEXT('2D SPACE',''
  ) );
#16026 = ORIENTED_EDGE('',*,*,#16027,.T.);
#16027 = EDGE_CURVE('',#16005,#16028,#16030,.T.);
#16028 = VERTEX_POINT('',#16029);
#16029 = CARTESIAN_POINT('',(11.4,6.1,5.9));
#16030 = SURFACE_CURVE('',#16031,(#16035,#16042),.PCURVE_S1.);
#16031 = LINE('',#16032,#16033);
#16032 = CARTESIAN_POINT('',(10.2,5.8,5.9));
#16033 = VECTOR('',#16034,1.);
#16034 = DIRECTION('',(0.970142500145,0.242535625036,0.));
#16035 = PCURVE('',#13762,#16036);
#16036 = DEFINITIONAL_REPRESENTATION('',(#16037),#16041);
#16037 = LINE('',#16038,#16039);
#16038 = CARTESIAN_POINT('',(-4.8,-0.3));
#16039 = VECTOR('',#16040,1.);
#16040 = DIRECTION('',(0.970142500145,0.242535625036));
#16041 = ( GEOMETRIC_REPRESENTATION_CONTEXT(2) 
PARAMETRIC_REPRESENTATION_CONTEXT() REPRESENTATION_CONTEXT('2D SPACE',''
  ) );
#16042 = PCURVE('',#15627,#16043);
#16043 = DEFINITIONAL_REPRESENTATION('',(#16044),#16048);
#16044 = LINE('',#16045,#16046);
#16045 = CARTESIAN_POINT('',(0.,-2.9));
#16046 = VECTOR('',#16047,1.);
#16047 = DIRECTION('',(1.,0.));
#16048 = ( GEOMETRIC_REPRESENTATION_CONTEXT(2) 
PARAMETRIC_REPRESENTATION_CONTEXT() REPRESENTATION_CONTEXT('2D SPACE',''
  ) );
#16049 = ORIENTED_EDGE('',*,*,#16050,.F.);
#16050 = EDGE_CURVE('',#16051,#16028,#16053,.T.);
#16051 = VERTEX_POINT('',#16052);
#16052 = CARTESIAN_POINT('',(18.5,6.1,5.9));
#16053 = SURFACE_CURVE('',#16054,(#16058,#16065),.PCURVE_S1.);
#16054 = LINE('',#16055,#16056);
#16055 = CARTESIAN_POINT('',(18.5,6.1,5.9));
#16056 = VECTOR('',#16057,1.);
#16057 = DIRECTION('',(-1.,0.,0.));
#16058 = PCURVE('',#13762,#16059);
#16059 = DEFINITIONAL_REPRESENTATION('',(#16060),#16064);
#16060 = LINE('',#16061,#16062);
#16061 = CARTESIAN_POINT('',(3.5,0.));
#16062 = VECTOR('',#16063,1.);
#16063 = DIRECTION('',(-1.,0.));
#16064 = ( GEOMETRIC_REPRESENTATION_CONTEXT(2) 
PARAMETRIC_REPRESENTATION_CONTEXT() REPRESENTATION_CONTEXT('2D SPACE',''
  ) );
#16065 = PCURVE('',#15655,#16066);
#16066 = DEFINITIONAL_REPRESENTATION('',(#16067),#16071);
#16067 = LINE('',#16068,#16069);
#16068 = CARTESIAN_POINT('',(5.8,3.5));
#16069 = VECTOR('',#16070,1.);
#16070 = DIRECTION('',(0.,-1.));
#16071 = ( GEOMETRIC_REPRESENTATION_CONTEXT(2) 
PARAMETRIC_REPRESENTATION_CONTEXT() REPRESENTATION_CONTEXT('2D SPACE',''
  ) );
#16072 = ORIENTED_EDGE('',*,*,#16073,.T.);
#16073 = EDGE_CURVE('',#16051,#13924,#16074,.T.);
#16074 = SURFACE_CURVE('',#16075,(#16079,#16086),.PCURVE_S1.);
#16075 = LINE('',#16076,#16077);
#16076 = CARTESIAN_POINT('',(18.5,6.1,5.9));
#16077 = VECTOR('',#16078,1.);
#16078 = DIRECTION('',(0.,1.,0.));
#16079 = PCURVE('',#13762,#16080);
#16080 = DEFINITIONAL_REPRESENTATION('',(#16081),#16085);
#16081 = LINE('',#16082,#16083);
#16082 = CARTESIAN_POINT('',(3.5,0.));
#16083 = VECTOR('',#16084,1.);
#16084 = DIRECTION('',(0.,1.));
#16085 = ( GEOMETRIC_REPRESENTATION_CONTEXT(2) 
PARAMETRIC_REPRESENTATION_CONTEXT() REPRESENTATION_CONTEXT('2D SPACE',''
  ) );
#16086 = PCURVE('',#13962,#16087);
#16087 = DEFINITIONAL_REPRESENTATION('',(#16088),#16092);
#16088 = LINE('',#16089,#16090);
#16089 = CARTESIAN_POINT('',(5.8,0.));
#16090 = VECTOR('',#16091,1.);
#16091 = DIRECTION('',(0.,-1.));
#16092 = ( GEOMETRIC_REPRESENTATION_CONTEXT(2) 
PARAMETRIC_REPRESENTATION_CONTEXT() REPRESENTATION_CONTEXT('2D SPACE',''
  ) );
#16093 = ORIENTED_EDGE('',*,*,#13923,.T.);
#16094 = ORIENTED_EDGE('',*,*,#13746,.F.);
#16095 = ORIENTED_EDGE('',*,*,#15908,.T.);
#16096 = ORIENTED_EDGE('',*,*,#16097,.F.);
#16097 = EDGE_CURVE('',#16098,#15886,#16100,.T.);
#16098 = VERTEX_POINT('',#16099);
#16099 = CARTESIAN_POINT('',(10.2,10.2,5.9));
#16100 = SURFACE_CURVE('',#16101,(#16105,#16112),.PCURVE_S1.);
#16101 = LINE('',#16102,#16103);
#16102 = CARTESIAN_POINT('',(10.2,10.2,5.9));
#16103 = VECTOR('',#16104,1.);
#16104 = DIRECTION('',(0.970142500145,-0.242535625036,0.));
#16105 = PCURVE('',#13762,#16106);
#16106 = DEFINITIONAL_REPRESENTATION('',(#16107),#16111);
#16107 = LINE('',#16108,#16109);
#16108 = CARTESIAN_POINT('',(-4.8,4.1));
#16109 = VECTOR('',#16110,1.);
#16110 = DIRECTION('',(0.970142500145,-0.242535625036));
#16111 = ( GEOMETRIC_REPRESENTATION_CONTEXT(2) 
PARAMETRIC_REPRESENTATION_CONTEXT() REPRESENTATION_CONTEXT('2D SPACE',''
  ) );
#16112 = PCURVE('',#15729,#16113);
#16113 = DEFINITIONAL_REPRESENTATION('',(#16114),#16118);
#16114 = LINE('',#16115,#16116);
#16115 = CARTESIAN_POINT('',(0.,-2.9));
#16116 = VECTOR('',#16117,1.);
#16117 = DIRECTION('',(1.,0.));
#16118 = ( GEOMETRIC_REPRESENTATION_CONTEXT(2) 
PARAMETRIC_REPRESENTATION_CONTEXT() REPRESENTATION_CONTEXT('2D SPACE',''
  ) );
#16119 = ORIENTED_EDGE('',*,*,#16120,.F.);
#16120 = EDGE_CURVE('',#15934,#16098,#16121,.T.);
#16121 = SURFACE_CURVE('',#16122,(#16126,#16133),.PCURVE_S1.);
#16122 = LINE('',#16123,#16124);
#16123 = CARTESIAN_POINT('',(9.,9.9,5.9));
#16124 = VECTOR('',#16125,1.);
#16125 = DIRECTION('',(0.970142500145,0.242535625036,0.));
#16126 = PCURVE('',#13762,#16127);
#16127 = DEFINITIONAL_REPRESENTATION('',(#16128),#16132);
#16128 = LINE('',#16129,#16130);
#16129 = CARTESIAN_POINT('',(-6.,3.8));
#16130 = VECTOR('',#16131,1.);
#16131 = DIRECTION('',(0.970142500145,0.242535625036));
#16132 = ( GEOMETRIC_REPRESENTATION_CONTEXT(2) 
PARAMETRIC_REPRESENTATION_CONTEXT() REPRESENTATION_CONTEXT('2D SPACE',''
  ) );
#16133 = PCURVE('',#15755,#16134);
#16134 = DEFINITIONAL_REPRESENTATION('',(#16135),#16139);
#16135 = LINE('',#16136,#16137);
#16136 = CARTESIAN_POINT('',(0.,-2.9));
#16137 = VECTOR('',#16138,1.);
#16138 = DIRECTION('',(1.,0.));
#16139 = ( GEOMETRIC_REPRESENTATION_CONTEXT(2) 
PARAMETRIC_REPRESENTATION_CONTEXT() REPRESENTATION_CONTEXT('2D SPACE',''
  ) );
#16140 = FACE_BOUND('',#16141,.T.);
#16141 = EDGE_LOOP('',(#16142,#16167,#16190,#16213));
#16142 = ORIENTED_EDGE('',*,*,#16143,.F.);
#16143 = EDGE_CURVE('',#16144,#16146,#16148,.T.);
#16144 = VERTEX_POINT('',#16145);
#16145 = CARTESIAN_POINT('',(13.9,8.7,5.9));
#16146 = VERTEX_POINT('',#16147);
#16147 = CARTESIAN_POINT('',(8.9,8.7,5.9));
#16148 = SURFACE_CURVE('',#16149,(#16153,#16160),.PCURVE_S1.);
#16149 = LINE('',#16150,#16151);
#16150 = CARTESIAN_POINT('',(8.85,8.7,5.9));
#16151 = VECTOR('',#16152,1.);
#16152 = DIRECTION('',(-1.,0.,0.));
#16153 = PCURVE('',#13762,#16154);
#16154 = DEFINITIONAL_REPRESENTATION('',(#16155),#16159);
#16155 = LINE('',#16156,#16157);
#16156 = CARTESIAN_POINT('',(-6.15,2.6));
#16157 = VECTOR('',#16158,1.);
#16158 = DIRECTION('',(-1.,0.));
#16159 = ( GEOMETRIC_REPRESENTATION_CONTEXT(2) 
PARAMETRIC_REPRESENTATION_CONTEXT() REPRESENTATION_CONTEXT('2D SPACE',''
  ) );
#16160 = PCURVE('',#15787,#16161);
#16161 = DEFINITIONAL_REPRESENTATION('',(#16162),#16166);
#16162 = LINE('',#16163,#16164);
#16163 = CARTESIAN_POINT('',(6.,-5.E-02));
#16164 = VECTOR('',#16165,1.);
#16165 = DIRECTION('',(0.,-1.));
#16166 = ( GEOMETRIC_REPRESENTATION_CONTEXT(2) 
PARAMETRIC_REPRESENTATION_CONTEXT() REPRESENTATION_CONTEXT('2D SPACE',''
  ) );
#16167 = ORIENTED_EDGE('',*,*,#16168,.F.);
#16168 = EDGE_CURVE('',#16169,#16144,#16171,.T.);
#16169 = VERTEX_POINT('',#16170);
#16170 = CARTESIAN_POINT('',(13.9,7.3,5.9));
#16171 = SURFACE_CURVE('',#16172,(#16176,#16183),.PCURVE_S1.);
#16172 = LINE('',#16173,#16174);
#16173 = CARTESIAN_POINT('',(13.9,6.7,5.9));
#16174 = VECTOR('',#16175,1.);
#16175 = DIRECTION('',(0.,1.,0.));
#16176 = PCURVE('',#13762,#16177);
#16177 = DEFINITIONAL_REPRESENTATION('',(#16178),#16182);
#16178 = LINE('',#16179,#16180);
#16179 = CARTESIAN_POINT('',(-1.1,0.6));
#16180 = VECTOR('',#16181,1.);
#16181 = DIRECTION('',(0.,1.));
#16182 = ( GEOMETRIC_REPRESENTATION_CONTEXT(2) 
PARAMETRIC_REPRESENTATION_CONTEXT() REPRESENTATION_CONTEXT('2D SPACE',''
  ) );
#16183 = PCURVE('',#15815,#16184);
#16184 = DEFINITIONAL_REPRESENTATION('',(#16185),#16189);
#16185 = LINE('',#16186,#16187);
#16186 = CARTESIAN_POINT('',(6.,0.6));
#16187 = VECTOR('',#16188,1.);
#16188 = DIRECTION('',(0.,-1.));
#16189 = ( GEOMETRIC_REPRESENTATION_CONTEXT(2) 
PARAMETRIC_REPRESENTATION_CONTEXT() REPRESENTATION_CONTEXT('2D SPACE',''
  ) );
#16190 = ORIENTED_EDGE('',*,*,#16191,.T.);
#16191 = EDGE_CURVE('',#16169,#16192,#16194,.T.);
#16192 = VERTEX_POINT('',#16193);
#16193 = CARTESIAN_POINT('',(8.9,7.3,5.9));
#16194 = SURFACE_CURVE('',#16195,(#16199,#16206),.PCURVE_S1.);
#16195 = LINE('',#16196,#16197);
#16196 = CARTESIAN_POINT('',(8.85,7.3,5.9));
#16197 = VECTOR('',#16198,1.);
#16198 = DIRECTION('',(-1.,0.,0.));
#16199 = PCURVE('',#13762,#16200);
#16200 = DEFINITIONAL_REPRESENTATION('',(#16201),#16205);
#16201 = LINE('',#16202,#16203);
#16202 = CARTESIAN_POINT('',(-6.15,1.2));
#16203 = VECTOR('',#16204,1.);
#16204 = DIRECTION('',(-1.,0.));
#16205 = ( GEOMETRIC_REPRESENTATION_CONTEXT(2) 
PARAMETRIC_REPRESENTATION_CONTEXT() REPRESENTATION_CONTEXT('2D SPACE',''
  ) );
#16206 = PCURVE('',#15843,#16207);
#16207 = DEFINITIONAL_REPRESENTATION('',(#16208),#16212);
#16208 = LINE('',#16209,#16210);
#16209 = CARTESIAN_POINT('',(6.,-5.E-02));
#16210 = VECTOR('',#16211,1.);
#16211 = DIRECTION('',(0.,-1.));
#16212 = ( GEOMETRIC_REPRESENTATION_CONTEXT(2) 
PARAMETRIC_REPRESENTATION_CONTEXT() REPRESENTATION_CONTEXT('2D SPACE',''
  ) );
#16213 = ORIENTED_EDGE('',*,*,#16214,.T.);
#16214 = EDGE_CURVE('',#16192,#16146,#16215,.T.);
#16215 = SURFACE_CURVE('',#16216,(#16220,#16227),.PCURVE_S1.);
#16216 = LINE('',#16217,#16218);
#16217 = CARTESIAN_POINT('',(8.9,6.7,5.9));
#16218 = VECTOR('',#16219,1.);
#16219 = DIRECTION('',(0.,1.,0.));
#16220 = PCURVE('',#13762,#16221);
#16221 = DEFINITIONAL_REPRESENTATION('',(#16222),#16226);
#16222 = LINE('',#16223,#16224);
#16223 = CARTESIAN_POINT('',(-6.1,0.6));
#16224 = VECTOR('',#16225,1.);
#16225 = DIRECTION('',(0.,1.));
#16226 = ( GEOMETRIC_REPRESENTATION_CONTEXT(2) 
PARAMETRIC_REPRESENTATION_CONTEXT() REPRESENTATION_CONTEXT('2D SPACE',''
  ) );
#16227 = PCURVE('',#15869,#16228);
#16228 = DEFINITIONAL_REPRESENTATION('',(#16229),#16233);
#16229 = LINE('',#16230,#16231);
#16230 = CARTESIAN_POINT('',(6.,0.6));
#16231 = VECTOR('',#16232,1.);
#16232 = DIRECTION('',(0.,-1.));
#16233 = ( GEOMETRIC_REPRESENTATION_CONTEXT(2) 
PARAMETRIC_REPRESENTATION_CONTEXT() REPRESENTATION_CONTEXT('2D SPACE',''
  ) );
#16234 = ADVANCED_FACE('',(#16235),#13962,.T.);
#16235 = FACE_BOUND('',#16236,.T.);
#16236 = EDGE_LOOP('',(#16237,#16238,#16259,#16260));
#16237 = ORIENTED_EDGE('',*,*,#16073,.F.);
#16238 = ORIENTED_EDGE('',*,*,#16239,.F.);
#16239 = EDGE_CURVE('',#15640,#16051,#16240,.T.);
#16240 = SURFACE_CURVE('',#16241,(#16245,#16252),.PCURVE_S1.);
#16241 = LINE('',#16242,#16243);
#16242 = CARTESIAN_POINT('',(18.5,6.1,0.1));
#16243 = VECTOR('',#16244,1.);
#16244 = DIRECTION('',(0.,0.,1.));
#16245 = PCURVE('',#13962,#16246);
#16246 = DEFINITIONAL_REPRESENTATION('',(#16247),#16251);
#16247 = LINE('',#16248,#16249);
#16248 = CARTESIAN_POINT('',(0.,0.));
#16249 = VECTOR('',#16250,1.);
#16250 = DIRECTION('',(1.,0.));
#16251 = ( GEOMETRIC_REPRESENTATION_CONTEXT(2) 
PARAMETRIC_REPRESENTATION_CONTEXT() REPRESENTATION_CONTEXT('2D SPACE',''
  ) );
#16252 = PCURVE('',#15655,#16253);
#16253 = DEFINITIONAL_REPRESENTATION('',(#16254),#16258);
#16254 = LINE('',#16255,#16256);
#16255 = CARTESIAN_POINT('',(0.,3.5));
#16256 = VECTOR('',#16257,1.);
#16257 = DIRECTION('',(1.,0.));
#16258 = ( GEOMETRIC_REPRESENTATION_CONTEXT(2) 
PARAMETRIC_REPRESENTATION_CONTEXT() REPRESENTATION_CONTEXT('2D SPACE',''
  ) );
#16259 = ORIENTED_EDGE('',*,*,#15667,.T.);
#16260 = ORIENTED_EDGE('',*,*,#13946,.T.);
#16261 = ADVANCED_FACE('',(#16262,#16534),#14724,.F.);
#16262 = FACE_BOUND('',#16263,.F.);
#16263 = EDGE_LOOP('',(#16264,#16287,#16288,#16289,#16312,#16340,#16368,
    #16396,#16424,#16452,#16480,#16508));
#16264 = ORIENTED_EDGE('',*,*,#16265,.F.);
#16265 = EDGE_CURVE('',#14786,#16266,#16268,.T.);
#16266 = VERTEX_POINT('',#16267);
#16267 = CARTESIAN_POINT('',(41.5,23.9,0.1));
#16268 = SURFACE_CURVE('',#16269,(#16273,#16280),.PCURVE_S1.);
#16269 = LINE('',#16270,#16271);
#16270 = CARTESIAN_POINT('',(41.5,20.1,0.1));
#16271 = VECTOR('',#16272,1.);
#16272 = DIRECTION('',(0.,1.,0.));
#16273 = PCURVE('',#14724,#16274);
#16274 = DEFINITIONAL_REPRESENTATION('',(#16275),#16279);
#16275 = LINE('',#16276,#16277);
#16276 = CARTESIAN_POINT('',(0.,0.));
#16277 = VECTOR('',#16278,1.);
#16278 = DIRECTION('',(0.,1.));
#16279 = ( GEOMETRIC_REPRESENTATION_CONTEXT(2) 
PARAMETRIC_REPRESENTATION_CONTEXT() REPRESENTATION_CONTEXT('2D SPACE',''
  ) );
#16280 = PCURVE('',#14824,#16281);
#16281 = DEFINITIONAL_REPRESENTATION('',(#16282),#16286);
#16282 = LINE('',#16283,#16284);
#16283 = CARTESIAN_POINT('',(0.,0.));
#16284 = VECTOR('',#16285,1.);
#16285 = DIRECTION('',(0.,-1.));
#16286 = ( GEOMETRIC_REPRESENTATION_CONTEXT(2) 
PARAMETRIC_REPRESENTATION_CONTEXT() REPRESENTATION_CONTEXT('2D SPACE',''
  ) );
#16287 = ORIENTED_EDGE('',*,*,#14785,.F.);
#16288 = ORIENTED_EDGE('',*,*,#14708,.F.);
#16289 = ORIENTED_EDGE('',*,*,#16290,.T.);
#16290 = EDGE_CURVE('',#14681,#16291,#16293,.T.);
#16291 = VERTEX_POINT('',#16292);
#16292 = CARTESIAN_POINT('',(48.6,20.1,0.1));
#16293 = SURFACE_CURVE('',#16294,(#16298,#16305),.PCURVE_S1.);
#16294 = LINE('',#16295,#16296);
#16295 = CARTESIAN_POINT('',(41.5,20.1,0.1));
#16296 = VECTOR('',#16297,1.);
#16297 = DIRECTION('',(1.,0.,0.));
#16298 = PCURVE('',#14724,#16299);
#16299 = DEFINITIONAL_REPRESENTATION('',(#16300),#16304);
#16300 = LINE('',#16301,#16302);
#16301 = CARTESIAN_POINT('',(0.,0.));
#16302 = VECTOR('',#16303,1.);
#16303 = DIRECTION('',(1.,0.));
#16304 = ( GEOMETRIC_REPRESENTATION_CONTEXT(2) 
PARAMETRIC_REPRESENTATION_CONTEXT() REPRESENTATION_CONTEXT('2D SPACE',''
  ) );
#16305 = PCURVE('',#14696,#16306);
#16306 = DEFINITIONAL_REPRESENTATION('',(#16307),#16311);
#16307 = LINE('',#16308,#16309);
#16308 = CARTESIAN_POINT('',(0.,0.));
#16309 = VECTOR('',#16310,1.);
#16310 = DIRECTION('',(0.,1.));
#16311 = ( GEOMETRIC_REPRESENTATION_CONTEXT(2) 
PARAMETRIC_REPRESENTATION_CONTEXT() REPRESENTATION_CONTEXT('2D SPACE',''
  ) );
#16312 = ORIENTED_EDGE('',*,*,#16313,.F.);
#16313 = EDGE_CURVE('',#16314,#16291,#16316,.T.);
#16314 = VERTEX_POINT('',#16315);
#16315 = CARTESIAN_POINT('',(49.8,19.8,0.1));
#16316 = SURFACE_CURVE('',#16317,(#16321,#16328),.PCURVE_S1.);
#16317 = LINE('',#16318,#16319);
#16318 = CARTESIAN_POINT('',(49.8,19.8,0.1));
#16319 = VECTOR('',#16320,1.);
#16320 = DIRECTION('',(-0.970142500145,0.242535625036,0.));
#16321 = PCURVE('',#14724,#16322);
#16322 = DEFINITIONAL_REPRESENTATION('',(#16323),#16327);
#16323 = LINE('',#16324,#16325);
#16324 = CARTESIAN_POINT('',(8.3,-0.3));
#16325 = VECTOR('',#16326,1.);
#16326 = DIRECTION('',(-0.970142500145,0.242535625036));
#16327 = ( GEOMETRIC_REPRESENTATION_CONTEXT(2) 
PARAMETRIC_REPRESENTATION_CONTEXT() REPRESENTATION_CONTEXT('2D SPACE',''
  ) );
#16328 = PCURVE('',#16329,#16334);
#16329 = PLANE('',#16330);
#16330 = AXIS2_PLACEMENT_3D('',#16331,#16332,#16333);
#16331 = CARTESIAN_POINT('',(49.8,19.8,3.));
#16332 = DIRECTION('',(-0.242535625036,-0.970142500145,0.));
#16333 = DIRECTION('',(-0.970142500145,0.242535625036,0.));
#16334 = DEFINITIONAL_REPRESENTATION('',(#16335),#16339);
#16335 = LINE('',#16336,#16337);
#16336 = CARTESIAN_POINT('',(0.,2.9));
#16337 = VECTOR('',#16338,1.);
#16338 = DIRECTION('',(1.,0.));
#16339 = ( GEOMETRIC_REPRESENTATION_CONTEXT(2) 
PARAMETRIC_REPRESENTATION_CONTEXT() REPRESENTATION_CONTEXT('2D SPACE',''
  ) );
#16340 = ORIENTED_EDGE('',*,*,#16341,.F.);
#16341 = EDGE_CURVE('',#16342,#16314,#16344,.T.);
#16342 = VERTEX_POINT('',#16343);
#16343 = CARTESIAN_POINT('',(51.,20.1,0.1));
#16344 = SURFACE_CURVE('',#16345,(#16349,#16356),.PCURVE_S1.);
#16345 = LINE('',#16346,#16347);
#16346 = CARTESIAN_POINT('',(51.,20.1,0.1));
#16347 = VECTOR('',#16348,1.);
#16348 = DIRECTION('',(-0.970142500145,-0.242535625036,0.));
#16349 = PCURVE('',#14724,#16350);
#16350 = DEFINITIONAL_REPRESENTATION('',(#16351),#16355);
#16351 = LINE('',#16352,#16353);
#16352 = CARTESIAN_POINT('',(9.5,0.));
#16353 = VECTOR('',#16354,1.);
#16354 = DIRECTION('',(-0.970142500145,-0.242535625036));
#16355 = ( GEOMETRIC_REPRESENTATION_CONTEXT(2) 
PARAMETRIC_REPRESENTATION_CONTEXT() REPRESENTATION_CONTEXT('2D SPACE',''
  ) );
#16356 = PCURVE('',#16357,#16362);
#16357 = PLANE('',#16358);
#16358 = AXIS2_PLACEMENT_3D('',#16359,#16360,#16361);
#16359 = CARTESIAN_POINT('',(51.,20.1,3.));
#16360 = DIRECTION('',(0.242535625036,-0.970142500145,0.));
#16361 = DIRECTION('',(-0.970142500145,-0.242535625036,0.));
#16362 = DEFINITIONAL_REPRESENTATION('',(#16363),#16367);
#16363 = LINE('',#16364,#16365);
#16364 = CARTESIAN_POINT('',(-0.,2.9));
#16365 = VECTOR('',#16366,1.);
#16366 = DIRECTION('',(1.,0.));
#16367 = ( GEOMETRIC_REPRESENTATION_CONTEXT(2) 
PARAMETRIC_REPRESENTATION_CONTEXT() REPRESENTATION_CONTEXT('2D SPACE',''
  ) );
#16368 = ORIENTED_EDGE('',*,*,#16369,.T.);
#16369 = EDGE_CURVE('',#16342,#16370,#16372,.T.);
#16370 = VERTEX_POINT('',#16371);
#16371 = CARTESIAN_POINT('',(51.2,20.1,0.1));
#16372 = SURFACE_CURVE('',#16373,(#16377,#16384),.PCURVE_S1.);
#16373 = LINE('',#16374,#16375);
#16374 = CARTESIAN_POINT('',(41.5,20.1,0.1));
#16375 = VECTOR('',#16376,1.);
#16376 = DIRECTION('',(1.,0.,0.));
#16377 = PCURVE('',#14724,#16378);
#16378 = DEFINITIONAL_REPRESENTATION('',(#16379),#16383);
#16379 = LINE('',#16380,#16381);
#16380 = CARTESIAN_POINT('',(0.,0.));
#16381 = VECTOR('',#16382,1.);
#16382 = DIRECTION('',(1.,0.));
#16383 = ( GEOMETRIC_REPRESENTATION_CONTEXT(2) 
PARAMETRIC_REPRESENTATION_CONTEXT() REPRESENTATION_CONTEXT('2D SPACE',''
  ) );
#16384 = PCURVE('',#16385,#16390);
#16385 = PLANE('',#16386);
#16386 = AXIS2_PLACEMENT_3D('',#16387,#16388,#16389);
#16387 = CARTESIAN_POINT('',(41.5,20.1,0.1));
#16388 = DIRECTION('',(0.,1.,0.));
#16389 = DIRECTION('',(0.,-0.,1.));
#16390 = DEFINITIONAL_REPRESENTATION('',(#16391),#16395);
#16391 = LINE('',#16392,#16393);
#16392 = CARTESIAN_POINT('',(0.,0.));
#16393 = VECTOR('',#16394,1.);
#16394 = DIRECTION('',(0.,1.));
#16395 = ( GEOMETRIC_REPRESENTATION_CONTEXT(2) 
PARAMETRIC_REPRESENTATION_CONTEXT() REPRESENTATION_CONTEXT('2D SPACE',''
  ) );
#16396 = ORIENTED_EDGE('',*,*,#16397,.T.);
#16397 = EDGE_CURVE('',#16370,#16398,#16400,.T.);
#16398 = VERTEX_POINT('',#16399);
#16399 = CARTESIAN_POINT('',(51.2,23.9,0.1));
#16400 = SURFACE_CURVE('',#16401,(#16405,#16412),.PCURVE_S1.);
#16401 = LINE('',#16402,#16403);
#16402 = CARTESIAN_POINT('',(51.2,20.1,0.1));
#16403 = VECTOR('',#16404,1.);
#16404 = DIRECTION('',(0.,1.,0.));
#16405 = PCURVE('',#14724,#16406);
#16406 = DEFINITIONAL_REPRESENTATION('',(#16407),#16411);
#16407 = LINE('',#16408,#16409);
#16408 = CARTESIAN_POINT('',(9.7,0.));
#16409 = VECTOR('',#16410,1.);
#16410 = DIRECTION('',(0.,1.));
#16411 = ( GEOMETRIC_REPRESENTATION_CONTEXT(2) 
PARAMETRIC_REPRESENTATION_CONTEXT() REPRESENTATION_CONTEXT('2D SPACE',''
  ) );
#16412 = PCURVE('',#16413,#16418);
#16413 = PLANE('',#16414);
#16414 = AXIS2_PLACEMENT_3D('',#16415,#16416,#16417);
#16415 = CARTESIAN_POINT('',(51.2,20.1,0.1));
#16416 = DIRECTION('',(1.,0.,0.));
#16417 = DIRECTION('',(0.,0.,1.));
#16418 = DEFINITIONAL_REPRESENTATION('',(#16419),#16423);
#16419 = LINE('',#16420,#16421);
#16420 = CARTESIAN_POINT('',(0.,0.));
#16421 = VECTOR('',#16422,1.);
#16422 = DIRECTION('',(0.,-1.));
#16423 = ( GEOMETRIC_REPRESENTATION_CONTEXT(2) 
PARAMETRIC_REPRESENTATION_CONTEXT() REPRESENTATION_CONTEXT('2D SPACE',''
  ) );
#16424 = ORIENTED_EDGE('',*,*,#16425,.T.);
#16425 = EDGE_CURVE('',#16398,#16426,#16428,.T.);
#16426 = VERTEX_POINT('',#16427);
#16427 = CARTESIAN_POINT('',(51.,23.9,0.1));
#16428 = SURFACE_CURVE('',#16429,(#16433,#16440),.PCURVE_S1.);
#16429 = LINE('',#16430,#16431);
#16430 = CARTESIAN_POINT('',(51.2,23.9,0.1));
#16431 = VECTOR('',#16432,1.);
#16432 = DIRECTION('',(-1.,0.,0.));
#16433 = PCURVE('',#14724,#16434);
#16434 = DEFINITIONAL_REPRESENTATION('',(#16435),#16439);
#16435 = LINE('',#16436,#16437);
#16436 = CARTESIAN_POINT('',(9.7,3.8));
#16437 = VECTOR('',#16438,1.);
#16438 = DIRECTION('',(-1.,0.));
#16439 = ( GEOMETRIC_REPRESENTATION_CONTEXT(2) 
PARAMETRIC_REPRESENTATION_CONTEXT() REPRESENTATION_CONTEXT('2D SPACE',''
  ) );
#16440 = PCURVE('',#16441,#16446);
#16441 = PLANE('',#16442);
#16442 = AXIS2_PLACEMENT_3D('',#16443,#16444,#16445);
#16443 = CARTESIAN_POINT('',(41.5,23.9,0.1));
#16444 = DIRECTION('',(0.,1.,0.));
#16445 = DIRECTION('',(0.,-0.,1.));
#16446 = DEFINITIONAL_REPRESENTATION('',(#16447),#16451);
#16447 = LINE('',#16448,#16449);
#16448 = CARTESIAN_POINT('',(0.,9.7));
#16449 = VECTOR('',#16450,1.);
#16450 = DIRECTION('',(0.,-1.));
#16451 = ( GEOMETRIC_REPRESENTATION_CONTEXT(2) 
PARAMETRIC_REPRESENTATION_CONTEXT() REPRESENTATION_CONTEXT('2D SPACE',''
  ) );
#16452 = ORIENTED_EDGE('',*,*,#16453,.T.);
#16453 = EDGE_CURVE('',#16426,#16454,#16456,.T.);
#16454 = VERTEX_POINT('',#16455);
#16455 = CARTESIAN_POINT('',(49.8,24.2,0.1));
#16456 = SURFACE_CURVE('',#16457,(#16461,#16468),.PCURVE_S1.);
#16457 = LINE('',#16458,#16459);
#16458 = CARTESIAN_POINT('',(51.,23.9,0.1));
#16459 = VECTOR('',#16460,1.);
#16460 = DIRECTION('',(-0.970142500145,0.242535625036,0.));
#16461 = PCURVE('',#14724,#16462);
#16462 = DEFINITIONAL_REPRESENTATION('',(#16463),#16467);
#16463 = LINE('',#16464,#16465);
#16464 = CARTESIAN_POINT('',(9.5,3.8));
#16465 = VECTOR('',#16466,1.);
#16466 = DIRECTION('',(-0.970142500145,0.242535625036));
#16467 = ( GEOMETRIC_REPRESENTATION_CONTEXT(2) 
PARAMETRIC_REPRESENTATION_CONTEXT() REPRESENTATION_CONTEXT('2D SPACE',''
  ) );
#16468 = PCURVE('',#16469,#16474);
#16469 = PLANE('',#16470);
#16470 = AXIS2_PLACEMENT_3D('',#16471,#16472,#16473);
#16471 = CARTESIAN_POINT('',(51.,23.9,3.));
#16472 = DIRECTION('',(-0.242535625036,-0.970142500145,0.));
#16473 = DIRECTION('',(-0.970142500145,0.242535625036,0.));
#16474 = DEFINITIONAL_REPRESENTATION('',(#16475),#16479);
#16475 = LINE('',#16476,#16477);
#16476 = CARTESIAN_POINT('',(0.,2.9));
#16477 = VECTOR('',#16478,1.);
#16478 = DIRECTION('',(1.,0.));
#16479 = ( GEOMETRIC_REPRESENTATION_CONTEXT(2) 
PARAMETRIC_REPRESENTATION_CONTEXT() REPRESENTATION_CONTEXT('2D SPACE',''
  ) );
#16480 = ORIENTED_EDGE('',*,*,#16481,.T.);
#16481 = EDGE_CURVE('',#16454,#16482,#16484,.T.);
#16482 = VERTEX_POINT('',#16483);
#16483 = CARTESIAN_POINT('',(48.6,23.9,0.1));
#16484 = SURFACE_CURVE('',#16485,(#16489,#16496),.PCURVE_S1.);
#16485 = LINE('',#16486,#16487);
#16486 = CARTESIAN_POINT('',(49.8,24.2,0.1));
#16487 = VECTOR('',#16488,1.);
#16488 = DIRECTION('',(-0.970142500145,-0.242535625036,0.));
#16489 = PCURVE('',#14724,#16490);
#16490 = DEFINITIONAL_REPRESENTATION('',(#16491),#16495);
#16491 = LINE('',#16492,#16493);
#16492 = CARTESIAN_POINT('',(8.3,4.1));
#16493 = VECTOR('',#16494,1.);
#16494 = DIRECTION('',(-0.970142500145,-0.242535625036));
#16495 = ( GEOMETRIC_REPRESENTATION_CONTEXT(2) 
PARAMETRIC_REPRESENTATION_CONTEXT() REPRESENTATION_CONTEXT('2D SPACE',''
  ) );
#16496 = PCURVE('',#16497,#16502);
#16497 = PLANE('',#16498);
#16498 = AXIS2_PLACEMENT_3D('',#16499,#16500,#16501);
#16499 = CARTESIAN_POINT('',(49.8,24.2,3.));
#16500 = DIRECTION('',(0.242535625036,-0.970142500145,0.));
#16501 = DIRECTION('',(-0.970142500145,-0.242535625036,0.));
#16502 = DEFINITIONAL_REPRESENTATION('',(#16503),#16507);
#16503 = LINE('',#16504,#16505);
#16504 = CARTESIAN_POINT('',(-0.,2.9));
#16505 = VECTOR('',#16506,1.);
#16506 = DIRECTION('',(1.,0.));
#16507 = ( GEOMETRIC_REPRESENTATION_CONTEXT(2) 
PARAMETRIC_REPRESENTATION_CONTEXT() REPRESENTATION_CONTEXT('2D SPACE',''
  ) );
#16508 = ORIENTED_EDGE('',*,*,#16509,.T.);
#16509 = EDGE_CURVE('',#16482,#16266,#16510,.T.);
#16510 = SURFACE_CURVE('',#16511,(#16515,#16522),.PCURVE_S1.);
#16511 = LINE('',#16512,#16513);
#16512 = CARTESIAN_POINT('',(51.2,23.9,0.1));
#16513 = VECTOR('',#16514,1.);
#16514 = DIRECTION('',(-1.,0.,0.));
#16515 = PCURVE('',#14724,#16516);
#16516 = DEFINITIONAL_REPRESENTATION('',(#16517),#16521);
#16517 = LINE('',#16518,#16519);
#16518 = CARTESIAN_POINT('',(9.7,3.8));
#16519 = VECTOR('',#16520,1.);
#16520 = DIRECTION('',(-1.,0.));
#16521 = ( GEOMETRIC_REPRESENTATION_CONTEXT(2) 
PARAMETRIC_REPRESENTATION_CONTEXT() REPRESENTATION_CONTEXT('2D SPACE',''
  ) );
#16522 = PCURVE('',#16523,#16528);
#16523 = PLANE('',#16524);
#16524 = AXIS2_PLACEMENT_3D('',#16525,#16526,#16527);
#16525 = CARTESIAN_POINT('',(41.5,23.9,0.1));
#16526 = DIRECTION('',(0.,1.,0.));
#16527 = DIRECTION('',(0.,-0.,1.));
#16528 = DEFINITIONAL_REPRESENTATION('',(#16529),#16533);
#16529 = LINE('',#16530,#16531);
#16530 = CARTESIAN_POINT('',(0.,9.7));
#16531 = VECTOR('',#16532,1.);
#16532 = DIRECTION('',(0.,-1.));
#16533 = ( GEOMETRIC_REPRESENTATION_CONTEXT(2) 
PARAMETRIC_REPRESENTATION_CONTEXT() REPRESENTATION_CONTEXT('2D SPACE',''
  ) );
#16534 = FACE_BOUND('',#16535,.F.);
#16535 = EDGE_LOOP('',(#16536,#16566,#16594,#16622));
#16536 = ORIENTED_EDGE('',*,*,#16537,.F.);
#16537 = EDGE_CURVE('',#16538,#16540,#16542,.T.);
#16538 = VERTEX_POINT('',#16539);
#16539 = CARTESIAN_POINT('',(51.1,22.7,0.1));
#16540 = VERTEX_POINT('',#16541);
#16541 = CARTESIAN_POINT('',(46.1,22.7,0.1));
#16542 = SURFACE_CURVE('',#16543,(#16547,#16554),.PCURVE_S1.);
#16543 = LINE('',#16544,#16545);
#16544 = CARTESIAN_POINT('',(45.45,22.7,0.1));
#16545 = VECTOR('',#16546,1.);
#16546 = DIRECTION('',(-1.,0.,0.));
#16547 = PCURVE('',#14724,#16548);
#16548 = DEFINITIONAL_REPRESENTATION('',(#16549),#16553);
#16549 = LINE('',#16550,#16551);
#16550 = CARTESIAN_POINT('',(3.95,2.6));
#16551 = VECTOR('',#16552,1.);
#16552 = DIRECTION('',(-1.,0.));
#16553 = ( GEOMETRIC_REPRESENTATION_CONTEXT(2) 
PARAMETRIC_REPRESENTATION_CONTEXT() REPRESENTATION_CONTEXT('2D SPACE',''
  ) );
#16554 = PCURVE('',#16555,#16560);
#16555 = PLANE('',#16556);
#16556 = AXIS2_PLACEMENT_3D('',#16557,#16558,#16559);
#16557 = CARTESIAN_POINT('',(46.1,22.7,-0.1));
#16558 = DIRECTION('',(0.,1.,0.));
#16559 = DIRECTION('',(0.,-0.,1.));
#16560 = DEFINITIONAL_REPRESENTATION('',(#16561),#16565);
#16561 = LINE('',#16562,#16563);
#16562 = CARTESIAN_POINT('',(0.2,-0.65));
#16563 = VECTOR('',#16564,1.);
#16564 = DIRECTION('',(0.,-1.));
#16565 = ( GEOMETRIC_REPRESENTATION_CONTEXT(2) 
PARAMETRIC_REPRESENTATION_CONTEXT() REPRESENTATION_CONTEXT('2D SPACE',''
  ) );
#16566 = ORIENTED_EDGE('',*,*,#16567,.F.);
#16567 = EDGE_CURVE('',#16568,#16538,#16570,.T.);
#16568 = VERTEX_POINT('',#16569);
#16569 = CARTESIAN_POINT('',(51.1,21.3,0.1));
#16570 = SURFACE_CURVE('',#16571,(#16575,#16582),.PCURVE_S1.);
#16571 = LINE('',#16572,#16573);
#16572 = CARTESIAN_POINT('',(51.1,20.7,0.1));
#16573 = VECTOR('',#16574,1.);
#16574 = DIRECTION('',(0.,1.,0.));
#16575 = PCURVE('',#14724,#16576);
#16576 = DEFINITIONAL_REPRESENTATION('',(#16577),#16581);
#16577 = LINE('',#16578,#16579);
#16578 = CARTESIAN_POINT('',(9.6,0.6));
#16579 = VECTOR('',#16580,1.);
#16580 = DIRECTION('',(0.,1.));
#16581 = ( GEOMETRIC_REPRESENTATION_CONTEXT(2) 
PARAMETRIC_REPRESENTATION_CONTEXT() REPRESENTATION_CONTEXT('2D SPACE',''
  ) );
#16582 = PCURVE('',#16583,#16588);
#16583 = PLANE('',#16584);
#16584 = AXIS2_PLACEMENT_3D('',#16585,#16586,#16587);
#16585 = CARTESIAN_POINT('',(51.1,21.3,-0.1));
#16586 = DIRECTION('',(1.,0.,0.));
#16587 = DIRECTION('',(0.,0.,1.));
#16588 = DEFINITIONAL_REPRESENTATION('',(#16589),#16593);
#16589 = LINE('',#16590,#16591);
#16590 = CARTESIAN_POINT('',(0.2,0.6));
#16591 = VECTOR('',#16592,1.);
#16592 = DIRECTION('',(0.,-1.));
#16593 = ( GEOMETRIC_REPRESENTATION_CONTEXT(2) 
PARAMETRIC_REPRESENTATION_CONTEXT() REPRESENTATION_CONTEXT('2D SPACE',''
  ) );
#16594 = ORIENTED_EDGE('',*,*,#16595,.T.);
#16595 = EDGE_CURVE('',#16568,#16596,#16598,.T.);
#16596 = VERTEX_POINT('',#16597);
#16597 = CARTESIAN_POINT('',(46.1,21.3,0.1));
#16598 = SURFACE_CURVE('',#16599,(#16603,#16610),.PCURVE_S1.);
#16599 = LINE('',#16600,#16601);
#16600 = CARTESIAN_POINT('',(45.45,21.3,0.1));
#16601 = VECTOR('',#16602,1.);
#16602 = DIRECTION('',(-1.,0.,0.));
#16603 = PCURVE('',#14724,#16604);
#16604 = DEFINITIONAL_REPRESENTATION('',(#16605),#16609);
#16605 = LINE('',#16606,#16607);
#16606 = CARTESIAN_POINT('',(3.95,1.2));
#16607 = VECTOR('',#16608,1.);
#16608 = DIRECTION('',(-1.,0.));
#16609 = ( GEOMETRIC_REPRESENTATION_CONTEXT(2) 
PARAMETRIC_REPRESENTATION_CONTEXT() REPRESENTATION_CONTEXT('2D SPACE',''
  ) );
#16610 = PCURVE('',#16611,#16616);
#16611 = PLANE('',#16612);
#16612 = AXIS2_PLACEMENT_3D('',#16613,#16614,#16615);
#16613 = CARTESIAN_POINT('',(46.1,21.3,-0.1));
#16614 = DIRECTION('',(0.,1.,0.));
#16615 = DIRECTION('',(0.,-0.,1.));
#16616 = DEFINITIONAL_REPRESENTATION('',(#16617),#16621);
#16617 = LINE('',#16618,#16619);
#16618 = CARTESIAN_POINT('',(0.2,-0.65));
#16619 = VECTOR('',#16620,1.);
#16620 = DIRECTION('',(0.,-1.));
#16621 = ( GEOMETRIC_REPRESENTATION_CONTEXT(2) 
PARAMETRIC_REPRESENTATION_CONTEXT() REPRESENTATION_CONTEXT('2D SPACE',''
  ) );
#16622 = ORIENTED_EDGE('',*,*,#16623,.T.);
#16623 = EDGE_CURVE('',#16596,#16540,#16624,.T.);
#16624 = SURFACE_CURVE('',#16625,(#16629,#16636),.PCURVE_S1.);
#16625 = LINE('',#16626,#16627);
#16626 = CARTESIAN_POINT('',(46.1,20.7,0.1));
#16627 = VECTOR('',#16628,1.);
#16628 = DIRECTION('',(0.,1.,0.));
#16629 = PCURVE('',#14724,#16630);
#16630 = DEFINITIONAL_REPRESENTATION('',(#16631),#16635);
#16631 = LINE('',#16632,#16633);
#16632 = CARTESIAN_POINT('',(4.6,0.6));
#16633 = VECTOR('',#16634,1.);
#16634 = DIRECTION('',(0.,1.));
#16635 = ( GEOMETRIC_REPRESENTATION_CONTEXT(2) 
PARAMETRIC_REPRESENTATION_CONTEXT() REPRESENTATION_CONTEXT('2D SPACE',''
  ) );
#16636 = PCURVE('',#16637,#16642);
#16637 = PLANE('',#16638);
#16638 = AXIS2_PLACEMENT_3D('',#16639,#16640,#16641);
#16639 = CARTESIAN_POINT('',(46.1,21.3,-0.1));
#16640 = DIRECTION('',(1.,0.,0.));
#16641 = DIRECTION('',(0.,0.,1.));
#16642 = DEFINITIONAL_REPRESENTATION('',(#16643),#16647);
#16643 = LINE('',#16644,#16645);
#16644 = CARTESIAN_POINT('',(0.2,0.6));
#16645 = VECTOR('',#16646,1.);
#16646 = DIRECTION('',(0.,-1.));
#16647 = ( GEOMETRIC_REPRESENTATION_CONTEXT(2) 
PARAMETRIC_REPRESENTATION_CONTEXT() REPRESENTATION_CONTEXT('2D SPACE',''
  ) );
#16648 = ADVANCED_FACE('',(#16649),#14696,.F.);
#16649 = FACE_BOUND('',#16650,.F.);
#16650 = EDGE_LOOP('',(#16651,#16652,#16653,#16676));
#16651 = ORIENTED_EDGE('',*,*,#16290,.F.);
#16652 = ORIENTED_EDGE('',*,*,#14680,.F.);
#16653 = ORIENTED_EDGE('',*,*,#16654,.F.);
#16654 = EDGE_CURVE('',#16655,#14653,#16657,.T.);
#16655 = VERTEX_POINT('',#16656);
#16656 = CARTESIAN_POINT('',(48.6,20.1,5.9));
#16657 = SURFACE_CURVE('',#16658,(#16662,#16669),.PCURVE_S1.);
#16658 = LINE('',#16659,#16660);
#16659 = CARTESIAN_POINT('',(51.2,20.1,5.9));
#16660 = VECTOR('',#16661,1.);
#16661 = DIRECTION('',(-1.,0.,0.));
#16662 = PCURVE('',#14696,#16663);
#16663 = DEFINITIONAL_REPRESENTATION('',(#16664),#16668);
#16664 = LINE('',#16665,#16666);
#16665 = CARTESIAN_POINT('',(5.8,9.7));
#16666 = VECTOR('',#16667,1.);
#16667 = DIRECTION('',(0.,-1.));
#16668 = ( GEOMETRIC_REPRESENTATION_CONTEXT(2) 
PARAMETRIC_REPRESENTATION_CONTEXT() REPRESENTATION_CONTEXT('2D SPACE',''
  ) );
#16669 = PCURVE('',#14668,#16670);
#16670 = DEFINITIONAL_REPRESENTATION('',(#16671),#16675);
#16671 = LINE('',#16672,#16673);
#16672 = CARTESIAN_POINT('',(9.7,0.));
#16673 = VECTOR('',#16674,1.);
#16674 = DIRECTION('',(-1.,0.));
#16675 = ( GEOMETRIC_REPRESENTATION_CONTEXT(2) 
PARAMETRIC_REPRESENTATION_CONTEXT() REPRESENTATION_CONTEXT('2D SPACE',''
  ) );
#16676 = ORIENTED_EDGE('',*,*,#16677,.F.);
#16677 = EDGE_CURVE('',#16291,#16655,#16678,.T.);
#16678 = SURFACE_CURVE('',#16679,(#16683,#16690),.PCURVE_S1.);
#16679 = LINE('',#16680,#16681);
#16680 = CARTESIAN_POINT('',(48.6,20.1,0.1));
#16681 = VECTOR('',#16682,1.);
#16682 = DIRECTION('',(0.,0.,1.));
#16683 = PCURVE('',#14696,#16684);
#16684 = DEFINITIONAL_REPRESENTATION('',(#16685),#16689);
#16685 = LINE('',#16686,#16687);
#16686 = CARTESIAN_POINT('',(0.,7.1));
#16687 = VECTOR('',#16688,1.);
#16688 = DIRECTION('',(1.,0.));
#16689 = ( GEOMETRIC_REPRESENTATION_CONTEXT(2) 
PARAMETRIC_REPRESENTATION_CONTEXT() REPRESENTATION_CONTEXT('2D SPACE',''
  ) );
#16690 = PCURVE('',#16329,#16691);
#16691 = DEFINITIONAL_REPRESENTATION('',(#16692),#16696);
#16692 = LINE('',#16693,#16694);
#16693 = CARTESIAN_POINT('',(1.236931687685,2.9));
#16694 = VECTOR('',#16695,1.);
#16695 = DIRECTION('',(0.,-1.));
#16696 = ( GEOMETRIC_REPRESENTATION_CONTEXT(2) 
PARAMETRIC_REPRESENTATION_CONTEXT() REPRESENTATION_CONTEXT('2D SPACE',''
  ) );
#16697 = ADVANCED_FACE('',(#16698,#16908),#14668,.T.);
#16698 = FACE_BOUND('',#16699,.T.);
#16699 = EDGE_LOOP('',(#16700,#16723,#16724,#16725,#16726,#16749,#16772,
    #16795,#16818,#16841,#16864,#16887));
#16700 = ORIENTED_EDGE('',*,*,#16701,.F.);
#16701 = EDGE_CURVE('',#14809,#16702,#16704,.T.);
#16702 = VERTEX_POINT('',#16703);
#16703 = CARTESIAN_POINT('',(41.5,23.9,5.9));
#16704 = SURFACE_CURVE('',#16705,(#16709,#16716),.PCURVE_S1.);
#16705 = LINE('',#16706,#16707);
#16706 = CARTESIAN_POINT('',(41.5,20.1,5.9));
#16707 = VECTOR('',#16708,1.);
#16708 = DIRECTION('',(0.,1.,0.));
#16709 = PCURVE('',#14668,#16710);
#16710 = DEFINITIONAL_REPRESENTATION('',(#16711),#16715);
#16711 = LINE('',#16712,#16713);
#16712 = CARTESIAN_POINT('',(0.,0.));
#16713 = VECTOR('',#16714,1.);
#16714 = DIRECTION('',(0.,1.));
#16715 = ( GEOMETRIC_REPRESENTATION_CONTEXT(2) 
PARAMETRIC_REPRESENTATION_CONTEXT() REPRESENTATION_CONTEXT('2D SPACE',''
  ) );
#16716 = PCURVE('',#14824,#16717);
#16717 = DEFINITIONAL_REPRESENTATION('',(#16718),#16722);
#16718 = LINE('',#16719,#16720);
#16719 = CARTESIAN_POINT('',(5.8,0.));
#16720 = VECTOR('',#16721,1.);
#16721 = DIRECTION('',(0.,-1.));
#16722 = ( GEOMETRIC_REPRESENTATION_CONTEXT(2) 
PARAMETRIC_REPRESENTATION_CONTEXT() REPRESENTATION_CONTEXT('2D SPACE',''
  ) );
#16723 = ORIENTED_EDGE('',*,*,#14836,.F.);
#16724 = ORIENTED_EDGE('',*,*,#14652,.F.);
#16725 = ORIENTED_EDGE('',*,*,#16654,.F.);
#16726 = ORIENTED_EDGE('',*,*,#16727,.F.);
#16727 = EDGE_CURVE('',#16728,#16655,#16730,.T.);
#16728 = VERTEX_POINT('',#16729);
#16729 = CARTESIAN_POINT('',(49.8,19.8,5.9));
#16730 = SURFACE_CURVE('',#16731,(#16735,#16742),.PCURVE_S1.);
#16731 = LINE('',#16732,#16733);
#16732 = CARTESIAN_POINT('',(49.8,19.8,5.9));
#16733 = VECTOR('',#16734,1.);
#16734 = DIRECTION('',(-0.970142500145,0.242535625036,0.));
#16735 = PCURVE('',#14668,#16736);
#16736 = DEFINITIONAL_REPRESENTATION('',(#16737),#16741);
#16737 = LINE('',#16738,#16739);
#16738 = CARTESIAN_POINT('',(8.3,-0.3));
#16739 = VECTOR('',#16740,1.);
#16740 = DIRECTION('',(-0.970142500145,0.242535625036));
#16741 = ( GEOMETRIC_REPRESENTATION_CONTEXT(2) 
PARAMETRIC_REPRESENTATION_CONTEXT() REPRESENTATION_CONTEXT('2D SPACE',''
  ) );
#16742 = PCURVE('',#16329,#16743);
#16743 = DEFINITIONAL_REPRESENTATION('',(#16744),#16748);
#16744 = LINE('',#16745,#16746);
#16745 = CARTESIAN_POINT('',(0.,-2.9));
#16746 = VECTOR('',#16747,1.);
#16747 = DIRECTION('',(1.,0.));
#16748 = ( GEOMETRIC_REPRESENTATION_CONTEXT(2) 
PARAMETRIC_REPRESENTATION_CONTEXT() REPRESENTATION_CONTEXT('2D SPACE',''
  ) );
#16749 = ORIENTED_EDGE('',*,*,#16750,.F.);
#16750 = EDGE_CURVE('',#16751,#16728,#16753,.T.);
#16751 = VERTEX_POINT('',#16752);
#16752 = CARTESIAN_POINT('',(51.,20.1,5.9));
#16753 = SURFACE_CURVE('',#16754,(#16758,#16765),.PCURVE_S1.);
#16754 = LINE('',#16755,#16756);
#16755 = CARTESIAN_POINT('',(51.,20.1,5.9));
#16756 = VECTOR('',#16757,1.);
#16757 = DIRECTION('',(-0.970142500145,-0.242535625036,0.));
#16758 = PCURVE('',#14668,#16759);
#16759 = DEFINITIONAL_REPRESENTATION('',(#16760),#16764);
#16760 = LINE('',#16761,#16762);
#16761 = CARTESIAN_POINT('',(9.5,0.));
#16762 = VECTOR('',#16763,1.);
#16763 = DIRECTION('',(-0.970142500145,-0.242535625036));
#16764 = ( GEOMETRIC_REPRESENTATION_CONTEXT(2) 
PARAMETRIC_REPRESENTATION_CONTEXT() REPRESENTATION_CONTEXT('2D SPACE',''
  ) );
#16765 = PCURVE('',#16357,#16766);
#16766 = DEFINITIONAL_REPRESENTATION('',(#16767),#16771);
#16767 = LINE('',#16768,#16769);
#16768 = CARTESIAN_POINT('',(0.,-2.9));
#16769 = VECTOR('',#16770,1.);
#16770 = DIRECTION('',(1.,0.));
#16771 = ( GEOMETRIC_REPRESENTATION_CONTEXT(2) 
PARAMETRIC_REPRESENTATION_CONTEXT() REPRESENTATION_CONTEXT('2D SPACE',''
  ) );
#16772 = ORIENTED_EDGE('',*,*,#16773,.F.);
#16773 = EDGE_CURVE('',#16774,#16751,#16776,.T.);
#16774 = VERTEX_POINT('',#16775);
#16775 = CARTESIAN_POINT('',(51.2,20.1,5.9));
#16776 = SURFACE_CURVE('',#16777,(#16781,#16788),.PCURVE_S1.);
#16777 = LINE('',#16778,#16779);
#16778 = CARTESIAN_POINT('',(51.2,20.1,5.9));
#16779 = VECTOR('',#16780,1.);
#16780 = DIRECTION('',(-1.,0.,0.));
#16781 = PCURVE('',#14668,#16782);
#16782 = DEFINITIONAL_REPRESENTATION('',(#16783),#16787);
#16783 = LINE('',#16784,#16785);
#16784 = CARTESIAN_POINT('',(9.7,0.));
#16785 = VECTOR('',#16786,1.);
#16786 = DIRECTION('',(-1.,0.));
#16787 = ( GEOMETRIC_REPRESENTATION_CONTEXT(2) 
PARAMETRIC_REPRESENTATION_CONTEXT() REPRESENTATION_CONTEXT('2D SPACE',''
  ) );
#16788 = PCURVE('',#16385,#16789);
#16789 = DEFINITIONAL_REPRESENTATION('',(#16790),#16794);
#16790 = LINE('',#16791,#16792);
#16791 = CARTESIAN_POINT('',(5.8,9.7));
#16792 = VECTOR('',#16793,1.);
#16793 = DIRECTION('',(0.,-1.));
#16794 = ( GEOMETRIC_REPRESENTATION_CONTEXT(2) 
PARAMETRIC_REPRESENTATION_CONTEXT() REPRESENTATION_CONTEXT('2D SPACE',''
  ) );
#16795 = ORIENTED_EDGE('',*,*,#16796,.T.);
#16796 = EDGE_CURVE('',#16774,#16797,#16799,.T.);
#16797 = VERTEX_POINT('',#16798);
#16798 = CARTESIAN_POINT('',(51.2,23.9,5.9));
#16799 = SURFACE_CURVE('',#16800,(#16804,#16811),.PCURVE_S1.);
#16800 = LINE('',#16801,#16802);
#16801 = CARTESIAN_POINT('',(51.2,20.1,5.9));
#16802 = VECTOR('',#16803,1.);
#16803 = DIRECTION('',(0.,1.,0.));
#16804 = PCURVE('',#14668,#16805);
#16805 = DEFINITIONAL_REPRESENTATION('',(#16806),#16810);
#16806 = LINE('',#16807,#16808);
#16807 = CARTESIAN_POINT('',(9.7,0.));
#16808 = VECTOR('',#16809,1.);
#16809 = DIRECTION('',(0.,1.));
#16810 = ( GEOMETRIC_REPRESENTATION_CONTEXT(2) 
PARAMETRIC_REPRESENTATION_CONTEXT() REPRESENTATION_CONTEXT('2D SPACE',''
  ) );
#16811 = PCURVE('',#16413,#16812);
#16812 = DEFINITIONAL_REPRESENTATION('',(#16813),#16817);
#16813 = LINE('',#16814,#16815);
#16814 = CARTESIAN_POINT('',(5.8,0.));
#16815 = VECTOR('',#16816,1.);
#16816 = DIRECTION('',(0.,-1.));
#16817 = ( GEOMETRIC_REPRESENTATION_CONTEXT(2) 
PARAMETRIC_REPRESENTATION_CONTEXT() REPRESENTATION_CONTEXT('2D SPACE',''
  ) );
#16818 = ORIENTED_EDGE('',*,*,#16819,.T.);
#16819 = EDGE_CURVE('',#16797,#16820,#16822,.T.);
#16820 = VERTEX_POINT('',#16821);
#16821 = CARTESIAN_POINT('',(51.,23.9,5.9));
#16822 = SURFACE_CURVE('',#16823,(#16827,#16834),.PCURVE_S1.);
#16823 = LINE('',#16824,#16825);
#16824 = CARTESIAN_POINT('',(51.2,23.9,5.9));
#16825 = VECTOR('',#16826,1.);
#16826 = DIRECTION('',(-1.,0.,0.));
#16827 = PCURVE('',#14668,#16828);
#16828 = DEFINITIONAL_REPRESENTATION('',(#16829),#16833);
#16829 = LINE('',#16830,#16831);
#16830 = CARTESIAN_POINT('',(9.7,3.8));
#16831 = VECTOR('',#16832,1.);
#16832 = DIRECTION('',(-1.,0.));
#16833 = ( GEOMETRIC_REPRESENTATION_CONTEXT(2) 
PARAMETRIC_REPRESENTATION_CONTEXT() REPRESENTATION_CONTEXT('2D SPACE',''
  ) );
#16834 = PCURVE('',#16441,#16835);
#16835 = DEFINITIONAL_REPRESENTATION('',(#16836),#16840);
#16836 = LINE('',#16837,#16838);
#16837 = CARTESIAN_POINT('',(5.8,9.7));
#16838 = VECTOR('',#16839,1.);
#16839 = DIRECTION('',(0.,-1.));
#16840 = ( GEOMETRIC_REPRESENTATION_CONTEXT(2) 
PARAMETRIC_REPRESENTATION_CONTEXT() REPRESENTATION_CONTEXT('2D SPACE',''
  ) );
#16841 = ORIENTED_EDGE('',*,*,#16842,.T.);
#16842 = EDGE_CURVE('',#16820,#16843,#16845,.T.);
#16843 = VERTEX_POINT('',#16844);
#16844 = CARTESIAN_POINT('',(49.8,24.2,5.9));
#16845 = SURFACE_CURVE('',#16846,(#16850,#16857),.PCURVE_S1.);
#16846 = LINE('',#16847,#16848);
#16847 = CARTESIAN_POINT('',(51.,23.9,5.9));
#16848 = VECTOR('',#16849,1.);
#16849 = DIRECTION('',(-0.970142500145,0.242535625036,0.));
#16850 = PCURVE('',#14668,#16851);
#16851 = DEFINITIONAL_REPRESENTATION('',(#16852),#16856);
#16852 = LINE('',#16853,#16854);
#16853 = CARTESIAN_POINT('',(9.5,3.8));
#16854 = VECTOR('',#16855,1.);
#16855 = DIRECTION('',(-0.970142500145,0.242535625036));
#16856 = ( GEOMETRIC_REPRESENTATION_CONTEXT(2) 
PARAMETRIC_REPRESENTATION_CONTEXT() REPRESENTATION_CONTEXT('2D SPACE',''
  ) );
#16857 = PCURVE('',#16469,#16858);
#16858 = DEFINITIONAL_REPRESENTATION('',(#16859),#16863);
#16859 = LINE('',#16860,#16861);
#16860 = CARTESIAN_POINT('',(0.,-2.9));
#16861 = VECTOR('',#16862,1.);
#16862 = DIRECTION('',(1.,0.));
#16863 = ( GEOMETRIC_REPRESENTATION_CONTEXT(2) 
PARAMETRIC_REPRESENTATION_CONTEXT() REPRESENTATION_CONTEXT('2D SPACE',''
  ) );
#16864 = ORIENTED_EDGE('',*,*,#16865,.T.);
#16865 = EDGE_CURVE('',#16843,#16866,#16868,.T.);
#16866 = VERTEX_POINT('',#16867);
#16867 = CARTESIAN_POINT('',(48.6,23.9,5.9));
#16868 = SURFACE_CURVE('',#16869,(#16873,#16880),.PCURVE_S1.);
#16869 = LINE('',#16870,#16871);
#16870 = CARTESIAN_POINT('',(49.8,24.2,5.9));
#16871 = VECTOR('',#16872,1.);
#16872 = DIRECTION('',(-0.970142500145,-0.242535625036,0.));
#16873 = PCURVE('',#14668,#16874);
#16874 = DEFINITIONAL_REPRESENTATION('',(#16875),#16879);
#16875 = LINE('',#16876,#16877);
#16876 = CARTESIAN_POINT('',(8.3,4.1));
#16877 = VECTOR('',#16878,1.);
#16878 = DIRECTION('',(-0.970142500145,-0.242535625036));
#16879 = ( GEOMETRIC_REPRESENTATION_CONTEXT(2) 
PARAMETRIC_REPRESENTATION_CONTEXT() REPRESENTATION_CONTEXT('2D SPACE',''
  ) );
#16880 = PCURVE('',#16497,#16881);
#16881 = DEFINITIONAL_REPRESENTATION('',(#16882),#16886);
#16882 = LINE('',#16883,#16884);
#16883 = CARTESIAN_POINT('',(0.,-2.9));
#16884 = VECTOR('',#16885,1.);
#16885 = DIRECTION('',(1.,0.));
#16886 = ( GEOMETRIC_REPRESENTATION_CONTEXT(2) 
PARAMETRIC_REPRESENTATION_CONTEXT() REPRESENTATION_CONTEXT('2D SPACE',''
  ) );
#16887 = ORIENTED_EDGE('',*,*,#16888,.T.);
#16888 = EDGE_CURVE('',#16866,#16702,#16889,.T.);
#16889 = SURFACE_CURVE('',#16890,(#16894,#16901),.PCURVE_S1.);
#16890 = LINE('',#16891,#16892);
#16891 = CARTESIAN_POINT('',(51.2,23.9,5.9));
#16892 = VECTOR('',#16893,1.);
#16893 = DIRECTION('',(-1.,0.,0.));
#16894 = PCURVE('',#14668,#16895);
#16895 = DEFINITIONAL_REPRESENTATION('',(#16896),#16900);
#16896 = LINE('',#16897,#16898);
#16897 = CARTESIAN_POINT('',(9.7,3.8));
#16898 = VECTOR('',#16899,1.);
#16899 = DIRECTION('',(-1.,0.));
#16900 = ( GEOMETRIC_REPRESENTATION_CONTEXT(2) 
PARAMETRIC_REPRESENTATION_CONTEXT() REPRESENTATION_CONTEXT('2D SPACE',''
  ) );
#16901 = PCURVE('',#16523,#16902);
#16902 = DEFINITIONAL_REPRESENTATION('',(#16903),#16907);
#16903 = LINE('',#16904,#16905);
#16904 = CARTESIAN_POINT('',(5.8,9.7));
#16905 = VECTOR('',#16906,1.);
#16906 = DIRECTION('',(0.,-1.));
#16907 = ( GEOMETRIC_REPRESENTATION_CONTEXT(2) 
PARAMETRIC_REPRESENTATION_CONTEXT() REPRESENTATION_CONTEXT('2D SPACE',''
  ) );
#16908 = FACE_BOUND('',#16909,.T.);
#16909 = EDGE_LOOP('',(#16910,#16935,#16958,#16981));
#16910 = ORIENTED_EDGE('',*,*,#16911,.F.);
#16911 = EDGE_CURVE('',#16912,#16914,#16916,.T.);
#16912 = VERTEX_POINT('',#16913);
#16913 = CARTESIAN_POINT('',(51.1,22.7,5.9));
#16914 = VERTEX_POINT('',#16915);
#16915 = CARTESIAN_POINT('',(46.1,22.7,5.9));
#16916 = SURFACE_CURVE('',#16917,(#16921,#16928),.PCURVE_S1.);
#16917 = LINE('',#16918,#16919);
#16918 = CARTESIAN_POINT('',(45.45,22.7,5.9));
#16919 = VECTOR('',#16920,1.);
#16920 = DIRECTION('',(-1.,0.,0.));
#16921 = PCURVE('',#14668,#16922);
#16922 = DEFINITIONAL_REPRESENTATION('',(#16923),#16927);
#16923 = LINE('',#16924,#16925);
#16924 = CARTESIAN_POINT('',(3.95,2.6));
#16925 = VECTOR('',#16926,1.);
#16926 = DIRECTION('',(-1.,0.));
#16927 = ( GEOMETRIC_REPRESENTATION_CONTEXT(2) 
PARAMETRIC_REPRESENTATION_CONTEXT() REPRESENTATION_CONTEXT('2D SPACE',''
  ) );
#16928 = PCURVE('',#16555,#16929);
#16929 = DEFINITIONAL_REPRESENTATION('',(#16930),#16934);
#16930 = LINE('',#16931,#16932);
#16931 = CARTESIAN_POINT('',(6.,-0.65));
#16932 = VECTOR('',#16933,1.);
#16933 = DIRECTION('',(0.,-1.));
#16934 = ( GEOMETRIC_REPRESENTATION_CONTEXT(2) 
PARAMETRIC_REPRESENTATION_CONTEXT() REPRESENTATION_CONTEXT('2D SPACE',''
  ) );
#16935 = ORIENTED_EDGE('',*,*,#16936,.F.);
#16936 = EDGE_CURVE('',#16937,#16912,#16939,.T.);
#16937 = VERTEX_POINT('',#16938);
#16938 = CARTESIAN_POINT('',(51.1,21.3,5.9));
#16939 = SURFACE_CURVE('',#16940,(#16944,#16951),.PCURVE_S1.);
#16940 = LINE('',#16941,#16942);
#16941 = CARTESIAN_POINT('',(51.1,20.7,5.9));
#16942 = VECTOR('',#16943,1.);
#16943 = DIRECTION('',(0.,1.,0.));
#16944 = PCURVE('',#14668,#16945);
#16945 = DEFINITIONAL_REPRESENTATION('',(#16946),#16950);
#16946 = LINE('',#16947,#16948);
#16947 = CARTESIAN_POINT('',(9.6,0.6));
#16948 = VECTOR('',#16949,1.);
#16949 = DIRECTION('',(0.,1.));
#16950 = ( GEOMETRIC_REPRESENTATION_CONTEXT(2) 
PARAMETRIC_REPRESENTATION_CONTEXT() REPRESENTATION_CONTEXT('2D SPACE',''
  ) );
#16951 = PCURVE('',#16583,#16952);
#16952 = DEFINITIONAL_REPRESENTATION('',(#16953),#16957);
#16953 = LINE('',#16954,#16955);
#16954 = CARTESIAN_POINT('',(6.,0.6));
#16955 = VECTOR('',#16956,1.);
#16956 = DIRECTION('',(0.,-1.));
#16957 = ( GEOMETRIC_REPRESENTATION_CONTEXT(2) 
PARAMETRIC_REPRESENTATION_CONTEXT() REPRESENTATION_CONTEXT('2D SPACE',''
  ) );
#16958 = ORIENTED_EDGE('',*,*,#16959,.T.);
#16959 = EDGE_CURVE('',#16937,#16960,#16962,.T.);
#16960 = VERTEX_POINT('',#16961);
#16961 = CARTESIAN_POINT('',(46.1,21.3,5.9));
#16962 = SURFACE_CURVE('',#16963,(#16967,#16974),.PCURVE_S1.);
#16963 = LINE('',#16964,#16965);
#16964 = CARTESIAN_POINT('',(45.45,21.3,5.9));
#16965 = VECTOR('',#16966,1.);
#16966 = DIRECTION('',(-1.,0.,0.));
#16967 = PCURVE('',#14668,#16968);
#16968 = DEFINITIONAL_REPRESENTATION('',(#16969),#16973);
#16969 = LINE('',#16970,#16971);
#16970 = CARTESIAN_POINT('',(3.95,1.2));
#16971 = VECTOR('',#16972,1.);
#16972 = DIRECTION('',(-1.,0.));
#16973 = ( GEOMETRIC_REPRESENTATION_CONTEXT(2) 
PARAMETRIC_REPRESENTATION_CONTEXT() REPRESENTATION_CONTEXT('2D SPACE',''
  ) );
#16974 = PCURVE('',#16611,#16975);
#16975 = DEFINITIONAL_REPRESENTATION('',(#16976),#16980);
#16976 = LINE('',#16977,#16978);
#16977 = CARTESIAN_POINT('',(6.,-0.65));
#16978 = VECTOR('',#16979,1.);
#16979 = DIRECTION('',(0.,-1.));
#16980 = ( GEOMETRIC_REPRESENTATION_CONTEXT(2) 
PARAMETRIC_REPRESENTATION_CONTEXT() REPRESENTATION_CONTEXT('2D SPACE',''
  ) );
#16981 = ORIENTED_EDGE('',*,*,#16982,.T.);
#16982 = EDGE_CURVE('',#16960,#16914,#16983,.T.);
#16983 = SURFACE_CURVE('',#16984,(#16988,#16995),.PCURVE_S1.);
#16984 = LINE('',#16985,#16986);
#16985 = CARTESIAN_POINT('',(46.1,20.7,5.9));
#16986 = VECTOR('',#16987,1.);
#16987 = DIRECTION('',(0.,1.,0.));
#16988 = PCURVE('',#14668,#16989);
#16989 = DEFINITIONAL_REPRESENTATION('',(#16990),#16994);
#16990 = LINE('',#16991,#16992);
#16991 = CARTESIAN_POINT('',(4.6,0.6));
#16992 = VECTOR('',#16993,1.);
#16993 = DIRECTION('',(0.,1.));
#16994 = ( GEOMETRIC_REPRESENTATION_CONTEXT(2) 
PARAMETRIC_REPRESENTATION_CONTEXT() REPRESENTATION_CONTEXT('2D SPACE',''
  ) );
#16995 = PCURVE('',#16637,#16996);
#16996 = DEFINITIONAL_REPRESENTATION('',(#16997),#17001);
#16997 = LINE('',#16998,#16999);
#16998 = CARTESIAN_POINT('',(6.,0.6));
#16999 = VECTOR('',#17000,1.);
#17000 = DIRECTION('',(0.,-1.));
#17001 = ( GEOMETRIC_REPRESENTATION_CONTEXT(2) 
PARAMETRIC_REPRESENTATION_CONTEXT() REPRESENTATION_CONTEXT('2D SPACE',''
  ) );
#17002 = ADVANCED_FACE('',(#17003),#14824,.F.);
#17003 = FACE_BOUND('',#17004,.F.);
#17004 = EDGE_LOOP('',(#17005,#17006,#17007,#17008));
#17005 = ORIENTED_EDGE('',*,*,#16701,.F.);
#17006 = ORIENTED_EDGE('',*,*,#14808,.F.);
#17007 = ORIENTED_EDGE('',*,*,#16265,.T.);
#17008 = ORIENTED_EDGE('',*,*,#17009,.T.);
#17009 = EDGE_CURVE('',#16266,#16702,#17010,.T.);
#17010 = SURFACE_CURVE('',#17011,(#17015,#17022),.PCURVE_S1.);
#17011 = LINE('',#17012,#17013);
#17012 = CARTESIAN_POINT('',(41.5,23.9,0.1));
#17013 = VECTOR('',#17014,1.);
#17014 = DIRECTION('',(0.,0.,1.));
#17015 = PCURVE('',#14824,#17016);
#17016 = DEFINITIONAL_REPRESENTATION('',(#17017),#17021);
#17017 = LINE('',#17018,#17019);
#17018 = CARTESIAN_POINT('',(0.,-3.8));
#17019 = VECTOR('',#17020,1.);
#17020 = DIRECTION('',(1.,0.));
#17021 = ( GEOMETRIC_REPRESENTATION_CONTEXT(2) 
PARAMETRIC_REPRESENTATION_CONTEXT() REPRESENTATION_CONTEXT('2D SPACE',''
  ) );
#17022 = PCURVE('',#16523,#17023);
#17023 = DEFINITIONAL_REPRESENTATION('',(#17024),#17028);
#17024 = LINE('',#17025,#17026);
#17025 = CARTESIAN_POINT('',(0.,0.));
#17026 = VECTOR('',#17027,1.);
#17027 = DIRECTION('',(1.,0.));
#17028 = ( GEOMETRIC_REPRESENTATION_CONTEXT(2) 
PARAMETRIC_REPRESENTATION_CONTEXT() REPRESENTATION_CONTEXT('2D SPACE',''
  ) );
#17029 = ADVANCED_FACE('',(#17030),#15515,.T.);
#17030 = FACE_BOUND('',#17031,.T.);
#17031 = EDGE_LOOP('',(#17032,#17033,#17054,#17055));
#17032 = ORIENTED_EDGE('',*,*,#15497,.F.);
#17033 = ORIENTED_EDGE('',*,*,#17034,.T.);
#17034 = EDGE_CURVE('',#15498,#15936,#17035,.T.);
#17035 = SURFACE_CURVE('',#17036,(#17040,#17047),.PCURVE_S1.);
#17036 = LINE('',#17037,#17038);
#17037 = CARTESIAN_POINT('',(8.8,9.9,0.1));
#17038 = VECTOR('',#17039,1.);
#17039 = DIRECTION('',(0.,0.,1.));
#17040 = PCURVE('',#15515,#17041);
#17041 = DEFINITIONAL_REPRESENTATION('',(#17042),#17046);
#17042 = LINE('',#17043,#17044);
#17043 = CARTESIAN_POINT('',(0.,-6.2));
#17044 = VECTOR('',#17045,1.);
#17045 = DIRECTION('',(1.,0.));
#17046 = ( GEOMETRIC_REPRESENTATION_CONTEXT(2) 
PARAMETRIC_REPRESENTATION_CONTEXT() REPRESENTATION_CONTEXT('2D SPACE',''
  ) );
#17047 = PCURVE('',#15543,#17048);
#17048 = DEFINITIONAL_REPRESENTATION('',(#17049),#17053);
#17049 = LINE('',#17050,#17051);
#17050 = CARTESIAN_POINT('',(0.,-3.8));
#17051 = VECTOR('',#17052,1.);
#17052 = DIRECTION('',(1.,0.));
#17053 = ( GEOMETRIC_REPRESENTATION_CONTEXT(2) 
PARAMETRIC_REPRESENTATION_CONTEXT() REPRESENTATION_CONTEXT('2D SPACE',''
  ) );
#17054 = ORIENTED_EDGE('',*,*,#15933,.F.);
#17055 = ORIENTED_EDGE('',*,*,#17056,.F.);
#17056 = EDGE_CURVE('',#15500,#15934,#17057,.T.);
#17057 = SURFACE_CURVE('',#17058,(#17062,#17069),.PCURVE_S1.);
#17058 = LINE('',#17059,#17060);
#17059 = CARTESIAN_POINT('',(9.,9.9,0.1));
#17060 = VECTOR('',#17061,1.);
#17061 = DIRECTION('',(0.,0.,1.));
#17062 = PCURVE('',#15515,#17063);
#17063 = DEFINITIONAL_REPRESENTATION('',(#17064),#17068);
#17064 = LINE('',#17065,#17066);
#17065 = CARTESIAN_POINT('',(0.,-6.));
#17066 = VECTOR('',#17067,1.);
#17067 = DIRECTION('',(1.,0.));
#17068 = ( GEOMETRIC_REPRESENTATION_CONTEXT(2) 
PARAMETRIC_REPRESENTATION_CONTEXT() REPRESENTATION_CONTEXT('2D SPACE',''
  ) );
#17069 = PCURVE('',#15755,#17070);
#17070 = DEFINITIONAL_REPRESENTATION('',(#17071),#17075);
#17071 = LINE('',#17072,#17073);
#17072 = CARTESIAN_POINT('',(0.,2.9));
#17073 = VECTOR('',#17074,1.);
#17074 = DIRECTION('',(0.,-1.));
#17075 = ( GEOMETRIC_REPRESENTATION_CONTEXT(2) 
PARAMETRIC_REPRESENTATION_CONTEXT() REPRESENTATION_CONTEXT('2D SPACE',''
  ) );
#17076 = ADVANCED_FACE('',(#17077),#15755,.T.);
#17077 = FACE_BOUND('',#17078,.T.);
#17078 = EDGE_LOOP('',(#17079,#17080,#17101,#17102));
#17079 = ORIENTED_EDGE('',*,*,#16120,.T.);
#17080 = ORIENTED_EDGE('',*,*,#17081,.T.);
#17081 = EDGE_CURVE('',#16098,#15714,#17082,.T.);
#17082 = SURFACE_CURVE('',#17083,(#17087,#17094),.PCURVE_S1.);
#17083 = LINE('',#17084,#17085);
#17084 = CARTESIAN_POINT('',(10.2,10.2,5.9));
#17085 = VECTOR('',#17086,1.);
#17086 = DIRECTION('',(0.,0.,-1.));
#17087 = PCURVE('',#15755,#17088);
#17088 = DEFINITIONAL_REPRESENTATION('',(#17089),#17093);
#17089 = LINE('',#17090,#17091);
#17090 = CARTESIAN_POINT('',(1.236931687685,-2.9));
#17091 = VECTOR('',#17092,1.);
#17092 = DIRECTION('',(0.,1.));
#17093 = ( GEOMETRIC_REPRESENTATION_CONTEXT(2) 
PARAMETRIC_REPRESENTATION_CONTEXT() REPRESENTATION_CONTEXT('2D SPACE',''
  ) );
#17094 = PCURVE('',#15729,#17095);
#17095 = DEFINITIONAL_REPRESENTATION('',(#17096),#17100);
#17096 = LINE('',#17097,#17098);
#17097 = CARTESIAN_POINT('',(0.,-2.9));
#17098 = VECTOR('',#17099,1.);
#17099 = DIRECTION('',(0.,1.));
#17100 = ( GEOMETRIC_REPRESENTATION_CONTEXT(2) 
PARAMETRIC_REPRESENTATION_CONTEXT() REPRESENTATION_CONTEXT('2D SPACE',''
  ) );
#17101 = ORIENTED_EDGE('',*,*,#15741,.F.);
#17102 = ORIENTED_EDGE('',*,*,#17056,.T.);
#17103 = ADVANCED_FACE('',(#17104),#15729,.T.);
#17104 = FACE_BOUND('',#17105,.T.);
#17105 = EDGE_LOOP('',(#17106,#17107,#17108,#17109));
#17106 = ORIENTED_EDGE('',*,*,#17081,.F.);
#17107 = ORIENTED_EDGE('',*,*,#16097,.T.);
#17108 = ORIENTED_EDGE('',*,*,#15885,.F.);
#17109 = ORIENTED_EDGE('',*,*,#15713,.F.);
#17110 = ADVANCED_FACE('',(#17111),#15655,.F.);
#17111 = FACE_BOUND('',#17112,.F.);
#17112 = EDGE_LOOP('',(#17113,#17114,#17135,#17136));
#17113 = ORIENTED_EDGE('',*,*,#15639,.F.);
#17114 = ORIENTED_EDGE('',*,*,#17115,.F.);
#17115 = EDGE_CURVE('',#16028,#15612,#17116,.T.);
#17116 = SURFACE_CURVE('',#17117,(#17121,#17128),.PCURVE_S1.);
#17117 = LINE('',#17118,#17119);
#17118 = CARTESIAN_POINT('',(11.4,6.1,5.9));
#17119 = VECTOR('',#17120,1.);
#17120 = DIRECTION('',(0.,0.,-1.));
#17121 = PCURVE('',#15655,#17122);
#17122 = DEFINITIONAL_REPRESENTATION('',(#17123),#17127);
#17123 = LINE('',#17124,#17125);
#17124 = CARTESIAN_POINT('',(5.8,-3.6));
#17125 = VECTOR('',#17126,1.);
#17126 = DIRECTION('',(-1.,0.));
#17127 = ( GEOMETRIC_REPRESENTATION_CONTEXT(2) 
PARAMETRIC_REPRESENTATION_CONTEXT() REPRESENTATION_CONTEXT('2D SPACE',''
  ) );
#17128 = PCURVE('',#15627,#17129);
#17129 = DEFINITIONAL_REPRESENTATION('',(#17130),#17134);
#17130 = LINE('',#17131,#17132);
#17131 = CARTESIAN_POINT('',(1.236931687685,-2.9));
#17132 = VECTOR('',#17133,1.);
#17133 = DIRECTION('',(0.,1.));
#17134 = ( GEOMETRIC_REPRESENTATION_CONTEXT(2) 
PARAMETRIC_REPRESENTATION_CONTEXT() REPRESENTATION_CONTEXT('2D SPACE',''
  ) );
#17135 = ORIENTED_EDGE('',*,*,#16050,.F.);
#17136 = ORIENTED_EDGE('',*,*,#16239,.F.);
#17137 = ADVANCED_FACE('',(#17138),#15627,.F.);
#17138 = FACE_BOUND('',#17139,.F.);
#17139 = EDGE_LOOP('',(#17140,#17141,#17142,#17143));
#17140 = ORIENTED_EDGE('',*,*,#16027,.T.);
#17141 = ORIENTED_EDGE('',*,*,#17115,.T.);
#17142 = ORIENTED_EDGE('',*,*,#15611,.F.);
#17143 = ORIENTED_EDGE('',*,*,#17144,.T.);
#17144 = EDGE_CURVE('',#15584,#16005,#17145,.T.);
#17145 = SURFACE_CURVE('',#17146,(#17150,#17157),.PCURVE_S1.);
#17146 = LINE('',#17147,#17148);
#17147 = CARTESIAN_POINT('',(10.2,5.8,0.1));
#17148 = VECTOR('',#17149,1.);
#17149 = DIRECTION('',(0.,0.,1.));
#17150 = PCURVE('',#15627,#17151);
#17151 = DEFINITIONAL_REPRESENTATION('',(#17152),#17156);
#17152 = LINE('',#17153,#17154);
#17153 = CARTESIAN_POINT('',(0.,2.9));
#17154 = VECTOR('',#17155,1.);
#17155 = DIRECTION('',(0.,-1.));
#17156 = ( GEOMETRIC_REPRESENTATION_CONTEXT(2) 
PARAMETRIC_REPRESENTATION_CONTEXT() REPRESENTATION_CONTEXT('2D SPACE',''
  ) );
#17157 = PCURVE('',#15599,#17158);
#17158 = DEFINITIONAL_REPRESENTATION('',(#17159),#17163);
#17159 = LINE('',#17160,#17161);
#17160 = CARTESIAN_POINT('',(1.236931687685,2.9));
#17161 = VECTOR('',#17162,1.);
#17162 = DIRECTION('',(0.,-1.));
#17163 = ( GEOMETRIC_REPRESENTATION_CONTEXT(2) 
PARAMETRIC_REPRESENTATION_CONTEXT() REPRESENTATION_CONTEXT('2D SPACE',''
  ) );
#17164 = ADVANCED_FACE('',(#17165),#15599,.F.);
#17165 = FACE_BOUND('',#17166,.F.);
#17166 = EDGE_LOOP('',(#17167,#17188,#17189,#17190));
#17167 = ORIENTED_EDGE('',*,*,#17168,.F.);
#17168 = EDGE_CURVE('',#15982,#15556,#17169,.T.);
#17169 = SURFACE_CURVE('',#17170,(#17174,#17181),.PCURVE_S1.);
#17170 = LINE('',#17171,#17172);
#17171 = CARTESIAN_POINT('',(9.,6.1,5.9));
#17172 = VECTOR('',#17173,1.);
#17173 = DIRECTION('',(0.,0.,-1.));
#17174 = PCURVE('',#15599,#17175);
#17175 = DEFINITIONAL_REPRESENTATION('',(#17176),#17180);
#17176 = LINE('',#17177,#17178);
#17177 = CARTESIAN_POINT('',(0.,-2.9));
#17178 = VECTOR('',#17179,1.);
#17179 = DIRECTION('',(0.,1.));
#17180 = ( GEOMETRIC_REPRESENTATION_CONTEXT(2) 
PARAMETRIC_REPRESENTATION_CONTEXT() REPRESENTATION_CONTEXT('2D SPACE',''
  ) );
#17181 = PCURVE('',#15571,#17182);
#17182 = DEFINITIONAL_REPRESENTATION('',(#17183),#17187);
#17183 = LINE('',#17184,#17185);
#17184 = CARTESIAN_POINT('',(5.8,-6.));
#17185 = VECTOR('',#17186,1.);
#17186 = DIRECTION('',(-1.,0.));
#17187 = ( GEOMETRIC_REPRESENTATION_CONTEXT(2) 
PARAMETRIC_REPRESENTATION_CONTEXT() REPRESENTATION_CONTEXT('2D SPACE',''
  ) );
#17188 = ORIENTED_EDGE('',*,*,#16004,.T.);
#17189 = ORIENTED_EDGE('',*,*,#17144,.F.);
#17190 = ORIENTED_EDGE('',*,*,#15583,.F.);
#17191 = ADVANCED_FACE('',(#17192),#15571,.F.);
#17192 = FACE_BOUND('',#17193,.F.);
#17193 = EDGE_LOOP('',(#17194,#17195,#17216,#17217));
#17194 = ORIENTED_EDGE('',*,*,#15555,.F.);
#17195 = ORIENTED_EDGE('',*,*,#17196,.T.);
#17196 = EDGE_CURVE('',#15528,#15959,#17197,.T.);
#17197 = SURFACE_CURVE('',#17198,(#17202,#17209),.PCURVE_S1.);
#17198 = LINE('',#17199,#17200);
#17199 = CARTESIAN_POINT('',(8.8,6.1,0.1));
#17200 = VECTOR('',#17201,1.);
#17201 = DIRECTION('',(0.,0.,1.));
#17202 = PCURVE('',#15571,#17203);
#17203 = DEFINITIONAL_REPRESENTATION('',(#17204),#17208);
#17204 = LINE('',#17205,#17206);
#17205 = CARTESIAN_POINT('',(0.,-6.2));
#17206 = VECTOR('',#17207,1.);
#17207 = DIRECTION('',(1.,0.));
#17208 = ( GEOMETRIC_REPRESENTATION_CONTEXT(2) 
PARAMETRIC_REPRESENTATION_CONTEXT() REPRESENTATION_CONTEXT('2D SPACE',''
  ) );
#17209 = PCURVE('',#15543,#17210);
#17210 = DEFINITIONAL_REPRESENTATION('',(#17211),#17215);
#17211 = LINE('',#17212,#17213);
#17212 = CARTESIAN_POINT('',(0.,0.));
#17213 = VECTOR('',#17214,1.);
#17214 = DIRECTION('',(1.,0.));
#17215 = ( GEOMETRIC_REPRESENTATION_CONTEXT(2) 
PARAMETRIC_REPRESENTATION_CONTEXT() REPRESENTATION_CONTEXT('2D SPACE',''
  ) );
#17216 = ORIENTED_EDGE('',*,*,#15981,.F.);
#17217 = ORIENTED_EDGE('',*,*,#17168,.T.);
#17218 = ADVANCED_FACE('',(#17219),#15543,.F.);
#17219 = FACE_BOUND('',#17220,.F.);
#17220 = EDGE_LOOP('',(#17221,#17222,#17223,#17224));
#17221 = ORIENTED_EDGE('',*,*,#17196,.F.);
#17222 = ORIENTED_EDGE('',*,*,#15527,.T.);
#17223 = ORIENTED_EDGE('',*,*,#17034,.T.);
#17224 = ORIENTED_EDGE('',*,*,#15958,.F.);
#17225 = ADVANCED_FACE('',(#17226),#15787,.F.);
#17226 = FACE_BOUND('',#17227,.F.);
#17227 = EDGE_LOOP('',(#17228,#17249,#17250,#17271));
#17228 = ORIENTED_EDGE('',*,*,#17229,.F.);
#17229 = EDGE_CURVE('',#15770,#16144,#17230,.T.);
#17230 = SURFACE_CURVE('',#17231,(#17235,#17242),.PCURVE_S1.);
#17231 = LINE('',#17232,#17233);
#17232 = CARTESIAN_POINT('',(13.9,8.7,-0.1));
#17233 = VECTOR('',#17234,1.);
#17234 = DIRECTION('',(0.,0.,1.));
#17235 = PCURVE('',#15787,#17236);
#17236 = DEFINITIONAL_REPRESENTATION('',(#17237),#17241);
#17237 = LINE('',#17238,#17239);
#17238 = CARTESIAN_POINT('',(0.,5.));
#17239 = VECTOR('',#17240,1.);
#17240 = DIRECTION('',(1.,0.));
#17241 = ( GEOMETRIC_REPRESENTATION_CONTEXT(2) 
PARAMETRIC_REPRESENTATION_CONTEXT() REPRESENTATION_CONTEXT('2D SPACE',''
  ) );
#17242 = PCURVE('',#15815,#17243);
#17243 = DEFINITIONAL_REPRESENTATION('',(#17244),#17248);
#17244 = LINE('',#17245,#17246);
#17245 = CARTESIAN_POINT('',(0.,-1.4));
#17246 = VECTOR('',#17247,1.);
#17247 = DIRECTION('',(1.,0.));
#17248 = ( GEOMETRIC_REPRESENTATION_CONTEXT(2) 
PARAMETRIC_REPRESENTATION_CONTEXT() REPRESENTATION_CONTEXT('2D SPACE',''
  ) );
#17249 = ORIENTED_EDGE('',*,*,#15769,.T.);
#17250 = ORIENTED_EDGE('',*,*,#17251,.T.);
#17251 = EDGE_CURVE('',#15772,#16146,#17252,.T.);
#17252 = SURFACE_CURVE('',#17253,(#17257,#17264),.PCURVE_S1.);
#17253 = LINE('',#17254,#17255);
#17254 = CARTESIAN_POINT('',(8.9,8.7,-0.1));
#17255 = VECTOR('',#17256,1.);
#17256 = DIRECTION('',(0.,0.,1.));
#17257 = PCURVE('',#15787,#17258);
#17258 = DEFINITIONAL_REPRESENTATION('',(#17259),#17263);
#17259 = LINE('',#17260,#17261);
#17260 = CARTESIAN_POINT('',(0.,0.));
#17261 = VECTOR('',#17262,1.);
#17262 = DIRECTION('',(1.,0.));
#17263 = ( GEOMETRIC_REPRESENTATION_CONTEXT(2) 
PARAMETRIC_REPRESENTATION_CONTEXT() REPRESENTATION_CONTEXT('2D SPACE',''
  ) );
#17264 = PCURVE('',#15869,#17265);
#17265 = DEFINITIONAL_REPRESENTATION('',(#17266),#17270);
#17266 = LINE('',#17267,#17268);
#17267 = CARTESIAN_POINT('',(0.,-1.4));
#17268 = VECTOR('',#17269,1.);
#17269 = DIRECTION('',(1.,0.));
#17270 = ( GEOMETRIC_REPRESENTATION_CONTEXT(2) 
PARAMETRIC_REPRESENTATION_CONTEXT() REPRESENTATION_CONTEXT('2D SPACE',''
  ) );
#17271 = ORIENTED_EDGE('',*,*,#16143,.F.);
#17272 = ADVANCED_FACE('',(#17273),#15815,.F.);
#17273 = FACE_BOUND('',#17274,.F.);
#17274 = EDGE_LOOP('',(#17275,#17296,#17297,#17298));
#17275 = ORIENTED_EDGE('',*,*,#17276,.F.);
#17276 = EDGE_CURVE('',#15800,#16169,#17277,.T.);
#17277 = SURFACE_CURVE('',#17278,(#17282,#17289),.PCURVE_S1.);
#17278 = LINE('',#17279,#17280);
#17279 = CARTESIAN_POINT('',(13.9,7.3,-0.1));
#17280 = VECTOR('',#17281,1.);
#17281 = DIRECTION('',(0.,0.,1.));
#17282 = PCURVE('',#15815,#17283);
#17283 = DEFINITIONAL_REPRESENTATION('',(#17284),#17288);
#17284 = LINE('',#17285,#17286);
#17285 = CARTESIAN_POINT('',(0.,0.));
#17286 = VECTOR('',#17287,1.);
#17287 = DIRECTION('',(1.,0.));
#17288 = ( GEOMETRIC_REPRESENTATION_CONTEXT(2) 
PARAMETRIC_REPRESENTATION_CONTEXT() REPRESENTATION_CONTEXT('2D SPACE',''
  ) );
#17289 = PCURVE('',#15843,#17290);
#17290 = DEFINITIONAL_REPRESENTATION('',(#17291),#17295);
#17291 = LINE('',#17292,#17293);
#17292 = CARTESIAN_POINT('',(0.,5.));
#17293 = VECTOR('',#17294,1.);
#17294 = DIRECTION('',(1.,0.));
#17295 = ( GEOMETRIC_REPRESENTATION_CONTEXT(2) 
PARAMETRIC_REPRESENTATION_CONTEXT() REPRESENTATION_CONTEXT('2D SPACE',''
  ) );
#17296 = ORIENTED_EDGE('',*,*,#15799,.T.);
#17297 = ORIENTED_EDGE('',*,*,#17229,.T.);
#17298 = ORIENTED_EDGE('',*,*,#16168,.F.);
#17299 = ADVANCED_FACE('',(#17300),#15869,.T.);
#17300 = FACE_BOUND('',#17301,.T.);
#17301 = EDGE_LOOP('',(#17302,#17323,#17324,#17325));
#17302 = ORIENTED_EDGE('',*,*,#17303,.F.);
#17303 = EDGE_CURVE('',#15828,#16192,#17304,.T.);
#17304 = SURFACE_CURVE('',#17305,(#17309,#17316),.PCURVE_S1.);
#17305 = LINE('',#17306,#17307);
#17306 = CARTESIAN_POINT('',(8.9,7.3,-0.1));
#17307 = VECTOR('',#17308,1.);
#17308 = DIRECTION('',(0.,0.,1.));
#17309 = PCURVE('',#15869,#17310);
#17310 = DEFINITIONAL_REPRESENTATION('',(#17311),#17315);
#17311 = LINE('',#17312,#17313);
#17312 = CARTESIAN_POINT('',(0.,0.));
#17313 = VECTOR('',#17314,1.);
#17314 = DIRECTION('',(1.,0.));
#17315 = ( GEOMETRIC_REPRESENTATION_CONTEXT(2) 
PARAMETRIC_REPRESENTATION_CONTEXT() REPRESENTATION_CONTEXT('2D SPACE',''
  ) );
#17316 = PCURVE('',#15843,#17317);
#17317 = DEFINITIONAL_REPRESENTATION('',(#17318),#17322);
#17318 = LINE('',#17319,#17320);
#17319 = CARTESIAN_POINT('',(0.,0.));
#17320 = VECTOR('',#17321,1.);
#17321 = DIRECTION('',(1.,0.));
#17322 = ( GEOMETRIC_REPRESENTATION_CONTEXT(2) 
PARAMETRIC_REPRESENTATION_CONTEXT() REPRESENTATION_CONTEXT('2D SPACE',''
  ) );
#17323 = ORIENTED_EDGE('',*,*,#15855,.T.);
#17324 = ORIENTED_EDGE('',*,*,#17251,.T.);
#17325 = ORIENTED_EDGE('',*,*,#16214,.F.);
#17326 = ADVANCED_FACE('',(#17327),#15843,.T.);
#17327 = FACE_BOUND('',#17328,.T.);
#17328 = EDGE_LOOP('',(#17329,#17330,#17331,#17332));
#17329 = ORIENTED_EDGE('',*,*,#17276,.F.);
#17330 = ORIENTED_EDGE('',*,*,#15827,.T.);
#17331 = ORIENTED_EDGE('',*,*,#17303,.T.);
#17332 = ORIENTED_EDGE('',*,*,#16191,.F.);
#17333 = ADVANCED_FACE('',(#17334),#16523,.T.);
#17334 = FACE_BOUND('',#17335,.T.);
#17335 = EDGE_LOOP('',(#17336,#17337,#17338,#17359));
#17336 = ORIENTED_EDGE('',*,*,#17009,.T.);
#17337 = ORIENTED_EDGE('',*,*,#16888,.F.);
#17338 = ORIENTED_EDGE('',*,*,#17339,.T.);
#17339 = EDGE_CURVE('',#16866,#16482,#17340,.T.);
#17340 = SURFACE_CURVE('',#17341,(#17345,#17352),.PCURVE_S1.);
#17341 = LINE('',#17342,#17343);
#17342 = CARTESIAN_POINT('',(48.6,23.9,5.9));
#17343 = VECTOR('',#17344,1.);
#17344 = DIRECTION('',(0.,0.,-1.));
#17345 = PCURVE('',#16523,#17346);
#17346 = DEFINITIONAL_REPRESENTATION('',(#17347),#17351);
#17347 = LINE('',#17348,#17349);
#17348 = CARTESIAN_POINT('',(5.8,7.1));
#17349 = VECTOR('',#17350,1.);
#17350 = DIRECTION('',(-1.,0.));
#17351 = ( GEOMETRIC_REPRESENTATION_CONTEXT(2) 
PARAMETRIC_REPRESENTATION_CONTEXT() REPRESENTATION_CONTEXT('2D SPACE',''
  ) );
#17352 = PCURVE('',#16497,#17353);
#17353 = DEFINITIONAL_REPRESENTATION('',(#17354),#17358);
#17354 = LINE('',#17355,#17356);
#17355 = CARTESIAN_POINT('',(1.236931687685,-2.9));
#17356 = VECTOR('',#17357,1.);
#17357 = DIRECTION('',(-0.,1.));
#17358 = ( GEOMETRIC_REPRESENTATION_CONTEXT(2) 
PARAMETRIC_REPRESENTATION_CONTEXT() REPRESENTATION_CONTEXT('2D SPACE',''
  ) );
#17359 = ORIENTED_EDGE('',*,*,#16509,.T.);
#17360 = ADVANCED_FACE('',(#17361),#16497,.F.);
#17361 = FACE_BOUND('',#17362,.F.);
#17362 = EDGE_LOOP('',(#17363,#17364,#17365,#17366));
#17363 = ORIENTED_EDGE('',*,*,#16865,.T.);
#17364 = ORIENTED_EDGE('',*,*,#17339,.T.);
#17365 = ORIENTED_EDGE('',*,*,#16481,.F.);
#17366 = ORIENTED_EDGE('',*,*,#17367,.T.);
#17367 = EDGE_CURVE('',#16454,#16843,#17368,.T.);
#17368 = SURFACE_CURVE('',#17369,(#17373,#17380),.PCURVE_S1.);
#17369 = LINE('',#17370,#17371);
#17370 = CARTESIAN_POINT('',(49.8,24.2,0.1));
#17371 = VECTOR('',#17372,1.);
#17372 = DIRECTION('',(0.,0.,1.));
#17373 = PCURVE('',#16497,#17374);
#17374 = DEFINITIONAL_REPRESENTATION('',(#17375),#17379);
#17375 = LINE('',#17376,#17377);
#17376 = CARTESIAN_POINT('',(-0.,2.9));
#17377 = VECTOR('',#17378,1.);
#17378 = DIRECTION('',(0.,-1.));
#17379 = ( GEOMETRIC_REPRESENTATION_CONTEXT(2) 
PARAMETRIC_REPRESENTATION_CONTEXT() REPRESENTATION_CONTEXT('2D SPACE',''
  ) );
#17380 = PCURVE('',#16469,#17381);
#17381 = DEFINITIONAL_REPRESENTATION('',(#17382),#17386);
#17382 = LINE('',#17383,#17384);
#17383 = CARTESIAN_POINT('',(1.236931687685,2.9));
#17384 = VECTOR('',#17385,1.);
#17385 = DIRECTION('',(0.,-1.));
#17386 = ( GEOMETRIC_REPRESENTATION_CONTEXT(2) 
PARAMETRIC_REPRESENTATION_CONTEXT() REPRESENTATION_CONTEXT('2D SPACE',''
  ) );
#17387 = ADVANCED_FACE('',(#17388),#16469,.F.);
#17388 = FACE_BOUND('',#17389,.F.);
#17389 = EDGE_LOOP('',(#17390,#17411,#17412,#17413));
#17390 = ORIENTED_EDGE('',*,*,#17391,.F.);
#17391 = EDGE_CURVE('',#16820,#16426,#17392,.T.);
#17392 = SURFACE_CURVE('',#17393,(#17397,#17404),.PCURVE_S1.);
#17393 = LINE('',#17394,#17395);
#17394 = CARTESIAN_POINT('',(51.,23.9,5.9));
#17395 = VECTOR('',#17396,1.);
#17396 = DIRECTION('',(0.,0.,-1.));
#17397 = PCURVE('',#16469,#17398);
#17398 = DEFINITIONAL_REPRESENTATION('',(#17399),#17403);
#17399 = LINE('',#17400,#17401);
#17400 = CARTESIAN_POINT('',(0.,-2.9));
#17401 = VECTOR('',#17402,1.);
#17402 = DIRECTION('',(0.,1.));
#17403 = ( GEOMETRIC_REPRESENTATION_CONTEXT(2) 
PARAMETRIC_REPRESENTATION_CONTEXT() REPRESENTATION_CONTEXT('2D SPACE',''
  ) );
#17404 = PCURVE('',#16441,#17405);
#17405 = DEFINITIONAL_REPRESENTATION('',(#17406),#17410);
#17406 = LINE('',#17407,#17408);
#17407 = CARTESIAN_POINT('',(5.8,9.5));
#17408 = VECTOR('',#17409,1.);
#17409 = DIRECTION('',(-1.,0.));
#17410 = ( GEOMETRIC_REPRESENTATION_CONTEXT(2) 
PARAMETRIC_REPRESENTATION_CONTEXT() REPRESENTATION_CONTEXT('2D SPACE',''
  ) );
#17411 = ORIENTED_EDGE('',*,*,#16842,.T.);
#17412 = ORIENTED_EDGE('',*,*,#17367,.F.);
#17413 = ORIENTED_EDGE('',*,*,#16453,.F.);
#17414 = ADVANCED_FACE('',(#17415),#16441,.T.);
#17415 = FACE_BOUND('',#17416,.T.);
#17416 = EDGE_LOOP('',(#17417,#17418,#17419,#17440));
#17417 = ORIENTED_EDGE('',*,*,#17391,.F.);
#17418 = ORIENTED_EDGE('',*,*,#16819,.F.);
#17419 = ORIENTED_EDGE('',*,*,#17420,.F.);
#17420 = EDGE_CURVE('',#16398,#16797,#17421,.T.);
#17421 = SURFACE_CURVE('',#17422,(#17426,#17433),.PCURVE_S1.);
#17422 = LINE('',#17423,#17424);
#17423 = CARTESIAN_POINT('',(51.2,23.9,0.1));
#17424 = VECTOR('',#17425,1.);
#17425 = DIRECTION('',(0.,0.,1.));
#17426 = PCURVE('',#16441,#17427);
#17427 = DEFINITIONAL_REPRESENTATION('',(#17428),#17432);
#17428 = LINE('',#17429,#17430);
#17429 = CARTESIAN_POINT('',(0.,9.7));
#17430 = VECTOR('',#17431,1.);
#17431 = DIRECTION('',(1.,0.));
#17432 = ( GEOMETRIC_REPRESENTATION_CONTEXT(2) 
PARAMETRIC_REPRESENTATION_CONTEXT() REPRESENTATION_CONTEXT('2D SPACE',''
  ) );
#17433 = PCURVE('',#16413,#17434);
#17434 = DEFINITIONAL_REPRESENTATION('',(#17435),#17439);
#17435 = LINE('',#17436,#17437);
#17436 = CARTESIAN_POINT('',(0.,-3.8));
#17437 = VECTOR('',#17438,1.);
#17438 = DIRECTION('',(1.,0.));
#17439 = ( GEOMETRIC_REPRESENTATION_CONTEXT(2) 
PARAMETRIC_REPRESENTATION_CONTEXT() REPRESENTATION_CONTEXT('2D SPACE',''
  ) );
#17440 = ORIENTED_EDGE('',*,*,#16425,.T.);
#17441 = ADVANCED_FACE('',(#17442),#16413,.T.);
#17442 = FACE_BOUND('',#17443,.T.);
#17443 = EDGE_LOOP('',(#17444,#17465,#17466,#17467));
#17444 = ORIENTED_EDGE('',*,*,#17445,.F.);
#17445 = EDGE_CURVE('',#16370,#16774,#17446,.T.);
#17446 = SURFACE_CURVE('',#17447,(#17451,#17458),.PCURVE_S1.);
#17447 = LINE('',#17448,#17449);
#17448 = CARTESIAN_POINT('',(51.2,20.1,0.1));
#17449 = VECTOR('',#17450,1.);
#17450 = DIRECTION('',(0.,0.,1.));
#17451 = PCURVE('',#16413,#17452);
#17452 = DEFINITIONAL_REPRESENTATION('',(#17453),#17457);
#17453 = LINE('',#17454,#17455);
#17454 = CARTESIAN_POINT('',(0.,0.));
#17455 = VECTOR('',#17456,1.);
#17456 = DIRECTION('',(1.,0.));
#17457 = ( GEOMETRIC_REPRESENTATION_CONTEXT(2) 
PARAMETRIC_REPRESENTATION_CONTEXT() REPRESENTATION_CONTEXT('2D SPACE',''
  ) );
#17458 = PCURVE('',#16385,#17459);
#17459 = DEFINITIONAL_REPRESENTATION('',(#17460),#17464);
#17460 = LINE('',#17461,#17462);
#17461 = CARTESIAN_POINT('',(0.,9.7));
#17462 = VECTOR('',#17463,1.);
#17463 = DIRECTION('',(1.,0.));
#17464 = ( GEOMETRIC_REPRESENTATION_CONTEXT(2) 
PARAMETRIC_REPRESENTATION_CONTEXT() REPRESENTATION_CONTEXT('2D SPACE',''
  ) );
#17465 = ORIENTED_EDGE('',*,*,#16397,.T.);
#17466 = ORIENTED_EDGE('',*,*,#17420,.T.);
#17467 = ORIENTED_EDGE('',*,*,#16796,.F.);
#17468 = ADVANCED_FACE('',(#17469),#16385,.F.);
#17469 = FACE_BOUND('',#17470,.F.);
#17470 = EDGE_LOOP('',(#17471,#17472,#17493,#17494));
#17471 = ORIENTED_EDGE('',*,*,#16369,.F.);
#17472 = ORIENTED_EDGE('',*,*,#17473,.T.);
#17473 = EDGE_CURVE('',#16342,#16751,#17474,.T.);
#17474 = SURFACE_CURVE('',#17475,(#17479,#17486),.PCURVE_S1.);
#17475 = LINE('',#17476,#17477);
#17476 = CARTESIAN_POINT('',(51.,20.1,0.1));
#17477 = VECTOR('',#17478,1.);
#17478 = DIRECTION('',(0.,0.,1.));
#17479 = PCURVE('',#16385,#17480);
#17480 = DEFINITIONAL_REPRESENTATION('',(#17481),#17485);
#17481 = LINE('',#17482,#17483);
#17482 = CARTESIAN_POINT('',(0.,9.5));
#17483 = VECTOR('',#17484,1.);
#17484 = DIRECTION('',(1.,0.));
#17485 = ( GEOMETRIC_REPRESENTATION_CONTEXT(2) 
PARAMETRIC_REPRESENTATION_CONTEXT() REPRESENTATION_CONTEXT('2D SPACE',''
  ) );
#17486 = PCURVE('',#16357,#17487);
#17487 = DEFINITIONAL_REPRESENTATION('',(#17488),#17492);
#17488 = LINE('',#17489,#17490);
#17489 = CARTESIAN_POINT('',(-0.,2.9));
#17490 = VECTOR('',#17491,1.);
#17491 = DIRECTION('',(0.,-1.));
#17492 = ( GEOMETRIC_REPRESENTATION_CONTEXT(2) 
PARAMETRIC_REPRESENTATION_CONTEXT() REPRESENTATION_CONTEXT('2D SPACE',''
  ) );
#17493 = ORIENTED_EDGE('',*,*,#16773,.F.);
#17494 = ORIENTED_EDGE('',*,*,#17445,.F.);
#17495 = ADVANCED_FACE('',(#17496),#16357,.T.);
#17496 = FACE_BOUND('',#17497,.T.);
#17497 = EDGE_LOOP('',(#17498,#17499,#17520,#17521));
#17498 = ORIENTED_EDGE('',*,*,#16750,.T.);
#17499 = ORIENTED_EDGE('',*,*,#17500,.T.);
#17500 = EDGE_CURVE('',#16728,#16314,#17501,.T.);
#17501 = SURFACE_CURVE('',#17502,(#17506,#17513),.PCURVE_S1.);
#17502 = LINE('',#17503,#17504);
#17503 = CARTESIAN_POINT('',(49.8,19.8,5.9));
#17504 = VECTOR('',#17505,1.);
#17505 = DIRECTION('',(0.,0.,-1.));
#17506 = PCURVE('',#16357,#17507);
#17507 = DEFINITIONAL_REPRESENTATION('',(#17508),#17512);
#17508 = LINE('',#17509,#17510);
#17509 = CARTESIAN_POINT('',(1.236931687685,-2.9));
#17510 = VECTOR('',#17511,1.);
#17511 = DIRECTION('',(-0.,1.));
#17512 = ( GEOMETRIC_REPRESENTATION_CONTEXT(2) 
PARAMETRIC_REPRESENTATION_CONTEXT() REPRESENTATION_CONTEXT('2D SPACE',''
  ) );
#17513 = PCURVE('',#16329,#17514);
#17514 = DEFINITIONAL_REPRESENTATION('',(#17515),#17519);
#17515 = LINE('',#17516,#17517);
#17516 = CARTESIAN_POINT('',(0.,-2.9));
#17517 = VECTOR('',#17518,1.);
#17518 = DIRECTION('',(0.,1.));
#17519 = ( GEOMETRIC_REPRESENTATION_CONTEXT(2) 
PARAMETRIC_REPRESENTATION_CONTEXT() REPRESENTATION_CONTEXT('2D SPACE',''
  ) );
#17520 = ORIENTED_EDGE('',*,*,#16341,.F.);
#17521 = ORIENTED_EDGE('',*,*,#17473,.T.);
#17522 = ADVANCED_FACE('',(#17523),#16329,.T.);
#17523 = FACE_BOUND('',#17524,.T.);
#17524 = EDGE_LOOP('',(#17525,#17526,#17527,#17528));
#17525 = ORIENTED_EDGE('',*,*,#17500,.F.);
#17526 = ORIENTED_EDGE('',*,*,#16727,.T.);
#17527 = ORIENTED_EDGE('',*,*,#16677,.F.);
#17528 = ORIENTED_EDGE('',*,*,#16313,.F.);
#17529 = ADVANCED_FACE('',(#17530),#16555,.F.);
#17530 = FACE_BOUND('',#17531,.F.);
#17531 = EDGE_LOOP('',(#17532,#17553,#17554,#17575));
#17532 = ORIENTED_EDGE('',*,*,#17533,.F.);
#17533 = EDGE_CURVE('',#16538,#16912,#17534,.T.);
#17534 = SURFACE_CURVE('',#17535,(#17539,#17546),.PCURVE_S1.);
#17535 = LINE('',#17536,#17537);
#17536 = CARTESIAN_POINT('',(51.1,22.7,-0.1));
#17537 = VECTOR('',#17538,1.);
#17538 = DIRECTION('',(0.,0.,1.));
#17539 = PCURVE('',#16555,#17540);
#17540 = DEFINITIONAL_REPRESENTATION('',(#17541),#17545);
#17541 = LINE('',#17542,#17543);
#17542 = CARTESIAN_POINT('',(0.,5.));
#17543 = VECTOR('',#17544,1.);
#17544 = DIRECTION('',(1.,0.));
#17545 = ( GEOMETRIC_REPRESENTATION_CONTEXT(2) 
PARAMETRIC_REPRESENTATION_CONTEXT() REPRESENTATION_CONTEXT('2D SPACE',''
  ) );
#17546 = PCURVE('',#16583,#17547);
#17547 = DEFINITIONAL_REPRESENTATION('',(#17548),#17552);
#17548 = LINE('',#17549,#17550);
#17549 = CARTESIAN_POINT('',(0.,-1.4));
#17550 = VECTOR('',#17551,1.);
#17551 = DIRECTION('',(1.,0.));
#17552 = ( GEOMETRIC_REPRESENTATION_CONTEXT(2) 
PARAMETRIC_REPRESENTATION_CONTEXT() REPRESENTATION_CONTEXT('2D SPACE',''
  ) );
#17553 = ORIENTED_EDGE('',*,*,#16537,.T.);
#17554 = ORIENTED_EDGE('',*,*,#17555,.T.);
#17555 = EDGE_CURVE('',#16540,#16914,#17556,.T.);
#17556 = SURFACE_CURVE('',#17557,(#17561,#17568),.PCURVE_S1.);
#17557 = LINE('',#17558,#17559);
#17558 = CARTESIAN_POINT('',(46.1,22.7,-0.1));
#17559 = VECTOR('',#17560,1.);
#17560 = DIRECTION('',(0.,0.,1.));
#17561 = PCURVE('',#16555,#17562);
#17562 = DEFINITIONAL_REPRESENTATION('',(#17563),#17567);
#17563 = LINE('',#17564,#17565);
#17564 = CARTESIAN_POINT('',(0.,0.));
#17565 = VECTOR('',#17566,1.);
#17566 = DIRECTION('',(1.,0.));
#17567 = ( GEOMETRIC_REPRESENTATION_CONTEXT(2) 
PARAMETRIC_REPRESENTATION_CONTEXT() REPRESENTATION_CONTEXT('2D SPACE',''
  ) );
#17568 = PCURVE('',#16637,#17569);
#17569 = DEFINITIONAL_REPRESENTATION('',(#17570),#17574);
#17570 = LINE('',#17571,#17572);
#17571 = CARTESIAN_POINT('',(0.,-1.4));
#17572 = VECTOR('',#17573,1.);
#17573 = DIRECTION('',(1.,0.));
#17574 = ( GEOMETRIC_REPRESENTATION_CONTEXT(2) 
PARAMETRIC_REPRESENTATION_CONTEXT() REPRESENTATION_CONTEXT('2D SPACE',''
  ) );
#17575 = ORIENTED_EDGE('',*,*,#16911,.F.);
#17576 = ADVANCED_FACE('',(#17577),#16583,.F.);
#17577 = FACE_BOUND('',#17578,.F.);
#17578 = EDGE_LOOP('',(#17579,#17600,#17601,#17602));
#17579 = ORIENTED_EDGE('',*,*,#17580,.F.);
#17580 = EDGE_CURVE('',#16568,#16937,#17581,.T.);
#17581 = SURFACE_CURVE('',#17582,(#17586,#17593),.PCURVE_S1.);
#17582 = LINE('',#17583,#17584);
#17583 = CARTESIAN_POINT('',(51.1,21.3,-0.1));
#17584 = VECTOR('',#17585,1.);
#17585 = DIRECTION('',(0.,0.,1.));
#17586 = PCURVE('',#16583,#17587);
#17587 = DEFINITIONAL_REPRESENTATION('',(#17588),#17592);
#17588 = LINE('',#17589,#17590);
#17589 = CARTESIAN_POINT('',(0.,0.));
#17590 = VECTOR('',#17591,1.);
#17591 = DIRECTION('',(1.,0.));
#17592 = ( GEOMETRIC_REPRESENTATION_CONTEXT(2) 
PARAMETRIC_REPRESENTATION_CONTEXT() REPRESENTATION_CONTEXT('2D SPACE',''
  ) );
#17593 = PCURVE('',#16611,#17594);
#17594 = DEFINITIONAL_REPRESENTATION('',(#17595),#17599);
#17595 = LINE('',#17596,#17597);
#17596 = CARTESIAN_POINT('',(0.,5.));
#17597 = VECTOR('',#17598,1.);
#17598 = DIRECTION('',(1.,0.));
#17599 = ( GEOMETRIC_REPRESENTATION_CONTEXT(2) 
PARAMETRIC_REPRESENTATION_CONTEXT() REPRESENTATION_CONTEXT('2D SPACE',''
  ) );
#17600 = ORIENTED_EDGE('',*,*,#16567,.T.);
#17601 = ORIENTED_EDGE('',*,*,#17533,.T.);
#17602 = ORIENTED_EDGE('',*,*,#16936,.F.);
#17603 = ADVANCED_FACE('',(#17604),#16637,.T.);
#17604 = FACE_BOUND('',#17605,.T.);
#17605 = EDGE_LOOP('',(#17606,#17627,#17628,#17629));
#17606 = ORIENTED_EDGE('',*,*,#17607,.F.);
#17607 = EDGE_CURVE('',#16596,#16960,#17608,.T.);
#17608 = SURFACE_CURVE('',#17609,(#17613,#17620),.PCURVE_S1.);
#17609 = LINE('',#17610,#17611);
#17610 = CARTESIAN_POINT('',(46.1,21.3,-0.1));
#17611 = VECTOR('',#17612,1.);
#17612 = DIRECTION('',(0.,0.,1.));
#17613 = PCURVE('',#16637,#17614);
#17614 = DEFINITIONAL_REPRESENTATION('',(#17615),#17619);
#17615 = LINE('',#17616,#17617);
#17616 = CARTESIAN_POINT('',(0.,0.));
#17617 = VECTOR('',#17618,1.);
#17618 = DIRECTION('',(1.,0.));
#17619 = ( GEOMETRIC_REPRESENTATION_CONTEXT(2) 
PARAMETRIC_REPRESENTATION_CONTEXT() REPRESENTATION_CONTEXT('2D SPACE',''
  ) );
#17620 = PCURVE('',#16611,#17621);
#17621 = DEFINITIONAL_REPRESENTATION('',(#17622),#17626);
#17622 = LINE('',#17623,#17624);
#17623 = CARTESIAN_POINT('',(0.,0.));
#17624 = VECTOR('',#17625,1.);
#17625 = DIRECTION('',(1.,0.));
#17626 = ( GEOMETRIC_REPRESENTATION_CONTEXT(2) 
PARAMETRIC_REPRESENTATION_CONTEXT() REPRESENTATION_CONTEXT('2D SPACE',''
  ) );
#17627 = ORIENTED_EDGE('',*,*,#16623,.T.);
#17628 = ORIENTED_EDGE('',*,*,#17555,.T.);
#17629 = ORIENTED_EDGE('',*,*,#16982,.F.);
#17630 = ADVANCED_FACE('',(#17631),#16611,.T.);
#17631 = FACE_BOUND('',#17632,.T.);
#17632 = EDGE_LOOP('',(#17633,#17634,#17635,#17636));
#17633 = ORIENTED_EDGE('',*,*,#17580,.F.);
#17634 = ORIENTED_EDGE('',*,*,#16595,.T.);
#17635 = ORIENTED_EDGE('',*,*,#17607,.T.);
#17636 = ORIENTED_EDGE('',*,*,#16959,.F.);
#17637 = ( GEOMETRIC_REPRESENTATION_CONTEXT(3) 
GLOBAL_UNCERTAINTY_ASSIGNED_CONTEXT((#17641)) 
GLOBAL_UNIT_ASSIGNED_CONTEXT((#17638,#17639,#17640)) 
REPRESENTATION_CONTEXT('Context #1',
  '3D Context with UNIT and UNCERTAINTY') );
#17638 = ( LENGTH_UNIT() NAMED_UNIT(*) SI_UNIT(.MILLI.,.METRE.) );
#17639 = ( NAMED_UNIT(*) PLANE_ANGLE_UNIT() SI_UNIT($,.RADIAN.) );
#17640 = ( NAMED_UNIT(*) SI_UNIT($,.STERADIAN.) SOLID_ANGLE_UNIT() );
#17641 = UNCERTAINTY_MEASURE_WITH_UNIT(LENGTH_MEASURE(1.E-07),#17638,
  'distance_accuracy_value','confusion accuracy');
#17642 = CONTEXT_DEPENDENT_SHAPE_REPRESENTATION(#17643,#17645);
#17643 = ( REPRESENTATION_RELATIONSHIP('','',#12858,#10) 
REPRESENTATION_RELATIONSHIP_WITH_TRANSFORMATION(#17644) 
SHAPE_REPRESENTATION_RELATIONSHIP() );
#17644 = ITEM_DEFINED_TRANSFORMATION('','',#11,#31);
#17645 = PRODUCT_DEFINITION_SHAPE('Placement','Placement of an item',
  #17646);
#17646 = NEXT_ASSEMBLY_USAGE_OCCURRENCE('7','','',#5,#12853,$);
#17647 = PRODUCT_RELATED_PRODUCT_CATEGORY('part',$,(#12855));
#17648 = SHAPE_DEFINITION_REPRESENTATION(#17649,#17655);
#17649 = PRODUCT_DEFINITION_SHAPE('','',#17650);
#17650 = PRODUCT_DEFINITION('design','',#17651,#17654);
#17651 = PRODUCT_DEFINITION_FORMATION('','',#17652);
#17652 = PRODUCT('Open CASCADE STEP translator 7.8 4.6',
  'Open CASCADE STEP translator 7.8 4.6','',(#17653));
#17653 = PRODUCT_CONTEXT('',#2,'mechanical');
#17654 = PRODUCT_DEFINITION_CONTEXT('part definition',#2,'design');
#17655 = ADVANCED_BREP_SHAPE_REPRESENTATION('',(#11,#17656),#18322);
#17656 = MANIFOLD_SOLID_BREP('',#17657);
#17657 = CLOSED_SHELL('',(#17658,#17778,#17978,#18028,#18082,#18207,
    #18234,#18261,#18288,#18315));
#17658 = ADVANCED_FACE('',(#17659),#17673,.F.);
#17659 = FACE_BOUND('',#17660,.F.);
#17660 = EDGE_LOOP('',(#17661,#17696,#17724,#17752));
#17661 = ORIENTED_EDGE('',*,*,#17662,.F.);
#17662 = EDGE_CURVE('',#17663,#17665,#17667,.T.);
#17663 = VERTEX_POINT('',#17664);
#17664 = CARTESIAN_POINT('',(61.,2.,4.));
#17665 = VERTEX_POINT('',#17666);
#17666 = CARTESIAN_POINT('',(61.,8.,4.));
#17667 = SURFACE_CURVE('',#17668,(#17672,#17684),.PCURVE_S1.);
#17668 = LINE('',#17669,#17670);
#17669 = CARTESIAN_POINT('',(61.,1.,4.));
#17670 = VECTOR('',#17671,1.);
#17671 = DIRECTION('',(0.,1.,0.));
#17672 = PCURVE('',#17673,#17678);
#17673 = PLANE('',#17674);
#17674 = AXIS2_PLACEMENT_3D('',#17675,#17676,#17677);
#17675 = CARTESIAN_POINT('',(61.,1.,0.));
#17676 = DIRECTION('',(1.,0.,0.));
#17677 = DIRECTION('',(0.,0.,1.));
#17678 = DEFINITIONAL_REPRESENTATION('',(#17679),#17683);
#17679 = LINE('',#17680,#17681);
#17680 = CARTESIAN_POINT('',(4.,0.));
#17681 = VECTOR('',#17682,1.);
#17682 = DIRECTION('',(0.,-1.));
#17683 = ( GEOMETRIC_REPRESENTATION_CONTEXT(2) 
PARAMETRIC_REPRESENTATION_CONTEXT() REPRESENTATION_CONTEXT('2D SPACE',''
  ) );
#17684 = PCURVE('',#17685,#17690);
#17685 = PLANE('',#17686);
#17686 = AXIS2_PLACEMENT_3D('',#17687,#17688,#17689);
#17687 = CARTESIAN_POINT('',(61.,1.,4.));
#17688 = DIRECTION('',(0.,0.,1.));
#17689 = DIRECTION('',(1.,0.,-0.));
#17690 = DEFINITIONAL_REPRESENTATION('',(#17691),#17695);
#17691 = LINE('',#17692,#17693);
#17692 = CARTESIAN_POINT('',(0.,0.));
#17693 = VECTOR('',#17694,1.);
#17694 = DIRECTION('',(0.,1.));
#17695 = ( GEOMETRIC_REPRESENTATION_CONTEXT(2) 
PARAMETRIC_REPRESENTATION_CONTEXT() REPRESENTATION_CONTEXT('2D SPACE',''
  ) );
#17696 = ORIENTED_EDGE('',*,*,#17697,.F.);
#17697 = EDGE_CURVE('',#17698,#17663,#17700,.T.);
#17698 = VERTEX_POINT('',#17699);
#17699 = CARTESIAN_POINT('',(61.,2.,0.));
#17700 = SURFACE_CURVE('',#17701,(#17705,#17712),.PCURVE_S1.);
#17701 = LINE('',#17702,#17703);
#17702 = CARTESIAN_POINT('',(61.,2.,0.));
#17703 = VECTOR('',#17704,1.);
#17704 = DIRECTION('',(0.,0.,1.));
#17705 = PCURVE('',#17673,#17706);
#17706 = DEFINITIONAL_REPRESENTATION('',(#17707),#17711);
#17707 = LINE('',#17708,#17709);
#17708 = CARTESIAN_POINT('',(0.,-1.));
#17709 = VECTOR('',#17710,1.);
#17710 = DIRECTION('',(1.,0.));
#17711 = ( GEOMETRIC_REPRESENTATION_CONTEXT(2) 
PARAMETRIC_REPRESENTATION_CONTEXT() REPRESENTATION_CONTEXT('2D SPACE',''
  ) );
#17712 = PCURVE('',#17713,#17718);
#17713 = CYLINDRICAL_SURFACE('',#17714,1.);
#17714 = AXIS2_PLACEMENT_3D('',#17715,#17716,#17717);
#17715 = CARTESIAN_POINT('',(62.,2.,0.));
#17716 = DIRECTION('',(0.,0.,1.));
#17717 = DIRECTION('',(-1.,-0.,0.));
#17718 = DEFINITIONAL_REPRESENTATION('',(#17719),#17723);
#17719 = LINE('',#17720,#17721);
#17720 = CARTESIAN_POINT('',(0.,0.));
#17721 = VECTOR('',#17722,1.);
#17722 = DIRECTION('',(0.,1.));
#17723 = ( GEOMETRIC_REPRESENTATION_CONTEXT(2) 
PARAMETRIC_REPRESENTATION_CONTEXT() REPRESENTATION_CONTEXT('2D SPACE',''
  ) );
#17724 = ORIENTED_EDGE('',*,*,#17725,.T.);
#17725 = EDGE_CURVE('',#17698,#17726,#17728,.T.);
#17726 = VERTEX_POINT('',#17727);
#17727 = CARTESIAN_POINT('',(61.,8.,0.));
#17728 = SURFACE_CURVE('',#17729,(#17733,#17740),.PCURVE_S1.);
#17729 = LINE('',#17730,#17731);
#17730 = CARTESIAN_POINT('',(61.,1.,0.));
#17731 = VECTOR('',#17732,1.);
#17732 = DIRECTION('',(0.,1.,0.));
#17733 = PCURVE('',#17673,#17734);
#17734 = DEFINITIONAL_REPRESENTATION('',(#17735),#17739);
#17735 = LINE('',#17736,#17737);
#17736 = CARTESIAN_POINT('',(0.,0.));
#17737 = VECTOR('',#17738,1.);
#17738 = DIRECTION('',(0.,-1.));
#17739 = ( GEOMETRIC_REPRESENTATION_CONTEXT(2) 
PARAMETRIC_REPRESENTATION_CONTEXT() REPRESENTATION_CONTEXT('2D SPACE',''
  ) );
#17740 = PCURVE('',#17741,#17746);
#17741 = PLANE('',#17742);
#17742 = AXIS2_PLACEMENT_3D('',#17743,#17744,#17745);
#17743 = CARTESIAN_POINT('',(61.,1.,0.));
#17744 = DIRECTION('',(0.,0.,1.));
#17745 = DIRECTION('',(1.,0.,-0.));
#17746 = DEFINITIONAL_REPRESENTATION('',(#17747),#17751);
#17747 = LINE('',#17748,#17749);
#17748 = CARTESIAN_POINT('',(0.,0.));
#17749 = VECTOR('',#17750,1.);
#17750 = DIRECTION('',(0.,1.));
#17751 = ( GEOMETRIC_REPRESENTATION_CONTEXT(2) 
PARAMETRIC_REPRESENTATION_CONTEXT() REPRESENTATION_CONTEXT('2D SPACE',''
  ) );
#17752 = ORIENTED_EDGE('',*,*,#17753,.T.);
#17753 = EDGE_CURVE('',#17726,#17665,#17754,.T.);
#17754 = SURFACE_CURVE('',#17755,(#17759,#17766),.PCURVE_S1.);
#17755 = LINE('',#17756,#17757);
#17756 = CARTESIAN_POINT('',(61.,8.,0.));
#17757 = VECTOR('',#17758,1.);
#17758 = DIRECTION('',(0.,0.,1.));
#17759 = PCURVE('',#17673,#17760);
#17760 = DEFINITIONAL_REPRESENTATION('',(#17761),#17765);
#17761 = LINE('',#17762,#17763);
#17762 = CARTESIAN_POINT('',(0.,-7.));
#17763 = VECTOR('',#17764,1.);
#17764 = DIRECTION('',(1.,0.));
#17765 = ( GEOMETRIC_REPRESENTATION_CONTEXT(2) 
PARAMETRIC_REPRESENTATION_CONTEXT() REPRESENTATION_CONTEXT('2D SPACE',''
  ) );
#17766 = PCURVE('',#17767,#17772);
#17767 = CYLINDRICAL_SURFACE('',#17768,1.);
#17768 = AXIS2_PLACEMENT_3D('',#17769,#17770,#17771);
#17769 = CARTESIAN_POINT('',(62.,8.,0.));
#17770 = DIRECTION('',(0.,0.,1.));
#17771 = DIRECTION('',(-1.,-0.,0.));
#17772 = DEFINITIONAL_REPRESENTATION('',(#17773),#17777);
#17773 = LINE('',#17774,#17775);
#17774 = CARTESIAN_POINT('',(6.28318530718,0.));
#17775 = VECTOR('',#17776,1.);
#17776 = DIRECTION('',(-0.,1.));
#17777 = ( GEOMETRIC_REPRESENTATION_CONTEXT(2) 
PARAMETRIC_REPRESENTATION_CONTEXT() REPRESENTATION_CONTEXT('2D SPACE',''
  ) );
#17778 = ADVANCED_FACE('',(#17779),#17685,.T.);
#17779 = FACE_BOUND('',#17780,.T.);
#17780 = EDGE_LOOP('',(#17781,#17782,#17806,#17834,#17867,#17895,#17924,
    #17952));
#17781 = ORIENTED_EDGE('',*,*,#17662,.F.);
#17782 = ORIENTED_EDGE('',*,*,#17783,.T.);
#17783 = EDGE_CURVE('',#17663,#17784,#17786,.T.);
#17784 = VERTEX_POINT('',#17785);
#17785 = CARTESIAN_POINT('',(62.,1.,4.));
#17786 = SURFACE_CURVE('',#17787,(#17792,#17799),.PCURVE_S1.);
#17787 = CIRCLE('',#17788,1.);
#17788 = AXIS2_PLACEMENT_3D('',#17789,#17790,#17791);
#17789 = CARTESIAN_POINT('',(62.,2.,4.));
#17790 = DIRECTION('',(0.,0.,1.));
#17791 = DIRECTION('',(0.,-1.,0.));
#17792 = PCURVE('',#17685,#17793);
#17793 = DEFINITIONAL_REPRESENTATION('',(#17794),#17798);
#17794 = CIRCLE('',#17795,1.);
#17795 = AXIS2_PLACEMENT_2D('',#17796,#17797);
#17796 = CARTESIAN_POINT('',(1.,1.));
#17797 = DIRECTION('',(0.,-1.));
#17798 = ( GEOMETRIC_REPRESENTATION_CONTEXT(2) 
PARAMETRIC_REPRESENTATION_CONTEXT() REPRESENTATION_CONTEXT('2D SPACE',''
  ) );
#17799 = PCURVE('',#17713,#17800);
#17800 = DEFINITIONAL_REPRESENTATION('',(#17801),#17805);
#17801 = LINE('',#17802,#17803);
#17802 = CARTESIAN_POINT('',(-4.712388980385,4.));
#17803 = VECTOR('',#17804,1.);
#17804 = DIRECTION('',(1.,0.));
#17805 = ( GEOMETRIC_REPRESENTATION_CONTEXT(2) 
PARAMETRIC_REPRESENTATION_CONTEXT() REPRESENTATION_CONTEXT('2D SPACE',''
  ) );
#17806 = ORIENTED_EDGE('',*,*,#17807,.T.);
#17807 = EDGE_CURVE('',#17784,#17808,#17810,.T.);
#17808 = VERTEX_POINT('',#17809);
#17809 = CARTESIAN_POINT('',(68.,1.,4.));
#17810 = SURFACE_CURVE('',#17811,(#17815,#17822),.PCURVE_S1.);
#17811 = LINE('',#17812,#17813);
#17812 = CARTESIAN_POINT('',(61.,1.,4.));
#17813 = VECTOR('',#17814,1.);
#17814 = DIRECTION('',(1.,0.,0.));
#17815 = PCURVE('',#17685,#17816);
#17816 = DEFINITIONAL_REPRESENTATION('',(#17817),#17821);
#17817 = LINE('',#17818,#17819);
#17818 = CARTESIAN_POINT('',(0.,0.));
#17819 = VECTOR('',#17820,1.);
#17820 = DIRECTION('',(1.,0.));
#17821 = ( GEOMETRIC_REPRESENTATION_CONTEXT(2) 
PARAMETRIC_REPRESENTATION_CONTEXT() REPRESENTATION_CONTEXT('2D SPACE',''
  ) );
#17822 = PCURVE('',#17823,#17828);
#17823 = PLANE('',#17824);
#17824 = AXIS2_PLACEMENT_3D('',#17825,#17826,#17827);
#17825 = CARTESIAN_POINT('',(61.,1.,0.));
#17826 = DIRECTION('',(0.,1.,0.));
#17827 = DIRECTION('',(0.,-0.,1.));
#17828 = DEFINITIONAL_REPRESENTATION('',(#17829),#17833);
#17829 = LINE('',#17830,#17831);
#17830 = CARTESIAN_POINT('',(4.,0.));
#17831 = VECTOR('',#17832,1.);
#17832 = DIRECTION('',(0.,1.));
#17833 = ( GEOMETRIC_REPRESENTATION_CONTEXT(2) 
PARAMETRIC_REPRESENTATION_CONTEXT() REPRESENTATION_CONTEXT('2D SPACE',''
  ) );
#17834 = ORIENTED_EDGE('',*,*,#17835,.F.);
#17835 = EDGE_CURVE('',#17836,#17808,#17838,.T.);
#17836 = VERTEX_POINT('',#17837);
#17837 = CARTESIAN_POINT('',(69.,2.,4.));
#17838 = SURFACE_CURVE('',#17839,(#17844,#17855),.PCURVE_S1.);
#17839 = CIRCLE('',#17840,1.);
#17840 = AXIS2_PLACEMENT_3D('',#17841,#17842,#17843);
#17841 = CARTESIAN_POINT('',(68.,2.,4.));
#17842 = DIRECTION('',(-0.,-0.,-1.));
#17843 = DIRECTION('',(0.,-1.,0.));
#17844 = PCURVE('',#17685,#17845);
#17845 = DEFINITIONAL_REPRESENTATION('',(#17846),#17854);
#17846 = ( BOUNDED_CURVE() B_SPLINE_CURVE(2,(#17847,#17848,#17849,#17850
    ,#17851,#17852,#17853),.UNSPECIFIED.,.T.,.F.) 
B_SPLINE_CURVE_WITH_KNOTS((1,2,2,2,2,1),(-2.094395102393,0.,
    2.094395102393,4.188790204786,6.28318530718,8.377580409573),
.UNSPECIFIED.) CURVE() GEOMETRIC_REPRESENTATION_ITEM() 
RATIONAL_B_SPLINE_CURVE((1.,0.5,1.,0.5,1.,0.5,1.)) REPRESENTATION_ITEM(
  '') );
#17847 = CARTESIAN_POINT('',(7.,0.));
#17848 = CARTESIAN_POINT('',(5.267949192431,0.));
#17849 = CARTESIAN_POINT('',(6.133974596216,1.5));
#17850 = CARTESIAN_POINT('',(7.,3.));
#17851 = CARTESIAN_POINT('',(7.866025403784,1.5));
#17852 = CARTESIAN_POINT('',(8.732050807569,1.554312234475E-15));
#17853 = CARTESIAN_POINT('',(7.,0.));
#17854 = ( GEOMETRIC_REPRESENTATION_CONTEXT(2) 
PARAMETRIC_REPRESENTATION_CONTEXT() REPRESENTATION_CONTEXT('2D SPACE',''
  ) );
#17855 = PCURVE('',#17856,#17861);
#17856 = CYLINDRICAL_SURFACE('',#17857,1.);
#17857 = AXIS2_PLACEMENT_3D('',#17858,#17859,#17860);
#17858 = CARTESIAN_POINT('',(68.,2.,0.));
#17859 = DIRECTION('',(0.,0.,1.));
#17860 = DIRECTION('',(1.,0.,-0.));
#17861 = DEFINITIONAL_REPRESENTATION('',(#17862),#17866);
#17862 = LINE('',#17863,#17864);
#17863 = CARTESIAN_POINT('',(10.995574287565,4.));
#17864 = VECTOR('',#17865,1.);
#17865 = DIRECTION('',(-1.,0.));
#17866 = ( GEOMETRIC_REPRESENTATION_CONTEXT(2) 
PARAMETRIC_REPRESENTATION_CONTEXT() REPRESENTATION_CONTEXT('2D SPACE',''
  ) );
#17867 = ORIENTED_EDGE('',*,*,#17868,.T.);
#17868 = EDGE_CURVE('',#17836,#17869,#17871,.T.);
#17869 = VERTEX_POINT('',#17870);
#17870 = CARTESIAN_POINT('',(69.,8.,4.));
#17871 = SURFACE_CURVE('',#17872,(#17876,#17883),.PCURVE_S1.);
#17872 = LINE('',#17873,#17874);
#17873 = CARTESIAN_POINT('',(69.,1.,4.));
#17874 = VECTOR('',#17875,1.);
#17875 = DIRECTION('',(0.,1.,0.));
#17876 = PCURVE('',#17685,#17877);
#17877 = DEFINITIONAL_REPRESENTATION('',(#17878),#17882);
#17878 = LINE('',#17879,#17880);
#17879 = CARTESIAN_POINT('',(8.,0.));
#17880 = VECTOR('',#17881,1.);
#17881 = DIRECTION('',(0.,1.));
#17882 = ( GEOMETRIC_REPRESENTATION_CONTEXT(2) 
PARAMETRIC_REPRESENTATION_CONTEXT() REPRESENTATION_CONTEXT('2D SPACE',''
  ) );
#17883 = PCURVE('',#17884,#17889);
#17884 = PLANE('',#17885);
#17885 = AXIS2_PLACEMENT_3D('',#17886,#17887,#17888);
#17886 = CARTESIAN_POINT('',(69.,1.,0.));
#17887 = DIRECTION('',(1.,0.,0.));
#17888 = DIRECTION('',(0.,0.,1.));
#17889 = DEFINITIONAL_REPRESENTATION('',(#17890),#17894);
#17890 = LINE('',#17891,#17892);
#17891 = CARTESIAN_POINT('',(4.,0.));
#17892 = VECTOR('',#17893,1.);
#17893 = DIRECTION('',(0.,-1.));
#17894 = ( GEOMETRIC_REPRESENTATION_CONTEXT(2) 
PARAMETRIC_REPRESENTATION_CONTEXT() REPRESENTATION_CONTEXT('2D SPACE',''
  ) );
#17895 = ORIENTED_EDGE('',*,*,#17896,.T.);
#17896 = EDGE_CURVE('',#17869,#17897,#17899,.T.);
#17897 = VERTEX_POINT('',#17898);
#17898 = CARTESIAN_POINT('',(68.,9.,4.));
#17899 = SURFACE_CURVE('',#17900,(#17905,#17912),.PCURVE_S1.);
#17900 = CIRCLE('',#17901,1.);
#17901 = AXIS2_PLACEMENT_3D('',#17902,#17903,#17904);
#17902 = CARTESIAN_POINT('',(68.,8.,4.));
#17903 = DIRECTION('',(0.,0.,1.));
#17904 = DIRECTION('',(0.,-1.,0.));
#17905 = PCURVE('',#17685,#17906);
#17906 = DEFINITIONAL_REPRESENTATION('',(#17907),#17911);
#17907 = CIRCLE('',#17908,1.);
#17908 = AXIS2_PLACEMENT_2D('',#17909,#17910);
#17909 = CARTESIAN_POINT('',(7.,7.));
#17910 = DIRECTION('',(0.,-1.));
#17911 = ( GEOMETRIC_REPRESENTATION_CONTEXT(2) 
PARAMETRIC_REPRESENTATION_CONTEXT() REPRESENTATION_CONTEXT('2D SPACE',''
  ) );
#17912 = PCURVE('',#17913,#17918);
#17913 = CYLINDRICAL_SURFACE('',#17914,1.);
#17914 = AXIS2_PLACEMENT_3D('',#17915,#17916,#17917);
#17915 = CARTESIAN_POINT('',(68.,8.,0.));
#17916 = DIRECTION('',(0.,0.,1.));
#17917 = DIRECTION('',(1.,0.,-0.));
#17918 = DEFINITIONAL_REPRESENTATION('',(#17919),#17923);
#17919 = LINE('',#17920,#17921);
#17920 = CARTESIAN_POINT('',(-1.570796326795,4.));
#17921 = VECTOR('',#17922,1.);
#17922 = DIRECTION('',(1.,0.));
#17923 = ( GEOMETRIC_REPRESENTATION_CONTEXT(2) 
PARAMETRIC_REPRESENTATION_CONTEXT() REPRESENTATION_CONTEXT('2D SPACE',''
  ) );
#17924 = ORIENTED_EDGE('',*,*,#17925,.F.);
#17925 = EDGE_CURVE('',#17926,#17897,#17928,.T.);
#17926 = VERTEX_POINT('',#17927);
#17927 = CARTESIAN_POINT('',(62.,9.,4.));
#17928 = SURFACE_CURVE('',#17929,(#17933,#17940),.PCURVE_S1.);
#17929 = LINE('',#17930,#17931);
#17930 = CARTESIAN_POINT('',(61.,9.,4.));
#17931 = VECTOR('',#17932,1.);
#17932 = DIRECTION('',(1.,0.,0.));
#17933 = PCURVE('',#17685,#17934);
#17934 = DEFINITIONAL_REPRESENTATION('',(#17935),#17939);
#17935 = LINE('',#17936,#17937);
#17936 = CARTESIAN_POINT('',(0.,8.));
#17937 = VECTOR('',#17938,1.);
#17938 = DIRECTION('',(1.,0.));
#17939 = ( GEOMETRIC_REPRESENTATION_CONTEXT(2) 
PARAMETRIC_REPRESENTATION_CONTEXT() REPRESENTATION_CONTEXT('2D SPACE',''
  ) );
#17940 = PCURVE('',#17941,#17946);
#17941 = PLANE('',#17942);
#17942 = AXIS2_PLACEMENT_3D('',#17943,#17944,#17945);
#17943 = CARTESIAN_POINT('',(61.,9.,0.));
#17944 = DIRECTION('',(0.,1.,0.));
#17945 = DIRECTION('',(0.,-0.,1.));
#17946 = DEFINITIONAL_REPRESENTATION('',(#17947),#17951);
#17947 = LINE('',#17948,#17949);
#17948 = CARTESIAN_POINT('',(4.,0.));
#17949 = VECTOR('',#17950,1.);
#17950 = DIRECTION('',(0.,1.));
#17951 = ( GEOMETRIC_REPRESENTATION_CONTEXT(2) 
PARAMETRIC_REPRESENTATION_CONTEXT() REPRESENTATION_CONTEXT('2D SPACE',''
  ) );
#17952 = ORIENTED_EDGE('',*,*,#17953,.F.);
#17953 = EDGE_CURVE('',#17665,#17926,#17954,.T.);
#17954 = SURFACE_CURVE('',#17955,(#17960,#17971),.PCURVE_S1.);
#17955 = CIRCLE('',#17956,1.);
#17956 = AXIS2_PLACEMENT_3D('',#17957,#17958,#17959);
#17957 = CARTESIAN_POINT('',(62.,8.,4.));
#17958 = DIRECTION('',(-0.,-0.,-1.));
#17959 = DIRECTION('',(0.,-1.,0.));
#17960 = PCURVE('',#17685,#17961);
#17961 = DEFINITIONAL_REPRESENTATION('',(#17962),#17970);
#17962 = ( BOUNDED_CURVE() B_SPLINE_CURVE(2,(#17963,#17964,#17965,#17966
    ,#17967,#17968,#17969),.UNSPECIFIED.,.T.,.F.) 
B_SPLINE_CURVE_WITH_KNOTS((1,2,2,2,2,1),(-2.094395102393,0.,
    2.094395102393,4.188790204786,6.28318530718,8.377580409573),
.UNSPECIFIED.) CURVE() GEOMETRIC_REPRESENTATION_ITEM() 
RATIONAL_B_SPLINE_CURVE((1.,0.5,1.,0.5,1.,0.5,1.)) REPRESENTATION_ITEM(
  '') );
#17963 = CARTESIAN_POINT('',(1.,6.));
#17964 = CARTESIAN_POINT('',(-0.732050807569,6.));
#17965 = CARTESIAN_POINT('',(0.133974596216,7.5));
#17966 = CARTESIAN_POINT('',(1.,9.));
#17967 = CARTESIAN_POINT('',(1.866025403784,7.5));
#17968 = CARTESIAN_POINT('',(2.732050807569,6.));
#17969 = CARTESIAN_POINT('',(1.,6.));
#17970 = ( GEOMETRIC_REPRESENTATION_CONTEXT(2) 
PARAMETRIC_REPRESENTATION_CONTEXT() REPRESENTATION_CONTEXT('2D SPACE',''
  ) );
#17971 = PCURVE('',#17767,#17972);
#17972 = DEFINITIONAL_REPRESENTATION('',(#17973),#17977);
#17973 = LINE('',#17974,#17975);
#17974 = CARTESIAN_POINT('',(7.853981633975,4.));
#17975 = VECTOR('',#17976,1.);
#17976 = DIRECTION('',(-1.,0.));
#17977 = ( GEOMETRIC_REPRESENTATION_CONTEXT(2) 
PARAMETRIC_REPRESENTATION_CONTEXT() REPRESENTATION_CONTEXT('2D SPACE',''
  ) );
#17978 = ADVANCED_FACE('',(#17979),#17713,.T.);
#17979 = FACE_BOUND('',#17980,.T.);
#17980 = EDGE_LOOP('',(#17981,#18005,#18026,#18027));
#17981 = ORIENTED_EDGE('',*,*,#17982,.T.);
#17982 = EDGE_CURVE('',#17698,#17983,#17985,.T.);
#17983 = VERTEX_POINT('',#17984);
#17984 = CARTESIAN_POINT('',(62.,1.,0.));
#17985 = SURFACE_CURVE('',#17986,(#17991,#17998),.PCURVE_S1.);
#17986 = CIRCLE('',#17987,1.);
#17987 = AXIS2_PLACEMENT_3D('',#17988,#17989,#17990);
#17988 = CARTESIAN_POINT('',(62.,2.,0.));
#17989 = DIRECTION('',(0.,0.,1.));
#17990 = DIRECTION('',(0.,-1.,0.));
#17991 = PCURVE('',#17713,#17992);
#17992 = DEFINITIONAL_REPRESENTATION('',(#17993),#17997);
#17993 = LINE('',#17994,#17995);
#17994 = CARTESIAN_POINT('',(-4.712388980385,0.));
#17995 = VECTOR('',#17996,1.);
#17996 = DIRECTION('',(1.,0.));
#17997 = ( GEOMETRIC_REPRESENTATION_CONTEXT(2) 
PARAMETRIC_REPRESENTATION_CONTEXT() REPRESENTATION_CONTEXT('2D SPACE',''
  ) );
#17998 = PCURVE('',#17741,#17999);
#17999 = DEFINITIONAL_REPRESENTATION('',(#18000),#18004);
#18000 = CIRCLE('',#18001,1.);
#18001 = AXIS2_PLACEMENT_2D('',#18002,#18003);
#18002 = CARTESIAN_POINT('',(1.,1.));
#18003 = DIRECTION('',(0.,-1.));
#18004 = ( GEOMETRIC_REPRESENTATION_CONTEXT(2) 
PARAMETRIC_REPRESENTATION_CONTEXT() REPRESENTATION_CONTEXT('2D SPACE',''
  ) );
#18005 = ORIENTED_EDGE('',*,*,#18006,.T.);
#18006 = EDGE_CURVE('',#17983,#17784,#18007,.T.);
#18007 = SURFACE_CURVE('',#18008,(#18012,#18019),.PCURVE_S1.);
#18008 = LINE('',#18009,#18010);
#18009 = CARTESIAN_POINT('',(62.,1.,0.));
#18010 = VECTOR('',#18011,1.);
#18011 = DIRECTION('',(0.,0.,1.));
#18012 = PCURVE('',#17713,#18013);
#18013 = DEFINITIONAL_REPRESENTATION('',(#18014),#18018);
#18014 = LINE('',#18015,#18016);
#18015 = CARTESIAN_POINT('',(1.570796326795,0.));
#18016 = VECTOR('',#18017,1.);
#18017 = DIRECTION('',(0.,1.));
#18018 = ( GEOMETRIC_REPRESENTATION_CONTEXT(2) 
PARAMETRIC_REPRESENTATION_CONTEXT() REPRESENTATION_CONTEXT('2D SPACE',''
  ) );
#18019 = PCURVE('',#17823,#18020);
#18020 = DEFINITIONAL_REPRESENTATION('',(#18021),#18025);
#18021 = LINE('',#18022,#18023);
#18022 = CARTESIAN_POINT('',(0.,1.));
#18023 = VECTOR('',#18024,1.);
#18024 = DIRECTION('',(1.,0.));
#18025 = ( GEOMETRIC_REPRESENTATION_CONTEXT(2) 
PARAMETRIC_REPRESENTATION_CONTEXT() REPRESENTATION_CONTEXT('2D SPACE',''
  ) );
#18026 = ORIENTED_EDGE('',*,*,#17783,.F.);
#18027 = ORIENTED_EDGE('',*,*,#17697,.F.);
#18028 = ADVANCED_FACE('',(#18029),#17767,.T.);
#18029 = FACE_BOUND('',#18030,.T.);
#18030 = EDGE_LOOP('',(#18031,#18032,#18033,#18056));
#18031 = ORIENTED_EDGE('',*,*,#17753,.T.);
#18032 = ORIENTED_EDGE('',*,*,#17953,.T.);
#18033 = ORIENTED_EDGE('',*,*,#18034,.F.);
#18034 = EDGE_CURVE('',#18035,#17926,#18037,.T.);
#18035 = VERTEX_POINT('',#18036);
#18036 = CARTESIAN_POINT('',(62.,9.,0.));
#18037 = SURFACE_CURVE('',#18038,(#18042,#18049),.PCURVE_S1.);
#18038 = LINE('',#18039,#18040);
#18039 = CARTESIAN_POINT('',(62.,9.,0.));
#18040 = VECTOR('',#18041,1.);
#18041 = DIRECTION('',(0.,0.,1.));
#18042 = PCURVE('',#17767,#18043);
#18043 = DEFINITIONAL_REPRESENTATION('',(#18044),#18048);
#18044 = LINE('',#18045,#18046);
#18045 = CARTESIAN_POINT('',(4.712388980385,0.));
#18046 = VECTOR('',#18047,1.);
#18047 = DIRECTION('',(-0.,1.));
#18048 = ( GEOMETRIC_REPRESENTATION_CONTEXT(2) 
PARAMETRIC_REPRESENTATION_CONTEXT() REPRESENTATION_CONTEXT('2D SPACE',''
  ) );
#18049 = PCURVE('',#17941,#18050);
#18050 = DEFINITIONAL_REPRESENTATION('',(#18051),#18055);
#18051 = LINE('',#18052,#18053);
#18052 = CARTESIAN_POINT('',(0.,1.));
#18053 = VECTOR('',#18054,1.);
#18054 = DIRECTION('',(1.,0.));
#18055 = ( GEOMETRIC_REPRESENTATION_CONTEXT(2) 
PARAMETRIC_REPRESENTATION_CONTEXT() REPRESENTATION_CONTEXT('2D SPACE',''
  ) );
#18056 = ORIENTED_EDGE('',*,*,#18057,.F.);
#18057 = EDGE_CURVE('',#17726,#18035,#18058,.T.);
#18058 = SURFACE_CURVE('',#18059,(#18064,#18071),.PCURVE_S1.);
#18059 = CIRCLE('',#18060,1.);
#18060 = AXIS2_PLACEMENT_3D('',#18061,#18062,#18063);
#18061 = CARTESIAN_POINT('',(62.,8.,0.));
#18062 = DIRECTION('',(-0.,-0.,-1.));
#18063 = DIRECTION('',(0.,-1.,0.));
#18064 = PCURVE('',#17767,#18065);
#18065 = DEFINITIONAL_REPRESENTATION('',(#18066),#18070);
#18066 = LINE('',#18067,#18068);
#18067 = CARTESIAN_POINT('',(7.853981633975,0.));
#18068 = VECTOR('',#18069,1.);
#18069 = DIRECTION('',(-1.,0.));
#18070 = ( GEOMETRIC_REPRESENTATION_CONTEXT(2) 
PARAMETRIC_REPRESENTATION_CONTEXT() REPRESENTATION_CONTEXT('2D SPACE',''
  ) );
#18071 = PCURVE('',#17741,#18072);
#18072 = DEFINITIONAL_REPRESENTATION('',(#18073),#18081);
#18073 = ( BOUNDED_CURVE() B_SPLINE_CURVE(2,(#18074,#18075,#18076,#18077
    ,#18078,#18079,#18080),.UNSPECIFIED.,.T.,.F.) 
B_SPLINE_CURVE_WITH_KNOTS((1,2,2,2,2,1),(-2.094395102393,0.,
    2.094395102393,4.188790204786,6.28318530718,8.377580409573),
.UNSPECIFIED.) CURVE() GEOMETRIC_REPRESENTATION_ITEM() 
RATIONAL_B_SPLINE_CURVE((1.,0.5,1.,0.5,1.,0.5,1.)) REPRESENTATION_ITEM(
  '') );
#18074 = CARTESIAN_POINT('',(1.,6.));
#18075 = CARTESIAN_POINT('',(-0.732050807569,6.));
#18076 = CARTESIAN_POINT('',(0.133974596216,7.5));
#18077 = CARTESIAN_POINT('',(1.,9.));
#18078 = CARTESIAN_POINT('',(1.866025403784,7.5));
#18079 = CARTESIAN_POINT('',(2.732050807569,6.));
#18080 = CARTESIAN_POINT('',(1.,6.));
#18081 = ( GEOMETRIC_REPRESENTATION_CONTEXT(2) 
PARAMETRIC_REPRESENTATION_CONTEXT() REPRESENTATION_CONTEXT('2D SPACE',''
  ) );
#18082 = ADVANCED_FACE('',(#18083),#17741,.F.);
#18083 = FACE_BOUND('',#18084,.F.);
#18084 = EDGE_LOOP('',(#18085,#18086,#18087,#18110,#18138,#18161,#18185,
    #18206));
#18085 = ORIENTED_EDGE('',*,*,#17725,.F.);
#18086 = ORIENTED_EDGE('',*,*,#17982,.T.);
#18087 = ORIENTED_EDGE('',*,*,#18088,.T.);
#18088 = EDGE_CURVE('',#17983,#18089,#18091,.T.);
#18089 = VERTEX_POINT('',#18090);
#18090 = CARTESIAN_POINT('',(68.,1.,0.));
#18091 = SURFACE_CURVE('',#18092,(#18096,#18103),.PCURVE_S1.);
#18092 = LINE('',#18093,#18094);
#18093 = CARTESIAN_POINT('',(61.,1.,0.));
#18094 = VECTOR('',#18095,1.);
#18095 = DIRECTION('',(1.,0.,0.));
#18096 = PCURVE('',#17741,#18097);
#18097 = DEFINITIONAL_REPRESENTATION('',(#18098),#18102);
#18098 = LINE('',#18099,#18100);
#18099 = CARTESIAN_POINT('',(0.,0.));
#18100 = VECTOR('',#18101,1.);
#18101 = DIRECTION('',(1.,0.));
#18102 = ( GEOMETRIC_REPRESENTATION_CONTEXT(2) 
PARAMETRIC_REPRESENTATION_CONTEXT() REPRESENTATION_CONTEXT('2D SPACE',''
  ) );
#18103 = PCURVE('',#17823,#18104);
#18104 = DEFINITIONAL_REPRESENTATION('',(#18105),#18109);
#18105 = LINE('',#18106,#18107);
#18106 = CARTESIAN_POINT('',(0.,0.));
#18107 = VECTOR('',#18108,1.);
#18108 = DIRECTION('',(0.,1.));
#18109 = ( GEOMETRIC_REPRESENTATION_CONTEXT(2) 
PARAMETRIC_REPRESENTATION_CONTEXT() REPRESENTATION_CONTEXT('2D SPACE',''
  ) );
#18110 = ORIENTED_EDGE('',*,*,#18111,.F.);
#18111 = EDGE_CURVE('',#18112,#18089,#18114,.T.);
#18112 = VERTEX_POINT('',#18113);
#18113 = CARTESIAN_POINT('',(69.,2.,0.));
#18114 = SURFACE_CURVE('',#18115,(#18120,#18131),.PCURVE_S1.);
#18115 = CIRCLE('',#18116,1.);
#18116 = AXIS2_PLACEMENT_3D('',#18117,#18118,#18119);
#18117 = CARTESIAN_POINT('',(68.,2.,0.));
#18118 = DIRECTION('',(-0.,-0.,-1.));
#18119 = DIRECTION('',(0.,-1.,0.));
#18120 = PCURVE('',#17741,#18121);
#18121 = DEFINITIONAL_REPRESENTATION('',(#18122),#18130);
#18122 = ( BOUNDED_CURVE() B_SPLINE_CURVE(2,(#18123,#18124,#18125,#18126
    ,#18127,#18128,#18129),.UNSPECIFIED.,.T.,.F.) 
B_SPLINE_CURVE_WITH_KNOTS((1,2,2,2,2,1),(-2.094395102393,0.,
    2.094395102393,4.188790204786,6.28318530718,8.377580409573),
.UNSPECIFIED.) CURVE() GEOMETRIC_REPRESENTATION_ITEM() 
RATIONAL_B_SPLINE_CURVE((1.,0.5,1.,0.5,1.,0.5,1.)) REPRESENTATION_ITEM(
  '') );
#18123 = CARTESIAN_POINT('',(7.,0.));
#18124 = CARTESIAN_POINT('',(5.267949192431,0.));
#18125 = CARTESIAN_POINT('',(6.133974596216,1.5));
#18126 = CARTESIAN_POINT('',(7.,3.));
#18127 = CARTESIAN_POINT('',(7.866025403784,1.5));
#18128 = CARTESIAN_POINT('',(8.732050807569,1.554312234475E-15));
#18129 = CARTESIAN_POINT('',(7.,0.));
#18130 = ( GEOMETRIC_REPRESENTATION_CONTEXT(2) 
PARAMETRIC_REPRESENTATION_CONTEXT() REPRESENTATION_CONTEXT('2D SPACE',''
  ) );
#18131 = PCURVE('',#17856,#18132);
#18132 = DEFINITIONAL_REPRESENTATION('',(#18133),#18137);
#18133 = LINE('',#18134,#18135);
#18134 = CARTESIAN_POINT('',(10.995574287565,0.));
#18135 = VECTOR('',#18136,1.);
#18136 = DIRECTION('',(-1.,0.));
#18137 = ( GEOMETRIC_REPRESENTATION_CONTEXT(2) 
PARAMETRIC_REPRESENTATION_CONTEXT() REPRESENTATION_CONTEXT('2D SPACE',''
  ) );
#18138 = ORIENTED_EDGE('',*,*,#18139,.T.);
#18139 = EDGE_CURVE('',#18112,#18140,#18142,.T.);
#18140 = VERTEX_POINT('',#18141);
#18141 = CARTESIAN_POINT('',(69.,8.,0.));
#18142 = SURFACE_CURVE('',#18143,(#18147,#18154),.PCURVE_S1.);
#18143 = LINE('',#18144,#18145);
#18144 = CARTESIAN_POINT('',(69.,1.,0.));
#18145 = VECTOR('',#18146,1.);
#18146 = DIRECTION('',(0.,1.,0.));
#18147 = PCURVE('',#17741,#18148);
#18148 = DEFINITIONAL_REPRESENTATION('',(#18149),#18153);
#18149 = LINE('',#18150,#18151);
#18150 = CARTESIAN_POINT('',(8.,0.));
#18151 = VECTOR('',#18152,1.);
#18152 = DIRECTION('',(0.,1.));
#18153 = ( GEOMETRIC_REPRESENTATION_CONTEXT(2) 
PARAMETRIC_REPRESENTATION_CONTEXT() REPRESENTATION_CONTEXT('2D SPACE',''
  ) );
#18154 = PCURVE('',#17884,#18155);
#18155 = DEFINITIONAL_REPRESENTATION('',(#18156),#18160);
#18156 = LINE('',#18157,#18158);
#18157 = CARTESIAN_POINT('',(0.,0.));
#18158 = VECTOR('',#18159,1.);
#18159 = DIRECTION('',(0.,-1.));
#18160 = ( GEOMETRIC_REPRESENTATION_CONTEXT(2) 
PARAMETRIC_REPRESENTATION_CONTEXT() REPRESENTATION_CONTEXT('2D SPACE',''
  ) );
#18161 = ORIENTED_EDGE('',*,*,#18162,.T.);
#18162 = EDGE_CURVE('',#18140,#18163,#18165,.T.);
#18163 = VERTEX_POINT('',#18164);
#18164 = CARTESIAN_POINT('',(68.,9.,0.));
#18165 = SURFACE_CURVE('',#18166,(#18171,#18178),.PCURVE_S1.);
#18166 = CIRCLE('',#18167,1.);
#18167 = AXIS2_PLACEMENT_3D('',#18168,#18169,#18170);
#18168 = CARTESIAN_POINT('',(68.,8.,0.));
#18169 = DIRECTION('',(0.,0.,1.));
#18170 = DIRECTION('',(0.,-1.,0.));
#18171 = PCURVE('',#17741,#18172);
#18172 = DEFINITIONAL_REPRESENTATION('',(#18173),#18177);
#18173 = CIRCLE('',#18174,1.);
#18174 = AXIS2_PLACEMENT_2D('',#18175,#18176);
#18175 = CARTESIAN_POINT('',(7.,7.));
#18176 = DIRECTION('',(0.,-1.));
#18177 = ( GEOMETRIC_REPRESENTATION_CONTEXT(2) 
PARAMETRIC_REPRESENTATION_CONTEXT() REPRESENTATION_CONTEXT('2D SPACE',''
  ) );
#18178 = PCURVE('',#17913,#18179);
#18179 = DEFINITIONAL_REPRESENTATION('',(#18180),#18184);
#18180 = LINE('',#18181,#18182);
#18181 = CARTESIAN_POINT('',(-1.570796326795,0.));
#18182 = VECTOR('',#18183,1.);
#18183 = DIRECTION('',(1.,0.));
#18184 = ( GEOMETRIC_REPRESENTATION_CONTEXT(2) 
PARAMETRIC_REPRESENTATION_CONTEXT() REPRESENTATION_CONTEXT('2D SPACE',''
  ) );
#18185 = ORIENTED_EDGE('',*,*,#18186,.F.);
#18186 = EDGE_CURVE('',#18035,#18163,#18187,.T.);
#18187 = SURFACE_CURVE('',#18188,(#18192,#18199),.PCURVE_S1.);
#18188 = LINE('',#18189,#18190);
#18189 = CARTESIAN_POINT('',(61.,9.,0.));
#18190 = VECTOR('',#18191,1.);
#18191 = DIRECTION('',(1.,0.,0.));
#18192 = PCURVE('',#17741,#18193);
#18193 = DEFINITIONAL_REPRESENTATION('',(#18194),#18198);
#18194 = LINE('',#18195,#18196);
#18195 = CARTESIAN_POINT('',(0.,8.));
#18196 = VECTOR('',#18197,1.);
#18197 = DIRECTION('',(1.,0.));
#18198 = ( GEOMETRIC_REPRESENTATION_CONTEXT(2) 
PARAMETRIC_REPRESENTATION_CONTEXT() REPRESENTATION_CONTEXT('2D SPACE',''
  ) );
#18199 = PCURVE('',#17941,#18200);
#18200 = DEFINITIONAL_REPRESENTATION('',(#18201),#18205);
#18201 = LINE('',#18202,#18203);
#18202 = CARTESIAN_POINT('',(0.,0.));
#18203 = VECTOR('',#18204,1.);
#18204 = DIRECTION('',(0.,1.));
#18205 = ( GEOMETRIC_REPRESENTATION_CONTEXT(2) 
PARAMETRIC_REPRESENTATION_CONTEXT() REPRESENTATION_CONTEXT('2D SPACE',''
  ) );
#18206 = ORIENTED_EDGE('',*,*,#18057,.F.);
#18207 = ADVANCED_FACE('',(#18208),#17823,.F.);
#18208 = FACE_BOUND('',#18209,.F.);
#18209 = EDGE_LOOP('',(#18210,#18211,#18212,#18213));
#18210 = ORIENTED_EDGE('',*,*,#18088,.F.);
#18211 = ORIENTED_EDGE('',*,*,#18006,.T.);
#18212 = ORIENTED_EDGE('',*,*,#17807,.T.);
#18213 = ORIENTED_EDGE('',*,*,#18214,.F.);
#18214 = EDGE_CURVE('',#18089,#17808,#18215,.T.);
#18215 = SURFACE_CURVE('',#18216,(#18220,#18227),.PCURVE_S1.);
#18216 = LINE('',#18217,#18218);
#18217 = CARTESIAN_POINT('',(68.,1.,0.));
#18218 = VECTOR('',#18219,1.);
#18219 = DIRECTION('',(0.,0.,1.));
#18220 = PCURVE('',#17823,#18221);
#18221 = DEFINITIONAL_REPRESENTATION('',(#18222),#18226);
#18222 = LINE('',#18223,#18224);
#18223 = CARTESIAN_POINT('',(0.,7.));
#18224 = VECTOR('',#18225,1.);
#18225 = DIRECTION('',(1.,0.));
#18226 = ( GEOMETRIC_REPRESENTATION_CONTEXT(2) 
PARAMETRIC_REPRESENTATION_CONTEXT() REPRESENTATION_CONTEXT('2D SPACE',''
  ) );
#18227 = PCURVE('',#17856,#18228);
#18228 = DEFINITIONAL_REPRESENTATION('',(#18229),#18233);
#18229 = LINE('',#18230,#18231);
#18230 = CARTESIAN_POINT('',(4.712388980385,0.));
#18231 = VECTOR('',#18232,1.);
#18232 = DIRECTION('',(-0.,1.));
#18233 = ( GEOMETRIC_REPRESENTATION_CONTEXT(2) 
PARAMETRIC_REPRESENTATION_CONTEXT() REPRESENTATION_CONTEXT('2D SPACE',''
  ) );
#18234 = ADVANCED_FACE('',(#18235),#17941,.T.);
#18235 = FACE_BOUND('',#18236,.T.);
#18236 = EDGE_LOOP('',(#18237,#18238,#18239,#18240));
#18237 = ORIENTED_EDGE('',*,*,#18186,.F.);
#18238 = ORIENTED_EDGE('',*,*,#18034,.T.);
#18239 = ORIENTED_EDGE('',*,*,#17925,.T.);
#18240 = ORIENTED_EDGE('',*,*,#18241,.F.);
#18241 = EDGE_CURVE('',#18163,#17897,#18242,.T.);
#18242 = SURFACE_CURVE('',#18243,(#18247,#18254),.PCURVE_S1.);
#18243 = LINE('',#18244,#18245);
#18244 = CARTESIAN_POINT('',(68.,9.,0.));
#18245 = VECTOR('',#18246,1.);
#18246 = DIRECTION('',(0.,0.,1.));
#18247 = PCURVE('',#17941,#18248);
#18248 = DEFINITIONAL_REPRESENTATION('',(#18249),#18253);
#18249 = LINE('',#18250,#18251);
#18250 = CARTESIAN_POINT('',(0.,7.));
#18251 = VECTOR('',#18252,1.);
#18252 = DIRECTION('',(1.,0.));
#18253 = ( GEOMETRIC_REPRESENTATION_CONTEXT(2) 
PARAMETRIC_REPRESENTATION_CONTEXT() REPRESENTATION_CONTEXT('2D SPACE',''
  ) );
#18254 = PCURVE('',#17913,#18255);
#18255 = DEFINITIONAL_REPRESENTATION('',(#18256),#18260);
#18256 = LINE('',#18257,#18258);
#18257 = CARTESIAN_POINT('',(1.570796326795,0.));
#18258 = VECTOR('',#18259,1.);
#18259 = DIRECTION('',(0.,1.));
#18260 = ( GEOMETRIC_REPRESENTATION_CONTEXT(2) 
PARAMETRIC_REPRESENTATION_CONTEXT() REPRESENTATION_CONTEXT('2D SPACE',''
  ) );
#18261 = ADVANCED_FACE('',(#18262),#17856,.T.);
#18262 = FACE_BOUND('',#18263,.T.);
#18263 = EDGE_LOOP('',(#18264,#18285,#18286,#18287));
#18264 = ORIENTED_EDGE('',*,*,#18265,.T.);
#18265 = EDGE_CURVE('',#18112,#17836,#18266,.T.);
#18266 = SURFACE_CURVE('',#18267,(#18271,#18278),.PCURVE_S1.);
#18267 = LINE('',#18268,#18269);
#18268 = CARTESIAN_POINT('',(69.,2.,0.));
#18269 = VECTOR('',#18270,1.);
#18270 = DIRECTION('',(0.,0.,1.));
#18271 = PCURVE('',#17856,#18272);
#18272 = DEFINITIONAL_REPRESENTATION('',(#18273),#18277);
#18273 = LINE('',#18274,#18275);
#18274 = CARTESIAN_POINT('',(6.28318530718,0.));
#18275 = VECTOR('',#18276,1.);
#18276 = DIRECTION('',(-0.,1.));
#18277 = ( GEOMETRIC_REPRESENTATION_CONTEXT(2) 
PARAMETRIC_REPRESENTATION_CONTEXT() REPRESENTATION_CONTEXT('2D SPACE',''
  ) );
#18278 = PCURVE('',#17884,#18279);
#18279 = DEFINITIONAL_REPRESENTATION('',(#18280),#18284);
#18280 = LINE('',#18281,#18282);
#18281 = CARTESIAN_POINT('',(0.,-1.));
#18282 = VECTOR('',#18283,1.);
#18283 = DIRECTION('',(1.,0.));
#18284 = ( GEOMETRIC_REPRESENTATION_CONTEXT(2) 
PARAMETRIC_REPRESENTATION_CONTEXT() REPRESENTATION_CONTEXT('2D SPACE',''
  ) );
#18285 = ORIENTED_EDGE('',*,*,#17835,.T.);
#18286 = ORIENTED_EDGE('',*,*,#18214,.F.);
#18287 = ORIENTED_EDGE('',*,*,#18111,.F.);
#18288 = ADVANCED_FACE('',(#18289),#17913,.T.);
#18289 = FACE_BOUND('',#18290,.T.);
#18290 = EDGE_LOOP('',(#18291,#18292,#18293,#18294));
#18291 = ORIENTED_EDGE('',*,*,#18162,.T.);
#18292 = ORIENTED_EDGE('',*,*,#18241,.T.);
#18293 = ORIENTED_EDGE('',*,*,#17896,.F.);
#18294 = ORIENTED_EDGE('',*,*,#18295,.F.);
#18295 = EDGE_CURVE('',#18140,#17869,#18296,.T.);
#18296 = SURFACE_CURVE('',#18297,(#18301,#18308),.PCURVE_S1.);
#18297 = LINE('',#18298,#18299);
#18298 = CARTESIAN_POINT('',(69.,8.,0.));
#18299 = VECTOR('',#18300,1.);
#18300 = DIRECTION('',(0.,0.,1.));
#18301 = PCURVE('',#17913,#18302);
#18302 = DEFINITIONAL_REPRESENTATION('',(#18303),#18307);
#18303 = LINE('',#18304,#18305);
#18304 = CARTESIAN_POINT('',(0.,0.));
#18305 = VECTOR('',#18306,1.);
#18306 = DIRECTION('',(0.,1.));
#18307 = ( GEOMETRIC_REPRESENTATION_CONTEXT(2) 
PARAMETRIC_REPRESENTATION_CONTEXT() REPRESENTATION_CONTEXT('2D SPACE',''
  ) );
#18308 = PCURVE('',#17884,#18309);
#18309 = DEFINITIONAL_REPRESENTATION('',(#18310),#18314);
#18310 = LINE('',#18311,#18312);
#18311 = CARTESIAN_POINT('',(0.,-7.));
#18312 = VECTOR('',#18313,1.);
#18313 = DIRECTION('',(1.,0.));
#18314 = ( GEOMETRIC_REPRESENTATION_CONTEXT(2) 
PARAMETRIC_REPRESENTATION_CONTEXT() REPRESENTATION_CONTEXT('2D SPACE',''
  ) );
#18315 = ADVANCED_FACE('',(#18316),#17884,.T.);
#18316 = FACE_BOUND('',#18317,.T.);
#18317 = EDGE_LOOP('',(#18318,#18319,#18320,#18321));
#18318 = ORIENTED_EDGE('',*,*,#17868,.F.);
#18319 = ORIENTED_EDGE('',*,*,#18265,.F.);
#18320 = ORIENTED_EDGE('',*,*,#18139,.T.);
#18321 = ORIENTED_EDGE('',*,*,#18295,.T.);
#18322 = ( GEOMETRIC_REPRESENTATION_CONTEXT(3) 
GLOBAL_UNCERTAINTY_ASSIGNED_CONTEXT((#18326)) 
GLOBAL_UNIT_ASSIGNED_CONTEXT((#18323,#18324,#18325)) 
REPRESENTATION_CONTEXT('Context #1',
  '3D Context with UNIT and UNCERTAINTY') );
#18323 = ( LENGTH_UNIT() NAMED_UNIT(*) SI_UNIT(.MILLI.,.METRE.) );
#18324 = ( NAMED_UNIT(*) PLANE_ANGLE_UNIT() SI_UNIT($,.RADIAN.) );
#18325 = ( NAMED_UNIT(*) SI_UNIT($,.STERADIAN.) SOLID_ANGLE_UNIT() );
#18326 = UNCERTAINTY_MEASURE_WITH_UNIT(LENGTH_MEASURE(1.E-07),#18323,
  'distance_accuracy_value','confusion accuracy');
#18327 = CONTEXT_DEPENDENT_SHAPE_REPRESENTATION(#18328,#18330);
#18328 = ( REPRESENTATION_RELATIONSHIP('','',#17655,#10) 
REPRESENTATION_RELATIONSHIP_WITH_TRANSFORMATION(#18329) 
SHAPE_REPRESENTATION_RELATIONSHIP() );
#18329 = ITEM_DEFINED_TRANSFORMATION('','',#11,#35);
#18330 = PRODUCT_DEFINITION_SHAPE('Placement','Placement of an item',
  #18331);
#18331 = NEXT_ASSEMBLY_USAGE_OCCURRENCE('8','','',#5,#17650,$);
#18332 = PRODUCT_RELATED_PRODUCT_CATEGORY('part',$,(#17652));
#18333 = SHAPE_DEFINITION_REPRESENTATION(#18334,#18340);
#18334 = PRODUCT_DEFINITION_SHAPE('','',#18335);
#18335 = PRODUCT_DEFINITION('design','',#18336,#18339);
#18336 = PRODUCT_DEFINITION_FORMATION('','',#18337);
#18337 = PRODUCT('Open CASCADE STEP translator 7.8 4.7',
  'Open CASCADE STEP translator 7.8 4.7','',(#18338));
#18338 = PRODUCT_CONTEXT('',#2,'mechanical');
#18339 = PRODUCT_DEFINITION_CONTEXT('part definition',#2,'design');
#18340 = ADVANCED_BREP_SHAPE_REPRESENTATION('',(#11,#18341),#19007);
#18341 = MANIFOLD_SOLID_BREP('',#18342);
#18342 = CLOSED_SHELL('',(#18343,#18463,#18663,#18713,#18767,#18892,
    #18919,#18946,#18973,#19000));
#18343 = ADVANCED_FACE('',(#18344),#18358,.F.);
#18344 = FACE_BOUND('',#18345,.F.);
#18345 = EDGE_LOOP('',(#18346,#18381,#18409,#18437));
#18346 = ORIENTED_EDGE('',*,*,#18347,.F.);
#18347 = EDGE_CURVE('',#18348,#18350,#18352,.T.);
#18348 = VERTEX_POINT('',#18349);
#18349 = CARTESIAN_POINT('',(73.,2.,4.));
#18350 = VERTEX_POINT('',#18351);
#18351 = CARTESIAN_POINT('',(73.,8.,4.));
#18352 = SURFACE_CURVE('',#18353,(#18357,#18369),.PCURVE_S1.);
#18353 = LINE('',#18354,#18355);
#18354 = CARTESIAN_POINT('',(73.,1.,4.));
#18355 = VECTOR('',#18356,1.);
#18356 = DIRECTION('',(0.,1.,0.));
#18357 = PCURVE('',#18358,#18363);
#18358 = PLANE('',#18359);
#18359 = AXIS2_PLACEMENT_3D('',#18360,#18361,#18362);
#18360 = CARTESIAN_POINT('',(73.,1.,0.));
#18361 = DIRECTION('',(1.,0.,0.));
#18362 = DIRECTION('',(0.,0.,1.));
#18363 = DEFINITIONAL_REPRESENTATION('',(#18364),#18368);
#18364 = LINE('',#18365,#18366);
#18365 = CARTESIAN_POINT('',(4.,0.));
#18366 = VECTOR('',#18367,1.);
#18367 = DIRECTION('',(0.,-1.));
#18368 = ( GEOMETRIC_REPRESENTATION_CONTEXT(2) 
PARAMETRIC_REPRESENTATION_CONTEXT() REPRESENTATION_CONTEXT('2D SPACE',''
  ) );
#18369 = PCURVE('',#18370,#18375);
#18370 = PLANE('',#18371);
#18371 = AXIS2_PLACEMENT_3D('',#18372,#18373,#18374);
#18372 = CARTESIAN_POINT('',(73.,1.,4.));
#18373 = DIRECTION('',(0.,0.,1.));
#18374 = DIRECTION('',(1.,0.,-0.));
#18375 = DEFINITIONAL_REPRESENTATION('',(#18376),#18380);
#18376 = LINE('',#18377,#18378);
#18377 = CARTESIAN_POINT('',(0.,0.));
#18378 = VECTOR('',#18379,1.);
#18379 = DIRECTION('',(0.,1.));
#18380 = ( GEOMETRIC_REPRESENTATION_CONTEXT(2) 
PARAMETRIC_REPRESENTATION_CONTEXT() REPRESENTATION_CONTEXT('2D SPACE',''
  ) );
#18381 = ORIENTED_EDGE('',*,*,#18382,.F.);
#18382 = EDGE_CURVE('',#18383,#18348,#18385,.T.);
#18383 = VERTEX_POINT('',#18384);
#18384 = CARTESIAN_POINT('',(73.,2.,0.));
#18385 = SURFACE_CURVE('',#18386,(#18390,#18397),.PCURVE_S1.);
#18386 = LINE('',#18387,#18388);
#18387 = CARTESIAN_POINT('',(73.,2.,0.));
#18388 = VECTOR('',#18389,1.);
#18389 = DIRECTION('',(0.,0.,1.));
#18390 = PCURVE('',#18358,#18391);
#18391 = DEFINITIONAL_REPRESENTATION('',(#18392),#18396);
#18392 = LINE('',#18393,#18394);
#18393 = CARTESIAN_POINT('',(0.,-1.));
#18394 = VECTOR('',#18395,1.);
#18395 = DIRECTION('',(1.,0.));
#18396 = ( GEOMETRIC_REPRESENTATION_CONTEXT(2) 
PARAMETRIC_REPRESENTATION_CONTEXT() REPRESENTATION_CONTEXT('2D SPACE',''
  ) );
#18397 = PCURVE('',#18398,#18403);
#18398 = CYLINDRICAL_SURFACE('',#18399,1.);
#18399 = AXIS2_PLACEMENT_3D('',#18400,#18401,#18402);
#18400 = CARTESIAN_POINT('',(74.,2.,0.));
#18401 = DIRECTION('',(0.,0.,1.));
#18402 = DIRECTION('',(-1.,-0.,0.));
#18403 = DEFINITIONAL_REPRESENTATION('',(#18404),#18408);
#18404 = LINE('',#18405,#18406);
#18405 = CARTESIAN_POINT('',(0.,0.));
#18406 = VECTOR('',#18407,1.);
#18407 = DIRECTION('',(0.,1.));
#18408 = ( GEOMETRIC_REPRESENTATION_CONTEXT(2) 
PARAMETRIC_REPRESENTATION_CONTEXT() REPRESENTATION_CONTEXT('2D SPACE',''
  ) );
#18409 = ORIENTED_EDGE('',*,*,#18410,.T.);
#18410 = EDGE_CURVE('',#18383,#18411,#18413,.T.);
#18411 = VERTEX_POINT('',#18412);
#18412 = CARTESIAN_POINT('',(73.,8.,0.));
#18413 = SURFACE_CURVE('',#18414,(#18418,#18425),.PCURVE_S1.);
#18414 = LINE('',#18415,#18416);
#18415 = CARTESIAN_POINT('',(73.,1.,0.));
#18416 = VECTOR('',#18417,1.);
#18417 = DIRECTION('',(0.,1.,0.));
#18418 = PCURVE('',#18358,#18419);
#18419 = DEFINITIONAL_REPRESENTATION('',(#18420),#18424);
#18420 = LINE('',#18421,#18422);
#18421 = CARTESIAN_POINT('',(0.,0.));
#18422 = VECTOR('',#18423,1.);
#18423 = DIRECTION('',(0.,-1.));
#18424 = ( GEOMETRIC_REPRESENTATION_CONTEXT(2) 
PARAMETRIC_REPRESENTATION_CONTEXT() REPRESENTATION_CONTEXT('2D SPACE',''
  ) );
#18425 = PCURVE('',#18426,#18431);
#18426 = PLANE('',#18427);
#18427 = AXIS2_PLACEMENT_3D('',#18428,#18429,#18430);
#18428 = CARTESIAN_POINT('',(73.,1.,0.));
#18429 = DIRECTION('',(0.,0.,1.));
#18430 = DIRECTION('',(1.,0.,-0.));
#18431 = DEFINITIONAL_REPRESENTATION('',(#18432),#18436);
#18432 = LINE('',#18433,#18434);
#18433 = CARTESIAN_POINT('',(0.,0.));
#18434 = VECTOR('',#18435,1.);
#18435 = DIRECTION('',(0.,1.));
#18436 = ( GEOMETRIC_REPRESENTATION_CONTEXT(2) 
PARAMETRIC_REPRESENTATION_CONTEXT() REPRESENTATION_CONTEXT('2D SPACE',''
  ) );
#18437 = ORIENTED_EDGE('',*,*,#18438,.T.);
#18438 = EDGE_CURVE('',#18411,#18350,#18439,.T.);
#18439 = SURFACE_CURVE('',#18440,(#18444,#18451),.PCURVE_S1.);
#18440 = LINE('',#18441,#18442);
#18441 = CARTESIAN_POINT('',(73.,8.,0.));
#18442 = VECTOR('',#18443,1.);
#18443 = DIRECTION('',(0.,0.,1.));
#18444 = PCURVE('',#18358,#18445);
#18445 = DEFINITIONAL_REPRESENTATION('',(#18446),#18450);
#18446 = LINE('',#18447,#18448);
#18447 = CARTESIAN_POINT('',(0.,-7.));
#18448 = VECTOR('',#18449,1.);
#18449 = DIRECTION('',(1.,0.));
#18450 = ( GEOMETRIC_REPRESENTATION_CONTEXT(2) 
PARAMETRIC_REPRESENTATION_CONTEXT() REPRESENTATION_CONTEXT('2D SPACE',''
  ) );
#18451 = PCURVE('',#18452,#18457);
#18452 = CYLINDRICAL_SURFACE('',#18453,1.);
#18453 = AXIS2_PLACEMENT_3D('',#18454,#18455,#18456);
#18454 = CARTESIAN_POINT('',(74.,8.,0.));
#18455 = DIRECTION('',(0.,0.,1.));
#18456 = DIRECTION('',(-1.,-0.,0.));
#18457 = DEFINITIONAL_REPRESENTATION('',(#18458),#18462);
#18458 = LINE('',#18459,#18460);
#18459 = CARTESIAN_POINT('',(6.28318530718,0.));
#18460 = VECTOR('',#18461,1.);
#18461 = DIRECTION('',(-0.,1.));
#18462 = ( GEOMETRIC_REPRESENTATION_CONTEXT(2) 
PARAMETRIC_REPRESENTATION_CONTEXT() REPRESENTATION_CONTEXT('2D SPACE',''
  ) );
#18463 = ADVANCED_FACE('',(#18464),#18370,.T.);
#18464 = FACE_BOUND('',#18465,.T.);
#18465 = EDGE_LOOP('',(#18466,#18467,#18491,#18519,#18552,#18580,#18609,
    #18637));
#18466 = ORIENTED_EDGE('',*,*,#18347,.F.);
#18467 = ORIENTED_EDGE('',*,*,#18468,.T.);
#18468 = EDGE_CURVE('',#18348,#18469,#18471,.T.);
#18469 = VERTEX_POINT('',#18470);
#18470 = CARTESIAN_POINT('',(74.,1.,4.));
#18471 = SURFACE_CURVE('',#18472,(#18477,#18484),.PCURVE_S1.);
#18472 = CIRCLE('',#18473,1.);
#18473 = AXIS2_PLACEMENT_3D('',#18474,#18475,#18476);
#18474 = CARTESIAN_POINT('',(74.,2.,4.));
#18475 = DIRECTION('',(0.,0.,1.));
#18476 = DIRECTION('',(0.,-1.,0.));
#18477 = PCURVE('',#18370,#18478);
#18478 = DEFINITIONAL_REPRESENTATION('',(#18479),#18483);
#18479 = CIRCLE('',#18480,1.);
#18480 = AXIS2_PLACEMENT_2D('',#18481,#18482);
#18481 = CARTESIAN_POINT('',(1.,1.));
#18482 = DIRECTION('',(0.,-1.));
#18483 = ( GEOMETRIC_REPRESENTATION_CONTEXT(2) 
PARAMETRIC_REPRESENTATION_CONTEXT() REPRESENTATION_CONTEXT('2D SPACE',''
  ) );
#18484 = PCURVE('',#18398,#18485);
#18485 = DEFINITIONAL_REPRESENTATION('',(#18486),#18490);
#18486 = LINE('',#18487,#18488);
#18487 = CARTESIAN_POINT('',(-4.712388980385,4.));
#18488 = VECTOR('',#18489,1.);
#18489 = DIRECTION('',(1.,0.));
#18490 = ( GEOMETRIC_REPRESENTATION_CONTEXT(2) 
PARAMETRIC_REPRESENTATION_CONTEXT() REPRESENTATION_CONTEXT('2D SPACE',''
  ) );
#18491 = ORIENTED_EDGE('',*,*,#18492,.T.);
#18492 = EDGE_CURVE('',#18469,#18493,#18495,.T.);
#18493 = VERTEX_POINT('',#18494);
#18494 = CARTESIAN_POINT('',(80.,1.,4.));
#18495 = SURFACE_CURVE('',#18496,(#18500,#18507),.PCURVE_S1.);
#18496 = LINE('',#18497,#18498);
#18497 = CARTESIAN_POINT('',(73.,1.,4.));
#18498 = VECTOR('',#18499,1.);
#18499 = DIRECTION('',(1.,0.,0.));
#18500 = PCURVE('',#18370,#18501);
#18501 = DEFINITIONAL_REPRESENTATION('',(#18502),#18506);
#18502 = LINE('',#18503,#18504);
#18503 = CARTESIAN_POINT('',(0.,0.));
#18504 = VECTOR('',#18505,1.);
#18505 = DIRECTION('',(1.,0.));
#18506 = ( GEOMETRIC_REPRESENTATION_CONTEXT(2) 
PARAMETRIC_REPRESENTATION_CONTEXT() REPRESENTATION_CONTEXT('2D SPACE',''
  ) );
#18507 = PCURVE('',#18508,#18513);
#18508 = PLANE('',#18509);
#18509 = AXIS2_PLACEMENT_3D('',#18510,#18511,#18512);
#18510 = CARTESIAN_POINT('',(73.,1.,0.));
#18511 = DIRECTION('',(0.,1.,0.));
#18512 = DIRECTION('',(0.,-0.,1.));
#18513 = DEFINITIONAL_REPRESENTATION('',(#18514),#18518);
#18514 = LINE('',#18515,#18516);
#18515 = CARTESIAN_POINT('',(4.,0.));
#18516 = VECTOR('',#18517,1.);
#18517 = DIRECTION('',(0.,1.));
#18518 = ( GEOMETRIC_REPRESENTATION_CONTEXT(2) 
PARAMETRIC_REPRESENTATION_CONTEXT() REPRESENTATION_CONTEXT('2D SPACE',''
  ) );
#18519 = ORIENTED_EDGE('',*,*,#18520,.F.);
#18520 = EDGE_CURVE('',#18521,#18493,#18523,.T.);
#18521 = VERTEX_POINT('',#18522);
#18522 = CARTESIAN_POINT('',(81.,2.,4.));
#18523 = SURFACE_CURVE('',#18524,(#18529,#18540),.PCURVE_S1.);
#18524 = CIRCLE('',#18525,1.);
#18525 = AXIS2_PLACEMENT_3D('',#18526,#18527,#18528);
#18526 = CARTESIAN_POINT('',(80.,2.,4.));
#18527 = DIRECTION('',(-0.,-0.,-1.));
#18528 = DIRECTION('',(0.,-1.,0.));
#18529 = PCURVE('',#18370,#18530);
#18530 = DEFINITIONAL_REPRESENTATION('',(#18531),#18539);
#18531 = ( BOUNDED_CURVE() B_SPLINE_CURVE(2,(#18532,#18533,#18534,#18535
    ,#18536,#18537,#18538),.UNSPECIFIED.,.T.,.F.) 
B_SPLINE_CURVE_WITH_KNOTS((1,2,2,2,2,1),(-2.094395102393,0.,
    2.094395102393,4.188790204786,6.28318530718,8.377580409573),
.UNSPECIFIED.) CURVE() GEOMETRIC_REPRESENTATION_ITEM() 
RATIONAL_B_SPLINE_CURVE((1.,0.5,1.,0.5,1.,0.5,1.)) REPRESENTATION_ITEM(
  '') );
#18532 = CARTESIAN_POINT('',(7.,0.));
#18533 = CARTESIAN_POINT('',(5.267949192431,0.));
#18534 = CARTESIAN_POINT('',(6.133974596216,1.5));
#18535 = CARTESIAN_POINT('',(7.,3.));
#18536 = CARTESIAN_POINT('',(7.866025403784,1.5));
#18537 = CARTESIAN_POINT('',(8.732050807569,1.554312234475E-15));
#18538 = CARTESIAN_POINT('',(7.,0.));
#18539 = ( GEOMETRIC_REPRESENTATION_CONTEXT(2) 
PARAMETRIC_REPRESENTATION_CONTEXT() REPRESENTATION_CONTEXT('2D SPACE',''
  ) );
#18540 = PCURVE('',#18541,#18546);
#18541 = CYLINDRICAL_SURFACE('',#18542,1.);
#18542 = AXIS2_PLACEMENT_3D('',#18543,#18544,#18545);
#18543 = CARTESIAN_POINT('',(80.,2.,0.));
#18544 = DIRECTION('',(0.,0.,1.));
#18545 = DIRECTION('',(1.,0.,-0.));
#18546 = DEFINITIONAL_REPRESENTATION('',(#18547),#18551);
#18547 = LINE('',#18548,#18549);
#18548 = CARTESIAN_POINT('',(10.995574287565,4.));
#18549 = VECTOR('',#18550,1.);
#18550 = DIRECTION('',(-1.,0.));
#18551 = ( GEOMETRIC_REPRESENTATION_CONTEXT(2) 
PARAMETRIC_REPRESENTATION_CONTEXT() REPRESENTATION_CONTEXT('2D SPACE',''
  ) );
#18552 = ORIENTED_EDGE('',*,*,#18553,.T.);
#18553 = EDGE_CURVE('',#18521,#18554,#18556,.T.);
#18554 = VERTEX_POINT('',#18555);
#18555 = CARTESIAN_POINT('',(81.,8.,4.));
#18556 = SURFACE_CURVE('',#18557,(#18561,#18568),.PCURVE_S1.);
#18557 = LINE('',#18558,#18559);
#18558 = CARTESIAN_POINT('',(81.,1.,4.));
#18559 = VECTOR('',#18560,1.);
#18560 = DIRECTION('',(0.,1.,0.));
#18561 = PCURVE('',#18370,#18562);
#18562 = DEFINITIONAL_REPRESENTATION('',(#18563),#18567);
#18563 = LINE('',#18564,#18565);
#18564 = CARTESIAN_POINT('',(8.,0.));
#18565 = VECTOR('',#18566,1.);
#18566 = DIRECTION('',(0.,1.));
#18567 = ( GEOMETRIC_REPRESENTATION_CONTEXT(2) 
PARAMETRIC_REPRESENTATION_CONTEXT() REPRESENTATION_CONTEXT('2D SPACE',''
  ) );
#18568 = PCURVE('',#18569,#18574);
#18569 = PLANE('',#18570);
#18570 = AXIS2_PLACEMENT_3D('',#18571,#18572,#18573);
#18571 = CARTESIAN_POINT('',(81.,1.,0.));
#18572 = DIRECTION('',(1.,0.,0.));
#18573 = DIRECTION('',(0.,0.,1.));
#18574 = DEFINITIONAL_REPRESENTATION('',(#18575),#18579);
#18575 = LINE('',#18576,#18577);
#18576 = CARTESIAN_POINT('',(4.,0.));
#18577 = VECTOR('',#18578,1.);
#18578 = DIRECTION('',(0.,-1.));
#18579 = ( GEOMETRIC_REPRESENTATION_CONTEXT(2) 
PARAMETRIC_REPRESENTATION_CONTEXT() REPRESENTATION_CONTEXT('2D SPACE',''
  ) );
#18580 = ORIENTED_EDGE('',*,*,#18581,.T.);
#18581 = EDGE_CURVE('',#18554,#18582,#18584,.T.);
#18582 = VERTEX_POINT('',#18583);
#18583 = CARTESIAN_POINT('',(80.,9.,4.));
#18584 = SURFACE_CURVE('',#18585,(#18590,#18597),.PCURVE_S1.);
#18585 = CIRCLE('',#18586,1.);
#18586 = AXIS2_PLACEMENT_3D('',#18587,#18588,#18589);
#18587 = CARTESIAN_POINT('',(80.,8.,4.));
#18588 = DIRECTION('',(0.,0.,1.));
#18589 = DIRECTION('',(0.,-1.,0.));
#18590 = PCURVE('',#18370,#18591);
#18591 = DEFINITIONAL_REPRESENTATION('',(#18592),#18596);
#18592 = CIRCLE('',#18593,1.);
#18593 = AXIS2_PLACEMENT_2D('',#18594,#18595);
#18594 = CARTESIAN_POINT('',(7.,7.));
#18595 = DIRECTION('',(0.,-1.));
#18596 = ( GEOMETRIC_REPRESENTATION_CONTEXT(2) 
PARAMETRIC_REPRESENTATION_CONTEXT() REPRESENTATION_CONTEXT('2D SPACE',''
  ) );
#18597 = PCURVE('',#18598,#18603);
#18598 = CYLINDRICAL_SURFACE('',#18599,1.);
#18599 = AXIS2_PLACEMENT_3D('',#18600,#18601,#18602);
#18600 = CARTESIAN_POINT('',(80.,8.,0.));
#18601 = DIRECTION('',(0.,0.,1.));
#18602 = DIRECTION('',(1.,0.,-0.));
#18603 = DEFINITIONAL_REPRESENTATION('',(#18604),#18608);
#18604 = LINE('',#18605,#18606);
#18605 = CARTESIAN_POINT('',(-1.570796326795,4.));
#18606 = VECTOR('',#18607,1.);
#18607 = DIRECTION('',(1.,0.));
#18608 = ( GEOMETRIC_REPRESENTATION_CONTEXT(2) 
PARAMETRIC_REPRESENTATION_CONTEXT() REPRESENTATION_CONTEXT('2D SPACE',''
  ) );
#18609 = ORIENTED_EDGE('',*,*,#18610,.F.);
#18610 = EDGE_CURVE('',#18611,#18582,#18613,.T.);
#18611 = VERTEX_POINT('',#18612);
#18612 = CARTESIAN_POINT('',(74.,9.,4.));
#18613 = SURFACE_CURVE('',#18614,(#18618,#18625),.PCURVE_S1.);
#18614 = LINE('',#18615,#18616);
#18615 = CARTESIAN_POINT('',(73.,9.,4.));
#18616 = VECTOR('',#18617,1.);
#18617 = DIRECTION('',(1.,0.,0.));
#18618 = PCURVE('',#18370,#18619);
#18619 = DEFINITIONAL_REPRESENTATION('',(#18620),#18624);
#18620 = LINE('',#18621,#18622);
#18621 = CARTESIAN_POINT('',(0.,8.));
#18622 = VECTOR('',#18623,1.);
#18623 = DIRECTION('',(1.,0.));
#18624 = ( GEOMETRIC_REPRESENTATION_CONTEXT(2) 
PARAMETRIC_REPRESENTATION_CONTEXT() REPRESENTATION_CONTEXT('2D SPACE',''
  ) );
#18625 = PCURVE('',#18626,#18631);
#18626 = PLANE('',#18627);
#18627 = AXIS2_PLACEMENT_3D('',#18628,#18629,#18630);
#18628 = CARTESIAN_POINT('',(73.,9.,0.));
#18629 = DIRECTION('',(0.,1.,0.));
#18630 = DIRECTION('',(0.,-0.,1.));
#18631 = DEFINITIONAL_REPRESENTATION('',(#18632),#18636);
#18632 = LINE('',#18633,#18634);
#18633 = CARTESIAN_POINT('',(4.,0.));
#18634 = VECTOR('',#18635,1.);
#18635 = DIRECTION('',(0.,1.));
#18636 = ( GEOMETRIC_REPRESENTATION_CONTEXT(2) 
PARAMETRIC_REPRESENTATION_CONTEXT() REPRESENTATION_CONTEXT('2D SPACE',''
  ) );
#18637 = ORIENTED_EDGE('',*,*,#18638,.F.);
#18638 = EDGE_CURVE('',#18350,#18611,#18639,.T.);
#18639 = SURFACE_CURVE('',#18640,(#18645,#18656),.PCURVE_S1.);
#18640 = CIRCLE('',#18641,1.);
#18641 = AXIS2_PLACEMENT_3D('',#18642,#18643,#18644);
#18642 = CARTESIAN_POINT('',(74.,8.,4.));
#18643 = DIRECTION('',(-0.,-0.,-1.));
#18644 = DIRECTION('',(0.,-1.,0.));
#18645 = PCURVE('',#18370,#18646);
#18646 = DEFINITIONAL_REPRESENTATION('',(#18647),#18655);
#18647 = ( BOUNDED_CURVE() B_SPLINE_CURVE(2,(#18648,#18649,#18650,#18651
    ,#18652,#18653,#18654),.UNSPECIFIED.,.T.,.F.) 
B_SPLINE_CURVE_WITH_KNOTS((1,2,2,2,2,1),(-2.094395102393,0.,
    2.094395102393,4.188790204786,6.28318530718,8.377580409573),
.UNSPECIFIED.) CURVE() GEOMETRIC_REPRESENTATION_ITEM() 
RATIONAL_B_SPLINE_CURVE((1.,0.5,1.,0.5,1.,0.5,1.)) REPRESENTATION_ITEM(
  '') );
#18648 = CARTESIAN_POINT('',(1.,6.));
#18649 = CARTESIAN_POINT('',(-0.732050807569,6.));
#18650 = CARTESIAN_POINT('',(0.133974596216,7.5));
#18651 = CARTESIAN_POINT('',(1.,9.));
#18652 = CARTESIAN_POINT('',(1.866025403784,7.5));
#18653 = CARTESIAN_POINT('',(2.732050807569,6.));
#18654 = CARTESIAN_POINT('',(1.,6.));
#18655 = ( GEOMETRIC_REPRESENTATION_CONTEXT(2) 
PARAMETRIC_REPRESENTATION_CONTEXT() REPRESENTATION_CONTEXT('2D SPACE',''
  ) );
#18656 = PCURVE('',#18452,#18657);
#18657 = DEFINITIONAL_REPRESENTATION('',(#18658),#18662);
#18658 = LINE('',#18659,#18660);
#18659 = CARTESIAN_POINT('',(7.853981633975,4.));
#18660 = VECTOR('',#18661,1.);
#18661 = DIRECTION('',(-1.,0.));
#18662 = ( GEOMETRIC_REPRESENTATION_CONTEXT(2) 
PARAMETRIC_REPRESENTATION_CONTEXT() REPRESENTATION_CONTEXT('2D SPACE',''
  ) );
#18663 = ADVANCED_FACE('',(#18664),#18398,.T.);
#18664 = FACE_BOUND('',#18665,.T.);
#18665 = EDGE_LOOP('',(#18666,#18690,#18711,#18712));
#18666 = ORIENTED_EDGE('',*,*,#18667,.T.);
#18667 = EDGE_CURVE('',#18383,#18668,#18670,.T.);
#18668 = VERTEX_POINT('',#18669);
#18669 = CARTESIAN_POINT('',(74.,1.,0.));
#18670 = SURFACE_CURVE('',#18671,(#18676,#18683),.PCURVE_S1.);
#18671 = CIRCLE('',#18672,1.);
#18672 = AXIS2_PLACEMENT_3D('',#18673,#18674,#18675);
#18673 = CARTESIAN_POINT('',(74.,2.,0.));
#18674 = DIRECTION('',(0.,0.,1.));
#18675 = DIRECTION('',(0.,-1.,0.));
#18676 = PCURVE('',#18398,#18677);
#18677 = DEFINITIONAL_REPRESENTATION('',(#18678),#18682);
#18678 = LINE('',#18679,#18680);
#18679 = CARTESIAN_POINT('',(-4.712388980385,0.));
#18680 = VECTOR('',#18681,1.);
#18681 = DIRECTION('',(1.,0.));
#18682 = ( GEOMETRIC_REPRESENTATION_CONTEXT(2) 
PARAMETRIC_REPRESENTATION_CONTEXT() REPRESENTATION_CONTEXT('2D SPACE',''
  ) );
#18683 = PCURVE('',#18426,#18684);
#18684 = DEFINITIONAL_REPRESENTATION('',(#18685),#18689);
#18685 = CIRCLE('',#18686,1.);
#18686 = AXIS2_PLACEMENT_2D('',#18687,#18688);
#18687 = CARTESIAN_POINT('',(1.,1.));
#18688 = DIRECTION('',(0.,-1.));
#18689 = ( GEOMETRIC_REPRESENTATION_CONTEXT(2) 
PARAMETRIC_REPRESENTATION_CONTEXT() REPRESENTATION_CONTEXT('2D SPACE',''
  ) );
#18690 = ORIENTED_EDGE('',*,*,#18691,.T.);
#18691 = EDGE_CURVE('',#18668,#18469,#18692,.T.);
#18692 = SURFACE_CURVE('',#18693,(#18697,#18704),.PCURVE_S1.);
#18693 = LINE('',#18694,#18695);
#18694 = CARTESIAN_POINT('',(74.,1.,0.));
#18695 = VECTOR('',#18696,1.);
#18696 = DIRECTION('',(0.,0.,1.));
#18697 = PCURVE('',#18398,#18698);
#18698 = DEFINITIONAL_REPRESENTATION('',(#18699),#18703);
#18699 = LINE('',#18700,#18701);
#18700 = CARTESIAN_POINT('',(1.570796326795,0.));
#18701 = VECTOR('',#18702,1.);
#18702 = DIRECTION('',(0.,1.));
#18703 = ( GEOMETRIC_REPRESENTATION_CONTEXT(2) 
PARAMETRIC_REPRESENTATION_CONTEXT() REPRESENTATION_CONTEXT('2D SPACE',''
  ) );
#18704 = PCURVE('',#18508,#18705);
#18705 = DEFINITIONAL_REPRESENTATION('',(#18706),#18710);
#18706 = LINE('',#18707,#18708);
#18707 = CARTESIAN_POINT('',(0.,1.));
#18708 = VECTOR('',#18709,1.);
#18709 = DIRECTION('',(1.,0.));
#18710 = ( GEOMETRIC_REPRESENTATION_CONTEXT(2) 
PARAMETRIC_REPRESENTATION_CONTEXT() REPRESENTATION_CONTEXT('2D SPACE',''
  ) );
#18711 = ORIENTED_EDGE('',*,*,#18468,.F.);
#18712 = ORIENTED_EDGE('',*,*,#18382,.F.);
#18713 = ADVANCED_FACE('',(#18714),#18452,.T.);
#18714 = FACE_BOUND('',#18715,.T.);
#18715 = EDGE_LOOP('',(#18716,#18717,#18718,#18741));
#18716 = ORIENTED_EDGE('',*,*,#18438,.T.);
#18717 = ORIENTED_EDGE('',*,*,#18638,.T.);
#18718 = ORIENTED_EDGE('',*,*,#18719,.F.);
#18719 = EDGE_CURVE('',#18720,#18611,#18722,.T.);
#18720 = VERTEX_POINT('',#18721);
#18721 = CARTESIAN_POINT('',(74.,9.,0.));
#18722 = SURFACE_CURVE('',#18723,(#18727,#18734),.PCURVE_S1.);
#18723 = LINE('',#18724,#18725);
#18724 = CARTESIAN_POINT('',(74.,9.,0.));
#18725 = VECTOR('',#18726,1.);
#18726 = DIRECTION('',(0.,0.,1.));
#18727 = PCURVE('',#18452,#18728);
#18728 = DEFINITIONAL_REPRESENTATION('',(#18729),#18733);
#18729 = LINE('',#18730,#18731);
#18730 = CARTESIAN_POINT('',(4.712388980385,0.));
#18731 = VECTOR('',#18732,1.);
#18732 = DIRECTION('',(-0.,1.));
#18733 = ( GEOMETRIC_REPRESENTATION_CONTEXT(2) 
PARAMETRIC_REPRESENTATION_CONTEXT() REPRESENTATION_CONTEXT('2D SPACE',''
  ) );
#18734 = PCURVE('',#18626,#18735);
#18735 = DEFINITIONAL_REPRESENTATION('',(#18736),#18740);
#18736 = LINE('',#18737,#18738);
#18737 = CARTESIAN_POINT('',(0.,1.));
#18738 = VECTOR('',#18739,1.);
#18739 = DIRECTION('',(1.,0.));
#18740 = ( GEOMETRIC_REPRESENTATION_CONTEXT(2) 
PARAMETRIC_REPRESENTATION_CONTEXT() REPRESENTATION_CONTEXT('2D SPACE',''
  ) );
#18741 = ORIENTED_EDGE('',*,*,#18742,.F.);
#18742 = EDGE_CURVE('',#18411,#18720,#18743,.T.);
#18743 = SURFACE_CURVE('',#18744,(#18749,#18756),.PCURVE_S1.);
#18744 = CIRCLE('',#18745,1.);
#18745 = AXIS2_PLACEMENT_3D('',#18746,#18747,#18748);
#18746 = CARTESIAN_POINT('',(74.,8.,0.));
#18747 = DIRECTION('',(-0.,-0.,-1.));
#18748 = DIRECTION('',(0.,-1.,0.));
#18749 = PCURVE('',#18452,#18750);
#18750 = DEFINITIONAL_REPRESENTATION('',(#18751),#18755);
#18751 = LINE('',#18752,#18753);
#18752 = CARTESIAN_POINT('',(7.853981633975,0.));
#18753 = VECTOR('',#18754,1.);
#18754 = DIRECTION('',(-1.,0.));
#18755 = ( GEOMETRIC_REPRESENTATION_CONTEXT(2) 
PARAMETRIC_REPRESENTATION_CONTEXT() REPRESENTATION_CONTEXT('2D SPACE',''
  ) );
#18756 = PCURVE('',#18426,#18757);
#18757 = DEFINITIONAL_REPRESENTATION('',(#18758),#18766);
#18758 = ( BOUNDED_CURVE() B_SPLINE_CURVE(2,(#18759,#18760,#18761,#18762
    ,#18763,#18764,#18765),.UNSPECIFIED.,.T.,.F.) 
B_SPLINE_CURVE_WITH_KNOTS((1,2,2,2,2,1),(-2.094395102393,0.,
    2.094395102393,4.188790204786,6.28318530718,8.377580409573),
.UNSPECIFIED.) CURVE() GEOMETRIC_REPRESENTATION_ITEM() 
RATIONAL_B_SPLINE_CURVE((1.,0.5,1.,0.5,1.,0.5,1.)) REPRESENTATION_ITEM(
  '') );
#18759 = CARTESIAN_POINT('',(1.,6.));
#18760 = CARTESIAN_POINT('',(-0.732050807569,6.));
#18761 = CARTESIAN_POINT('',(0.133974596216,7.5));
#18762 = CARTESIAN_POINT('',(1.,9.));
#18763 = CARTESIAN_POINT('',(1.866025403784,7.5));
#18764 = CARTESIAN_POINT('',(2.732050807569,6.));
#18765 = CARTESIAN_POINT('',(1.,6.));
#18766 = ( GEOMETRIC_REPRESENTATION_CONTEXT(2) 
PARAMETRIC_REPRESENTATION_CONTEXT() REPRESENTATION_CONTEXT('2D SPACE',''
  ) );
#18767 = ADVANCED_FACE('',(#18768),#18426,.F.);
#18768 = FACE_BOUND('',#18769,.F.);
#18769 = EDGE_LOOP('',(#18770,#18771,#18772,#18795,#18823,#18846,#18870,
    #18891));
#18770 = ORIENTED_EDGE('',*,*,#18410,.F.);
#18771 = ORIENTED_EDGE('',*,*,#18667,.T.);
#18772 = ORIENTED_EDGE('',*,*,#18773,.T.);
#18773 = EDGE_CURVE('',#18668,#18774,#18776,.T.);
#18774 = VERTEX_POINT('',#18775);
#18775 = CARTESIAN_POINT('',(80.,1.,0.));
#18776 = SURFACE_CURVE('',#18777,(#18781,#18788),.PCURVE_S1.);
#18777 = LINE('',#18778,#18779);
#18778 = CARTESIAN_POINT('',(73.,1.,0.));
#18779 = VECTOR('',#18780,1.);
#18780 = DIRECTION('',(1.,0.,0.));
#18781 = PCURVE('',#18426,#18782);
#18782 = DEFINITIONAL_REPRESENTATION('',(#18783),#18787);
#18783 = LINE('',#18784,#18785);
#18784 = CARTESIAN_POINT('',(0.,0.));
#18785 = VECTOR('',#18786,1.);
#18786 = DIRECTION('',(1.,0.));
#18787 = ( GEOMETRIC_REPRESENTATION_CONTEXT(2) 
PARAMETRIC_REPRESENTATION_CONTEXT() REPRESENTATION_CONTEXT('2D SPACE',''
  ) );
#18788 = PCURVE('',#18508,#18789);
#18789 = DEFINITIONAL_REPRESENTATION('',(#18790),#18794);
#18790 = LINE('',#18791,#18792);
#18791 = CARTESIAN_POINT('',(0.,0.));
#18792 = VECTOR('',#18793,1.);
#18793 = DIRECTION('',(0.,1.));
#18794 = ( GEOMETRIC_REPRESENTATION_CONTEXT(2) 
PARAMETRIC_REPRESENTATION_CONTEXT() REPRESENTATION_CONTEXT('2D SPACE',''
  ) );
#18795 = ORIENTED_EDGE('',*,*,#18796,.F.);
#18796 = EDGE_CURVE('',#18797,#18774,#18799,.T.);
#18797 = VERTEX_POINT('',#18798);
#18798 = CARTESIAN_POINT('',(81.,2.,0.));
#18799 = SURFACE_CURVE('',#18800,(#18805,#18816),.PCURVE_S1.);
#18800 = CIRCLE('',#18801,1.);
#18801 = AXIS2_PLACEMENT_3D('',#18802,#18803,#18804);
#18802 = CARTESIAN_POINT('',(80.,2.,0.));
#18803 = DIRECTION('',(-0.,-0.,-1.));
#18804 = DIRECTION('',(0.,-1.,0.));
#18805 = PCURVE('',#18426,#18806);
#18806 = DEFINITIONAL_REPRESENTATION('',(#18807),#18815);
#18807 = ( BOUNDED_CURVE() B_SPLINE_CURVE(2,(#18808,#18809,#18810,#18811
    ,#18812,#18813,#18814),.UNSPECIFIED.,.T.,.F.) 
B_SPLINE_CURVE_WITH_KNOTS((1,2,2,2,2,1),(-2.094395102393,0.,
    2.094395102393,4.188790204786,6.28318530718,8.377580409573),
.UNSPECIFIED.) CURVE() GEOMETRIC_REPRESENTATION_ITEM() 
RATIONAL_B_SPLINE_CURVE((1.,0.5,1.,0.5,1.,0.5,1.)) REPRESENTATION_ITEM(
  '') );
#18808 = CARTESIAN_POINT('',(7.,0.));
#18809 = CARTESIAN_POINT('',(5.267949192431,0.));
#18810 = CARTESIAN_POINT('',(6.133974596216,1.5));
#18811 = CARTESIAN_POINT('',(7.,3.));
#18812 = CARTESIAN_POINT('',(7.866025403784,1.5));
#18813 = CARTESIAN_POINT('',(8.732050807569,1.554312234475E-15));
#18814 = CARTESIAN_POINT('',(7.,0.));
#18815 = ( GEOMETRIC_REPRESENTATION_CONTEXT(2) 
PARAMETRIC_REPRESENTATION_CONTEXT() REPRESENTATION_CONTEXT('2D SPACE',''
  ) );
#18816 = PCURVE('',#18541,#18817);
#18817 = DEFINITIONAL_REPRESENTATION('',(#18818),#18822);
#18818 = LINE('',#18819,#18820);
#18819 = CARTESIAN_POINT('',(10.995574287565,0.));
#18820 = VECTOR('',#18821,1.);
#18821 = DIRECTION('',(-1.,0.));
#18822 = ( GEOMETRIC_REPRESENTATION_CONTEXT(2) 
PARAMETRIC_REPRESENTATION_CONTEXT() REPRESENTATION_CONTEXT('2D SPACE',''
  ) );
#18823 = ORIENTED_EDGE('',*,*,#18824,.T.);
#18824 = EDGE_CURVE('',#18797,#18825,#18827,.T.);
#18825 = VERTEX_POINT('',#18826);
#18826 = CARTESIAN_POINT('',(81.,8.,0.));
#18827 = SURFACE_CURVE('',#18828,(#18832,#18839),.PCURVE_S1.);
#18828 = LINE('',#18829,#18830);
#18829 = CARTESIAN_POINT('',(81.,1.,0.));
#18830 = VECTOR('',#18831,1.);
#18831 = DIRECTION('',(0.,1.,0.));
#18832 = PCURVE('',#18426,#18833);
#18833 = DEFINITIONAL_REPRESENTATION('',(#18834),#18838);
#18834 = LINE('',#18835,#18836);
#18835 = CARTESIAN_POINT('',(8.,0.));
#18836 = VECTOR('',#18837,1.);
#18837 = DIRECTION('',(0.,1.));
#18838 = ( GEOMETRIC_REPRESENTATION_CONTEXT(2) 
PARAMETRIC_REPRESENTATION_CONTEXT() REPRESENTATION_CONTEXT('2D SPACE',''
  ) );
#18839 = PCURVE('',#18569,#18840);
#18840 = DEFINITIONAL_REPRESENTATION('',(#18841),#18845);
#18841 = LINE('',#18842,#18843);
#18842 = CARTESIAN_POINT('',(0.,0.));
#18843 = VECTOR('',#18844,1.);
#18844 = DIRECTION('',(0.,-1.));
#18845 = ( GEOMETRIC_REPRESENTATION_CONTEXT(2) 
PARAMETRIC_REPRESENTATION_CONTEXT() REPRESENTATION_CONTEXT('2D SPACE',''
  ) );
#18846 = ORIENTED_EDGE('',*,*,#18847,.T.);
#18847 = EDGE_CURVE('',#18825,#18848,#18850,.T.);
#18848 = VERTEX_POINT('',#18849);
#18849 = CARTESIAN_POINT('',(80.,9.,0.));
#18850 = SURFACE_CURVE('',#18851,(#18856,#18863),.PCURVE_S1.);
#18851 = CIRCLE('',#18852,1.);
#18852 = AXIS2_PLACEMENT_3D('',#18853,#18854,#18855);
#18853 = CARTESIAN_POINT('',(80.,8.,0.));
#18854 = DIRECTION('',(0.,0.,1.));
#18855 = DIRECTION('',(0.,-1.,0.));
#18856 = PCURVE('',#18426,#18857);
#18857 = DEFINITIONAL_REPRESENTATION('',(#18858),#18862);
#18858 = CIRCLE('',#18859,1.);
#18859 = AXIS2_PLACEMENT_2D('',#18860,#18861);
#18860 = CARTESIAN_POINT('',(7.,7.));
#18861 = DIRECTION('',(0.,-1.));
#18862 = ( GEOMETRIC_REPRESENTATION_CONTEXT(2) 
PARAMETRIC_REPRESENTATION_CONTEXT() REPRESENTATION_CONTEXT('2D SPACE',''
  ) );
#18863 = PCURVE('',#18598,#18864);
#18864 = DEFINITIONAL_REPRESENTATION('',(#18865),#18869);
#18865 = LINE('',#18866,#18867);
#18866 = CARTESIAN_POINT('',(-1.570796326795,0.));
#18867 = VECTOR('',#18868,1.);
#18868 = DIRECTION('',(1.,0.));
#18869 = ( GEOMETRIC_REPRESENTATION_CONTEXT(2) 
PARAMETRIC_REPRESENTATION_CONTEXT() REPRESENTATION_CONTEXT('2D SPACE',''
  ) );
#18870 = ORIENTED_EDGE('',*,*,#18871,.F.);
#18871 = EDGE_CURVE('',#18720,#18848,#18872,.T.);
#18872 = SURFACE_CURVE('',#18873,(#18877,#18884),.PCURVE_S1.);
#18873 = LINE('',#18874,#18875);
#18874 = CARTESIAN_POINT('',(73.,9.,0.));
#18875 = VECTOR('',#18876,1.);
#18876 = DIRECTION('',(1.,0.,0.));
#18877 = PCURVE('',#18426,#18878);
#18878 = DEFINITIONAL_REPRESENTATION('',(#18879),#18883);
#18879 = LINE('',#18880,#18881);
#18880 = CARTESIAN_POINT('',(0.,8.));
#18881 = VECTOR('',#18882,1.);
#18882 = DIRECTION('',(1.,0.));
#18883 = ( GEOMETRIC_REPRESENTATION_CONTEXT(2) 
PARAMETRIC_REPRESENTATION_CONTEXT() REPRESENTATION_CONTEXT('2D SPACE',''
  ) );
#18884 = PCURVE('',#18626,#18885);
#18885 = DEFINITIONAL_REPRESENTATION('',(#18886),#18890);
#18886 = LINE('',#18887,#18888);
#18887 = CARTESIAN_POINT('',(0.,0.));
#18888 = VECTOR('',#18889,1.);
#18889 = DIRECTION('',(0.,1.));
#18890 = ( GEOMETRIC_REPRESENTATION_CONTEXT(2) 
PARAMETRIC_REPRESENTATION_CONTEXT() REPRESENTATION_CONTEXT('2D SPACE',''
  ) );
#18891 = ORIENTED_EDGE('',*,*,#18742,.F.);
#18892 = ADVANCED_FACE('',(#18893),#18508,.F.);
#18893 = FACE_BOUND('',#18894,.F.);
#18894 = EDGE_LOOP('',(#18895,#18896,#18897,#18898));
#18895 = ORIENTED_EDGE('',*,*,#18773,.F.);
#18896 = ORIENTED_EDGE('',*,*,#18691,.T.);
#18897 = ORIENTED_EDGE('',*,*,#18492,.T.);
#18898 = ORIENTED_EDGE('',*,*,#18899,.F.);
#18899 = EDGE_CURVE('',#18774,#18493,#18900,.T.);
#18900 = SURFACE_CURVE('',#18901,(#18905,#18912),.PCURVE_S1.);
#18901 = LINE('',#18902,#18903);
#18902 = CARTESIAN_POINT('',(80.,1.,0.));
#18903 = VECTOR('',#18904,1.);
#18904 = DIRECTION('',(0.,0.,1.));
#18905 = PCURVE('',#18508,#18906);
#18906 = DEFINITIONAL_REPRESENTATION('',(#18907),#18911);
#18907 = LINE('',#18908,#18909);
#18908 = CARTESIAN_POINT('',(0.,7.));
#18909 = VECTOR('',#18910,1.);
#18910 = DIRECTION('',(1.,0.));
#18911 = ( GEOMETRIC_REPRESENTATION_CONTEXT(2) 
PARAMETRIC_REPRESENTATION_CONTEXT() REPRESENTATION_CONTEXT('2D SPACE',''
  ) );
#18912 = PCURVE('',#18541,#18913);
#18913 = DEFINITIONAL_REPRESENTATION('',(#18914),#18918);
#18914 = LINE('',#18915,#18916);
#18915 = CARTESIAN_POINT('',(4.712388980385,0.));
#18916 = VECTOR('',#18917,1.);
#18917 = DIRECTION('',(-0.,1.));
#18918 = ( GEOMETRIC_REPRESENTATION_CONTEXT(2) 
PARAMETRIC_REPRESENTATION_CONTEXT() REPRESENTATION_CONTEXT('2D SPACE',''
  ) );
#18919 = ADVANCED_FACE('',(#18920),#18626,.T.);
#18920 = FACE_BOUND('',#18921,.T.);
#18921 = EDGE_LOOP('',(#18922,#18923,#18924,#18925));
#18922 = ORIENTED_EDGE('',*,*,#18871,.F.);
#18923 = ORIENTED_EDGE('',*,*,#18719,.T.);
#18924 = ORIENTED_EDGE('',*,*,#18610,.T.);
#18925 = ORIENTED_EDGE('',*,*,#18926,.F.);
#18926 = EDGE_CURVE('',#18848,#18582,#18927,.T.);
#18927 = SURFACE_CURVE('',#18928,(#18932,#18939),.PCURVE_S1.);
#18928 = LINE('',#18929,#18930);
#18929 = CARTESIAN_POINT('',(80.,9.,0.));
#18930 = VECTOR('',#18931,1.);
#18931 = DIRECTION('',(0.,0.,1.));
#18932 = PCURVE('',#18626,#18933);
#18933 = DEFINITIONAL_REPRESENTATION('',(#18934),#18938);
#18934 = LINE('',#18935,#18936);
#18935 = CARTESIAN_POINT('',(0.,7.));
#18936 = VECTOR('',#18937,1.);
#18937 = DIRECTION('',(1.,0.));
#18938 = ( GEOMETRIC_REPRESENTATION_CONTEXT(2) 
PARAMETRIC_REPRESENTATION_CONTEXT() REPRESENTATION_CONTEXT('2D SPACE',''
  ) );
#18939 = PCURVE('',#18598,#18940);
#18940 = DEFINITIONAL_REPRESENTATION('',(#18941),#18945);
#18941 = LINE('',#18942,#18943);
#18942 = CARTESIAN_POINT('',(1.570796326795,0.));
#18943 = VECTOR('',#18944,1.);
#18944 = DIRECTION('',(0.,1.));
#18945 = ( GEOMETRIC_REPRESENTATION_CONTEXT(2) 
PARAMETRIC_REPRESENTATION_CONTEXT() REPRESENTATION_CONTEXT('2D SPACE',''
  ) );
#18946 = ADVANCED_FACE('',(#18947),#18541,.T.);
#18947 = FACE_BOUND('',#18948,.T.);
#18948 = EDGE_LOOP('',(#18949,#18970,#18971,#18972));
#18949 = ORIENTED_EDGE('',*,*,#18950,.T.);
#18950 = EDGE_CURVE('',#18797,#18521,#18951,.T.);
#18951 = SURFACE_CURVE('',#18952,(#18956,#18963),.PCURVE_S1.);
#18952 = LINE('',#18953,#18954);
#18953 = CARTESIAN_POINT('',(81.,2.,0.));
#18954 = VECTOR('',#18955,1.);
#18955 = DIRECTION('',(0.,0.,1.));
#18956 = PCURVE('',#18541,#18957);
#18957 = DEFINITIONAL_REPRESENTATION('',(#18958),#18962);
#18958 = LINE('',#18959,#18960);
#18959 = CARTESIAN_POINT('',(6.28318530718,0.));
#18960 = VECTOR('',#18961,1.);
#18961 = DIRECTION('',(-0.,1.));
#18962 = ( GEOMETRIC_REPRESENTATION_CONTEXT(2) 
PARAMETRIC_REPRESENTATION_CONTEXT() REPRESENTATION_CONTEXT('2D SPACE',''
  ) );
#18963 = PCURVE('',#18569,#18964);
#18964 = DEFINITIONAL_REPRESENTATION('',(#18965),#18969);
#18965 = LINE('',#18966,#18967);
#18966 = CARTESIAN_POINT('',(0.,-1.));
#18967 = VECTOR('',#18968,1.);
#18968 = DIRECTION('',(1.,0.));
#18969 = ( GEOMETRIC_REPRESENTATION_CONTEXT(2) 
PARAMETRIC_REPRESENTATION_CONTEXT() REPRESENTATION_CONTEXT('2D SPACE',''
  ) );
#18970 = ORIENTED_EDGE('',*,*,#18520,.T.);
#18971 = ORIENTED_EDGE('',*,*,#18899,.F.);
#18972 = ORIENTED_EDGE('',*,*,#18796,.F.);
#18973 = ADVANCED_FACE('',(#18974),#18598,.T.);
#18974 = FACE_BOUND('',#18975,.T.);
#18975 = EDGE_LOOP('',(#18976,#18977,#18978,#18979));
#18976 = ORIENTED_EDGE('',*,*,#18847,.T.);
#18977 = ORIENTED_EDGE('',*,*,#18926,.T.);
#18978 = ORIENTED_EDGE('',*,*,#18581,.F.);
#18979 = ORIENTED_EDGE('',*,*,#18980,.F.);
#18980 = EDGE_CURVE('',#18825,#18554,#18981,.T.);
#18981 = SURFACE_CURVE('',#18982,(#18986,#18993),.PCURVE_S1.);
#18982 = LINE('',#18983,#18984);
#18983 = CARTESIAN_POINT('',(81.,8.,0.));
#18984 = VECTOR('',#18985,1.);
#18985 = DIRECTION('',(0.,0.,1.));
#18986 = PCURVE('',#18598,#18987);
#18987 = DEFINITIONAL_REPRESENTATION('',(#18988),#18992);
#18988 = LINE('',#18989,#18990);
#18989 = CARTESIAN_POINT('',(0.,0.));
#18990 = VECTOR('',#18991,1.);
#18991 = DIRECTION('',(0.,1.));
#18992 = ( GEOMETRIC_REPRESENTATION_CONTEXT(2) 
PARAMETRIC_REPRESENTATION_CONTEXT() REPRESENTATION_CONTEXT('2D SPACE',''
  ) );
#18993 = PCURVE('',#18569,#18994);
#18994 = DEFINITIONAL_REPRESENTATION('',(#18995),#18999);
#18995 = LINE('',#18996,#18997);
#18996 = CARTESIAN_POINT('',(0.,-7.));
#18997 = VECTOR('',#18998,1.);
#18998 = DIRECTION('',(1.,0.));
#18999 = ( GEOMETRIC_REPRESENTATION_CONTEXT(2) 
PARAMETRIC_REPRESENTATION_CONTEXT() REPRESENTATION_CONTEXT('2D SPACE',''
  ) );
#19000 = ADVANCED_FACE('',(#19001),#18569,.T.);
#19001 = FACE_BOUND('',#19002,.T.);
#19002 = EDGE_LOOP('',(#19003,#19004,#19005,#19006));
#19003 = ORIENTED_EDGE('',*,*,#18553,.F.);
#19004 = ORIENTED_EDGE('',*,*,#18950,.F.);
#19005 = ORIENTED_EDGE('',*,*,#18824,.T.);
#19006 = ORIENTED_EDGE('',*,*,#18980,.T.);
#19007 = ( GEOMETRIC_REPRESENTATION_CONTEXT(3) 
GLOBAL_UNCERTAINTY_ASSIGNED_CONTEXT((#19011)) 
GLOBAL_UNIT_ASSIGNED_CONTEXT((#19008,#19009,#19010)) 
REPRESENTATION_CONTEXT('Context #1',
  '3D Context with UNIT and UNCERTAINTY') );
#19008 = ( LENGTH_UNIT() NAMED_UNIT(*) SI_UNIT(.MILLI.,.METRE.) );
#19009 = ( NAMED_UNIT(*) PLANE_ANGLE_UNIT() SI_UNIT($,.RADIAN.) );
#19010 = ( NAMED_UNIT(*) SI_UNIT($,.STERADIAN.) SOLID_ANGLE_UNIT() );
#19011 = UNCERTAINTY_MEASURE_WITH_UNIT(LENGTH_MEASURE(1.E-07),#19008,
  'distance_accuracy_value','confusion accuracy');
#19012 = CONTEXT_DEPENDENT_SHAPE_REPRESENTATION(#19013,#19015);
#19013 = ( REPRESENTATION_RELATIONSHIP('','',#18340,#10) 
REPRESENTATION_RELATIONSHIP_WITH_TRANSFORMATION(#19014) 
SHAPE_REPRESENTATION_RELATIONSHIP() );
#19014 = ITEM_DEFINED_TRANSFORMATION('','',#11,#39);
#19015 = PRODUCT_DEFINITION_SHAPE('Placement','Placement of an item',
  #19016);
#19016 = NEXT_ASSEMBLY_USAGE_OCCURRENCE('9','','',#5,#18335,$);
#19017 = PRODUCT_RELATED_PRODUCT_CATEGORY('part',$,(#18337));
#19018 = SHAPE_DEFINITION_REPRESENTATION(#19019,#19025);
#19019 = PRODUCT_DEFINITION_SHAPE('','',#19020);
#19020 = PRODUCT_DEFINITION('design','',#19021,#19024);
#19021 = PRODUCT_DEFINITION_FORMATION('','',#19022);
#19022 = PRODUCT('Open CASCADE STEP translator 7.8 4.8',
  'Open CASCADE STEP translator 7.8 4.8','',(#19023));
#19023 = PRODUCT_CONTEXT('',#2,'mechanical');
#19024 = PRODUCT_DEFINITION_CONTEXT('part definition',#2,'design');
#19025 = ADVANCED_BREP_SHAPE_REPRESENTATION('',(#11,#19026),#19692);
#19026 = MANIFOLD_SOLID_BREP('',#19027);
#19027 = CLOSED_SHELL('',(#19028,#19148,#19348,#19398,#19452,#19577,
    #19604,#19631,#19658,#19685));
#19028 = ADVANCED_FACE('',(#19029),#19043,.F.);
#19029 = FACE_BOUND('',#19030,.F.);
#19030 = EDGE_LOOP('',(#19031,#19066,#19094,#19122));
#19031 = ORIENTED_EDGE('',*,*,#19032,.F.);
#19032 = EDGE_CURVE('',#19033,#19035,#19037,.T.);
#19033 = VERTEX_POINT('',#19034);
#19034 = CARTESIAN_POINT('',(61.,14.,4.));
#19035 = VERTEX_POINT('',#19036);
#19036 = CARTESIAN_POINT('',(61.,20.,4.));
#19037 = SURFACE_CURVE('',#19038,(#19042,#19054),.PCURVE_S1.);
#19038 = LINE('',#19039,#19040);
#19039 = CARTESIAN_POINT('',(61.,13.,4.));
#19040 = VECTOR('',#19041,1.);
#19041 = DIRECTION('',(0.,1.,0.));
#19042 = PCURVE('',#19043,#19048);
#19043 = PLANE('',#19044);
#19044 = AXIS2_PLACEMENT_3D('',#19045,#19046,#19047);
#19045 = CARTESIAN_POINT('',(61.,13.,0.));
#19046 = DIRECTION('',(1.,0.,0.));
#19047 = DIRECTION('',(0.,0.,1.));
#19048 = DEFINITIONAL_REPRESENTATION('',(#19049),#19053);
#19049 = LINE('',#19050,#19051);
#19050 = CARTESIAN_POINT('',(4.,0.));
#19051 = VECTOR('',#19052,1.);
#19052 = DIRECTION('',(0.,-1.));
#19053 = ( GEOMETRIC_REPRESENTATION_CONTEXT(2) 
PARAMETRIC_REPRESENTATION_CONTEXT() REPRESENTATION_CONTEXT('2D SPACE',''
  ) );
#19054 = PCURVE('',#19055,#19060);
#19055 = PLANE('',#19056);
#19056 = AXIS2_PLACEMENT_3D('',#19057,#19058,#19059);
#19057 = CARTESIAN_POINT('',(61.,13.,4.));
#19058 = DIRECTION('',(0.,0.,1.));
#19059 = DIRECTION('',(1.,0.,-0.));
#19060 = DEFINITIONAL_REPRESENTATION('',(#19061),#19065);
#19061 = LINE('',#19062,#19063);
#19062 = CARTESIAN_POINT('',(0.,0.));
#19063 = VECTOR('',#19064,1.);
#19064 = DIRECTION('',(0.,1.));
#19065 = ( GEOMETRIC_REPRESENTATION_CONTEXT(2) 
PARAMETRIC_REPRESENTATION_CONTEXT() REPRESENTATION_CONTEXT('2D SPACE',''
  ) );
#19066 = ORIENTED_EDGE('',*,*,#19067,.F.);
#19067 = EDGE_CURVE('',#19068,#19033,#19070,.T.);
#19068 = VERTEX_POINT('',#19069);
#19069 = CARTESIAN_POINT('',(61.,14.,0.));
#19070 = SURFACE_CURVE('',#19071,(#19075,#19082),.PCURVE_S1.);
#19071 = LINE('',#19072,#19073);
#19072 = CARTESIAN_POINT('',(61.,14.,0.));
#19073 = VECTOR('',#19074,1.);
#19074 = DIRECTION('',(0.,0.,1.));
#19075 = PCURVE('',#19043,#19076);
#19076 = DEFINITIONAL_REPRESENTATION('',(#19077),#19081);
#19077 = LINE('',#19078,#19079);
#19078 = CARTESIAN_POINT('',(0.,-1.));
#19079 = VECTOR('',#19080,1.);
#19080 = DIRECTION('',(1.,0.));
#19081 = ( GEOMETRIC_REPRESENTATION_CONTEXT(2) 
PARAMETRIC_REPRESENTATION_CONTEXT() REPRESENTATION_CONTEXT('2D SPACE',''
  ) );
#19082 = PCURVE('',#19083,#19088);
#19083 = CYLINDRICAL_SURFACE('',#19084,1.);
#19084 = AXIS2_PLACEMENT_3D('',#19085,#19086,#19087);
#19085 = CARTESIAN_POINT('',(62.,14.,0.));
#19086 = DIRECTION('',(0.,0.,1.));
#19087 = DIRECTION('',(-1.,-0.,0.));
#19088 = DEFINITIONAL_REPRESENTATION('',(#19089),#19093);
#19089 = LINE('',#19090,#19091);
#19090 = CARTESIAN_POINT('',(0.,0.));
#19091 = VECTOR('',#19092,1.);
#19092 = DIRECTION('',(0.,1.));
#19093 = ( GEOMETRIC_REPRESENTATION_CONTEXT(2) 
PARAMETRIC_REPRESENTATION_CONTEXT() REPRESENTATION_CONTEXT('2D SPACE',''
  ) );
#19094 = ORIENTED_EDGE('',*,*,#19095,.T.);
#19095 = EDGE_CURVE('',#19068,#19096,#19098,.T.);
#19096 = VERTEX_POINT('',#19097);
#19097 = CARTESIAN_POINT('',(61.,20.,0.));
#19098 = SURFACE_CURVE('',#19099,(#19103,#19110),.PCURVE_S1.);
#19099 = LINE('',#19100,#19101);
#19100 = CARTESIAN_POINT('',(61.,13.,0.));
#19101 = VECTOR('',#19102,1.);
#19102 = DIRECTION('',(0.,1.,0.));
#19103 = PCURVE('',#19043,#19104);
#19104 = DEFINITIONAL_REPRESENTATION('',(#19105),#19109);
#19105 = LINE('',#19106,#19107);
#19106 = CARTESIAN_POINT('',(0.,0.));
#19107 = VECTOR('',#19108,1.);
#19108 = DIRECTION('',(0.,-1.));
#19109 = ( GEOMETRIC_REPRESENTATION_CONTEXT(2) 
PARAMETRIC_REPRESENTATION_CONTEXT() REPRESENTATION_CONTEXT('2D SPACE',''
  ) );
#19110 = PCURVE('',#19111,#19116);
#19111 = PLANE('',#19112);
#19112 = AXIS2_PLACEMENT_3D('',#19113,#19114,#19115);
#19113 = CARTESIAN_POINT('',(61.,13.,0.));
#19114 = DIRECTION('',(0.,0.,1.));
#19115 = DIRECTION('',(1.,0.,-0.));
#19116 = DEFINITIONAL_REPRESENTATION('',(#19117),#19121);
#19117 = LINE('',#19118,#19119);
#19118 = CARTESIAN_POINT('',(0.,0.));
#19119 = VECTOR('',#19120,1.);
#19120 = DIRECTION('',(0.,1.));
#19121 = ( GEOMETRIC_REPRESENTATION_CONTEXT(2) 
PARAMETRIC_REPRESENTATION_CONTEXT() REPRESENTATION_CONTEXT('2D SPACE',''
  ) );
#19122 = ORIENTED_EDGE('',*,*,#19123,.T.);
#19123 = EDGE_CURVE('',#19096,#19035,#19124,.T.);
#19124 = SURFACE_CURVE('',#19125,(#19129,#19136),.PCURVE_S1.);
#19125 = LINE('',#19126,#19127);
#19126 = CARTESIAN_POINT('',(61.,20.,0.));
#19127 = VECTOR('',#19128,1.);
#19128 = DIRECTION('',(0.,0.,1.));
#19129 = PCURVE('',#19043,#19130);
#19130 = DEFINITIONAL_REPRESENTATION('',(#19131),#19135);
#19131 = LINE('',#19132,#19133);
#19132 = CARTESIAN_POINT('',(0.,-7.));
#19133 = VECTOR('',#19134,1.);
#19134 = DIRECTION('',(1.,0.));
#19135 = ( GEOMETRIC_REPRESENTATION_CONTEXT(2) 
PARAMETRIC_REPRESENTATION_CONTEXT() REPRESENTATION_CONTEXT('2D SPACE',''
  ) );
#19136 = PCURVE('',#19137,#19142);
#19137 = CYLINDRICAL_SURFACE('',#19138,1.);
#19138 = AXIS2_PLACEMENT_3D('',#19139,#19140,#19141);
#19139 = CARTESIAN_POINT('',(62.,20.,0.));
#19140 = DIRECTION('',(0.,0.,1.));
#19141 = DIRECTION('',(-1.,-0.,0.));
#19142 = DEFINITIONAL_REPRESENTATION('',(#19143),#19147);
#19143 = LINE('',#19144,#19145);
#19144 = CARTESIAN_POINT('',(6.28318530718,0.));
#19145 = VECTOR('',#19146,1.);
#19146 = DIRECTION('',(-0.,1.));
#19147 = ( GEOMETRIC_REPRESENTATION_CONTEXT(2) 
PARAMETRIC_REPRESENTATION_CONTEXT() REPRESENTATION_CONTEXT('2D SPACE',''
  ) );
#19148 = ADVANCED_FACE('',(#19149),#19055,.T.);
#19149 = FACE_BOUND('',#19150,.T.);
#19150 = EDGE_LOOP('',(#19151,#19152,#19176,#19204,#19237,#19265,#19294,
    #19322));
#19151 = ORIENTED_EDGE('',*,*,#19032,.F.);
#19152 = ORIENTED_EDGE('',*,*,#19153,.T.);
#19153 = EDGE_CURVE('',#19033,#19154,#19156,.T.);
#19154 = VERTEX_POINT('',#19155);
#19155 = CARTESIAN_POINT('',(62.,13.,4.));
#19156 = SURFACE_CURVE('',#19157,(#19162,#19169),.PCURVE_S1.);
#19157 = CIRCLE('',#19158,1.);
#19158 = AXIS2_PLACEMENT_3D('',#19159,#19160,#19161);
#19159 = CARTESIAN_POINT('',(62.,14.,4.));
#19160 = DIRECTION('',(0.,0.,1.));
#19161 = DIRECTION('',(0.,-1.,0.));
#19162 = PCURVE('',#19055,#19163);
#19163 = DEFINITIONAL_REPRESENTATION('',(#19164),#19168);
#19164 = CIRCLE('',#19165,1.);
#19165 = AXIS2_PLACEMENT_2D('',#19166,#19167);
#19166 = CARTESIAN_POINT('',(1.,1.));
#19167 = DIRECTION('',(0.,-1.));
#19168 = ( GEOMETRIC_REPRESENTATION_CONTEXT(2) 
PARAMETRIC_REPRESENTATION_CONTEXT() REPRESENTATION_CONTEXT('2D SPACE',''
  ) );
#19169 = PCURVE('',#19083,#19170);
#19170 = DEFINITIONAL_REPRESENTATION('',(#19171),#19175);
#19171 = LINE('',#19172,#19173);
#19172 = CARTESIAN_POINT('',(-4.712388980385,4.));
#19173 = VECTOR('',#19174,1.);
#19174 = DIRECTION('',(1.,0.));
#19175 = ( GEOMETRIC_REPRESENTATION_CONTEXT(2) 
PARAMETRIC_REPRESENTATION_CONTEXT() REPRESENTATION_CONTEXT('2D SPACE',''
  ) );
#19176 = ORIENTED_EDGE('',*,*,#19177,.T.);
#19177 = EDGE_CURVE('',#19154,#19178,#19180,.T.);
#19178 = VERTEX_POINT('',#19179);
#19179 = CARTESIAN_POINT('',(68.,13.,4.));
#19180 = SURFACE_CURVE('',#19181,(#19185,#19192),.PCURVE_S1.);
#19181 = LINE('',#19182,#19183);
#19182 = CARTESIAN_POINT('',(61.,13.,4.));
#19183 = VECTOR('',#19184,1.);
#19184 = DIRECTION('',(1.,0.,0.));
#19185 = PCURVE('',#19055,#19186);
#19186 = DEFINITIONAL_REPRESENTATION('',(#19187),#19191);
#19187 = LINE('',#19188,#19189);
#19188 = CARTESIAN_POINT('',(0.,0.));
#19189 = VECTOR('',#19190,1.);
#19190 = DIRECTION('',(1.,0.));
#19191 = ( GEOMETRIC_REPRESENTATION_CONTEXT(2) 
PARAMETRIC_REPRESENTATION_CONTEXT() REPRESENTATION_CONTEXT('2D SPACE',''
  ) );
#19192 = PCURVE('',#19193,#19198);
#19193 = PLANE('',#19194);
#19194 = AXIS2_PLACEMENT_3D('',#19195,#19196,#19197);
#19195 = CARTESIAN_POINT('',(61.,13.,0.));
#19196 = DIRECTION('',(0.,1.,0.));
#19197 = DIRECTION('',(0.,-0.,1.));
#19198 = DEFINITIONAL_REPRESENTATION('',(#19199),#19203);
#19199 = LINE('',#19200,#19201);
#19200 = CARTESIAN_POINT('',(4.,0.));
#19201 = VECTOR('',#19202,1.);
#19202 = DIRECTION('',(0.,1.));
#19203 = ( GEOMETRIC_REPRESENTATION_CONTEXT(2) 
PARAMETRIC_REPRESENTATION_CONTEXT() REPRESENTATION_CONTEXT('2D SPACE',''
  ) );
#19204 = ORIENTED_EDGE('',*,*,#19205,.F.);
#19205 = EDGE_CURVE('',#19206,#19178,#19208,.T.);
#19206 = VERTEX_POINT('',#19207);
#19207 = CARTESIAN_POINT('',(69.,14.,4.));
#19208 = SURFACE_CURVE('',#19209,(#19214,#19225),.PCURVE_S1.);
#19209 = CIRCLE('',#19210,1.);
#19210 = AXIS2_PLACEMENT_3D('',#19211,#19212,#19213);
#19211 = CARTESIAN_POINT('',(68.,14.,4.));
#19212 = DIRECTION('',(-0.,-0.,-1.));
#19213 = DIRECTION('',(0.,-1.,0.));
#19214 = PCURVE('',#19055,#19215);
#19215 = DEFINITIONAL_REPRESENTATION('',(#19216),#19224);
#19216 = ( BOUNDED_CURVE() B_SPLINE_CURVE(2,(#19217,#19218,#19219,#19220
    ,#19221,#19222,#19223),.UNSPECIFIED.,.T.,.F.) 
B_SPLINE_CURVE_WITH_KNOTS((1,2,2,2,2,1),(-2.094395102393,0.,
    2.094395102393,4.188790204786,6.28318530718,8.377580409573),
.UNSPECIFIED.) CURVE() GEOMETRIC_REPRESENTATION_ITEM() 
RATIONAL_B_SPLINE_CURVE((1.,0.5,1.,0.5,1.,0.5,1.)) REPRESENTATION_ITEM(
  '') );
#19217 = CARTESIAN_POINT('',(7.,0.));
#19218 = CARTESIAN_POINT('',(5.267949192431,0.));
#19219 = CARTESIAN_POINT('',(6.133974596216,1.5));
#19220 = CARTESIAN_POINT('',(7.,3.));
#19221 = CARTESIAN_POINT('',(7.866025403784,1.5));
#19222 = CARTESIAN_POINT('',(8.732050807569,1.554312234475E-15));
#19223 = CARTESIAN_POINT('',(7.,0.));
#19224 = ( GEOMETRIC_REPRESENTATION_CONTEXT(2) 
PARAMETRIC_REPRESENTATION_CONTEXT() REPRESENTATION_CONTEXT('2D SPACE',''
  ) );
#19225 = PCURVE('',#19226,#19231);
#19226 = CYLINDRICAL_SURFACE('',#19227,1.);
#19227 = AXIS2_PLACEMENT_3D('',#19228,#19229,#19230);
#19228 = CARTESIAN_POINT('',(68.,14.,0.));
#19229 = DIRECTION('',(0.,0.,1.));
#19230 = DIRECTION('',(1.,0.,-0.));
#19231 = DEFINITIONAL_REPRESENTATION('',(#19232),#19236);
#19232 = LINE('',#19233,#19234);
#19233 = CARTESIAN_POINT('',(10.995574287565,4.));
#19234 = VECTOR('',#19235,1.);
#19235 = DIRECTION('',(-1.,0.));
#19236 = ( GEOMETRIC_REPRESENTATION_CONTEXT(2) 
PARAMETRIC_REPRESENTATION_CONTEXT() REPRESENTATION_CONTEXT('2D SPACE',''
  ) );
#19237 = ORIENTED_EDGE('',*,*,#19238,.T.);
#19238 = EDGE_CURVE('',#19206,#19239,#19241,.T.);
#19239 = VERTEX_POINT('',#19240);
#19240 = CARTESIAN_POINT('',(69.,20.,4.));
#19241 = SURFACE_CURVE('',#19242,(#19246,#19253),.PCURVE_S1.);
#19242 = LINE('',#19243,#19244);
#19243 = CARTESIAN_POINT('',(69.,13.,4.));
#19244 = VECTOR('',#19245,1.);
#19245 = DIRECTION('',(0.,1.,0.));
#19246 = PCURVE('',#19055,#19247);
#19247 = DEFINITIONAL_REPRESENTATION('',(#19248),#19252);
#19248 = LINE('',#19249,#19250);
#19249 = CARTESIAN_POINT('',(8.,0.));
#19250 = VECTOR('',#19251,1.);
#19251 = DIRECTION('',(0.,1.));
#19252 = ( GEOMETRIC_REPRESENTATION_CONTEXT(2) 
PARAMETRIC_REPRESENTATION_CONTEXT() REPRESENTATION_CONTEXT('2D SPACE',''
  ) );
#19253 = PCURVE('',#19254,#19259);
#19254 = PLANE('',#19255);
#19255 = AXIS2_PLACEMENT_3D('',#19256,#19257,#19258);
#19256 = CARTESIAN_POINT('',(69.,13.,0.));
#19257 = DIRECTION('',(1.,0.,0.));
#19258 = DIRECTION('',(0.,0.,1.));
#19259 = DEFINITIONAL_REPRESENTATION('',(#19260),#19264);
#19260 = LINE('',#19261,#19262);
#19261 = CARTESIAN_POINT('',(4.,0.));
#19262 = VECTOR('',#19263,1.);
#19263 = DIRECTION('',(0.,-1.));
#19264 = ( GEOMETRIC_REPRESENTATION_CONTEXT(2) 
PARAMETRIC_REPRESENTATION_CONTEXT() REPRESENTATION_CONTEXT('2D SPACE',''
  ) );
#19265 = ORIENTED_EDGE('',*,*,#19266,.T.);
#19266 = EDGE_CURVE('',#19239,#19267,#19269,.T.);
#19267 = VERTEX_POINT('',#19268);
#19268 = CARTESIAN_POINT('',(68.,21.,4.));
#19269 = SURFACE_CURVE('',#19270,(#19275,#19282),.PCURVE_S1.);
#19270 = CIRCLE('',#19271,1.);
#19271 = AXIS2_PLACEMENT_3D('',#19272,#19273,#19274);
#19272 = CARTESIAN_POINT('',(68.,20.,4.));
#19273 = DIRECTION('',(0.,0.,1.));
#19274 = DIRECTION('',(0.,-1.,0.));
#19275 = PCURVE('',#19055,#19276);
#19276 = DEFINITIONAL_REPRESENTATION('',(#19277),#19281);
#19277 = CIRCLE('',#19278,1.);
#19278 = AXIS2_PLACEMENT_2D('',#19279,#19280);
#19279 = CARTESIAN_POINT('',(7.,7.));
#19280 = DIRECTION('',(0.,-1.));
#19281 = ( GEOMETRIC_REPRESENTATION_CONTEXT(2) 
PARAMETRIC_REPRESENTATION_CONTEXT() REPRESENTATION_CONTEXT('2D SPACE',''
  ) );
#19282 = PCURVE('',#19283,#19288);
#19283 = CYLINDRICAL_SURFACE('',#19284,1.);
#19284 = AXIS2_PLACEMENT_3D('',#19285,#19286,#19287);
#19285 = CARTESIAN_POINT('',(68.,20.,0.));
#19286 = DIRECTION('',(0.,0.,1.));
#19287 = DIRECTION('',(1.,0.,-0.));
#19288 = DEFINITIONAL_REPRESENTATION('',(#19289),#19293);
#19289 = LINE('',#19290,#19291);
#19290 = CARTESIAN_POINT('',(-1.570796326795,4.));
#19291 = VECTOR('',#19292,1.);
#19292 = DIRECTION('',(1.,0.));
#19293 = ( GEOMETRIC_REPRESENTATION_CONTEXT(2) 
PARAMETRIC_REPRESENTATION_CONTEXT() REPRESENTATION_CONTEXT('2D SPACE',''
  ) );
#19294 = ORIENTED_EDGE('',*,*,#19295,.F.);
#19295 = EDGE_CURVE('',#19296,#19267,#19298,.T.);
#19296 = VERTEX_POINT('',#19297);
#19297 = CARTESIAN_POINT('',(62.,21.,4.));
#19298 = SURFACE_CURVE('',#19299,(#19303,#19310),.PCURVE_S1.);
#19299 = LINE('',#19300,#19301);
#19300 = CARTESIAN_POINT('',(61.,21.,4.));
#19301 = VECTOR('',#19302,1.);
#19302 = DIRECTION('',(1.,0.,0.));
#19303 = PCURVE('',#19055,#19304);
#19304 = DEFINITIONAL_REPRESENTATION('',(#19305),#19309);
#19305 = LINE('',#19306,#19307);
#19306 = CARTESIAN_POINT('',(0.,8.));
#19307 = VECTOR('',#19308,1.);
#19308 = DIRECTION('',(1.,0.));
#19309 = ( GEOMETRIC_REPRESENTATION_CONTEXT(2) 
PARAMETRIC_REPRESENTATION_CONTEXT() REPRESENTATION_CONTEXT('2D SPACE',''
  ) );
#19310 = PCURVE('',#19311,#19316);
#19311 = PLANE('',#19312);
#19312 = AXIS2_PLACEMENT_3D('',#19313,#19314,#19315);
#19313 = CARTESIAN_POINT('',(61.,21.,0.));
#19314 = DIRECTION('',(0.,1.,0.));
#19315 = DIRECTION('',(0.,-0.,1.));
#19316 = DEFINITIONAL_REPRESENTATION('',(#19317),#19321);
#19317 = LINE('',#19318,#19319);
#19318 = CARTESIAN_POINT('',(4.,0.));
#19319 = VECTOR('',#19320,1.);
#19320 = DIRECTION('',(0.,1.));
#19321 = ( GEOMETRIC_REPRESENTATION_CONTEXT(2) 
PARAMETRIC_REPRESENTATION_CONTEXT() REPRESENTATION_CONTEXT('2D SPACE',''
  ) );
#19322 = ORIENTED_EDGE('',*,*,#19323,.F.);
#19323 = EDGE_CURVE('',#19035,#19296,#19324,.T.);
#19324 = SURFACE_CURVE('',#19325,(#19330,#19341),.PCURVE_S1.);
#19325 = CIRCLE('',#19326,1.);
#19326 = AXIS2_PLACEMENT_3D('',#19327,#19328,#19329);
#19327 = CARTESIAN_POINT('',(62.,20.,4.));
#19328 = DIRECTION('',(-0.,-0.,-1.));
#19329 = DIRECTION('',(0.,-1.,0.));
#19330 = PCURVE('',#19055,#19331);
#19331 = DEFINITIONAL_REPRESENTATION('',(#19332),#19340);
#19332 = ( BOUNDED_CURVE() B_SPLINE_CURVE(2,(#19333,#19334,#19335,#19336
    ,#19337,#19338,#19339),.UNSPECIFIED.,.T.,.F.) 
B_SPLINE_CURVE_WITH_KNOTS((1,2,2,2,2,1),(-2.094395102393,0.,
    2.094395102393,4.188790204786,6.28318530718,8.377580409573),
.UNSPECIFIED.) CURVE() GEOMETRIC_REPRESENTATION_ITEM() 
RATIONAL_B_SPLINE_CURVE((1.,0.5,1.,0.5,1.,0.5,1.)) REPRESENTATION_ITEM(
  '') );
#19333 = CARTESIAN_POINT('',(1.,6.));
#19334 = CARTESIAN_POINT('',(-0.732050807569,6.));
#19335 = CARTESIAN_POINT('',(0.133974596216,7.5));
#19336 = CARTESIAN_POINT('',(1.,9.));
#19337 = CARTESIAN_POINT('',(1.866025403784,7.5));
#19338 = CARTESIAN_POINT('',(2.732050807569,6.));
#19339 = CARTESIAN_POINT('',(1.,6.));
#19340 = ( GEOMETRIC_REPRESENTATION_CONTEXT(2) 
PARAMETRIC_REPRESENTATION_CONTEXT() REPRESENTATION_CONTEXT('2D SPACE',''
  ) );
#19341 = PCURVE('',#19137,#19342);
#19342 = DEFINITIONAL_REPRESENTATION('',(#19343),#19347);
#19343 = LINE('',#19344,#19345);
#19344 = CARTESIAN_POINT('',(7.853981633975,4.));
#19345 = VECTOR('',#19346,1.);
#19346 = DIRECTION('',(-1.,0.));
#19347 = ( GEOMETRIC_REPRESENTATION_CONTEXT(2) 
PARAMETRIC_REPRESENTATION_CONTEXT() REPRESENTATION_CONTEXT('2D SPACE',''
  ) );
#19348 = ADVANCED_FACE('',(#19349),#19083,.T.);
#19349 = FACE_BOUND('',#19350,.T.);
#19350 = EDGE_LOOP('',(#19351,#19375,#19396,#19397));
#19351 = ORIENTED_EDGE('',*,*,#19352,.T.);
#19352 = EDGE_CURVE('',#19068,#19353,#19355,.T.);
#19353 = VERTEX_POINT('',#19354);
#19354 = CARTESIAN_POINT('',(62.,13.,0.));
#19355 = SURFACE_CURVE('',#19356,(#19361,#19368),.PCURVE_S1.);
#19356 = CIRCLE('',#19357,1.);
#19357 = AXIS2_PLACEMENT_3D('',#19358,#19359,#19360);
#19358 = CARTESIAN_POINT('',(62.,14.,0.));
#19359 = DIRECTION('',(0.,0.,1.));
#19360 = DIRECTION('',(0.,-1.,0.));
#19361 = PCURVE('',#19083,#19362);
#19362 = DEFINITIONAL_REPRESENTATION('',(#19363),#19367);
#19363 = LINE('',#19364,#19365);
#19364 = CARTESIAN_POINT('',(-4.712388980385,0.));
#19365 = VECTOR('',#19366,1.);
#19366 = DIRECTION('',(1.,0.));
#19367 = ( GEOMETRIC_REPRESENTATION_CONTEXT(2) 
PARAMETRIC_REPRESENTATION_CONTEXT() REPRESENTATION_CONTEXT('2D SPACE',''
  ) );
#19368 = PCURVE('',#19111,#19369);
#19369 = DEFINITIONAL_REPRESENTATION('',(#19370),#19374);
#19370 = CIRCLE('',#19371,1.);
#19371 = AXIS2_PLACEMENT_2D('',#19372,#19373);
#19372 = CARTESIAN_POINT('',(1.,1.));
#19373 = DIRECTION('',(0.,-1.));
#19374 = ( GEOMETRIC_REPRESENTATION_CONTEXT(2) 
PARAMETRIC_REPRESENTATION_CONTEXT() REPRESENTATION_CONTEXT('2D SPACE',''
  ) );
#19375 = ORIENTED_EDGE('',*,*,#19376,.T.);
#19376 = EDGE_CURVE('',#19353,#19154,#19377,.T.);
#19377 = SURFACE_CURVE('',#19378,(#19382,#19389),.PCURVE_S1.);
#19378 = LINE('',#19379,#19380);
#19379 = CARTESIAN_POINT('',(62.,13.,0.));
#19380 = VECTOR('',#19381,1.);
#19381 = DIRECTION('',(0.,0.,1.));
#19382 = PCURVE('',#19083,#19383);
#19383 = DEFINITIONAL_REPRESENTATION('',(#19384),#19388);
#19384 = LINE('',#19385,#19386);
#19385 = CARTESIAN_POINT('',(1.570796326795,0.));
#19386 = VECTOR('',#19387,1.);
#19387 = DIRECTION('',(0.,1.));
#19388 = ( GEOMETRIC_REPRESENTATION_CONTEXT(2) 
PARAMETRIC_REPRESENTATION_CONTEXT() REPRESENTATION_CONTEXT('2D SPACE',''
  ) );
#19389 = PCURVE('',#19193,#19390);
#19390 = DEFINITIONAL_REPRESENTATION('',(#19391),#19395);
#19391 = LINE('',#19392,#19393);
#19392 = CARTESIAN_POINT('',(0.,1.));
#19393 = VECTOR('',#19394,1.);
#19394 = DIRECTION('',(1.,0.));
#19395 = ( GEOMETRIC_REPRESENTATION_CONTEXT(2) 
PARAMETRIC_REPRESENTATION_CONTEXT() REPRESENTATION_CONTEXT('2D SPACE',''
  ) );
#19396 = ORIENTED_EDGE('',*,*,#19153,.F.);
#19397 = ORIENTED_EDGE('',*,*,#19067,.F.);
#19398 = ADVANCED_FACE('',(#19399),#19137,.T.);
#19399 = FACE_BOUND('',#19400,.T.);
#19400 = EDGE_LOOP('',(#19401,#19402,#19403,#19426));
#19401 = ORIENTED_EDGE('',*,*,#19123,.T.);
#19402 = ORIENTED_EDGE('',*,*,#19323,.T.);
#19403 = ORIENTED_EDGE('',*,*,#19404,.F.);
#19404 = EDGE_CURVE('',#19405,#19296,#19407,.T.);
#19405 = VERTEX_POINT('',#19406);
#19406 = CARTESIAN_POINT('',(62.,21.,0.));
#19407 = SURFACE_CURVE('',#19408,(#19412,#19419),.PCURVE_S1.);
#19408 = LINE('',#19409,#19410);
#19409 = CARTESIAN_POINT('',(62.,21.,0.));
#19410 = VECTOR('',#19411,1.);
#19411 = DIRECTION('',(0.,0.,1.));
#19412 = PCURVE('',#19137,#19413);
#19413 = DEFINITIONAL_REPRESENTATION('',(#19414),#19418);
#19414 = LINE('',#19415,#19416);
#19415 = CARTESIAN_POINT('',(4.712388980385,0.));
#19416 = VECTOR('',#19417,1.);
#19417 = DIRECTION('',(-0.,1.));
#19418 = ( GEOMETRIC_REPRESENTATION_CONTEXT(2) 
PARAMETRIC_REPRESENTATION_CONTEXT() REPRESENTATION_CONTEXT('2D SPACE',''
  ) );
#19419 = PCURVE('',#19311,#19420);
#19420 = DEFINITIONAL_REPRESENTATION('',(#19421),#19425);
#19421 = LINE('',#19422,#19423);
#19422 = CARTESIAN_POINT('',(0.,1.));
#19423 = VECTOR('',#19424,1.);
#19424 = DIRECTION('',(1.,0.));
#19425 = ( GEOMETRIC_REPRESENTATION_CONTEXT(2) 
PARAMETRIC_REPRESENTATION_CONTEXT() REPRESENTATION_CONTEXT('2D SPACE',''
  ) );
#19426 = ORIENTED_EDGE('',*,*,#19427,.F.);
#19427 = EDGE_CURVE('',#19096,#19405,#19428,.T.);
#19428 = SURFACE_CURVE('',#19429,(#19434,#19441),.PCURVE_S1.);
#19429 = CIRCLE('',#19430,1.);
#19430 = AXIS2_PLACEMENT_3D('',#19431,#19432,#19433);
#19431 = CARTESIAN_POINT('',(62.,20.,0.));
#19432 = DIRECTION('',(-0.,-0.,-1.));
#19433 = DIRECTION('',(0.,-1.,0.));
#19434 = PCURVE('',#19137,#19435);
#19435 = DEFINITIONAL_REPRESENTATION('',(#19436),#19440);
#19436 = LINE('',#19437,#19438);
#19437 = CARTESIAN_POINT('',(7.853981633975,0.));
#19438 = VECTOR('',#19439,1.);
#19439 = DIRECTION('',(-1.,0.));
#19440 = ( GEOMETRIC_REPRESENTATION_CONTEXT(2) 
PARAMETRIC_REPRESENTATION_CONTEXT() REPRESENTATION_CONTEXT('2D SPACE',''
  ) );
#19441 = PCURVE('',#19111,#19442);
#19442 = DEFINITIONAL_REPRESENTATION('',(#19443),#19451);
#19443 = ( BOUNDED_CURVE() B_SPLINE_CURVE(2,(#19444,#19445,#19446,#19447
    ,#19448,#19449,#19450),.UNSPECIFIED.,.T.,.F.) 
B_SPLINE_CURVE_WITH_KNOTS((1,2,2,2,2,1),(-2.094395102393,0.,
    2.094395102393,4.188790204786,6.28318530718,8.377580409573),
.UNSPECIFIED.) CURVE() GEOMETRIC_REPRESENTATION_ITEM() 
RATIONAL_B_SPLINE_CURVE((1.,0.5,1.,0.5,1.,0.5,1.)) REPRESENTATION_ITEM(
  '') );
#19444 = CARTESIAN_POINT('',(1.,6.));
#19445 = CARTESIAN_POINT('',(-0.732050807569,6.));
#19446 = CARTESIAN_POINT('',(0.133974596216,7.5));
#19447 = CARTESIAN_POINT('',(1.,9.));
#19448 = CARTESIAN_POINT('',(1.866025403784,7.5));
#19449 = CARTESIAN_POINT('',(2.732050807569,6.));
#19450 = CARTESIAN_POINT('',(1.,6.));
#19451 = ( GEOMETRIC_REPRESENTATION_CONTEXT(2) 
PARAMETRIC_REPRESENTATION_CONTEXT() REPRESENTATION_CONTEXT('2D SPACE',''
  ) );
#19452 = ADVANCED_FACE('',(#19453),#19111,.F.);
#19453 = FACE_BOUND('',#19454,.F.);
#19454 = EDGE_LOOP('',(#19455,#19456,#19457,#19480,#19508,#19531,#19555,
    #19576));
#19455 = ORIENTED_EDGE('',*,*,#19095,.F.);
#19456 = ORIENTED_EDGE('',*,*,#19352,.T.);
#19457 = ORIENTED_EDGE('',*,*,#19458,.T.);
#19458 = EDGE_CURVE('',#19353,#19459,#19461,.T.);
#19459 = VERTEX_POINT('',#19460);
#19460 = CARTESIAN_POINT('',(68.,13.,0.));
#19461 = SURFACE_CURVE('',#19462,(#19466,#19473),.PCURVE_S1.);
#19462 = LINE('',#19463,#19464);
#19463 = CARTESIAN_POINT('',(61.,13.,0.));
#19464 = VECTOR('',#19465,1.);
#19465 = DIRECTION('',(1.,0.,0.));
#19466 = PCURVE('',#19111,#19467);
#19467 = DEFINITIONAL_REPRESENTATION('',(#19468),#19472);
#19468 = LINE('',#19469,#19470);
#19469 = CARTESIAN_POINT('',(0.,0.));
#19470 = VECTOR('',#19471,1.);
#19471 = DIRECTION('',(1.,0.));
#19472 = ( GEOMETRIC_REPRESENTATION_CONTEXT(2) 
PARAMETRIC_REPRESENTATION_CONTEXT() REPRESENTATION_CONTEXT('2D SPACE',''
  ) );
#19473 = PCURVE('',#19193,#19474);
#19474 = DEFINITIONAL_REPRESENTATION('',(#19475),#19479);
#19475 = LINE('',#19476,#19477);
#19476 = CARTESIAN_POINT('',(0.,0.));
#19477 = VECTOR('',#19478,1.);
#19478 = DIRECTION('',(0.,1.));
#19479 = ( GEOMETRIC_REPRESENTATION_CONTEXT(2) 
PARAMETRIC_REPRESENTATION_CONTEXT() REPRESENTATION_CONTEXT('2D SPACE',''
  ) );
#19480 = ORIENTED_EDGE('',*,*,#19481,.F.);
#19481 = EDGE_CURVE('',#19482,#19459,#19484,.T.);
#19482 = VERTEX_POINT('',#19483);
#19483 = CARTESIAN_POINT('',(69.,14.,0.));
#19484 = SURFACE_CURVE('',#19485,(#19490,#19501),.PCURVE_S1.);
#19485 = CIRCLE('',#19486,1.);
#19486 = AXIS2_PLACEMENT_3D('',#19487,#19488,#19489);
#19487 = CARTESIAN_POINT('',(68.,14.,0.));
#19488 = DIRECTION('',(-0.,-0.,-1.));
#19489 = DIRECTION('',(0.,-1.,0.));
#19490 = PCURVE('',#19111,#19491);
#19491 = DEFINITIONAL_REPRESENTATION('',(#19492),#19500);
#19492 = ( BOUNDED_CURVE() B_SPLINE_CURVE(2,(#19493,#19494,#19495,#19496
    ,#19497,#19498,#19499),.UNSPECIFIED.,.T.,.F.) 
B_SPLINE_CURVE_WITH_KNOTS((1,2,2,2,2,1),(-2.094395102393,0.,
    2.094395102393,4.188790204786,6.28318530718,8.377580409573),
.UNSPECIFIED.) CURVE() GEOMETRIC_REPRESENTATION_ITEM() 
RATIONAL_B_SPLINE_CURVE((1.,0.5,1.,0.5,1.,0.5,1.)) REPRESENTATION_ITEM(
  '') );
#19493 = CARTESIAN_POINT('',(7.,0.));
#19494 = CARTESIAN_POINT('',(5.267949192431,0.));
#19495 = CARTESIAN_POINT('',(6.133974596216,1.5));
#19496 = CARTESIAN_POINT('',(7.,3.));
#19497 = CARTESIAN_POINT('',(7.866025403784,1.5));
#19498 = CARTESIAN_POINT('',(8.732050807569,1.554312234475E-15));
#19499 = CARTESIAN_POINT('',(7.,0.));
#19500 = ( GEOMETRIC_REPRESENTATION_CONTEXT(2) 
PARAMETRIC_REPRESENTATION_CONTEXT() REPRESENTATION_CONTEXT('2D SPACE',''
  ) );
#19501 = PCURVE('',#19226,#19502);
#19502 = DEFINITIONAL_REPRESENTATION('',(#19503),#19507);
#19503 = LINE('',#19504,#19505);
#19504 = CARTESIAN_POINT('',(10.995574287565,0.));
#19505 = VECTOR('',#19506,1.);
#19506 = DIRECTION('',(-1.,0.));
#19507 = ( GEOMETRIC_REPRESENTATION_CONTEXT(2) 
PARAMETRIC_REPRESENTATION_CONTEXT() REPRESENTATION_CONTEXT('2D SPACE',''
  ) );
#19508 = ORIENTED_EDGE('',*,*,#19509,.T.);
#19509 = EDGE_CURVE('',#19482,#19510,#19512,.T.);
#19510 = VERTEX_POINT('',#19511);
#19511 = CARTESIAN_POINT('',(69.,20.,0.));
#19512 = SURFACE_CURVE('',#19513,(#19517,#19524),.PCURVE_S1.);
#19513 = LINE('',#19514,#19515);
#19514 = CARTESIAN_POINT('',(69.,13.,0.));
#19515 = VECTOR('',#19516,1.);
#19516 = DIRECTION('',(0.,1.,0.));
#19517 = PCURVE('',#19111,#19518);
#19518 = DEFINITIONAL_REPRESENTATION('',(#19519),#19523);
#19519 = LINE('',#19520,#19521);
#19520 = CARTESIAN_POINT('',(8.,0.));
#19521 = VECTOR('',#19522,1.);
#19522 = DIRECTION('',(0.,1.));
#19523 = ( GEOMETRIC_REPRESENTATION_CONTEXT(2) 
PARAMETRIC_REPRESENTATION_CONTEXT() REPRESENTATION_CONTEXT('2D SPACE',''
  ) );
#19524 = PCURVE('',#19254,#19525);
#19525 = DEFINITIONAL_REPRESENTATION('',(#19526),#19530);
#19526 = LINE('',#19527,#19528);
#19527 = CARTESIAN_POINT('',(0.,0.));
#19528 = VECTOR('',#19529,1.);
#19529 = DIRECTION('',(0.,-1.));
#19530 = ( GEOMETRIC_REPRESENTATION_CONTEXT(2) 
PARAMETRIC_REPRESENTATION_CONTEXT() REPRESENTATION_CONTEXT('2D SPACE',''
  ) );
#19531 = ORIENTED_EDGE('',*,*,#19532,.T.);
#19532 = EDGE_CURVE('',#19510,#19533,#19535,.T.);
#19533 = VERTEX_POINT('',#19534);
#19534 = CARTESIAN_POINT('',(68.,21.,0.));
#19535 = SURFACE_CURVE('',#19536,(#19541,#19548),.PCURVE_S1.);
#19536 = CIRCLE('',#19537,1.);
#19537 = AXIS2_PLACEMENT_3D('',#19538,#19539,#19540);
#19538 = CARTESIAN_POINT('',(68.,20.,0.));
#19539 = DIRECTION('',(0.,0.,1.));
#19540 = DIRECTION('',(0.,-1.,0.));
#19541 = PCURVE('',#19111,#19542);
#19542 = DEFINITIONAL_REPRESENTATION('',(#19543),#19547);
#19543 = CIRCLE('',#19544,1.);
#19544 = AXIS2_PLACEMENT_2D('',#19545,#19546);
#19545 = CARTESIAN_POINT('',(7.,7.));
#19546 = DIRECTION('',(0.,-1.));
#19547 = ( GEOMETRIC_REPRESENTATION_CONTEXT(2) 
PARAMETRIC_REPRESENTATION_CONTEXT() REPRESENTATION_CONTEXT('2D SPACE',''
  ) );
#19548 = PCURVE('',#19283,#19549);
#19549 = DEFINITIONAL_REPRESENTATION('',(#19550),#19554);
#19550 = LINE('',#19551,#19552);
#19551 = CARTESIAN_POINT('',(-1.570796326795,0.));
#19552 = VECTOR('',#19553,1.);
#19553 = DIRECTION('',(1.,0.));
#19554 = ( GEOMETRIC_REPRESENTATION_CONTEXT(2) 
PARAMETRIC_REPRESENTATION_CONTEXT() REPRESENTATION_CONTEXT('2D SPACE',''
  ) );
#19555 = ORIENTED_EDGE('',*,*,#19556,.F.);
#19556 = EDGE_CURVE('',#19405,#19533,#19557,.T.);
#19557 = SURFACE_CURVE('',#19558,(#19562,#19569),.PCURVE_S1.);
#19558 = LINE('',#19559,#19560);
#19559 = CARTESIAN_POINT('',(61.,21.,0.));
#19560 = VECTOR('',#19561,1.);
#19561 = DIRECTION('',(1.,0.,0.));
#19562 = PCURVE('',#19111,#19563);
#19563 = DEFINITIONAL_REPRESENTATION('',(#19564),#19568);
#19564 = LINE('',#19565,#19566);
#19565 = CARTESIAN_POINT('',(0.,8.));
#19566 = VECTOR('',#19567,1.);
#19567 = DIRECTION('',(1.,0.));
#19568 = ( GEOMETRIC_REPRESENTATION_CONTEXT(2) 
PARAMETRIC_REPRESENTATION_CONTEXT() REPRESENTATION_CONTEXT('2D SPACE',''
  ) );
#19569 = PCURVE('',#19311,#19570);
#19570 = DEFINITIONAL_REPRESENTATION('',(#19571),#19575);
#19571 = LINE('',#19572,#19573);
#19572 = CARTESIAN_POINT('',(0.,0.));
#19573 = VECTOR('',#19574,1.);
#19574 = DIRECTION('',(0.,1.));
#19575 = ( GEOMETRIC_REPRESENTATION_CONTEXT(2) 
PARAMETRIC_REPRESENTATION_CONTEXT() REPRESENTATION_CONTEXT('2D SPACE',''
  ) );
#19576 = ORIENTED_EDGE('',*,*,#19427,.F.);
#19577 = ADVANCED_FACE('',(#19578),#19193,.F.);
#19578 = FACE_BOUND('',#19579,.F.);
#19579 = EDGE_LOOP('',(#19580,#19581,#19582,#19583));
#19580 = ORIENTED_EDGE('',*,*,#19458,.F.);
#19581 = ORIENTED_EDGE('',*,*,#19376,.T.);
#19582 = ORIENTED_EDGE('',*,*,#19177,.T.);
#19583 = ORIENTED_EDGE('',*,*,#19584,.F.);
#19584 = EDGE_CURVE('',#19459,#19178,#19585,.T.);
#19585 = SURFACE_CURVE('',#19586,(#19590,#19597),.PCURVE_S1.);
#19586 = LINE('',#19587,#19588);
#19587 = CARTESIAN_POINT('',(68.,13.,0.));
#19588 = VECTOR('',#19589,1.);
#19589 = DIRECTION('',(0.,0.,1.));
#19590 = PCURVE('',#19193,#19591);
#19591 = DEFINITIONAL_REPRESENTATION('',(#19592),#19596);
#19592 = LINE('',#19593,#19594);
#19593 = CARTESIAN_POINT('',(0.,7.));
#19594 = VECTOR('',#19595,1.);
#19595 = DIRECTION('',(1.,0.));
#19596 = ( GEOMETRIC_REPRESENTATION_CONTEXT(2) 
PARAMETRIC_REPRESENTATION_CONTEXT() REPRESENTATION_CONTEXT('2D SPACE',''
  ) );
#19597 = PCURVE('',#19226,#19598);
#19598 = DEFINITIONAL_REPRESENTATION('',(#19599),#19603);
#19599 = LINE('',#19600,#19601);
#19600 = CARTESIAN_POINT('',(4.712388980385,0.));
#19601 = VECTOR('',#19602,1.);
#19602 = DIRECTION('',(-0.,1.));
#19603 = ( GEOMETRIC_REPRESENTATION_CONTEXT(2) 
PARAMETRIC_REPRESENTATION_CONTEXT() REPRESENTATION_CONTEXT('2D SPACE',''
  ) );
#19604 = ADVANCED_FACE('',(#19605),#19311,.T.);
#19605 = FACE_BOUND('',#19606,.T.);
#19606 = EDGE_LOOP('',(#19607,#19608,#19609,#19610));
#19607 = ORIENTED_EDGE('',*,*,#19556,.F.);
#19608 = ORIENTED_EDGE('',*,*,#19404,.T.);
#19609 = ORIENTED_EDGE('',*,*,#19295,.T.);
#19610 = ORIENTED_EDGE('',*,*,#19611,.F.);
#19611 = EDGE_CURVE('',#19533,#19267,#19612,.T.);
#19612 = SURFACE_CURVE('',#19613,(#19617,#19624),.PCURVE_S1.);
#19613 = LINE('',#19614,#19615);
#19614 = CARTESIAN_POINT('',(68.,21.,0.));
#19615 = VECTOR('',#19616,1.);
#19616 = DIRECTION('',(0.,0.,1.));
#19617 = PCURVE('',#19311,#19618);
#19618 = DEFINITIONAL_REPRESENTATION('',(#19619),#19623);
#19619 = LINE('',#19620,#19621);
#19620 = CARTESIAN_POINT('',(0.,7.));
#19621 = VECTOR('',#19622,1.);
#19622 = DIRECTION('',(1.,0.));
#19623 = ( GEOMETRIC_REPRESENTATION_CONTEXT(2) 
PARAMETRIC_REPRESENTATION_CONTEXT() REPRESENTATION_CONTEXT('2D SPACE',''
  ) );
#19624 = PCURVE('',#19283,#19625);
#19625 = DEFINITIONAL_REPRESENTATION('',(#19626),#19630);
#19626 = LINE('',#19627,#19628);
#19627 = CARTESIAN_POINT('',(1.570796326795,0.));
#19628 = VECTOR('',#19629,1.);
#19629 = DIRECTION('',(0.,1.));
#19630 = ( GEOMETRIC_REPRESENTATION_CONTEXT(2) 
PARAMETRIC_REPRESENTATION_CONTEXT() REPRESENTATION_CONTEXT('2D SPACE',''
  ) );
#19631 = ADVANCED_FACE('',(#19632),#19226,.T.);
#19632 = FACE_BOUND('',#19633,.T.);
#19633 = EDGE_LOOP('',(#19634,#19655,#19656,#19657));
#19634 = ORIENTED_EDGE('',*,*,#19635,.T.);
#19635 = EDGE_CURVE('',#19482,#19206,#19636,.T.);
#19636 = SURFACE_CURVE('',#19637,(#19641,#19648),.PCURVE_S1.);
#19637 = LINE('',#19638,#19639);
#19638 = CARTESIAN_POINT('',(69.,14.,0.));
#19639 = VECTOR('',#19640,1.);
#19640 = DIRECTION('',(0.,0.,1.));
#19641 = PCURVE('',#19226,#19642);
#19642 = DEFINITIONAL_REPRESENTATION('',(#19643),#19647);
#19643 = LINE('',#19644,#19645);
#19644 = CARTESIAN_POINT('',(6.28318530718,0.));
#19645 = VECTOR('',#19646,1.);
#19646 = DIRECTION('',(-0.,1.));
#19647 = ( GEOMETRIC_REPRESENTATION_CONTEXT(2) 
PARAMETRIC_REPRESENTATION_CONTEXT() REPRESENTATION_CONTEXT('2D SPACE',''
  ) );
#19648 = PCURVE('',#19254,#19649);
#19649 = DEFINITIONAL_REPRESENTATION('',(#19650),#19654);
#19650 = LINE('',#19651,#19652);
#19651 = CARTESIAN_POINT('',(0.,-1.));
#19652 = VECTOR('',#19653,1.);
#19653 = DIRECTION('',(1.,0.));
#19654 = ( GEOMETRIC_REPRESENTATION_CONTEXT(2) 
PARAMETRIC_REPRESENTATION_CONTEXT() REPRESENTATION_CONTEXT('2D SPACE',''
  ) );
#19655 = ORIENTED_EDGE('',*,*,#19205,.T.);
#19656 = ORIENTED_EDGE('',*,*,#19584,.F.);
#19657 = ORIENTED_EDGE('',*,*,#19481,.F.);
#19658 = ADVANCED_FACE('',(#19659),#19283,.T.);
#19659 = FACE_BOUND('',#19660,.T.);
#19660 = EDGE_LOOP('',(#19661,#19662,#19663,#19664));
#19661 = ORIENTED_EDGE('',*,*,#19532,.T.);
#19662 = ORIENTED_EDGE('',*,*,#19611,.T.);
#19663 = ORIENTED_EDGE('',*,*,#19266,.F.);
#19664 = ORIENTED_EDGE('',*,*,#19665,.F.);
#19665 = EDGE_CURVE('',#19510,#19239,#19666,.T.);
#19666 = SURFACE_CURVE('',#19667,(#19671,#19678),.PCURVE_S1.);
#19667 = LINE('',#19668,#19669);
#19668 = CARTESIAN_POINT('',(69.,20.,0.));
#19669 = VECTOR('',#19670,1.);
#19670 = DIRECTION('',(0.,0.,1.));
#19671 = PCURVE('',#19283,#19672);
#19672 = DEFINITIONAL_REPRESENTATION('',(#19673),#19677);
#19673 = LINE('',#19674,#19675);
#19674 = CARTESIAN_POINT('',(0.,0.));
#19675 = VECTOR('',#19676,1.);
#19676 = DIRECTION('',(0.,1.));
#19677 = ( GEOMETRIC_REPRESENTATION_CONTEXT(2) 
PARAMETRIC_REPRESENTATION_CONTEXT() REPRESENTATION_CONTEXT('2D SPACE',''
  ) );
#19678 = PCURVE('',#19254,#19679);
#19679 = DEFINITIONAL_REPRESENTATION('',(#19680),#19684);
#19680 = LINE('',#19681,#19682);
#19681 = CARTESIAN_POINT('',(0.,-7.));
#19682 = VECTOR('',#19683,1.);
#19683 = DIRECTION('',(1.,0.));
#19684 = ( GEOMETRIC_REPRESENTATION_CONTEXT(2) 
PARAMETRIC_REPRESENTATION_CONTEXT() REPRESENTATION_CONTEXT('2D SPACE',''
  ) );
#19685 = ADVANCED_FACE('',(#19686),#19254,.T.);
#19686 = FACE_BOUND('',#19687,.T.);
#19687 = EDGE_LOOP('',(#19688,#19689,#19690,#19691));
#19688 = ORIENTED_EDGE('',*,*,#19238,.F.);
#19689 = ORIENTED_EDGE('',*,*,#19635,.F.);
#19690 = ORIENTED_EDGE('',*,*,#19509,.T.);
#19691 = ORIENTED_EDGE('',*,*,#19665,.T.);
#19692 = ( GEOMETRIC_REPRESENTATION_CONTEXT(3) 
GLOBAL_UNCERTAINTY_ASSIGNED_CONTEXT((#19696)) 
GLOBAL_UNIT_ASSIGNED_CONTEXT((#19693,#19694,#19695)) 
REPRESENTATION_CONTEXT('Context #1',
  '3D Context with UNIT and UNCERTAINTY') );
#19693 = ( LENGTH_UNIT() NAMED_UNIT(*) SI_UNIT(.MILLI.,.METRE.) );
#19694 = ( NAMED_UNIT(*) PLANE_ANGLE_UNIT() SI_UNIT($,.RADIAN.) );
#19695 = ( NAMED_UNIT(*) SI_UNIT($,.STERADIAN.) SOLID_ANGLE_UNIT() );
#19696 = UNCERTAINTY_MEASURE_WITH_UNIT(LENGTH_MEASURE(1.E-07),#19693,
  'distance_accuracy_value','confusion accuracy');
#19697 = CONTEXT_DEPENDENT_SHAPE_REPRESENTATION(#19698,#19700);
#19698 = ( REPRESENTATION_RELATIONSHIP('','',#19025,#10) 
REPRESENTATION_RELATIONSHIP_WITH_TRANSFORMATION(#19699) 
SHAPE_REPRESENTATION_RELATIONSHIP() );
#19699 = ITEM_DEFINED_TRANSFORMATION('','',#11,#43);
#19700 = PRODUCT_DEFINITION_SHAPE('Placement','Placement of an item',
  #19701);
#19701 = NEXT_ASSEMBLY_USAGE_OCCURRENCE('10','','',#5,#19020,$);
#19702 = PRODUCT_RELATED_PRODUCT_CATEGORY('part',$,(#19022));
#19703 = SHAPE_DEFINITION_REPRESENTATION(#19704,#19710);
#19704 = PRODUCT_DEFINITION_SHAPE('','',#19705);
#19705 = PRODUCT_DEFINITION('design','',#19706,#19709);
#19706 = PRODUCT_DEFINITION_FORMATION('','',#19707);
#19707 = PRODUCT('Open CASCADE STEP translator 7.8 4.9',
  'Open CASCADE STEP translator 7.8 4.9','',(#19708));
#19708 = PRODUCT_CONTEXT('',#2,'mechanical');
#19709 = PRODUCT_DEFINITION_CONTEXT('part definition',#2,'design');
#19710 = ADVANCED_BREP_SHAPE_REPRESENTATION('',(#11,#19711),#20377);
#19711 = MANIFOLD_SOLID_BREP('',#19712);
#19712 = CLOSED_SHELL('',(#19713,#19833,#20033,#20083,#20137,#20262,
    #20289,#20316,#20343,#20370));
#19713 = ADVANCED_FACE('',(#19714),#19728,.F.);
#19714 = FACE_BOUND('',#19715,.F.);
#19715 = EDGE_LOOP('',(#19716,#19751,#19779,#19807));
#19716 = ORIENTED_EDGE('',*,*,#19717,.F.);
#19717 = EDGE_CURVE('',#19718,#19720,#19722,.T.);
#19718 = VERTEX_POINT('',#19719);
#19719 = CARTESIAN_POINT('',(73.,14.,4.));
#19720 = VERTEX_POINT('',#19721);
#19721 = CARTESIAN_POINT('',(73.,20.,4.));
#19722 = SURFACE_CURVE('',#19723,(#19727,#19739),.PCURVE_S1.);
#19723 = LINE('',#19724,#19725);
#19724 = CARTESIAN_POINT('',(73.,13.,4.));
#19725 = VECTOR('',#19726,1.);
#19726 = DIRECTION('',(0.,1.,0.));
#19727 = PCURVE('',#19728,#19733);
#19728 = PLANE('',#19729);
#19729 = AXIS2_PLACEMENT_3D('',#19730,#19731,#19732);
#19730 = CARTESIAN_POINT('',(73.,13.,0.));
#19731 = DIRECTION('',(1.,0.,0.));
#19732 = DIRECTION('',(0.,0.,1.));
#19733 = DEFINITIONAL_REPRESENTATION('',(#19734),#19738);
#19734 = LINE('',#19735,#19736);
#19735 = CARTESIAN_POINT('',(4.,0.));
#19736 = VECTOR('',#19737,1.);
#19737 = DIRECTION('',(0.,-1.));
#19738 = ( GEOMETRIC_REPRESENTATION_CONTEXT(2) 
PARAMETRIC_REPRESENTATION_CONTEXT() REPRESENTATION_CONTEXT('2D SPACE',''
  ) );
#19739 = PCURVE('',#19740,#19745);
#19740 = PLANE('',#19741);
#19741 = AXIS2_PLACEMENT_3D('',#19742,#19743,#19744);
#19742 = CARTESIAN_POINT('',(73.,13.,4.));
#19743 = DIRECTION('',(0.,0.,1.));
#19744 = DIRECTION('',(1.,0.,-0.));
#19745 = DEFINITIONAL_REPRESENTATION('',(#19746),#19750);
#19746 = LINE('',#19747,#19748);
#19747 = CARTESIAN_POINT('',(0.,0.));
#19748 = VECTOR('',#19749,1.);
#19749 = DIRECTION('',(0.,1.));
#19750 = ( GEOMETRIC_REPRESENTATION_CONTEXT(2) 
PARAMETRIC_REPRESENTATION_CONTEXT() REPRESENTATION_CONTEXT('2D SPACE',''
  ) );
#19751 = ORIENTED_EDGE('',*,*,#19752,.F.);
#19752 = EDGE_CURVE('',#19753,#19718,#19755,.T.);
#19753 = VERTEX_POINT('',#19754);
#19754 = CARTESIAN_POINT('',(73.,14.,0.));
#19755 = SURFACE_CURVE('',#19756,(#19760,#19767),.PCURVE_S1.);
#19756 = LINE('',#19757,#19758);
#19757 = CARTESIAN_POINT('',(73.,14.,0.));
#19758 = VECTOR('',#19759,1.);
#19759 = DIRECTION('',(0.,0.,1.));
#19760 = PCURVE('',#19728,#19761);
#19761 = DEFINITIONAL_REPRESENTATION('',(#19762),#19766);
#19762 = LINE('',#19763,#19764);
#19763 = CARTESIAN_POINT('',(0.,-1.));
#19764 = VECTOR('',#19765,1.);
#19765 = DIRECTION('',(1.,0.));
#19766 = ( GEOMETRIC_REPRESENTATION_CONTEXT(2) 
PARAMETRIC_REPRESENTATION_CONTEXT() REPRESENTATION_CONTEXT('2D SPACE',''
  ) );
#19767 = PCURVE('',#19768,#19773);
#19768 = CYLINDRICAL_SURFACE('',#19769,1.);
#19769 = AXIS2_PLACEMENT_3D('',#19770,#19771,#19772);
#19770 = CARTESIAN_POINT('',(74.,14.,0.));
#19771 = DIRECTION('',(0.,0.,1.));
#19772 = DIRECTION('',(-1.,-0.,0.));
#19773 = DEFINITIONAL_REPRESENTATION('',(#19774),#19778);
#19774 = LINE('',#19775,#19776);
#19775 = CARTESIAN_POINT('',(0.,0.));
#19776 = VECTOR('',#19777,1.);
#19777 = DIRECTION('',(0.,1.));
#19778 = ( GEOMETRIC_REPRESENTATION_CONTEXT(2) 
PARAMETRIC_REPRESENTATION_CONTEXT() REPRESENTATION_CONTEXT('2D SPACE',''
  ) );
#19779 = ORIENTED_EDGE('',*,*,#19780,.T.);
#19780 = EDGE_CURVE('',#19753,#19781,#19783,.T.);
#19781 = VERTEX_POINT('',#19782);
#19782 = CARTESIAN_POINT('',(73.,20.,0.));
#19783 = SURFACE_CURVE('',#19784,(#19788,#19795),.PCURVE_S1.);
#19784 = LINE('',#19785,#19786);
#19785 = CARTESIAN_POINT('',(73.,13.,0.));
#19786 = VECTOR('',#19787,1.);
#19787 = DIRECTION('',(0.,1.,0.));
#19788 = PCURVE('',#19728,#19789);
#19789 = DEFINITIONAL_REPRESENTATION('',(#19790),#19794);
#19790 = LINE('',#19791,#19792);
#19791 = CARTESIAN_POINT('',(0.,0.));
#19792 = VECTOR('',#19793,1.);
#19793 = DIRECTION('',(0.,-1.));
#19794 = ( GEOMETRIC_REPRESENTATION_CONTEXT(2) 
PARAMETRIC_REPRESENTATION_CONTEXT() REPRESENTATION_CONTEXT('2D SPACE',''
  ) );
#19795 = PCURVE('',#19796,#19801);
#19796 = PLANE('',#19797);
#19797 = AXIS2_PLACEMENT_3D('',#19798,#19799,#19800);
#19798 = CARTESIAN_POINT('',(73.,13.,0.));
#19799 = DIRECTION('',(0.,0.,1.));
#19800 = DIRECTION('',(1.,0.,-0.));
#19801 = DEFINITIONAL_REPRESENTATION('',(#19802),#19806);
#19802 = LINE('',#19803,#19804);
#19803 = CARTESIAN_POINT('',(0.,0.));
#19804 = VECTOR('',#19805,1.);
#19805 = DIRECTION('',(0.,1.));
#19806 = ( GEOMETRIC_REPRESENTATION_CONTEXT(2) 
PARAMETRIC_REPRESENTATION_CONTEXT() REPRESENTATION_CONTEXT('2D SPACE',''
  ) );
#19807 = ORIENTED_EDGE('',*,*,#19808,.T.);
#19808 = EDGE_CURVE('',#19781,#19720,#19809,.T.);
#19809 = SURFACE_CURVE('',#19810,(#19814,#19821),.PCURVE_S1.);
#19810 = LINE('',#19811,#19812);
#19811 = CARTESIAN_POINT('',(73.,20.,0.));
#19812 = VECTOR('',#19813,1.);
#19813 = DIRECTION('',(0.,0.,1.));
#19814 = PCURVE('',#19728,#19815);
#19815 = DEFINITIONAL_REPRESENTATION('',(#19816),#19820);
#19816 = LINE('',#19817,#19818);
#19817 = CARTESIAN_POINT('',(0.,-7.));
#19818 = VECTOR('',#19819,1.);
#19819 = DIRECTION('',(1.,0.));
#19820 = ( GEOMETRIC_REPRESENTATION_CONTEXT(2) 
PARAMETRIC_REPRESENTATION_CONTEXT() REPRESENTATION_CONTEXT('2D SPACE',''
  ) );
#19821 = PCURVE('',#19822,#19827);
#19822 = CYLINDRICAL_SURFACE('',#19823,1.);
#19823 = AXIS2_PLACEMENT_3D('',#19824,#19825,#19826);
#19824 = CARTESIAN_POINT('',(74.,20.,0.));
#19825 = DIRECTION('',(0.,0.,1.));
#19826 = DIRECTION('',(-1.,-0.,0.));
#19827 = DEFINITIONAL_REPRESENTATION('',(#19828),#19832);
#19828 = LINE('',#19829,#19830);
#19829 = CARTESIAN_POINT('',(6.28318530718,0.));
#19830 = VECTOR('',#19831,1.);
#19831 = DIRECTION('',(-0.,1.));
#19832 = ( GEOMETRIC_REPRESENTATION_CONTEXT(2) 
PARAMETRIC_REPRESENTATION_CONTEXT() REPRESENTATION_CONTEXT('2D SPACE',''
  ) );
#19833 = ADVANCED_FACE('',(#19834),#19740,.T.);
#19834 = FACE_BOUND('',#19835,.T.);
#19835 = EDGE_LOOP('',(#19836,#19837,#19861,#19889,#19922,#19950,#19979,
    #20007));
#19836 = ORIENTED_EDGE('',*,*,#19717,.F.);
#19837 = ORIENTED_EDGE('',*,*,#19838,.T.);
#19838 = EDGE_CURVE('',#19718,#19839,#19841,.T.);
#19839 = VERTEX_POINT('',#19840);
#19840 = CARTESIAN_POINT('',(74.,13.,4.));
#19841 = SURFACE_CURVE('',#19842,(#19847,#19854),.PCURVE_S1.);
#19842 = CIRCLE('',#19843,1.);
#19843 = AXIS2_PLACEMENT_3D('',#19844,#19845,#19846);
#19844 = CARTESIAN_POINT('',(74.,14.,4.));
#19845 = DIRECTION('',(0.,0.,1.));
#19846 = DIRECTION('',(0.,-1.,0.));
#19847 = PCURVE('',#19740,#19848);
#19848 = DEFINITIONAL_REPRESENTATION('',(#19849),#19853);
#19849 = CIRCLE('',#19850,1.);
#19850 = AXIS2_PLACEMENT_2D('',#19851,#19852);
#19851 = CARTESIAN_POINT('',(1.,1.));
#19852 = DIRECTION('',(0.,-1.));
#19853 = ( GEOMETRIC_REPRESENTATION_CONTEXT(2) 
PARAMETRIC_REPRESENTATION_CONTEXT() REPRESENTATION_CONTEXT('2D SPACE',''
  ) );
#19854 = PCURVE('',#19768,#19855);
#19855 = DEFINITIONAL_REPRESENTATION('',(#19856),#19860);
#19856 = LINE('',#19857,#19858);
#19857 = CARTESIAN_POINT('',(-4.712388980385,4.));
#19858 = VECTOR('',#19859,1.);
#19859 = DIRECTION('',(1.,0.));
#19860 = ( GEOMETRIC_REPRESENTATION_CONTEXT(2) 
PARAMETRIC_REPRESENTATION_CONTEXT() REPRESENTATION_CONTEXT('2D SPACE',''
  ) );
#19861 = ORIENTED_EDGE('',*,*,#19862,.T.);
#19862 = EDGE_CURVE('',#19839,#19863,#19865,.T.);
#19863 = VERTEX_POINT('',#19864);
#19864 = CARTESIAN_POINT('',(80.,13.,4.));
#19865 = SURFACE_CURVE('',#19866,(#19870,#19877),.PCURVE_S1.);
#19866 = LINE('',#19867,#19868);
#19867 = CARTESIAN_POINT('',(73.,13.,4.));
#19868 = VECTOR('',#19869,1.);
#19869 = DIRECTION('',(1.,0.,0.));
#19870 = PCURVE('',#19740,#19871);
#19871 = DEFINITIONAL_REPRESENTATION('',(#19872),#19876);
#19872 = LINE('',#19873,#19874);
#19873 = CARTESIAN_POINT('',(0.,0.));
#19874 = VECTOR('',#19875,1.);
#19875 = DIRECTION('',(1.,0.));
#19876 = ( GEOMETRIC_REPRESENTATION_CONTEXT(2) 
PARAMETRIC_REPRESENTATION_CONTEXT() REPRESENTATION_CONTEXT('2D SPACE',''
  ) );
#19877 = PCURVE('',#19878,#19883);
#19878 = PLANE('',#19879);
#19879 = AXIS2_PLACEMENT_3D('',#19880,#19881,#19882);
#19880 = CARTESIAN_POINT('',(73.,13.,0.));
#19881 = DIRECTION('',(0.,1.,0.));
#19882 = DIRECTION('',(0.,-0.,1.));
#19883 = DEFINITIONAL_REPRESENTATION('',(#19884),#19888);
#19884 = LINE('',#19885,#19886);
#19885 = CARTESIAN_POINT('',(4.,0.));
#19886 = VECTOR('',#19887,1.);
#19887 = DIRECTION('',(0.,1.));
#19888 = ( GEOMETRIC_REPRESENTATION_CONTEXT(2) 
PARAMETRIC_REPRESENTATION_CONTEXT() REPRESENTATION_CONTEXT('2D SPACE',''
  ) );
#19889 = ORIENTED_EDGE('',*,*,#19890,.F.);
#19890 = EDGE_CURVE('',#19891,#19863,#19893,.T.);
#19891 = VERTEX_POINT('',#19892);
#19892 = CARTESIAN_POINT('',(81.,14.,4.));
#19893 = SURFACE_CURVE('',#19894,(#19899,#19910),.PCURVE_S1.);
#19894 = CIRCLE('',#19895,1.);
#19895 = AXIS2_PLACEMENT_3D('',#19896,#19897,#19898);
#19896 = CARTESIAN_POINT('',(80.,14.,4.));
#19897 = DIRECTION('',(-0.,-0.,-1.));
#19898 = DIRECTION('',(0.,-1.,0.));
#19899 = PCURVE('',#19740,#19900);
#19900 = DEFINITIONAL_REPRESENTATION('',(#19901),#19909);
#19901 = ( BOUNDED_CURVE() B_SPLINE_CURVE(2,(#19902,#19903,#19904,#19905
    ,#19906,#19907,#19908),.UNSPECIFIED.,.T.,.F.) 
B_SPLINE_CURVE_WITH_KNOTS((1,2,2,2,2,1),(-2.094395102393,0.,
    2.094395102393,4.188790204786,6.28318530718,8.377580409573),
.UNSPECIFIED.) CURVE() GEOMETRIC_REPRESENTATION_ITEM() 
RATIONAL_B_SPLINE_CURVE((1.,0.5,1.,0.5,1.,0.5,1.)) REPRESENTATION_ITEM(
  '') );
#19902 = CARTESIAN_POINT('',(7.,0.));
#19903 = CARTESIAN_POINT('',(5.267949192431,0.));
#19904 = CARTESIAN_POINT('',(6.133974596216,1.5));
#19905 = CARTESIAN_POINT('',(7.,3.));
#19906 = CARTESIAN_POINT('',(7.866025403784,1.5));
#19907 = CARTESIAN_POINT('',(8.732050807569,1.554312234475E-15));
#19908 = CARTESIAN_POINT('',(7.,0.));
#19909 = ( GEOMETRIC_REPRESENTATION_CONTEXT(2) 
PARAMETRIC_REPRESENTATION_CONTEXT() REPRESENTATION_CONTEXT('2D SPACE',''
  ) );
#19910 = PCURVE('',#19911,#19916);
#19911 = CYLINDRICAL_SURFACE('',#19912,1.);
#19912 = AXIS2_PLACEMENT_3D('',#19913,#19914,#19915);
#19913 = CARTESIAN_POINT('',(80.,14.,0.));
#19914 = DIRECTION('',(0.,0.,1.));
#19915 = DIRECTION('',(1.,0.,-0.));
#19916 = DEFINITIONAL_REPRESENTATION('',(#19917),#19921);
#19917 = LINE('',#19918,#19919);
#19918 = CARTESIAN_POINT('',(10.995574287565,4.));
#19919 = VECTOR('',#19920,1.);
#19920 = DIRECTION('',(-1.,0.));
#19921 = ( GEOMETRIC_REPRESENTATION_CONTEXT(2) 
PARAMETRIC_REPRESENTATION_CONTEXT() REPRESENTATION_CONTEXT('2D SPACE',''
  ) );
#19922 = ORIENTED_EDGE('',*,*,#19923,.T.);
#19923 = EDGE_CURVE('',#19891,#19924,#19926,.T.);
#19924 = VERTEX_POINT('',#19925);
#19925 = CARTESIAN_POINT('',(81.,20.,4.));
#19926 = SURFACE_CURVE('',#19927,(#19931,#19938),.PCURVE_S1.);
#19927 = LINE('',#19928,#19929);
#19928 = CARTESIAN_POINT('',(81.,13.,4.));
#19929 = VECTOR('',#19930,1.);
#19930 = DIRECTION('',(0.,1.,0.));
#19931 = PCURVE('',#19740,#19932);
#19932 = DEFINITIONAL_REPRESENTATION('',(#19933),#19937);
#19933 = LINE('',#19934,#19935);
#19934 = CARTESIAN_POINT('',(8.,0.));
#19935 = VECTOR('',#19936,1.);
#19936 = DIRECTION('',(0.,1.));
#19937 = ( GEOMETRIC_REPRESENTATION_CONTEXT(2) 
PARAMETRIC_REPRESENTATION_CONTEXT() REPRESENTATION_CONTEXT('2D SPACE',''
  ) );
#19938 = PCURVE('',#19939,#19944);
#19939 = PLANE('',#19940);
#19940 = AXIS2_PLACEMENT_3D('',#19941,#19942,#19943);
#19941 = CARTESIAN_POINT('',(81.,13.,0.));
#19942 = DIRECTION('',(1.,0.,0.));
#19943 = DIRECTION('',(0.,0.,1.));
#19944 = DEFINITIONAL_REPRESENTATION('',(#19945),#19949);
#19945 = LINE('',#19946,#19947);
#19946 = CARTESIAN_POINT('',(4.,0.));
#19947 = VECTOR('',#19948,1.);
#19948 = DIRECTION('',(0.,-1.));
#19949 = ( GEOMETRIC_REPRESENTATION_CONTEXT(2) 
PARAMETRIC_REPRESENTATION_CONTEXT() REPRESENTATION_CONTEXT('2D SPACE',''
  ) );
#19950 = ORIENTED_EDGE('',*,*,#19951,.T.);
#19951 = EDGE_CURVE('',#19924,#19952,#19954,.T.);
#19952 = VERTEX_POINT('',#19953);
#19953 = CARTESIAN_POINT('',(80.,21.,4.));
#19954 = SURFACE_CURVE('',#19955,(#19960,#19967),.PCURVE_S1.);
#19955 = CIRCLE('',#19956,1.);
#19956 = AXIS2_PLACEMENT_3D('',#19957,#19958,#19959);
#19957 = CARTESIAN_POINT('',(80.,20.,4.));
#19958 = DIRECTION('',(0.,0.,1.));
#19959 = DIRECTION('',(0.,-1.,0.));
#19960 = PCURVE('',#19740,#19961);
#19961 = DEFINITIONAL_REPRESENTATION('',(#19962),#19966);
#19962 = CIRCLE('',#19963,1.);
#19963 = AXIS2_PLACEMENT_2D('',#19964,#19965);
#19964 = CARTESIAN_POINT('',(7.,7.));
#19965 = DIRECTION('',(0.,-1.));
#19966 = ( GEOMETRIC_REPRESENTATION_CONTEXT(2) 
PARAMETRIC_REPRESENTATION_CONTEXT() REPRESENTATION_CONTEXT('2D SPACE',''
  ) );
#19967 = PCURVE('',#19968,#19973);
#19968 = CYLINDRICAL_SURFACE('',#19969,1.);
#19969 = AXIS2_PLACEMENT_3D('',#19970,#19971,#19972);
#19970 = CARTESIAN_POINT('',(80.,20.,0.));
#19971 = DIRECTION('',(0.,0.,1.));
#19972 = DIRECTION('',(1.,0.,-0.));
#19973 = DEFINITIONAL_REPRESENTATION('',(#19974),#19978);
#19974 = LINE('',#19975,#19976);
#19975 = CARTESIAN_POINT('',(-1.570796326795,4.));
#19976 = VECTOR('',#19977,1.);
#19977 = DIRECTION('',(1.,0.));
#19978 = ( GEOMETRIC_REPRESENTATION_CONTEXT(2) 
PARAMETRIC_REPRESENTATION_CONTEXT() REPRESENTATION_CONTEXT('2D SPACE',''
  ) );
#19979 = ORIENTED_EDGE('',*,*,#19980,.F.);
#19980 = EDGE_CURVE('',#19981,#19952,#19983,.T.);
#19981 = VERTEX_POINT('',#19982);
#19982 = CARTESIAN_POINT('',(74.,21.,4.));
#19983 = SURFACE_CURVE('',#19984,(#19988,#19995),.PCURVE_S1.);
#19984 = LINE('',#19985,#19986);
#19985 = CARTESIAN_POINT('',(73.,21.,4.));
#19986 = VECTOR('',#19987,1.);
#19987 = DIRECTION('',(1.,0.,0.));
#19988 = PCURVE('',#19740,#19989);
#19989 = DEFINITIONAL_REPRESENTATION('',(#19990),#19994);
#19990 = LINE('',#19991,#19992);
#19991 = CARTESIAN_POINT('',(0.,8.));
#19992 = VECTOR('',#19993,1.);
#19993 = DIRECTION('',(1.,0.));
#19994 = ( GEOMETRIC_REPRESENTATION_CONTEXT(2) 
PARAMETRIC_REPRESENTATION_CONTEXT() REPRESENTATION_CONTEXT('2D SPACE',''
  ) );
#19995 = PCURVE('',#19996,#20001);
#19996 = PLANE('',#19997);
#19997 = AXIS2_PLACEMENT_3D('',#19998,#19999,#20000);
#19998 = CARTESIAN_POINT('',(73.,21.,0.));
#19999 = DIRECTION('',(0.,1.,0.));
#20000 = DIRECTION('',(0.,-0.,1.));
#20001 = DEFINITIONAL_REPRESENTATION('',(#20002),#20006);
#20002 = LINE('',#20003,#20004);
#20003 = CARTESIAN_POINT('',(4.,0.));
#20004 = VECTOR('',#20005,1.);
#20005 = DIRECTION('',(0.,1.));
#20006 = ( GEOMETRIC_REPRESENTATION_CONTEXT(2) 
PARAMETRIC_REPRESENTATION_CONTEXT() REPRESENTATION_CONTEXT('2D SPACE',''
  ) );
#20007 = ORIENTED_EDGE('',*,*,#20008,.F.);
#20008 = EDGE_CURVE('',#19720,#19981,#20009,.T.);
#20009 = SURFACE_CURVE('',#20010,(#20015,#20026),.PCURVE_S1.);
#20010 = CIRCLE('',#20011,1.);
#20011 = AXIS2_PLACEMENT_3D('',#20012,#20013,#20014);
#20012 = CARTESIAN_POINT('',(74.,20.,4.));
#20013 = DIRECTION('',(-0.,-0.,-1.));
#20014 = DIRECTION('',(0.,-1.,0.));
#20015 = PCURVE('',#19740,#20016);
#20016 = DEFINITIONAL_REPRESENTATION('',(#20017),#20025);
#20017 = ( BOUNDED_CURVE() B_SPLINE_CURVE(2,(#20018,#20019,#20020,#20021
    ,#20022,#20023,#20024),.UNSPECIFIED.,.T.,.F.) 
B_SPLINE_CURVE_WITH_KNOTS((1,2,2,2,2,1),(-2.094395102393,0.,
    2.094395102393,4.188790204786,6.28318530718,8.377580409573),
.UNSPECIFIED.) CURVE() GEOMETRIC_REPRESENTATION_ITEM() 
RATIONAL_B_SPLINE_CURVE((1.,0.5,1.,0.5,1.,0.5,1.)) REPRESENTATION_ITEM(
  '') );
#20018 = CARTESIAN_POINT('',(1.,6.));
#20019 = CARTESIAN_POINT('',(-0.732050807569,6.));
#20020 = CARTESIAN_POINT('',(0.133974596216,7.5));
#20021 = CARTESIAN_POINT('',(1.,9.));
#20022 = CARTESIAN_POINT('',(1.866025403784,7.5));
#20023 = CARTESIAN_POINT('',(2.732050807569,6.));
#20024 = CARTESIAN_POINT('',(1.,6.));
#20025 = ( GEOMETRIC_REPRESENTATION_CONTEXT(2) 
PARAMETRIC_REPRESENTATION_CONTEXT() REPRESENTATION_CONTEXT('2D SPACE',''
  ) );
#20026 = PCURVE('',#19822,#20027);
#20027 = DEFINITIONAL_REPRESENTATION('',(#20028),#20032);
#20028 = LINE('',#20029,#20030);
#20029 = CARTESIAN_POINT('',(7.853981633975,4.));
#20030 = VECTOR('',#20031,1.);
#20031 = DIRECTION('',(-1.,0.));
#20032 = ( GEOMETRIC_REPRESENTATION_CONTEXT(2) 
PARAMETRIC_REPRESENTATION_CONTEXT() REPRESENTATION_CONTEXT('2D SPACE',''
  ) );
#20033 = ADVANCED_FACE('',(#20034),#19768,.T.);
#20034 = FACE_BOUND('',#20035,.T.);
#20035 = EDGE_LOOP('',(#20036,#20060,#20081,#20082));
#20036 = ORIENTED_EDGE('',*,*,#20037,.T.);
#20037 = EDGE_CURVE('',#19753,#20038,#20040,.T.);
#20038 = VERTEX_POINT('',#20039);
#20039 = CARTESIAN_POINT('',(74.,13.,0.));
#20040 = SURFACE_CURVE('',#20041,(#20046,#20053),.PCURVE_S1.);
#20041 = CIRCLE('',#20042,1.);
#20042 = AXIS2_PLACEMENT_3D('',#20043,#20044,#20045);
#20043 = CARTESIAN_POINT('',(74.,14.,0.));
#20044 = DIRECTION('',(0.,0.,1.));
#20045 = DIRECTION('',(0.,-1.,0.));
#20046 = PCURVE('',#19768,#20047);
#20047 = DEFINITIONAL_REPRESENTATION('',(#20048),#20052);
#20048 = LINE('',#20049,#20050);
#20049 = CARTESIAN_POINT('',(-4.712388980385,0.));
#20050 = VECTOR('',#20051,1.);
#20051 = DIRECTION('',(1.,0.));
#20052 = ( GEOMETRIC_REPRESENTATION_CONTEXT(2) 
PARAMETRIC_REPRESENTATION_CONTEXT() REPRESENTATION_CONTEXT('2D SPACE',''
  ) );
#20053 = PCURVE('',#19796,#20054);
#20054 = DEFINITIONAL_REPRESENTATION('',(#20055),#20059);
#20055 = CIRCLE('',#20056,1.);
#20056 = AXIS2_PLACEMENT_2D('',#20057,#20058);
#20057 = CARTESIAN_POINT('',(1.,1.));
#20058 = DIRECTION('',(0.,-1.));
#20059 = ( GEOMETRIC_REPRESENTATION_CONTEXT(2) 
PARAMETRIC_REPRESENTATION_CONTEXT() REPRESENTATION_CONTEXT('2D SPACE',''
  ) );
#20060 = ORIENTED_EDGE('',*,*,#20061,.T.);
#20061 = EDGE_CURVE('',#20038,#19839,#20062,.T.);
#20062 = SURFACE_CURVE('',#20063,(#20067,#20074),.PCURVE_S1.);
#20063 = LINE('',#20064,#20065);
#20064 = CARTESIAN_POINT('',(74.,13.,0.));
#20065 = VECTOR('',#20066,1.);
#20066 = DIRECTION('',(0.,0.,1.));
#20067 = PCURVE('',#19768,#20068);
#20068 = DEFINITIONAL_REPRESENTATION('',(#20069),#20073);
#20069 = LINE('',#20070,#20071);
#20070 = CARTESIAN_POINT('',(1.570796326795,0.));
#20071 = VECTOR('',#20072,1.);
#20072 = DIRECTION('',(0.,1.));
#20073 = ( GEOMETRIC_REPRESENTATION_CONTEXT(2) 
PARAMETRIC_REPRESENTATION_CONTEXT() REPRESENTATION_CONTEXT('2D SPACE',''
  ) );
#20074 = PCURVE('',#19878,#20075);
#20075 = DEFINITIONAL_REPRESENTATION('',(#20076),#20080);
#20076 = LINE('',#20077,#20078);
#20077 = CARTESIAN_POINT('',(0.,1.));
#20078 = VECTOR('',#20079,1.);
#20079 = DIRECTION('',(1.,0.));
#20080 = ( GEOMETRIC_REPRESENTATION_CONTEXT(2) 
PARAMETRIC_REPRESENTATION_CONTEXT() REPRESENTATION_CONTEXT('2D SPACE',''
  ) );
#20081 = ORIENTED_EDGE('',*,*,#19838,.F.);
#20082 = ORIENTED_EDGE('',*,*,#19752,.F.);
#20083 = ADVANCED_FACE('',(#20084),#19822,.T.);
#20084 = FACE_BOUND('',#20085,.T.);
#20085 = EDGE_LOOP('',(#20086,#20087,#20088,#20111));
#20086 = ORIENTED_EDGE('',*,*,#19808,.T.);
#20087 = ORIENTED_EDGE('',*,*,#20008,.T.);
#20088 = ORIENTED_EDGE('',*,*,#20089,.F.);
#20089 = EDGE_CURVE('',#20090,#19981,#20092,.T.);
#20090 = VERTEX_POINT('',#20091);
#20091 = CARTESIAN_POINT('',(74.,21.,0.));
#20092 = SURFACE_CURVE('',#20093,(#20097,#20104),.PCURVE_S1.);
#20093 = LINE('',#20094,#20095);
#20094 = CARTESIAN_POINT('',(74.,21.,0.));
#20095 = VECTOR('',#20096,1.);
#20096 = DIRECTION('',(0.,0.,1.));
#20097 = PCURVE('',#19822,#20098);
#20098 = DEFINITIONAL_REPRESENTATION('',(#20099),#20103);
#20099 = LINE('',#20100,#20101);
#20100 = CARTESIAN_POINT('',(4.712388980385,0.));
#20101 = VECTOR('',#20102,1.);
#20102 = DIRECTION('',(-0.,1.));
#20103 = ( GEOMETRIC_REPRESENTATION_CONTEXT(2) 
PARAMETRIC_REPRESENTATION_CONTEXT() REPRESENTATION_CONTEXT('2D SPACE',''
  ) );
#20104 = PCURVE('',#19996,#20105);
#20105 = DEFINITIONAL_REPRESENTATION('',(#20106),#20110);
#20106 = LINE('',#20107,#20108);
#20107 = CARTESIAN_POINT('',(0.,1.));
#20108 = VECTOR('',#20109,1.);
#20109 = DIRECTION('',(1.,0.));
#20110 = ( GEOMETRIC_REPRESENTATION_CONTEXT(2) 
PARAMETRIC_REPRESENTATION_CONTEXT() REPRESENTATION_CONTEXT('2D SPACE',''
  ) );
#20111 = ORIENTED_EDGE('',*,*,#20112,.F.);
#20112 = EDGE_CURVE('',#19781,#20090,#20113,.T.);
#20113 = SURFACE_CURVE('',#20114,(#20119,#20126),.PCURVE_S1.);
#20114 = CIRCLE('',#20115,1.);
#20115 = AXIS2_PLACEMENT_3D('',#20116,#20117,#20118);
#20116 = CARTESIAN_POINT('',(74.,20.,0.));
#20117 = DIRECTION('',(-0.,-0.,-1.));
#20118 = DIRECTION('',(0.,-1.,0.));
#20119 = PCURVE('',#19822,#20120);
#20120 = DEFINITIONAL_REPRESENTATION('',(#20121),#20125);
#20121 = LINE('',#20122,#20123);
#20122 = CARTESIAN_POINT('',(7.853981633975,0.));
#20123 = VECTOR('',#20124,1.);
#20124 = DIRECTION('',(-1.,0.));
#20125 = ( GEOMETRIC_REPRESENTATION_CONTEXT(2) 
PARAMETRIC_REPRESENTATION_CONTEXT() REPRESENTATION_CONTEXT('2D SPACE',''
  ) );
#20126 = PCURVE('',#19796,#20127);
#20127 = DEFINITIONAL_REPRESENTATION('',(#20128),#20136);
#20128 = ( BOUNDED_CURVE() B_SPLINE_CURVE(2,(#20129,#20130,#20131,#20132
    ,#20133,#20134,#20135),.UNSPECIFIED.,.T.,.F.) 
B_SPLINE_CURVE_WITH_KNOTS((1,2,2,2,2,1),(-2.094395102393,0.,
    2.094395102393,4.188790204786,6.28318530718,8.377580409573),
.UNSPECIFIED.) CURVE() GEOMETRIC_REPRESENTATION_ITEM() 
RATIONAL_B_SPLINE_CURVE((1.,0.5,1.,0.5,1.,0.5,1.)) REPRESENTATION_ITEM(
  '') );
#20129 = CARTESIAN_POINT('',(1.,6.));
#20130 = CARTESIAN_POINT('',(-0.732050807569,6.));
#20131 = CARTESIAN_POINT('',(0.133974596216,7.5));
#20132 = CARTESIAN_POINT('',(1.,9.));
#20133 = CARTESIAN_POINT('',(1.866025403784,7.5));
#20134 = CARTESIAN_POINT('',(2.732050807569,6.));
#20135 = CARTESIAN_POINT('',(1.,6.));
#20136 = ( GEOMETRIC_REPRESENTATION_CONTEXT(2) 
PARAMETRIC_REPRESENTATION_CONTEXT() REPRESENTATION_CONTEXT('2D SPACE',''
  ) );
#20137 = ADVANCED_FACE('',(#20138),#19796,.F.);
#20138 = FACE_BOUND('',#20139,.F.);
#20139 = EDGE_LOOP('',(#20140,#20141,#20142,#20165,#20193,#20216,#20240,
    #20261));
#20140 = ORIENTED_EDGE('',*,*,#19780,.F.);
#20141 = ORIENTED_EDGE('',*,*,#20037,.T.);
#20142 = ORIENTED_EDGE('',*,*,#20143,.T.);
#20143 = EDGE_CURVE('',#20038,#20144,#20146,.T.);
#20144 = VERTEX_POINT('',#20145);
#20145 = CARTESIAN_POINT('',(80.,13.,0.));
#20146 = SURFACE_CURVE('',#20147,(#20151,#20158),.PCURVE_S1.);
#20147 = LINE('',#20148,#20149);
#20148 = CARTESIAN_POINT('',(73.,13.,0.));
#20149 = VECTOR('',#20150,1.);
#20150 = DIRECTION('',(1.,0.,0.));
#20151 = PCURVE('',#19796,#20152);
#20152 = DEFINITIONAL_REPRESENTATION('',(#20153),#20157);
#20153 = LINE('',#20154,#20155);
#20154 = CARTESIAN_POINT('',(0.,0.));
#20155 = VECTOR('',#20156,1.);
#20156 = DIRECTION('',(1.,0.));
#20157 = ( GEOMETRIC_REPRESENTATION_CONTEXT(2) 
PARAMETRIC_REPRESENTATION_CONTEXT() REPRESENTATION_CONTEXT('2D SPACE',''
  ) );
#20158 = PCURVE('',#19878,#20159);
#20159 = DEFINITIONAL_REPRESENTATION('',(#20160),#20164);
#20160 = LINE('',#20161,#20162);
#20161 = CARTESIAN_POINT('',(0.,0.));
#20162 = VECTOR('',#20163,1.);
#20163 = DIRECTION('',(0.,1.));
#20164 = ( GEOMETRIC_REPRESENTATION_CONTEXT(2) 
PARAMETRIC_REPRESENTATION_CONTEXT() REPRESENTATION_CONTEXT('2D SPACE',''
  ) );
#20165 = ORIENTED_EDGE('',*,*,#20166,.F.);
#20166 = EDGE_CURVE('',#20167,#20144,#20169,.T.);
#20167 = VERTEX_POINT('',#20168);
#20168 = CARTESIAN_POINT('',(81.,14.,0.));
#20169 = SURFACE_CURVE('',#20170,(#20175,#20186),.PCURVE_S1.);
#20170 = CIRCLE('',#20171,1.);
#20171 = AXIS2_PLACEMENT_3D('',#20172,#20173,#20174);
#20172 = CARTESIAN_POINT('',(80.,14.,0.));
#20173 = DIRECTION('',(-0.,-0.,-1.));
#20174 = DIRECTION('',(0.,-1.,0.));
#20175 = PCURVE('',#19796,#20176);
#20176 = DEFINITIONAL_REPRESENTATION('',(#20177),#20185);
#20177 = ( BOUNDED_CURVE() B_SPLINE_CURVE(2,(#20178,#20179,#20180,#20181
    ,#20182,#20183,#20184),.UNSPECIFIED.,.T.,.F.) 
B_SPLINE_CURVE_WITH_KNOTS((1,2,2,2,2,1),(-2.094395102393,0.,
    2.094395102393,4.188790204786,6.28318530718,8.377580409573),
.UNSPECIFIED.) CURVE() GEOMETRIC_REPRESENTATION_ITEM() 
RATIONAL_B_SPLINE_CURVE((1.,0.5,1.,0.5,1.,0.5,1.)) REPRESENTATION_ITEM(
  '') );
#20178 = CARTESIAN_POINT('',(7.,0.));
#20179 = CARTESIAN_POINT('',(5.267949192431,0.));
#20180 = CARTESIAN_POINT('',(6.133974596216,1.5));
#20181 = CARTESIAN_POINT('',(7.,3.));
#20182 = CARTESIAN_POINT('',(7.866025403784,1.5));
#20183 = CARTESIAN_POINT('',(8.732050807569,1.554312234475E-15));
#20184 = CARTESIAN_POINT('',(7.,0.));
#20185 = ( GEOMETRIC_REPRESENTATION_CONTEXT(2) 
PARAMETRIC_REPRESENTATION_CONTEXT() REPRESENTATION_CONTEXT('2D SPACE',''
  ) );
#20186 = PCURVE('',#19911,#20187);
#20187 = DEFINITIONAL_REPRESENTATION('',(#20188),#20192);
#20188 = LINE('',#20189,#20190);
#20189 = CARTESIAN_POINT('',(10.995574287565,0.));
#20190 = VECTOR('',#20191,1.);
#20191 = DIRECTION('',(-1.,0.));
#20192 = ( GEOMETRIC_REPRESENTATION_CONTEXT(2) 
PARAMETRIC_REPRESENTATION_CONTEXT() REPRESENTATION_CONTEXT('2D SPACE',''
  ) );
#20193 = ORIENTED_EDGE('',*,*,#20194,.T.);
#20194 = EDGE_CURVE('',#20167,#20195,#20197,.T.);
#20195 = VERTEX_POINT('',#20196);
#20196 = CARTESIAN_POINT('',(81.,20.,0.));
#20197 = SURFACE_CURVE('',#20198,(#20202,#20209),.PCURVE_S1.);
#20198 = LINE('',#20199,#20200);
#20199 = CARTESIAN_POINT('',(81.,13.,0.));
#20200 = VECTOR('',#20201,1.);
#20201 = DIRECTION('',(0.,1.,0.));
#20202 = PCURVE('',#19796,#20203);
#20203 = DEFINITIONAL_REPRESENTATION('',(#20204),#20208);
#20204 = LINE('',#20205,#20206);
#20205 = CARTESIAN_POINT('',(8.,0.));
#20206 = VECTOR('',#20207,1.);
#20207 = DIRECTION('',(0.,1.));
#20208 = ( GEOMETRIC_REPRESENTATION_CONTEXT(2) 
PARAMETRIC_REPRESENTATION_CONTEXT() REPRESENTATION_CONTEXT('2D SPACE',''
  ) );
#20209 = PCURVE('',#19939,#20210);
#20210 = DEFINITIONAL_REPRESENTATION('',(#20211),#20215);
#20211 = LINE('',#20212,#20213);
#20212 = CARTESIAN_POINT('',(0.,0.));
#20213 = VECTOR('',#20214,1.);
#20214 = DIRECTION('',(0.,-1.));
#20215 = ( GEOMETRIC_REPRESENTATION_CONTEXT(2) 
PARAMETRIC_REPRESENTATION_CONTEXT() REPRESENTATION_CONTEXT('2D SPACE',''
  ) );
#20216 = ORIENTED_EDGE('',*,*,#20217,.T.);
#20217 = EDGE_CURVE('',#20195,#20218,#20220,.T.);
#20218 = VERTEX_POINT('',#20219);
#20219 = CARTESIAN_POINT('',(80.,21.,0.));
#20220 = SURFACE_CURVE('',#20221,(#20226,#20233),.PCURVE_S1.);
#20221 = CIRCLE('',#20222,1.);
#20222 = AXIS2_PLACEMENT_3D('',#20223,#20224,#20225);
#20223 = CARTESIAN_POINT('',(80.,20.,0.));
#20224 = DIRECTION('',(0.,0.,1.));
#20225 = DIRECTION('',(0.,-1.,0.));
#20226 = PCURVE('',#19796,#20227);
#20227 = DEFINITIONAL_REPRESENTATION('',(#20228),#20232);
#20228 = CIRCLE('',#20229,1.);
#20229 = AXIS2_PLACEMENT_2D('',#20230,#20231);
#20230 = CARTESIAN_POINT('',(7.,7.));
#20231 = DIRECTION('',(0.,-1.));
#20232 = ( GEOMETRIC_REPRESENTATION_CONTEXT(2) 
PARAMETRIC_REPRESENTATION_CONTEXT() REPRESENTATION_CONTEXT('2D SPACE',''
  ) );
#20233 = PCURVE('',#19968,#20234);
#20234 = DEFINITIONAL_REPRESENTATION('',(#20235),#20239);
#20235 = LINE('',#20236,#20237);
#20236 = CARTESIAN_POINT('',(-1.570796326795,0.));
#20237 = VECTOR('',#20238,1.);
#20238 = DIRECTION('',(1.,0.));
#20239 = ( GEOMETRIC_REPRESENTATION_CONTEXT(2) 
PARAMETRIC_REPRESENTATION_CONTEXT() REPRESENTATION_CONTEXT('2D SPACE',''
  ) );
#20240 = ORIENTED_EDGE('',*,*,#20241,.F.);
#20241 = EDGE_CURVE('',#20090,#20218,#20242,.T.);
#20242 = SURFACE_CURVE('',#20243,(#20247,#20254),.PCURVE_S1.);
#20243 = LINE('',#20244,#20245);
#20244 = CARTESIAN_POINT('',(73.,21.,0.));
#20245 = VECTOR('',#20246,1.);
#20246 = DIRECTION('',(1.,0.,0.));
#20247 = PCURVE('',#19796,#20248);
#20248 = DEFINITIONAL_REPRESENTATION('',(#20249),#20253);
#20249 = LINE('',#20250,#20251);
#20250 = CARTESIAN_POINT('',(0.,8.));
#20251 = VECTOR('',#20252,1.);
#20252 = DIRECTION('',(1.,0.));
#20253 = ( GEOMETRIC_REPRESENTATION_CONTEXT(2) 
PARAMETRIC_REPRESENTATION_CONTEXT() REPRESENTATION_CONTEXT('2D SPACE',''
  ) );
#20254 = PCURVE('',#19996,#20255);
#20255 = DEFINITIONAL_REPRESENTATION('',(#20256),#20260);
#20256 = LINE('',#20257,#20258);
#20257 = CARTESIAN_POINT('',(0.,0.));
#20258 = VECTOR('',#20259,1.);
#20259 = DIRECTION('',(0.,1.));
#20260 = ( GEOMETRIC_REPRESENTATION_CONTEXT(2) 
PARAMETRIC_REPRESENTATION_CONTEXT() REPRESENTATION_CONTEXT('2D SPACE',''
  ) );
#20261 = ORIENTED_EDGE('',*,*,#20112,.F.);
#20262 = ADVANCED_FACE('',(#20263),#19878,.F.);
#20263 = FACE_BOUND('',#20264,.F.);
#20264 = EDGE_LOOP('',(#20265,#20266,#20267,#20268));
#20265 = ORIENTED_EDGE('',*,*,#20143,.F.);
#20266 = ORIENTED_EDGE('',*,*,#20061,.T.);
#20267 = ORIENTED_EDGE('',*,*,#19862,.T.);
#20268 = ORIENTED_EDGE('',*,*,#20269,.F.);
#20269 = EDGE_CURVE('',#20144,#19863,#20270,.T.);
#20270 = SURFACE_CURVE('',#20271,(#20275,#20282),.PCURVE_S1.);
#20271 = LINE('',#20272,#20273);
#20272 = CARTESIAN_POINT('',(80.,13.,0.));
#20273 = VECTOR('',#20274,1.);
#20274 = DIRECTION('',(0.,0.,1.));
#20275 = PCURVE('',#19878,#20276);
#20276 = DEFINITIONAL_REPRESENTATION('',(#20277),#20281);
#20277 = LINE('',#20278,#20279);
#20278 = CARTESIAN_POINT('',(0.,7.));
#20279 = VECTOR('',#20280,1.);
#20280 = DIRECTION('',(1.,0.));
#20281 = ( GEOMETRIC_REPRESENTATION_CONTEXT(2) 
PARAMETRIC_REPRESENTATION_CONTEXT() REPRESENTATION_CONTEXT('2D SPACE',''
  ) );
#20282 = PCURVE('',#19911,#20283);
#20283 = DEFINITIONAL_REPRESENTATION('',(#20284),#20288);
#20284 = LINE('',#20285,#20286);
#20285 = CARTESIAN_POINT('',(4.712388980385,0.));
#20286 = VECTOR('',#20287,1.);
#20287 = DIRECTION('',(-0.,1.));
#20288 = ( GEOMETRIC_REPRESENTATION_CONTEXT(2) 
PARAMETRIC_REPRESENTATION_CONTEXT() REPRESENTATION_CONTEXT('2D SPACE',''
  ) );
#20289 = ADVANCED_FACE('',(#20290),#19996,.T.);
#20290 = FACE_BOUND('',#20291,.T.);
#20291 = EDGE_LOOP('',(#20292,#20293,#20294,#20295));
#20292 = ORIENTED_EDGE('',*,*,#20241,.F.);
#20293 = ORIENTED_EDGE('',*,*,#20089,.T.);
#20294 = ORIENTED_EDGE('',*,*,#19980,.T.);
#20295 = ORIENTED_EDGE('',*,*,#20296,.F.);
#20296 = EDGE_CURVE('',#20218,#19952,#20297,.T.);
#20297 = SURFACE_CURVE('',#20298,(#20302,#20309),.PCURVE_S1.);
#20298 = LINE('',#20299,#20300);
#20299 = CARTESIAN_POINT('',(80.,21.,0.));
#20300 = VECTOR('',#20301,1.);
#20301 = DIRECTION('',(0.,0.,1.));
#20302 = PCURVE('',#19996,#20303);
#20303 = DEFINITIONAL_REPRESENTATION('',(#20304),#20308);
#20304 = LINE('',#20305,#20306);
#20305 = CARTESIAN_POINT('',(0.,7.));
#20306 = VECTOR('',#20307,1.);
#20307 = DIRECTION('',(1.,0.));
#20308 = ( GEOMETRIC_REPRESENTATION_CONTEXT(2) 
PARAMETRIC_REPRESENTATION_CONTEXT() REPRESENTATION_CONTEXT('2D SPACE',''
  ) );
#20309 = PCURVE('',#19968,#20310);
#20310 = DEFINITIONAL_REPRESENTATION('',(#20311),#20315);
#20311 = LINE('',#20312,#20313);
#20312 = CARTESIAN_POINT('',(1.570796326795,0.));
#20313 = VECTOR('',#20314,1.);
#20314 = DIRECTION('',(0.,1.));
#20315 = ( GEOMETRIC_REPRESENTATION_CONTEXT(2) 
PARAMETRIC_REPRESENTATION_CONTEXT() REPRESENTATION_CONTEXT('2D SPACE',''
  ) );
#20316 = ADVANCED_FACE('',(#20317),#19911,.T.);
#20317 = FACE_BOUND('',#20318,.T.);
#20318 = EDGE_LOOP('',(#20319,#20340,#20341,#20342));
#20319 = ORIENTED_EDGE('',*,*,#20320,.T.);
#20320 = EDGE_CURVE('',#20167,#19891,#20321,.T.);
#20321 = SURFACE_CURVE('',#20322,(#20326,#20333),.PCURVE_S1.);
#20322 = LINE('',#20323,#20324);
#20323 = CARTESIAN_POINT('',(81.,14.,0.));
#20324 = VECTOR('',#20325,1.);
#20325 = DIRECTION('',(0.,0.,1.));
#20326 = PCURVE('',#19911,#20327);
#20327 = DEFINITIONAL_REPRESENTATION('',(#20328),#20332);
#20328 = LINE('',#20329,#20330);
#20329 = CARTESIAN_POINT('',(6.28318530718,0.));
#20330 = VECTOR('',#20331,1.);
#20331 = DIRECTION('',(-0.,1.));
#20332 = ( GEOMETRIC_REPRESENTATION_CONTEXT(2) 
PARAMETRIC_REPRESENTATION_CONTEXT() REPRESENTATION_CONTEXT('2D SPACE',''
  ) );
#20333 = PCURVE('',#19939,#20334);
#20334 = DEFINITIONAL_REPRESENTATION('',(#20335),#20339);
#20335 = LINE('',#20336,#20337);
#20336 = CARTESIAN_POINT('',(0.,-1.));
#20337 = VECTOR('',#20338,1.);
#20338 = DIRECTION('',(1.,0.));
#20339 = ( GEOMETRIC_REPRESENTATION_CONTEXT(2) 
PARAMETRIC_REPRESENTATION_CONTEXT() REPRESENTATION_CONTEXT('2D SPACE',''
  ) );
#20340 = ORIENTED_EDGE('',*,*,#19890,.T.);
#20341 = ORIENTED_EDGE('',*,*,#20269,.F.);
#20342 = ORIENTED_EDGE('',*,*,#20166,.F.);
#20343 = ADVANCED_FACE('',(#20344),#19968,.T.);
#20344 = FACE_BOUND('',#20345,.T.);
#20345 = EDGE_LOOP('',(#20346,#20347,#20348,#20349));
#20346 = ORIENTED_EDGE('',*,*,#20217,.T.);
#20347 = ORIENTED_EDGE('',*,*,#20296,.T.);
#20348 = ORIENTED_EDGE('',*,*,#19951,.F.);
#20349 = ORIENTED_EDGE('',*,*,#20350,.F.);
#20350 = EDGE_CURVE('',#20195,#19924,#20351,.T.);
#20351 = SURFACE_CURVE('',#20352,(#20356,#20363),.PCURVE_S1.);
#20352 = LINE('',#20353,#20354);
#20353 = CARTESIAN_POINT('',(81.,20.,0.));
#20354 = VECTOR('',#20355,1.);
#20355 = DIRECTION('',(0.,0.,1.));
#20356 = PCURVE('',#19968,#20357);
#20357 = DEFINITIONAL_REPRESENTATION('',(#20358),#20362);
#20358 = LINE('',#20359,#20360);
#20359 = CARTESIAN_POINT('',(0.,0.));
#20360 = VECTOR('',#20361,1.);
#20361 = DIRECTION('',(0.,1.));
#20362 = ( GEOMETRIC_REPRESENTATION_CONTEXT(2) 
PARAMETRIC_REPRESENTATION_CONTEXT() REPRESENTATION_CONTEXT('2D SPACE',''
  ) );
#20363 = PCURVE('',#19939,#20364);
#20364 = DEFINITIONAL_REPRESENTATION('',(#20365),#20369);
#20365 = LINE('',#20366,#20367);
#20366 = CARTESIAN_POINT('',(0.,-7.));
#20367 = VECTOR('',#20368,1.);
#20368 = DIRECTION('',(1.,0.));
#20369 = ( GEOMETRIC_REPRESENTATION_CONTEXT(2) 
PARAMETRIC_REPRESENTATION_CONTEXT() REPRESENTATION_CONTEXT('2D SPACE',''
  ) );
#20370 = ADVANCED_FACE('',(#20371),#19939,.T.);
#20371 = FACE_BOUND('',#20372,.T.);
#20372 = EDGE_LOOP('',(#20373,#20374,#20375,#20376));
#20373 = ORIENTED_EDGE('',*,*,#19923,.F.);
#20374 = ORIENTED_EDGE('',*,*,#20320,.F.);
#20375 = ORIENTED_EDGE('',*,*,#20194,.T.);
#20376 = ORIENTED_EDGE('',*,*,#20350,.T.);
#20377 = ( GEOMETRIC_REPRESENTATION_CONTEXT(3) 
GLOBAL_UNCERTAINTY_ASSIGNED_CONTEXT((#20381)) 
GLOBAL_UNIT_ASSIGNED_CONTEXT((#20378,#20379,#20380)) 
REPRESENTATION_CONTEXT('Context #1',
  '3D Context with UNIT and UNCERTAINTY') );
#20378 = ( LENGTH_UNIT() NAMED_UNIT(*) SI_UNIT(.MILLI.,.METRE.) );
#20379 = ( NAMED_UNIT(*) PLANE_ANGLE_UNIT() SI_UNIT($,.RADIAN.) );
#20380 = ( NAMED_UNIT(*) SI_UNIT($,.STERADIAN.) SOLID_ANGLE_UNIT() );
#20381 = UNCERTAINTY_MEASURE_WITH_UNIT(LENGTH_MEASURE(1.E-07),#20378,
  'distance_accuracy_value','confusion accuracy');
#20382 = CONTEXT_DEPENDENT_SHAPE_REPRESENTATION(#20383,#20385);
#20383 = ( REPRESENTATION_RELATIONSHIP('','',#19710,#10) 
REPRESENTATION_RELATIONSHIP_WITH_TRANSFORMATION(#20384) 
SHAPE_REPRESENTATION_RELATIONSHIP() );
#20384 = ITEM_DEFINED_TRANSFORMATION('','',#11,#47);
#20385 = PRODUCT_DEFINITION_SHAPE('Placement','Placement of an item',
  #20386);
#20386 = NEXT_ASSEMBLY_USAGE_OCCURRENCE('11','','',#5,#19705,$);
#20387 = PRODUCT_RELATED_PRODUCT_CATEGORY('part',$,(#19707));
ENDSEC;
END-ISO-10303-21;
