ISO-10303-21;
HEADER;
FILE_DESCRIPTION(('Open CASCADE Model'),'2;1');
FILE_NAME('Open CASCADE Shape Model','2026-09-27T20:45:53',('Author'),(
    'Open CASCADE'),'Open CASCADE STEP processor 7.8','Open CASCADE 7.8'
  ,'Unknown');
FILE_SCHEMA(('AUTOMOTIVE_DESIGN { 1 0 10303 214 1 1 1 1 }'));
ENDSEC;
DATA;
#1 = APPLICATION_PROTOCOL_DEFINITION('international standard',
  'automotive_design',2000,#2);
#2 = APPLICATION_CONTEXT(
  'core data for automotive mechanical design processes');
#3 = SHAPE_DEFINITION_REPRESENTATION(#4,#10);
#4 = PRODUCT_DEFINITION_SHAPE('','',#5);
#5 = PRODUCT_DEFINITION('design','',#6,#9);
#6 = PRODUCT_DEFINITION_FORMATION('','',#7);
#7 = PRODUCT('Open CASCADE STEP translator 7.8 2',
  'Open CASCADE STEP translator 7.8 2','',(#8));
#8 = PRODUCT_CONTEXT('',#2,'mechanical');
#9 = PRODUCT_DEFINITION_CONTEXT('part definition',#2,'design');
#10 = SHAPE_REPRESENTATION('',(#11,#15,#19,#23),#27);
#11 = AXIS2_PLACEMENT_3D('',#12,#13,#14);
#12 = CARTESIAN_POINT('',(0.,0.,0.));
#13 = DIRECTION('',(0.,0.,1.));
#14 = DIRECTION('',(1.,0.,-0.));
#15 = AXIS2_PLACEMENT_3D('',#16,#17,#18);
#16 = CARTESIAN_POINT('',(0.,0.,0.));
#17 = DIRECTION('',(0.,0.,1.));
#18 = DIRECTION('',(1.,0.,-0.));
#19 = AXIS2_PLACEMENT_3D('',#20,#21,#22);
#20 = CARTESIAN_POINT('',(0.,0.,0.));
#21 = DIRECTION('',(0.,0.,1.));
#22 = DIRECTION('',(1.,0.,-0.));
#23 = AXIS2_PLACEMENT_3D('',#24,#25,#26);
#24 = CARTESIAN_POINT('',(0.,0.,0.));
#25 = DIRECTION('',(0.,0.,1.));
#26 = DIRECTION('',(1.,0.,-0.));
#27 = ( GEOMETRIC_REPRESENTATION_CONTEXT(3) 
GLOBAL_UNCERTAINTY_ASSIGNED_CONTEXT((#31)) GLOBAL_UNIT_ASSIGNED_CONTEXT(
(#28,#29,#30)) REPRESENTATION_CONTEXT('Context #1',
  '3D Context with UNIT and UNCERTAINTY') );
#28 = ( LENGTH_UNIT() NAMED_UNIT(*) SI_UNIT(.MILLI.,.METRE.) );
#29 = ( NAMED_UNIT(*) PLANE_ANGLE_UNIT() SI_UNIT($,.RADIAN.) );
#30 = ( NAMED_UNIT(*) SI_UNIT($,.STERADIAN.) SOLID_ANGLE_UNIT() );
#31 = UNCERTAINTY_MEASURE_WITH_UNIT(LENGTH_MEASURE(1.E-07),#28,
  'distance_accuracy_value','confusion accuracy');
#32 = PRODUCT_RELATED_PRODUCT_CATEGORY('part',$,(#7));
#33 = SHAPE_DEFINITION_REPRESENTATION(#34,#40);
#34 = PRODUCT_DEFINITION_SHAPE('','',#35);
#35 = PRODUCT_DEFINITION('design','',#36,#39);
#36 = PRODUCT_DEFINITION_FORMATION('','',#37);
#37 = PRODUCT('Open CASCADE STEP translator 7.8 2.1',
  'Open CASCADE STEP translator 7.8 2.1','',(#38));
#38 = PRODUCT_CONTEXT('',#2,'mechanical');
#39 = PRODUCT_DEFINITION_CONTEXT('part definition',#2,'design');
#40 = ADVANCED_BREP_SHAPE_REPRESENTATION('',(#11,#41),#3535);
#41 = MANIFOLD_SOLID_BREP('',#42);
#42 = CLOSED_SHELL('',(#43,#387,#637,#686,#939,#988,#1241,#1290,#1543,
    #1592,#1795,#1849,#2111,#2138,#2165,#2192,#2219,#2246,#2361,#2388,
    #2395,#2422,#2449,#2476,#2483,#2510,#2537,#2564,#2571,#2598,#2625,
    #2652,#2659,#2686,#2693,#2769,#2818,#2867,#2894,#3015,#3091,#3252,
    #3301,#3420,#3447,#3474,#3501,#3528));
#43 = ADVANCED_FACE('',(#44),#58,.F.);
#44 = FACE_BOUND('',#45,.F.);
#45 = EDGE_LOOP('',(#46,#81,#109,#137,#165,#193,#221,#249,#277,#305,#333
    ,#361));
#46 = ORIENTED_EDGE('',*,*,#47,.F.);
#47 = EDGE_CURVE('',#48,#50,#52,.T.);
#48 = VERTEX_POINT('',#49);
#49 = CARTESIAN_POINT('',(-57.5,-30.,8.));
#50 = VERTEX_POINT('',#51);
#51 = CARTESIAN_POINT('',(-57.5,-27.,8.));
#52 = SURFACE_CURVE('',#53,(#57,#69),.PCURVE_S1.);
#53 = LINE('',#54,#55);
#54 = CARTESIAN_POINT('',(-57.5,-32.,8.));
#55 = VECTOR('',#56,1.);
#56 = DIRECTION('',(0.,1.,0.));
#57 = PCURVE('',#58,#63);
#58 = PLANE('',#59);
#59 = AXIS2_PLACEMENT_3D('',#60,#61,#62);
#60 = CARTESIAN_POINT('',(-57.5,-32.,0.));
#61 = DIRECTION('',(1.,0.,0.));
#62 = DIRECTION('',(0.,0.,1.));
#63 = DEFINITIONAL_REPRESENTATION('',(#64),#68);
#64 = LINE('',#65,#66);
#65 = CARTESIAN_POINT('',(8.,0.));
#66 = VECTOR('',#67,1.);
#67 = DIRECTION('',(0.,-1.));
#68 = ( GEOMETRIC_REPRESENTATION_CONTEXT(2) 
PARAMETRIC_REPRESENTATION_CONTEXT() REPRESENTATION_CONTEXT('2D SPACE',''
  ) );
#69 = PCURVE('',#70,#75);
#70 = PLANE('',#71);
#71 = AXIS2_PLACEMENT_3D('',#72,#73,#74);
#72 = CARTESIAN_POINT('',(-57.5,-32.,8.));
#73 = DIRECTION('',(0.,0.,1.));
#74 = DIRECTION('',(1.,0.,0.));
#75 = DEFINITIONAL_REPRESENTATION('',(#76),#80);
#76 = LINE('',#77,#78);
#77 = CARTESIAN_POINT('',(0.,0.));
#78 = VECTOR('',#79,1.);
#79 = DIRECTION('',(0.,1.));
#80 = ( GEOMETRIC_REPRESENTATION_CONTEXT(2) 
PARAMETRIC_REPRESENTATION_CONTEXT() REPRESENTATION_CONTEXT('2D SPACE',''
  ) );
#81 = ORIENTED_EDGE('',*,*,#82,.F.);
#82 = EDGE_CURVE('',#83,#48,#85,.T.);
#83 = VERTEX_POINT('',#84);
#84 = CARTESIAN_POINT('',(-57.5,-30.,0.));
#85 = SURFACE_CURVE('',#86,(#90,#97),.PCURVE_S1.);
#86 = LINE('',#87,#88);
#87 = CARTESIAN_POINT('',(-57.5,-30.,0.));
#88 = VECTOR('',#89,1.);
#89 = DIRECTION('',(0.,0.,1.));
#90 = PCURVE('',#58,#91);
#91 = DEFINITIONAL_REPRESENTATION('',(#92),#96);
#92 = LINE('',#93,#94);
#93 = CARTESIAN_POINT('',(0.,-2.));
#94 = VECTOR('',#95,1.);
#95 = DIRECTION('',(1.,0.));
#96 = ( GEOMETRIC_REPRESENTATION_CONTEXT(2) 
PARAMETRIC_REPRESENTATION_CONTEXT() REPRESENTATION_CONTEXT('2D SPACE',''
  ) );
#97 = PCURVE('',#98,#103);
#98 = CYLINDRICAL_SURFACE('',#99,2.);
#99 = AXIS2_PLACEMENT_3D('',#100,#101,#102);
#100 = CARTESIAN_POINT('',(-55.5,-30.,0.));
#101 = DIRECTION('',(0.,0.,1.));
#102 = DIRECTION('',(-1.,-0.,0.));
#103 = DEFINITIONAL_REPRESENTATION('',(#104),#108);
#104 = LINE('',#105,#106);
#105 = CARTESIAN_POINT('',(0.,0.));
#106 = VECTOR('',#107,1.);
#107 = DIRECTION('',(0.,1.));
#108 = ( GEOMETRIC_REPRESENTATION_CONTEXT(2) 
PARAMETRIC_REPRESENTATION_CONTEXT() REPRESENTATION_CONTEXT('2D SPACE',''
  ) );
#109 = ORIENTED_EDGE('',*,*,#110,.T.);
#110 = EDGE_CURVE('',#83,#111,#113,.T.);
#111 = VERTEX_POINT('',#112);
#112 = CARTESIAN_POINT('',(-57.5,30.,0.));
#113 = SURFACE_CURVE('',#114,(#118,#125),.PCURVE_S1.);
#114 = LINE('',#115,#116);
#115 = CARTESIAN_POINT('',(-57.5,-32.,0.));
#116 = VECTOR('',#117,1.);
#117 = DIRECTION('',(0.,1.,0.));
#118 = PCURVE('',#58,#119);
#119 = DEFINITIONAL_REPRESENTATION('',(#120),#124);
#120 = LINE('',#121,#122);
#121 = CARTESIAN_POINT('',(0.,0.));
#122 = VECTOR('',#123,1.);
#123 = DIRECTION('',(0.,-1.));
#124 = ( GEOMETRIC_REPRESENTATION_CONTEXT(2) 
PARAMETRIC_REPRESENTATION_CONTEXT() REPRESENTATION_CONTEXT('2D SPACE',''
  ) );
#125 = PCURVE('',#126,#131);
#126 = PLANE('',#127);
#127 = AXIS2_PLACEMENT_3D('',#128,#129,#130);
#128 = CARTESIAN_POINT('',(-57.5,-32.,0.));
#129 = DIRECTION('',(0.,0.,1.));
#130 = DIRECTION('',(1.,0.,0.));
#131 = DEFINITIONAL_REPRESENTATION('',(#132),#136);
#132 = LINE('',#133,#134);
#133 = CARTESIAN_POINT('',(0.,0.));
#134 = VECTOR('',#135,1.);
#135 = DIRECTION('',(0.,1.));
#136 = ( GEOMETRIC_REPRESENTATION_CONTEXT(2) 
PARAMETRIC_REPRESENTATION_CONTEXT() REPRESENTATION_CONTEXT('2D SPACE',''
  ) );
#137 = ORIENTED_EDGE('',*,*,#138,.T.);
#138 = EDGE_CURVE('',#111,#139,#141,.T.);
#139 = VERTEX_POINT('',#140);
#140 = CARTESIAN_POINT('',(-57.5,30.,8.));
#141 = SURFACE_CURVE('',#142,(#146,#153),.PCURVE_S1.);
#142 = LINE('',#143,#144);
#143 = CARTESIAN_POINT('',(-57.5,30.,0.));
#144 = VECTOR('',#145,1.);
#145 = DIRECTION('',(0.,0.,1.));
#146 = PCURVE('',#58,#147);
#147 = DEFINITIONAL_REPRESENTATION('',(#148),#152);
#148 = LINE('',#149,#150);
#149 = CARTESIAN_POINT('',(0.,-62.));
#150 = VECTOR('',#151,1.);
#151 = DIRECTION('',(1.,0.));
#152 = ( GEOMETRIC_REPRESENTATION_CONTEXT(2) 
PARAMETRIC_REPRESENTATION_CONTEXT() REPRESENTATION_CONTEXT('2D SPACE',''
  ) );
#153 = PCURVE('',#154,#159);
#154 = CYLINDRICAL_SURFACE('',#155,2.);
#155 = AXIS2_PLACEMENT_3D('',#156,#157,#158);
#156 = CARTESIAN_POINT('',(-55.5,30.,0.));
#157 = DIRECTION('',(0.,0.,1.));
#158 = DIRECTION('',(-1.,-0.,0.));
#159 = DEFINITIONAL_REPRESENTATION('',(#160),#164);
#160 = LINE('',#161,#162);
#161 = CARTESIAN_POINT('',(-0.,0.));
#162 = VECTOR('',#163,1.);
#163 = DIRECTION('',(-0.,1.));
#164 = ( GEOMETRIC_REPRESENTATION_CONTEXT(2) 
PARAMETRIC_REPRESENTATION_CONTEXT() REPRESENTATION_CONTEXT('2D SPACE',''
  ) );
#165 = ORIENTED_EDGE('',*,*,#166,.F.);
#166 = EDGE_CURVE('',#167,#139,#169,.T.);
#167 = VERTEX_POINT('',#168);
#168 = CARTESIAN_POINT('',(-57.5,27.,8.));
#169 = SURFACE_CURVE('',#170,(#174,#181),.PCURVE_S1.);
#170 = LINE('',#171,#172);
#171 = CARTESIAN_POINT('',(-57.5,-32.,8.));
#172 = VECTOR('',#173,1.);
#173 = DIRECTION('',(0.,1.,0.));
#174 = PCURVE('',#58,#175);
#175 = DEFINITIONAL_REPRESENTATION('',(#176),#180);
#176 = LINE('',#177,#178);
#177 = CARTESIAN_POINT('',(8.,0.));
#178 = VECTOR('',#179,1.);
#179 = DIRECTION('',(0.,-1.));
#180 = ( GEOMETRIC_REPRESENTATION_CONTEXT(2) 
PARAMETRIC_REPRESENTATION_CONTEXT() REPRESENTATION_CONTEXT('2D SPACE',''
  ) );
#181 = PCURVE('',#182,#187);
#182 = PLANE('',#183);
#183 = AXIS2_PLACEMENT_3D('',#184,#185,#186);
#184 = CARTESIAN_POINT('',(-57.5,-32.,8.));
#185 = DIRECTION('',(0.,0.,1.));
#186 = DIRECTION('',(1.,0.,0.));
#187 = DEFINITIONAL_REPRESENTATION('',(#188),#192);
#188 = LINE('',#189,#190);
#189 = CARTESIAN_POINT('',(0.,0.));
#190 = VECTOR('',#191,1.);
#191 = DIRECTION('',(0.,1.));
#192 = ( GEOMETRIC_REPRESENTATION_CONTEXT(2) 
PARAMETRIC_REPRESENTATION_CONTEXT() REPRESENTATION_CONTEXT('2D SPACE',''
  ) );
#193 = ORIENTED_EDGE('',*,*,#194,.F.);
#194 = EDGE_CURVE('',#195,#167,#197,.T.);
#195 = VERTEX_POINT('',#196);
#196 = CARTESIAN_POINT('',(-57.5,27.,2.5));
#197 = SURFACE_CURVE('',#198,(#202,#209),.PCURVE_S1.);
#198 = LINE('',#199,#200);
#199 = CARTESIAN_POINT('',(-57.5,27.,1.25));
#200 = VECTOR('',#201,1.);
#201 = DIRECTION('',(0.,0.,1.));
#202 = PCURVE('',#58,#203);
#203 = DEFINITIONAL_REPRESENTATION('',(#204),#208);
#204 = LINE('',#205,#206);
#205 = CARTESIAN_POINT('',(1.25,-59.));
#206 = VECTOR('',#207,1.);
#207 = DIRECTION('',(1.,0.));
#208 = ( GEOMETRIC_REPRESENTATION_CONTEXT(2) 
PARAMETRIC_REPRESENTATION_CONTEXT() REPRESENTATION_CONTEXT('2D SPACE',''
  ) );
#209 = PCURVE('',#210,#215);
#210 = PLANE('',#211);
#211 = AXIS2_PLACEMENT_3D('',#212,#213,#214);
#212 = CARTESIAN_POINT('',(-59.,27.,2.5));
#213 = DIRECTION('',(0.,1.,0.));
#214 = DIRECTION('',(0.,0.,1.));
#215 = DEFINITIONAL_REPRESENTATION('',(#216),#220);
#216 = LINE('',#217,#218);
#217 = CARTESIAN_POINT('',(-1.25,1.5));
#218 = VECTOR('',#219,1.);
#219 = DIRECTION('',(1.,0.));
#220 = ( GEOMETRIC_REPRESENTATION_CONTEXT(2) 
PARAMETRIC_REPRESENTATION_CONTEXT() REPRESENTATION_CONTEXT('2D SPACE',''
  ) );
#221 = ORIENTED_EDGE('',*,*,#222,.T.);
#222 = EDGE_CURVE('',#195,#223,#225,.T.);
#223 = VERTEX_POINT('',#224);
#224 = CARTESIAN_POINT('',(-57.5,13.,2.5));
#225 = SURFACE_CURVE('',#226,(#230,#237),.PCURVE_S1.);
#226 = LINE('',#227,#228);
#227 = CARTESIAN_POINT('',(-57.5,-9.5,2.5));
#228 = VECTOR('',#229,1.);
#229 = DIRECTION('',(0.,-1.,0.));
#230 = PCURVE('',#58,#231);
#231 = DEFINITIONAL_REPRESENTATION('',(#232),#236);
#232 = LINE('',#233,#234);
#233 = CARTESIAN_POINT('',(2.5,-22.5));
#234 = VECTOR('',#235,1.);
#235 = DIRECTION('',(0.,1.));
#236 = ( GEOMETRIC_REPRESENTATION_CONTEXT(2) 
PARAMETRIC_REPRESENTATION_CONTEXT() REPRESENTATION_CONTEXT('2D SPACE',''
  ) );
#237 = PCURVE('',#238,#243);
#238 = PLANE('',#239);
#239 = AXIS2_PLACEMENT_3D('',#240,#241,#242);
#240 = CARTESIAN_POINT('',(-59.,13.,2.5));
#241 = DIRECTION('',(0.,0.,1.));
#242 = DIRECTION('',(1.,0.,0.));
#243 = DEFINITIONAL_REPRESENTATION('',(#244),#248);
#244 = LINE('',#245,#246);
#245 = CARTESIAN_POINT('',(1.5,-22.5));
#246 = VECTOR('',#247,1.);
#247 = DIRECTION('',(0.,-1.));
#248 = ( GEOMETRIC_REPRESENTATION_CONTEXT(2) 
PARAMETRIC_REPRESENTATION_CONTEXT() REPRESENTATION_CONTEXT('2D SPACE',''
  ) );
#249 = ORIENTED_EDGE('',*,*,#250,.T.);
#250 = EDGE_CURVE('',#223,#251,#253,.T.);
#251 = VERTEX_POINT('',#252);
#252 = CARTESIAN_POINT('',(-57.5,13.,8.));
#253 = SURFACE_CURVE('',#254,(#258,#265),.PCURVE_S1.);
#254 = LINE('',#255,#256);
#255 = CARTESIAN_POINT('',(-57.5,13.,1.25));
#256 = VECTOR('',#257,1.);
#257 = DIRECTION('',(0.,0.,1.));
#258 = PCURVE('',#58,#259);
#259 = DEFINITIONAL_REPRESENTATION('',(#260),#264);
#260 = LINE('',#261,#262);
#261 = CARTESIAN_POINT('',(1.25,-45.));
#262 = VECTOR('',#263,1.);
#263 = DIRECTION('',(1.,0.));
#264 = ( GEOMETRIC_REPRESENTATION_CONTEXT(2) 
PARAMETRIC_REPRESENTATION_CONTEXT() REPRESENTATION_CONTEXT('2D SPACE',''
  ) );
#265 = PCURVE('',#266,#271);
#266 = PLANE('',#267);
#267 = AXIS2_PLACEMENT_3D('',#268,#269,#270);
#268 = CARTESIAN_POINT('',(-59.,13.,2.5));
#269 = DIRECTION('',(0.,1.,0.));
#270 = DIRECTION('',(0.,0.,1.));
#271 = DEFINITIONAL_REPRESENTATION('',(#272),#276);
#272 = LINE('',#273,#274);
#273 = CARTESIAN_POINT('',(-1.25,1.5));
#274 = VECTOR('',#275,1.);
#275 = DIRECTION('',(1.,0.));
#276 = ( GEOMETRIC_REPRESENTATION_CONTEXT(2) 
PARAMETRIC_REPRESENTATION_CONTEXT() REPRESENTATION_CONTEXT('2D SPACE',''
  ) );
#277 = ORIENTED_EDGE('',*,*,#278,.F.);
#278 = EDGE_CURVE('',#279,#251,#281,.T.);
#279 = VERTEX_POINT('',#280);
#280 = CARTESIAN_POINT('',(-57.5,-13.,8.));
#281 = SURFACE_CURVE('',#282,(#286,#293),.PCURVE_S1.);
#282 = LINE('',#283,#284);
#283 = CARTESIAN_POINT('',(-57.5,-32.,8.));
#284 = VECTOR('',#285,1.);
#285 = DIRECTION('',(0.,1.,0.));
#286 = PCURVE('',#58,#287);
#287 = DEFINITIONAL_REPRESENTATION('',(#288),#292);
#288 = LINE('',#289,#290);
#289 = CARTESIAN_POINT('',(8.,0.));
#290 = VECTOR('',#291,1.);
#291 = DIRECTION('',(0.,-1.));
#292 = ( GEOMETRIC_REPRESENTATION_CONTEXT(2) 
PARAMETRIC_REPRESENTATION_CONTEXT() REPRESENTATION_CONTEXT('2D SPACE',''
  ) );
#293 = PCURVE('',#294,#299);
#294 = PLANE('',#295);
#295 = AXIS2_PLACEMENT_3D('',#296,#297,#298);
#296 = CARTESIAN_POINT('',(-57.5,-32.,8.));
#297 = DIRECTION('',(0.,0.,1.));
#298 = DIRECTION('',(1.,0.,0.));
#299 = DEFINITIONAL_REPRESENTATION('',(#300),#304);
#300 = LINE('',#301,#302);
#301 = CARTESIAN_POINT('',(0.,0.));
#302 = VECTOR('',#303,1.);
#303 = DIRECTION('',(0.,1.));
#304 = ( GEOMETRIC_REPRESENTATION_CONTEXT(2) 
PARAMETRIC_REPRESENTATION_CONTEXT() REPRESENTATION_CONTEXT('2D SPACE',''
  ) );
#305 = ORIENTED_EDGE('',*,*,#306,.F.);
#306 = EDGE_CURVE('',#307,#279,#309,.T.);
#307 = VERTEX_POINT('',#308);
#308 = CARTESIAN_POINT('',(-57.5,-13.,2.5));
#309 = SURFACE_CURVE('',#310,(#314,#321),.PCURVE_S1.);
#310 = LINE('',#311,#312);
#311 = CARTESIAN_POINT('',(-57.5,-13.,1.25));
#312 = VECTOR('',#313,1.);
#313 = DIRECTION('',(0.,0.,1.));
#314 = PCURVE('',#58,#315);
#315 = DEFINITIONAL_REPRESENTATION('',(#316),#320);
#316 = LINE('',#317,#318);
#317 = CARTESIAN_POINT('',(1.25,-19.));
#318 = VECTOR('',#319,1.);
#319 = DIRECTION('',(1.,0.));
#320 = ( GEOMETRIC_REPRESENTATION_CONTEXT(2) 
PARAMETRIC_REPRESENTATION_CONTEXT() REPRESENTATION_CONTEXT('2D SPACE',''
  ) );
#321 = PCURVE('',#322,#327);
#322 = PLANE('',#323);
#323 = AXIS2_PLACEMENT_3D('',#324,#325,#326);
#324 = CARTESIAN_POINT('',(-59.,-13.,2.5));
#325 = DIRECTION('',(0.,1.,0.));
#326 = DIRECTION('',(0.,0.,1.));
#327 = DEFINITIONAL_REPRESENTATION('',(#328),#332);
#328 = LINE('',#329,#330);
#329 = CARTESIAN_POINT('',(-1.25,1.5));
#330 = VECTOR('',#331,1.);
#331 = DIRECTION('',(1.,0.));
#332 = ( GEOMETRIC_REPRESENTATION_CONTEXT(2) 
PARAMETRIC_REPRESENTATION_CONTEXT() REPRESENTATION_CONTEXT('2D SPACE',''
  ) );
#333 = ORIENTED_EDGE('',*,*,#334,.T.);
#334 = EDGE_CURVE('',#307,#335,#337,.T.);
#335 = VERTEX_POINT('',#336);
#336 = CARTESIAN_POINT('',(-57.5,-27.,2.5));
#337 = SURFACE_CURVE('',#338,(#342,#349),.PCURVE_S1.);
#338 = LINE('',#339,#340);
#339 = CARTESIAN_POINT('',(-57.5,-29.5,2.5));
#340 = VECTOR('',#341,1.);
#341 = DIRECTION('',(0.,-1.,0.));
#342 = PCURVE('',#58,#343);
#343 = DEFINITIONAL_REPRESENTATION('',(#344),#348);
#344 = LINE('',#345,#346);
#345 = CARTESIAN_POINT('',(2.5,-2.5));
#346 = VECTOR('',#347,1.);
#347 = DIRECTION('',(0.,1.));
#348 = ( GEOMETRIC_REPRESENTATION_CONTEXT(2) 
PARAMETRIC_REPRESENTATION_CONTEXT() REPRESENTATION_CONTEXT('2D SPACE',''
  ) );
#349 = PCURVE('',#350,#355);
#350 = PLANE('',#351);
#351 = AXIS2_PLACEMENT_3D('',#352,#353,#354);
#352 = CARTESIAN_POINT('',(-59.,-27.,2.5));
#353 = DIRECTION('',(0.,0.,1.));
#354 = DIRECTION('',(1.,0.,0.));
#355 = DEFINITIONAL_REPRESENTATION('',(#356),#360);
#356 = LINE('',#357,#358);
#357 = CARTESIAN_POINT('',(1.5,-2.5));
#358 = VECTOR('',#359,1.);
#359 = DIRECTION('',(0.,-1.));
#360 = ( GEOMETRIC_REPRESENTATION_CONTEXT(2) 
PARAMETRIC_REPRESENTATION_CONTEXT() REPRESENTATION_CONTEXT('2D SPACE',''
  ) );
#361 = ORIENTED_EDGE('',*,*,#362,.T.);
#362 = EDGE_CURVE('',#335,#50,#363,.T.);
#363 = SURFACE_CURVE('',#364,(#368,#375),.PCURVE_S1.);
#364 = LINE('',#365,#366);
#365 = CARTESIAN_POINT('',(-57.5,-27.,1.25));
#366 = VECTOR('',#367,1.);
#367 = DIRECTION('',(0.,0.,1.));
#368 = PCURVE('',#58,#369);
#369 = DEFINITIONAL_REPRESENTATION('',(#370),#374);
#370 = LINE('',#371,#372);
#371 = CARTESIAN_POINT('',(1.25,-5.));
#372 = VECTOR('',#373,1.);
#373 = DIRECTION('',(1.,0.));
#374 = ( GEOMETRIC_REPRESENTATION_CONTEXT(2) 
PARAMETRIC_REPRESENTATION_CONTEXT() REPRESENTATION_CONTEXT('2D SPACE',''
  ) );
#375 = PCURVE('',#376,#381);
#376 = PLANE('',#377);
#377 = AXIS2_PLACEMENT_3D('',#378,#379,#380);
#378 = CARTESIAN_POINT('',(-59.,-27.,2.5));
#379 = DIRECTION('',(0.,1.,0.));
#380 = DIRECTION('',(0.,0.,1.));
#381 = DEFINITIONAL_REPRESENTATION('',(#382),#386);
#382 = LINE('',#383,#384);
#383 = CARTESIAN_POINT('',(-1.25,1.5));
#384 = VECTOR('',#385,1.);
#385 = DIRECTION('',(1.,0.));
#386 = ( GEOMETRIC_REPRESENTATION_CONTEXT(2) 
PARAMETRIC_REPRESENTATION_CONTEXT() REPRESENTATION_CONTEXT('2D SPACE',''
  ) );
#387 = ADVANCED_FACE('',(#388),#70,.T.);
#388 = FACE_BOUND('',#389,.T.);
#389 = EDGE_LOOP('',(#390,#391,#415,#443,#476,#504,#532,#560,#588,#616)
  );
#390 = ORIENTED_EDGE('',*,*,#47,.F.);
#391 = ORIENTED_EDGE('',*,*,#392,.T.);
#392 = EDGE_CURVE('',#48,#393,#395,.T.);
#393 = VERTEX_POINT('',#394);
#394 = CARTESIAN_POINT('',(-55.5,-32.,8.));
#395 = SURFACE_CURVE('',#396,(#401,#408),.PCURVE_S1.);
#396 = CIRCLE('',#397,2.);
#397 = AXIS2_PLACEMENT_3D('',#398,#399,#400);
#398 = CARTESIAN_POINT('',(-55.5,-30.,8.));
#399 = DIRECTION('',(0.,0.,1.));
#400 = DIRECTION('',(0.,-1.,0.));
#401 = PCURVE('',#70,#402);
#402 = DEFINITIONAL_REPRESENTATION('',(#403),#407);
#403 = CIRCLE('',#404,2.);
#404 = AXIS2_PLACEMENT_2D('',#405,#406);
#405 = CARTESIAN_POINT('',(2.,2.));
#406 = DIRECTION('',(0.,-1.));
#407 = ( GEOMETRIC_REPRESENTATION_CONTEXT(2) 
PARAMETRIC_REPRESENTATION_CONTEXT() REPRESENTATION_CONTEXT('2D SPACE',''
  ) );
#408 = PCURVE('',#98,#409);
#409 = DEFINITIONAL_REPRESENTATION('',(#410),#414);
#410 = LINE('',#411,#412);
#411 = CARTESIAN_POINT('',(-4.712388980385,8.));
#412 = VECTOR('',#413,1.);
#413 = DIRECTION('',(1.,0.));
#414 = ( GEOMETRIC_REPRESENTATION_CONTEXT(2) 
PARAMETRIC_REPRESENTATION_CONTEXT() REPRESENTATION_CONTEXT('2D SPACE',''
  ) );
#415 = ORIENTED_EDGE('',*,*,#416,.T.);
#416 = EDGE_CURVE('',#393,#417,#419,.T.);
#417 = VERTEX_POINT('',#418);
#418 = CARTESIAN_POINT('',(-28.5,-32.,8.));
#419 = SURFACE_CURVE('',#420,(#424,#431),.PCURVE_S1.);
#420 = LINE('',#421,#422);
#421 = CARTESIAN_POINT('',(-57.5,-32.,8.));
#422 = VECTOR('',#423,1.);
#423 = DIRECTION('',(1.,0.,0.));
#424 = PCURVE('',#70,#425);
#425 = DEFINITIONAL_REPRESENTATION('',(#426),#430);
#426 = LINE('',#427,#428);
#427 = CARTESIAN_POINT('',(0.,0.));
#428 = VECTOR('',#429,1.);
#429 = DIRECTION('',(1.,0.));
#430 = ( GEOMETRIC_REPRESENTATION_CONTEXT(2) 
PARAMETRIC_REPRESENTATION_CONTEXT() REPRESENTATION_CONTEXT('2D SPACE',''
  ) );
#431 = PCURVE('',#432,#437);
#432 = PLANE('',#433);
#433 = AXIS2_PLACEMENT_3D('',#434,#435,#436);
#434 = CARTESIAN_POINT('',(-57.5,-32.,0.));
#435 = DIRECTION('',(0.,1.,0.));
#436 = DIRECTION('',(0.,0.,1.));
#437 = DEFINITIONAL_REPRESENTATION('',(#438),#442);
#438 = LINE('',#439,#440);
#439 = CARTESIAN_POINT('',(8.,0.));
#440 = VECTOR('',#441,1.);
#441 = DIRECTION('',(0.,1.));
#442 = ( GEOMETRIC_REPRESENTATION_CONTEXT(2) 
PARAMETRIC_REPRESENTATION_CONTEXT() REPRESENTATION_CONTEXT('2D SPACE',''
  ) );
#443 = ORIENTED_EDGE('',*,*,#444,.F.);
#444 = EDGE_CURVE('',#445,#417,#447,.T.);
#445 = VERTEX_POINT('',#446);
#446 = CARTESIAN_POINT('',(-26.5,-30.,8.));
#447 = SURFACE_CURVE('',#448,(#453,#464),.PCURVE_S1.);
#448 = CIRCLE('',#449,2.);
#449 = AXIS2_PLACEMENT_3D('',#450,#451,#452);
#450 = CARTESIAN_POINT('',(-28.5,-30.,8.));
#451 = DIRECTION('',(-0.,-0.,-1.));
#452 = DIRECTION('',(0.,-1.,0.));
#453 = PCURVE('',#70,#454);
#454 = DEFINITIONAL_REPRESENTATION('',(#455),#463);
#455 = ( BOUNDED_CURVE() B_SPLINE_CURVE(2,(#456,#457,#458,#459,#460,#461
,#462),.UNSPECIFIED.,.T.,.F.) B_SPLINE_CURVE_WITH_KNOTS((1,2,2,2,2,1),(
    -2.094395102393,0.,2.094395102393,4.188790204786,6.28318530718,
8.377580409573),.UNSPECIFIED.) CURVE() GEOMETRIC_REPRESENTATION_ITEM() 
RATIONAL_B_SPLINE_CURVE((1.,0.5,1.,0.5,1.,0.5,1.)) REPRESENTATION_ITEM(
  '') );
#456 = CARTESIAN_POINT('',(29.,0.));
#457 = CARTESIAN_POINT('',(25.535898384862,0.));
#458 = CARTESIAN_POINT('',(27.267949192431,3.));
#459 = CARTESIAN_POINT('',(29.,6.));
#460 = CARTESIAN_POINT('',(30.732050807569,3.));
#461 = CARTESIAN_POINT('',(32.464101615138,3.10862446895E-15));
#462 = CARTESIAN_POINT('',(29.,0.));
#463 = ( GEOMETRIC_REPRESENTATION_CONTEXT(2) 
PARAMETRIC_REPRESENTATION_CONTEXT() REPRESENTATION_CONTEXT('2D SPACE',''
  ) );
#464 = PCURVE('',#465,#470);
#465 = CYLINDRICAL_SURFACE('',#466,2.);
#466 = AXIS2_PLACEMENT_3D('',#467,#468,#469);
#467 = CARTESIAN_POINT('',(-28.5,-30.,0.));
#468 = DIRECTION('',(0.,0.,1.));
#469 = DIRECTION('',(1.,0.,-0.));
#470 = DEFINITIONAL_REPRESENTATION('',(#471),#475);
#471 = LINE('',#472,#473);
#472 = CARTESIAN_POINT('',(4.712388980385,8.));
#473 = VECTOR('',#474,1.);
#474 = DIRECTION('',(-1.,0.));
#475 = ( GEOMETRIC_REPRESENTATION_CONTEXT(2) 
PARAMETRIC_REPRESENTATION_CONTEXT() REPRESENTATION_CONTEXT('2D SPACE',''
  ) );
#476 = ORIENTED_EDGE('',*,*,#477,.T.);
#477 = EDGE_CURVE('',#445,#478,#480,.T.);
#478 = VERTEX_POINT('',#479);
#479 = CARTESIAN_POINT('',(-26.5,-27.,8.));
#480 = SURFACE_CURVE('',#481,(#485,#492),.PCURVE_S1.);
#481 = LINE('',#482,#483);
#482 = CARTESIAN_POINT('',(-26.5,-32.,8.));
#483 = VECTOR('',#484,1.);
#484 = DIRECTION('',(0.,1.,0.));
#485 = PCURVE('',#70,#486);
#486 = DEFINITIONAL_REPRESENTATION('',(#487),#491);
#487 = LINE('',#488,#489);
#488 = CARTESIAN_POINT('',(31.,0.));
#489 = VECTOR('',#490,1.);
#490 = DIRECTION('',(0.,1.));
#491 = ( GEOMETRIC_REPRESENTATION_CONTEXT(2) 
PARAMETRIC_REPRESENTATION_CONTEXT() REPRESENTATION_CONTEXT('2D SPACE',''
  ) );
#492 = PCURVE('',#493,#498);
#493 = PLANE('',#494);
#494 = AXIS2_PLACEMENT_3D('',#495,#496,#497);
#495 = CARTESIAN_POINT('',(-26.5,-32.,0.));
#496 = DIRECTION('',(1.,0.,0.));
#497 = DIRECTION('',(0.,0.,1.));
#498 = DEFINITIONAL_REPRESENTATION('',(#499),#503);
#499 = LINE('',#500,#501);
#500 = CARTESIAN_POINT('',(8.,0.));
#501 = VECTOR('',#502,1.);
#502 = DIRECTION('',(0.,-1.));
#503 = ( GEOMETRIC_REPRESENTATION_CONTEXT(2) 
PARAMETRIC_REPRESENTATION_CONTEXT() REPRESENTATION_CONTEXT('2D SPACE',''
  ) );
#504 = ORIENTED_EDGE('',*,*,#505,.F.);
#505 = EDGE_CURVE('',#506,#478,#508,.T.);
#506 = VERTEX_POINT('',#507);
#507 = CARTESIAN_POINT('',(-29.2,-27.,8.));
#508 = SURFACE_CURVE('',#509,(#513,#520),.PCURVE_S1.);
#509 = LINE('',#510,#511);
#510 = CARTESIAN_POINT('',(-30.,-27.,8.));
#511 = VECTOR('',#512,1.);
#512 = DIRECTION('',(1.,0.,0.));
#513 = PCURVE('',#70,#514);
#514 = DEFINITIONAL_REPRESENTATION('',(#515),#519);
#515 = LINE('',#516,#517);
#516 = CARTESIAN_POINT('',(27.5,5.));
#517 = VECTOR('',#518,1.);
#518 = DIRECTION('',(1.,0.));
#519 = ( GEOMETRIC_REPRESENTATION_CONTEXT(2) 
PARAMETRIC_REPRESENTATION_CONTEXT() REPRESENTATION_CONTEXT('2D SPACE',''
  ) );
#520 = PCURVE('',#521,#526);
#521 = PLANE('',#522);
#522 = AXIS2_PLACEMENT_3D('',#523,#524,#525);
#523 = CARTESIAN_POINT('',(-30.,-27.,2.5));
#524 = DIRECTION('',(0.,1.,0.));
#525 = DIRECTION('',(0.,0.,1.));
#526 = DEFINITIONAL_REPRESENTATION('',(#527),#531);
#527 = LINE('',#528,#529);
#528 = CARTESIAN_POINT('',(5.5,0.));
#529 = VECTOR('',#530,1.);
#530 = DIRECTION('',(0.,1.));
#531 = ( GEOMETRIC_REPRESENTATION_CONTEXT(2) 
PARAMETRIC_REPRESENTATION_CONTEXT() REPRESENTATION_CONTEXT('2D SPACE',''
  ) );
#532 = ORIENTED_EDGE('',*,*,#533,.F.);
#533 = EDGE_CURVE('',#534,#506,#536,.T.);
#534 = VERTEX_POINT('',#535);
#535 = CARTESIAN_POINT('',(-29.2,-28.5,8.));
#536 = SURFACE_CURVE('',#537,(#541,#548),.PCURVE_S1.);
#537 = LINE('',#538,#539);
#538 = CARTESIAN_POINT('',(-29.2,-28.5,8.));
#539 = VECTOR('',#540,1.);
#540 = DIRECTION('',(0.,1.,0.));
#541 = PCURVE('',#70,#542);
#542 = DEFINITIONAL_REPRESENTATION('',(#543),#547);
#543 = LINE('',#544,#545);
#544 = CARTESIAN_POINT('',(28.3,3.5));
#545 = VECTOR('',#546,1.);
#546 = DIRECTION('',(0.,1.));
#547 = ( GEOMETRIC_REPRESENTATION_CONTEXT(2) 
PARAMETRIC_REPRESENTATION_CONTEXT() REPRESENTATION_CONTEXT('2D SPACE',''
  ) );
#548 = PCURVE('',#549,#554);
#549 = PLANE('',#550);
#550 = AXIS2_PLACEMENT_3D('',#551,#552,#553);
#551 = CARTESIAN_POINT('',(-29.2,-28.5,2.5));
#552 = DIRECTION('',(1.,0.,0.));
#553 = DIRECTION('',(0.,0.,1.));
#554 = DEFINITIONAL_REPRESENTATION('',(#555),#559);
#555 = LINE('',#556,#557);
#556 = CARTESIAN_POINT('',(5.5,0.));
#557 = VECTOR('',#558,1.);
#558 = DIRECTION('',(0.,-1.));
#559 = ( GEOMETRIC_REPRESENTATION_CONTEXT(2) 
PARAMETRIC_REPRESENTATION_CONTEXT() REPRESENTATION_CONTEXT('2D SPACE',''
  ) );
#560 = ORIENTED_EDGE('',*,*,#561,.F.);
#561 = EDGE_CURVE('',#562,#534,#564,.T.);
#562 = VERTEX_POINT('',#563);
#563 = CARTESIAN_POINT('',(-54.8,-28.5,8.));
#564 = SURFACE_CURVE('',#565,(#569,#576),.PCURVE_S1.);
#565 = LINE('',#566,#567);
#566 = CARTESIAN_POINT('',(-54.8,-28.5,8.));
#567 = VECTOR('',#568,1.);
#568 = DIRECTION('',(1.,0.,0.));
#569 = PCURVE('',#70,#570);
#570 = DEFINITIONAL_REPRESENTATION('',(#571),#575);
#571 = LINE('',#572,#573);
#572 = CARTESIAN_POINT('',(2.7,3.5));
#573 = VECTOR('',#574,1.);
#574 = DIRECTION('',(1.,0.));
#575 = ( GEOMETRIC_REPRESENTATION_CONTEXT(2) 
PARAMETRIC_REPRESENTATION_CONTEXT() REPRESENTATION_CONTEXT('2D SPACE',''
  ) );
#576 = PCURVE('',#577,#582);
#577 = PLANE('',#578);
#578 = AXIS2_PLACEMENT_3D('',#579,#580,#581);
#579 = CARTESIAN_POINT('',(-54.8,-28.5,2.5));
#580 = DIRECTION('',(0.,1.,0.));
#581 = DIRECTION('',(0.,0.,1.));
#582 = DEFINITIONAL_REPRESENTATION('',(#583),#587);
#583 = LINE('',#584,#585);
#584 = CARTESIAN_POINT('',(5.5,0.));
#585 = VECTOR('',#586,1.);
#586 = DIRECTION('',(0.,1.));
#587 = ( GEOMETRIC_REPRESENTATION_CONTEXT(2) 
PARAMETRIC_REPRESENTATION_CONTEXT() REPRESENTATION_CONTEXT('2D SPACE',''
  ) );
#588 = ORIENTED_EDGE('',*,*,#589,.T.);
#589 = EDGE_CURVE('',#562,#590,#592,.T.);
#590 = VERTEX_POINT('',#591);
#591 = CARTESIAN_POINT('',(-54.8,-27.,8.));
#592 = SURFACE_CURVE('',#593,(#597,#604),.PCURVE_S1.);
#593 = LINE('',#594,#595);
#594 = CARTESIAN_POINT('',(-54.8,-28.5,8.));
#595 = VECTOR('',#596,1.);
#596 = DIRECTION('',(0.,1.,0.));
#597 = PCURVE('',#70,#598);
#598 = DEFINITIONAL_REPRESENTATION('',(#599),#603);
#599 = LINE('',#600,#601);
#600 = CARTESIAN_POINT('',(2.7,3.5));
#601 = VECTOR('',#602,1.);
#602 = DIRECTION('',(0.,1.));
#603 = ( GEOMETRIC_REPRESENTATION_CONTEXT(2) 
PARAMETRIC_REPRESENTATION_CONTEXT() REPRESENTATION_CONTEXT('2D SPACE',''
  ) );
#604 = PCURVE('',#605,#610);
#605 = PLANE('',#606);
#606 = AXIS2_PLACEMENT_3D('',#607,#608,#609);
#607 = CARTESIAN_POINT('',(-54.8,-28.5,2.5));
#608 = DIRECTION('',(1.,0.,0.));
#609 = DIRECTION('',(0.,0.,1.));
#610 = DEFINITIONAL_REPRESENTATION('',(#611),#615);
#611 = LINE('',#612,#613);
#612 = CARTESIAN_POINT('',(5.5,0.));
#613 = VECTOR('',#614,1.);
#614 = DIRECTION('',(0.,-1.));
#615 = ( GEOMETRIC_REPRESENTATION_CONTEXT(2) 
PARAMETRIC_REPRESENTATION_CONTEXT() REPRESENTATION_CONTEXT('2D SPACE',''
  ) );
#616 = ORIENTED_EDGE('',*,*,#617,.F.);
#617 = EDGE_CURVE('',#50,#590,#618,.T.);
#618 = SURFACE_CURVE('',#619,(#623,#630),.PCURVE_S1.);
#619 = LINE('',#620,#621);
#620 = CARTESIAN_POINT('',(-59.,-27.,8.));
#621 = VECTOR('',#622,1.);
#622 = DIRECTION('',(1.,0.,0.));
#623 = PCURVE('',#70,#624);
#624 = DEFINITIONAL_REPRESENTATION('',(#625),#629);
#625 = LINE('',#626,#627);
#626 = CARTESIAN_POINT('',(-1.5,5.));
#627 = VECTOR('',#628,1.);
#628 = DIRECTION('',(1.,0.));
#629 = ( GEOMETRIC_REPRESENTATION_CONTEXT(2) 
PARAMETRIC_REPRESENTATION_CONTEXT() REPRESENTATION_CONTEXT('2D SPACE',''
  ) );
#630 = PCURVE('',#376,#631);
#631 = DEFINITIONAL_REPRESENTATION('',(#632),#636);
#632 = LINE('',#633,#634);
#633 = CARTESIAN_POINT('',(5.5,0.));
#634 = VECTOR('',#635,1.);
#635 = DIRECTION('',(0.,1.));
#636 = ( GEOMETRIC_REPRESENTATION_CONTEXT(2) 
PARAMETRIC_REPRESENTATION_CONTEXT() REPRESENTATION_CONTEXT('2D SPACE',''
  ) );
#637 = ADVANCED_FACE('',(#638),#376,.T.);
#638 = FACE_BOUND('',#639,.T.);
#639 = EDGE_LOOP('',(#640,#663,#684,#685));
#640 = ORIENTED_EDGE('',*,*,#641,.F.);
#641 = EDGE_CURVE('',#642,#590,#644,.T.);
#642 = VERTEX_POINT('',#643);
#643 = CARTESIAN_POINT('',(-54.8,-27.,2.5));
#644 = SURFACE_CURVE('',#645,(#649,#656),.PCURVE_S1.);
#645 = LINE('',#646,#647);
#646 = CARTESIAN_POINT('',(-54.8,-27.,2.5));
#647 = VECTOR('',#648,1.);
#648 = DIRECTION('',(0.,0.,1.));
#649 = PCURVE('',#376,#650);
#650 = DEFINITIONAL_REPRESENTATION('',(#651),#655);
#651 = LINE('',#652,#653);
#652 = CARTESIAN_POINT('',(0.,4.2));
#653 = VECTOR('',#654,1.);
#654 = DIRECTION('',(1.,0.));
#655 = ( GEOMETRIC_REPRESENTATION_CONTEXT(2) 
PARAMETRIC_REPRESENTATION_CONTEXT() REPRESENTATION_CONTEXT('2D SPACE',''
  ) );
#656 = PCURVE('',#605,#657);
#657 = DEFINITIONAL_REPRESENTATION('',(#658),#662);
#658 = LINE('',#659,#660);
#659 = CARTESIAN_POINT('',(0.,-1.5));
#660 = VECTOR('',#661,1.);
#661 = DIRECTION('',(1.,0.));
#662 = ( GEOMETRIC_REPRESENTATION_CONTEXT(2) 
PARAMETRIC_REPRESENTATION_CONTEXT() REPRESENTATION_CONTEXT('2D SPACE',''
  ) );
#663 = ORIENTED_EDGE('',*,*,#664,.F.);
#664 = EDGE_CURVE('',#335,#642,#665,.T.);
#665 = SURFACE_CURVE('',#666,(#670,#677),.PCURVE_S1.);
#666 = LINE('',#667,#668);
#667 = CARTESIAN_POINT('',(-59.,-27.,2.5));
#668 = VECTOR('',#669,1.);
#669 = DIRECTION('',(1.,0.,0.));
#670 = PCURVE('',#376,#671);
#671 = DEFINITIONAL_REPRESENTATION('',(#672),#676);
#672 = LINE('',#673,#674);
#673 = CARTESIAN_POINT('',(0.,0.));
#674 = VECTOR('',#675,1.);
#675 = DIRECTION('',(0.,1.));
#676 = ( GEOMETRIC_REPRESENTATION_CONTEXT(2) 
PARAMETRIC_REPRESENTATION_CONTEXT() REPRESENTATION_CONTEXT('2D SPACE',''
  ) );
#677 = PCURVE('',#350,#678);
#678 = DEFINITIONAL_REPRESENTATION('',(#679),#683);
#679 = LINE('',#680,#681);
#680 = CARTESIAN_POINT('',(0.,0.));
#681 = VECTOR('',#682,1.);
#682 = DIRECTION('',(1.,0.));
#683 = ( GEOMETRIC_REPRESENTATION_CONTEXT(2) 
PARAMETRIC_REPRESENTATION_CONTEXT() REPRESENTATION_CONTEXT('2D SPACE',''
  ) );
#684 = ORIENTED_EDGE('',*,*,#362,.T.);
#685 = ORIENTED_EDGE('',*,*,#617,.T.);
#686 = ADVANCED_FACE('',(#687),#350,.T.);
#687 = FACE_BOUND('',#688,.T.);
#688 = EDGE_LOOP('',(#689,#712,#713,#714,#737,#760,#783,#806,#829,#857,
    #885,#913));
#689 = ORIENTED_EDGE('',*,*,#690,.F.);
#690 = EDGE_CURVE('',#307,#691,#693,.T.);
#691 = VERTEX_POINT('',#692);
#692 = CARTESIAN_POINT('',(-54.8,-13.,2.5));
#693 = SURFACE_CURVE('',#694,(#698,#705),.PCURVE_S1.);
#694 = LINE('',#695,#696);
#695 = CARTESIAN_POINT('',(-59.,-13.,2.5));
#696 = VECTOR('',#697,1.);
#697 = DIRECTION('',(1.,0.,0.));
#698 = PCURVE('',#350,#699);
#699 = DEFINITIONAL_REPRESENTATION('',(#700),#704);
#700 = LINE('',#701,#702);
#701 = CARTESIAN_POINT('',(0.,14.));
#702 = VECTOR('',#703,1.);
#703 = DIRECTION('',(1.,0.));
#704 = ( GEOMETRIC_REPRESENTATION_CONTEXT(2) 
PARAMETRIC_REPRESENTATION_CONTEXT() REPRESENTATION_CONTEXT('2D SPACE',''
  ) );
#705 = PCURVE('',#322,#706);
#706 = DEFINITIONAL_REPRESENTATION('',(#707),#711);
#707 = LINE('',#708,#709);
#708 = CARTESIAN_POINT('',(0.,0.));
#709 = VECTOR('',#710,1.);
#710 = DIRECTION('',(0.,1.));
#711 = ( GEOMETRIC_REPRESENTATION_CONTEXT(2) 
PARAMETRIC_REPRESENTATION_CONTEXT() REPRESENTATION_CONTEXT('2D SPACE',''
  ) );
#712 = ORIENTED_EDGE('',*,*,#334,.T.);
#713 = ORIENTED_EDGE('',*,*,#664,.T.);
#714 = ORIENTED_EDGE('',*,*,#715,.F.);
#715 = EDGE_CURVE('',#716,#642,#718,.T.);
#716 = VERTEX_POINT('',#717);
#717 = CARTESIAN_POINT('',(-54.8,-28.5,2.5));
#718 = SURFACE_CURVE('',#719,(#723,#730),.PCURVE_S1.);
#719 = LINE('',#720,#721);
#720 = CARTESIAN_POINT('',(-54.8,-28.5,2.5));
#721 = VECTOR('',#722,1.);
#722 = DIRECTION('',(0.,1.,0.));
#723 = PCURVE('',#350,#724);
#724 = DEFINITIONAL_REPRESENTATION('',(#725),#729);
#725 = LINE('',#726,#727);
#726 = CARTESIAN_POINT('',(4.2,-1.5));
#727 = VECTOR('',#728,1.);
#728 = DIRECTION('',(0.,1.));
#729 = ( GEOMETRIC_REPRESENTATION_CONTEXT(2) 
PARAMETRIC_REPRESENTATION_CONTEXT() REPRESENTATION_CONTEXT('2D SPACE',''
  ) );
#730 = PCURVE('',#605,#731);
#731 = DEFINITIONAL_REPRESENTATION('',(#732),#736);
#732 = LINE('',#733,#734);
#733 = CARTESIAN_POINT('',(0.,0.));
#734 = VECTOR('',#735,1.);
#735 = DIRECTION('',(0.,-1.));
#736 = ( GEOMETRIC_REPRESENTATION_CONTEXT(2) 
PARAMETRIC_REPRESENTATION_CONTEXT() REPRESENTATION_CONTEXT('2D SPACE',''
  ) );
#737 = ORIENTED_EDGE('',*,*,#738,.T.);
#738 = EDGE_CURVE('',#716,#739,#741,.T.);
#739 = VERTEX_POINT('',#740);
#740 = CARTESIAN_POINT('',(-29.2,-28.5,2.5));
#741 = SURFACE_CURVE('',#742,(#746,#753),.PCURVE_S1.);
#742 = LINE('',#743,#744);
#743 = CARTESIAN_POINT('',(-54.8,-28.5,2.5));
#744 = VECTOR('',#745,1.);
#745 = DIRECTION('',(1.,0.,0.));
#746 = PCURVE('',#350,#747);
#747 = DEFINITIONAL_REPRESENTATION('',(#748),#752);
#748 = LINE('',#749,#750);
#749 = CARTESIAN_POINT('',(4.2,-1.5));
#750 = VECTOR('',#751,1.);
#751 = DIRECTION('',(1.,0.));
#752 = ( GEOMETRIC_REPRESENTATION_CONTEXT(2) 
PARAMETRIC_REPRESENTATION_CONTEXT() REPRESENTATION_CONTEXT('2D SPACE',''
  ) );
#753 = PCURVE('',#577,#754);
#754 = DEFINITIONAL_REPRESENTATION('',(#755),#759);
#755 = LINE('',#756,#757);
#756 = CARTESIAN_POINT('',(0.,0.));
#757 = VECTOR('',#758,1.);
#758 = DIRECTION('',(0.,1.));
#759 = ( GEOMETRIC_REPRESENTATION_CONTEXT(2) 
PARAMETRIC_REPRESENTATION_CONTEXT() REPRESENTATION_CONTEXT('2D SPACE',''
  ) );
#760 = ORIENTED_EDGE('',*,*,#761,.T.);
#761 = EDGE_CURVE('',#739,#762,#764,.T.);
#762 = VERTEX_POINT('',#763);
#763 = CARTESIAN_POINT('',(-29.2,-27.,2.5));
#764 = SURFACE_CURVE('',#765,(#769,#776),.PCURVE_S1.);
#765 = LINE('',#766,#767);
#766 = CARTESIAN_POINT('',(-29.2,-28.5,2.5));
#767 = VECTOR('',#768,1.);
#768 = DIRECTION('',(0.,1.,0.));
#769 = PCURVE('',#350,#770);
#770 = DEFINITIONAL_REPRESENTATION('',(#771),#775);
#771 = LINE('',#772,#773);
#772 = CARTESIAN_POINT('',(29.8,-1.5));
#773 = VECTOR('',#774,1.);
#774 = DIRECTION('',(0.,1.));
#775 = ( GEOMETRIC_REPRESENTATION_CONTEXT(2) 
PARAMETRIC_REPRESENTATION_CONTEXT() REPRESENTATION_CONTEXT('2D SPACE',''
  ) );
#776 = PCURVE('',#549,#777);
#777 = DEFINITIONAL_REPRESENTATION('',(#778),#782);
#778 = LINE('',#779,#780);
#779 = CARTESIAN_POINT('',(0.,0.));
#780 = VECTOR('',#781,1.);
#781 = DIRECTION('',(0.,-1.));
#782 = ( GEOMETRIC_REPRESENTATION_CONTEXT(2) 
PARAMETRIC_REPRESENTATION_CONTEXT() REPRESENTATION_CONTEXT('2D SPACE',''
  ) );
#783 = ORIENTED_EDGE('',*,*,#784,.T.);
#784 = EDGE_CURVE('',#762,#785,#787,.T.);
#785 = VERTEX_POINT('',#786);
#786 = CARTESIAN_POINT('',(-26.5,-27.,2.5));
#787 = SURFACE_CURVE('',#788,(#792,#799),.PCURVE_S1.);
#788 = LINE('',#789,#790);
#789 = CARTESIAN_POINT('',(-30.,-27.,2.5));
#790 = VECTOR('',#791,1.);
#791 = DIRECTION('',(1.,0.,0.));
#792 = PCURVE('',#350,#793);
#793 = DEFINITIONAL_REPRESENTATION('',(#794),#798);
#794 = LINE('',#795,#796);
#795 = CARTESIAN_POINT('',(29.,0.));
#796 = VECTOR('',#797,1.);
#797 = DIRECTION('',(1.,0.));
#798 = ( GEOMETRIC_REPRESENTATION_CONTEXT(2) 
PARAMETRIC_REPRESENTATION_CONTEXT() REPRESENTATION_CONTEXT('2D SPACE',''
  ) );
#799 = PCURVE('',#521,#800);
#800 = DEFINITIONAL_REPRESENTATION('',(#801),#805);
#801 = LINE('',#802,#803);
#802 = CARTESIAN_POINT('',(0.,0.));
#803 = VECTOR('',#804,1.);
#804 = DIRECTION('',(0.,1.));
#805 = ( GEOMETRIC_REPRESENTATION_CONTEXT(2) 
PARAMETRIC_REPRESENTATION_CONTEXT() REPRESENTATION_CONTEXT('2D SPACE',''
  ) );
#806 = ORIENTED_EDGE('',*,*,#807,.F.);
#807 = EDGE_CURVE('',#808,#785,#810,.T.);
#808 = VERTEX_POINT('',#809);
#809 = CARTESIAN_POINT('',(-26.5,-13.,2.5));
#810 = SURFACE_CURVE('',#811,(#815,#822),.PCURVE_S1.);
#811 = LINE('',#812,#813);
#812 = CARTESIAN_POINT('',(-26.5,-29.5,2.5));
#813 = VECTOR('',#814,1.);
#814 = DIRECTION('',(0.,-1.,0.));
#815 = PCURVE('',#350,#816);
#816 = DEFINITIONAL_REPRESENTATION('',(#817),#821);
#817 = LINE('',#818,#819);
#818 = CARTESIAN_POINT('',(32.5,-2.5));
#819 = VECTOR('',#820,1.);
#820 = DIRECTION('',(0.,-1.));
#821 = ( GEOMETRIC_REPRESENTATION_CONTEXT(2) 
PARAMETRIC_REPRESENTATION_CONTEXT() REPRESENTATION_CONTEXT('2D SPACE',''
  ) );
#822 = PCURVE('',#493,#823);
#823 = DEFINITIONAL_REPRESENTATION('',(#824),#828);
#824 = LINE('',#825,#826);
#825 = CARTESIAN_POINT('',(2.5,-2.5));
#826 = VECTOR('',#827,1.);
#827 = DIRECTION('',(0.,1.));
#828 = ( GEOMETRIC_REPRESENTATION_CONTEXT(2) 
PARAMETRIC_REPRESENTATION_CONTEXT() REPRESENTATION_CONTEXT('2D SPACE',''
  ) );
#829 = ORIENTED_EDGE('',*,*,#830,.F.);
#830 = EDGE_CURVE('',#831,#808,#833,.T.);
#831 = VERTEX_POINT('',#832);
#832 = CARTESIAN_POINT('',(-29.2,-13.,2.5));
#833 = SURFACE_CURVE('',#834,(#838,#845),.PCURVE_S1.);
#834 = LINE('',#835,#836);
#835 = CARTESIAN_POINT('',(-30.,-13.,2.5));
#836 = VECTOR('',#837,1.);
#837 = DIRECTION('',(1.,0.,0.));
#838 = PCURVE('',#350,#839);
#839 = DEFINITIONAL_REPRESENTATION('',(#840),#844);
#840 = LINE('',#841,#842);
#841 = CARTESIAN_POINT('',(29.,14.));
#842 = VECTOR('',#843,1.);
#843 = DIRECTION('',(1.,0.));
#844 = ( GEOMETRIC_REPRESENTATION_CONTEXT(2) 
PARAMETRIC_REPRESENTATION_CONTEXT() REPRESENTATION_CONTEXT('2D SPACE',''
  ) );
#845 = PCURVE('',#846,#851);
#846 = PLANE('',#847);
#847 = AXIS2_PLACEMENT_3D('',#848,#849,#850);
#848 = CARTESIAN_POINT('',(-30.,-13.,2.5));
#849 = DIRECTION('',(0.,1.,0.));
#850 = DIRECTION('',(0.,0.,1.));
#851 = DEFINITIONAL_REPRESENTATION('',(#852),#856);
#852 = LINE('',#853,#854);
#853 = CARTESIAN_POINT('',(0.,0.));
#854 = VECTOR('',#855,1.);
#855 = DIRECTION('',(0.,1.));
#856 = ( GEOMETRIC_REPRESENTATION_CONTEXT(2) 
PARAMETRIC_REPRESENTATION_CONTEXT() REPRESENTATION_CONTEXT('2D SPACE',''
  ) );
#857 = ORIENTED_EDGE('',*,*,#858,.T.);
#858 = EDGE_CURVE('',#831,#859,#861,.T.);
#859 = VERTEX_POINT('',#860);
#860 = CARTESIAN_POINT('',(-29.2,-11.5,2.5));
#861 = SURFACE_CURVE('',#862,(#866,#873),.PCURVE_S1.);
#862 = LINE('',#863,#864);
#863 = CARTESIAN_POINT('',(-29.2,-28.5,2.5));
#864 = VECTOR('',#865,1.);
#865 = DIRECTION('',(0.,1.,0.));
#866 = PCURVE('',#350,#867);
#867 = DEFINITIONAL_REPRESENTATION('',(#868),#872);
#868 = LINE('',#869,#870);
#869 = CARTESIAN_POINT('',(29.8,-1.5));
#870 = VECTOR('',#871,1.);
#871 = DIRECTION('',(0.,1.));
#872 = ( GEOMETRIC_REPRESENTATION_CONTEXT(2) 
PARAMETRIC_REPRESENTATION_CONTEXT() REPRESENTATION_CONTEXT('2D SPACE',''
  ) );
#873 = PCURVE('',#874,#879);
#874 = PLANE('',#875);
#875 = AXIS2_PLACEMENT_3D('',#876,#877,#878);
#876 = CARTESIAN_POINT('',(-29.2,-28.5,2.5));
#877 = DIRECTION('',(1.,0.,0.));
#878 = DIRECTION('',(0.,0.,1.));
#879 = DEFINITIONAL_REPRESENTATION('',(#880),#884);
#880 = LINE('',#881,#882);
#881 = CARTESIAN_POINT('',(0.,0.));
#882 = VECTOR('',#883,1.);
#883 = DIRECTION('',(0.,-1.));
#884 = ( GEOMETRIC_REPRESENTATION_CONTEXT(2) 
PARAMETRIC_REPRESENTATION_CONTEXT() REPRESENTATION_CONTEXT('2D SPACE',''
  ) );
#885 = ORIENTED_EDGE('',*,*,#886,.F.);
#886 = EDGE_CURVE('',#887,#859,#889,.T.);
#887 = VERTEX_POINT('',#888);
#888 = CARTESIAN_POINT('',(-54.8,-11.5,2.5));
#889 = SURFACE_CURVE('',#890,(#894,#901),.PCURVE_S1.);
#890 = LINE('',#891,#892);
#891 = CARTESIAN_POINT('',(-54.8,-11.5,2.5));
#892 = VECTOR('',#893,1.);
#893 = DIRECTION('',(1.,0.,0.));
#894 = PCURVE('',#350,#895);
#895 = DEFINITIONAL_REPRESENTATION('',(#896),#900);
#896 = LINE('',#897,#898);
#897 = CARTESIAN_POINT('',(4.2,15.5));
#898 = VECTOR('',#899,1.);
#899 = DIRECTION('',(1.,0.));
#900 = ( GEOMETRIC_REPRESENTATION_CONTEXT(2) 
PARAMETRIC_REPRESENTATION_CONTEXT() REPRESENTATION_CONTEXT('2D SPACE',''
  ) );
#901 = PCURVE('',#902,#907);
#902 = PLANE('',#903);
#903 = AXIS2_PLACEMENT_3D('',#904,#905,#906);
#904 = CARTESIAN_POINT('',(-54.8,-11.5,2.5));
#905 = DIRECTION('',(0.,1.,0.));
#906 = DIRECTION('',(0.,0.,1.));
#907 = DEFINITIONAL_REPRESENTATION('',(#908),#912);
#908 = LINE('',#909,#910);
#909 = CARTESIAN_POINT('',(0.,0.));
#910 = VECTOR('',#911,1.);
#911 = DIRECTION('',(0.,1.));
#912 = ( GEOMETRIC_REPRESENTATION_CONTEXT(2) 
PARAMETRIC_REPRESENTATION_CONTEXT() REPRESENTATION_CONTEXT('2D SPACE',''
  ) );
#913 = ORIENTED_EDGE('',*,*,#914,.F.);
#914 = EDGE_CURVE('',#691,#887,#915,.T.);
#915 = SURFACE_CURVE('',#916,(#920,#927),.PCURVE_S1.);
#916 = LINE('',#917,#918);
#917 = CARTESIAN_POINT('',(-54.8,-28.5,2.5));
#918 = VECTOR('',#919,1.);
#919 = DIRECTION('',(0.,1.,0.));
#920 = PCURVE('',#350,#921);
#921 = DEFINITIONAL_REPRESENTATION('',(#922),#926);
#922 = LINE('',#923,#924);
#923 = CARTESIAN_POINT('',(4.2,-1.5));
#924 = VECTOR('',#925,1.);
#925 = DIRECTION('',(0.,1.));
#926 = ( GEOMETRIC_REPRESENTATION_CONTEXT(2) 
PARAMETRIC_REPRESENTATION_CONTEXT() REPRESENTATION_CONTEXT('2D SPACE',''
  ) );
#927 = PCURVE('',#928,#933);
#928 = PLANE('',#929);
#929 = AXIS2_PLACEMENT_3D('',#930,#931,#932);
#930 = CARTESIAN_POINT('',(-54.8,-28.5,2.5));
#931 = DIRECTION('',(1.,0.,0.));
#932 = DIRECTION('',(0.,0.,1.));
#933 = DEFINITIONAL_REPRESENTATION('',(#934),#938);
#934 = LINE('',#935,#936);
#935 = CARTESIAN_POINT('',(0.,0.));
#936 = VECTOR('',#937,1.);
#937 = DIRECTION('',(0.,-1.));
#938 = ( GEOMETRIC_REPRESENTATION_CONTEXT(2) 
PARAMETRIC_REPRESENTATION_CONTEXT() REPRESENTATION_CONTEXT('2D SPACE',''
  ) );
#939 = ADVANCED_FACE('',(#940),#322,.F.);
#940 = FACE_BOUND('',#941,.F.);
#941 = EDGE_LOOP('',(#942,#965,#966,#967));
#942 = ORIENTED_EDGE('',*,*,#943,.F.);
#943 = EDGE_CURVE('',#691,#944,#946,.T.);
#944 = VERTEX_POINT('',#945);
#945 = CARTESIAN_POINT('',(-54.8,-13.,8.));
#946 = SURFACE_CURVE('',#947,(#951,#958),.PCURVE_S1.);
#947 = LINE('',#948,#949);
#948 = CARTESIAN_POINT('',(-54.8,-13.,2.5));
#949 = VECTOR('',#950,1.);
#950 = DIRECTION('',(0.,0.,1.));
#951 = PCURVE('',#322,#952);
#952 = DEFINITIONAL_REPRESENTATION('',(#953),#957);
#953 = LINE('',#954,#955);
#954 = CARTESIAN_POINT('',(0.,4.2));
#955 = VECTOR('',#956,1.);
#956 = DIRECTION('',(1.,0.));
#957 = ( GEOMETRIC_REPRESENTATION_CONTEXT(2) 
PARAMETRIC_REPRESENTATION_CONTEXT() REPRESENTATION_CONTEXT('2D SPACE',''
  ) );
#958 = PCURVE('',#928,#959);
#959 = DEFINITIONAL_REPRESENTATION('',(#960),#964);
#960 = LINE('',#961,#962);
#961 = CARTESIAN_POINT('',(0.,-15.5));
#962 = VECTOR('',#963,1.);
#963 = DIRECTION('',(1.,0.));
#964 = ( GEOMETRIC_REPRESENTATION_CONTEXT(2) 
PARAMETRIC_REPRESENTATION_CONTEXT() REPRESENTATION_CONTEXT('2D SPACE',''
  ) );
#965 = ORIENTED_EDGE('',*,*,#690,.F.);
#966 = ORIENTED_EDGE('',*,*,#306,.T.);
#967 = ORIENTED_EDGE('',*,*,#968,.T.);
#968 = EDGE_CURVE('',#279,#944,#969,.T.);
#969 = SURFACE_CURVE('',#970,(#974,#981),.PCURVE_S1.);
#970 = LINE('',#971,#972);
#971 = CARTESIAN_POINT('',(-59.,-13.,8.));
#972 = VECTOR('',#973,1.);
#973 = DIRECTION('',(1.,0.,0.));
#974 = PCURVE('',#322,#975);
#975 = DEFINITIONAL_REPRESENTATION('',(#976),#980);
#976 = LINE('',#977,#978);
#977 = CARTESIAN_POINT('',(5.5,0.));
#978 = VECTOR('',#979,1.);
#979 = DIRECTION('',(0.,1.));
#980 = ( GEOMETRIC_REPRESENTATION_CONTEXT(2) 
PARAMETRIC_REPRESENTATION_CONTEXT() REPRESENTATION_CONTEXT('2D SPACE',''
  ) );
#981 = PCURVE('',#294,#982);
#982 = DEFINITIONAL_REPRESENTATION('',(#983),#987);
#983 = LINE('',#984,#985);
#984 = CARTESIAN_POINT('',(-1.5,19.));
#985 = VECTOR('',#986,1.);
#986 = DIRECTION('',(1.,0.));
#987 = ( GEOMETRIC_REPRESENTATION_CONTEXT(2) 
PARAMETRIC_REPRESENTATION_CONTEXT() REPRESENTATION_CONTEXT('2D SPACE',''
  ) );
#988 = ADVANCED_FACE('',(#989),#294,.T.);
#989 = FACE_BOUND('',#990,.T.);
#990 = EDGE_LOOP('',(#991,#1016,#1039,#1062,#1090,#1118,#1146,#1174,
    #1195,#1196,#1197,#1220));
#991 = ORIENTED_EDGE('',*,*,#992,.F.);
#992 = EDGE_CURVE('',#993,#995,#997,.T.);
#993 = VERTEX_POINT('',#994);
#994 = CARTESIAN_POINT('',(-29.2,-13.,8.));
#995 = VERTEX_POINT('',#996);
#996 = CARTESIAN_POINT('',(-29.2,-11.5,8.));
#997 = SURFACE_CURVE('',#998,(#1002,#1009),.PCURVE_S1.);
#998 = LINE('',#999,#1000);
#999 = CARTESIAN_POINT('',(-29.2,-28.5,8.));
#1000 = VECTOR('',#1001,1.);
#1001 = DIRECTION('',(0.,1.,0.));
#1002 = PCURVE('',#294,#1003);
#1003 = DEFINITIONAL_REPRESENTATION('',(#1004),#1008);
#1004 = LINE('',#1005,#1006);
#1005 = CARTESIAN_POINT('',(28.3,3.5));
#1006 = VECTOR('',#1007,1.);
#1007 = DIRECTION('',(0.,1.));
#1008 = ( GEOMETRIC_REPRESENTATION_CONTEXT(2) 
PARAMETRIC_REPRESENTATION_CONTEXT() REPRESENTATION_CONTEXT('2D SPACE',''
  ) );
#1009 = PCURVE('',#874,#1010);
#1010 = DEFINITIONAL_REPRESENTATION('',(#1011),#1015);
#1011 = LINE('',#1012,#1013);
#1012 = CARTESIAN_POINT('',(5.5,0.));
#1013 = VECTOR('',#1014,1.);
#1014 = DIRECTION('',(0.,-1.));
#1015 = ( GEOMETRIC_REPRESENTATION_CONTEXT(2) 
PARAMETRIC_REPRESENTATION_CONTEXT() REPRESENTATION_CONTEXT('2D SPACE',''
  ) );
#1016 = ORIENTED_EDGE('',*,*,#1017,.T.);
#1017 = EDGE_CURVE('',#993,#1018,#1020,.T.);
#1018 = VERTEX_POINT('',#1019);
#1019 = CARTESIAN_POINT('',(-26.5,-13.,8.));
#1020 = SURFACE_CURVE('',#1021,(#1025,#1032),.PCURVE_S1.);
#1021 = LINE('',#1022,#1023);
#1022 = CARTESIAN_POINT('',(-30.,-13.,8.));
#1023 = VECTOR('',#1024,1.);
#1024 = DIRECTION('',(1.,0.,0.));
#1025 = PCURVE('',#294,#1026);
#1026 = DEFINITIONAL_REPRESENTATION('',(#1027),#1031);
#1027 = LINE('',#1028,#1029);
#1028 = CARTESIAN_POINT('',(27.5,19.));
#1029 = VECTOR('',#1030,1.);
#1030 = DIRECTION('',(1.,0.));
#1031 = ( GEOMETRIC_REPRESENTATION_CONTEXT(2) 
PARAMETRIC_REPRESENTATION_CONTEXT() REPRESENTATION_CONTEXT('2D SPACE',''
  ) );
#1032 = PCURVE('',#846,#1033);
#1033 = DEFINITIONAL_REPRESENTATION('',(#1034),#1038);
#1034 = LINE('',#1035,#1036);
#1035 = CARTESIAN_POINT('',(5.5,0.));
#1036 = VECTOR('',#1037,1.);
#1037 = DIRECTION('',(0.,1.));
#1038 = ( GEOMETRIC_REPRESENTATION_CONTEXT(2) 
PARAMETRIC_REPRESENTATION_CONTEXT() REPRESENTATION_CONTEXT('2D SPACE',''
  ) );
#1039 = ORIENTED_EDGE('',*,*,#1040,.T.);
#1040 = EDGE_CURVE('',#1018,#1041,#1043,.T.);
#1041 = VERTEX_POINT('',#1042);
#1042 = CARTESIAN_POINT('',(-26.5,13.,8.));
#1043 = SURFACE_CURVE('',#1044,(#1048,#1055),.PCURVE_S1.);
#1044 = LINE('',#1045,#1046);
#1045 = CARTESIAN_POINT('',(-26.5,-32.,8.));
#1046 = VECTOR('',#1047,1.);
#1047 = DIRECTION('',(0.,1.,0.));
#1048 = PCURVE('',#294,#1049);
#1049 = DEFINITIONAL_REPRESENTATION('',(#1050),#1054);
#1050 = LINE('',#1051,#1052);
#1051 = CARTESIAN_POINT('',(31.,0.));
#1052 = VECTOR('',#1053,1.);
#1053 = DIRECTION('',(0.,1.));
#1054 = ( GEOMETRIC_REPRESENTATION_CONTEXT(2) 
PARAMETRIC_REPRESENTATION_CONTEXT() REPRESENTATION_CONTEXT('2D SPACE',''
  ) );
#1055 = PCURVE('',#493,#1056);
#1056 = DEFINITIONAL_REPRESENTATION('',(#1057),#1061);
#1057 = LINE('',#1058,#1059);
#1058 = CARTESIAN_POINT('',(8.,0.));
#1059 = VECTOR('',#1060,1.);
#1060 = DIRECTION('',(0.,-1.));
#1061 = ( GEOMETRIC_REPRESENTATION_CONTEXT(2) 
PARAMETRIC_REPRESENTATION_CONTEXT() REPRESENTATION_CONTEXT('2D SPACE',''
  ) );
#1062 = ORIENTED_EDGE('',*,*,#1063,.F.);
#1063 = EDGE_CURVE('',#1064,#1041,#1066,.T.);
#1064 = VERTEX_POINT('',#1065);
#1065 = CARTESIAN_POINT('',(-29.2,13.,8.));
#1066 = SURFACE_CURVE('',#1067,(#1071,#1078),.PCURVE_S1.);
#1067 = LINE('',#1068,#1069);
#1068 = CARTESIAN_POINT('',(-30.,13.,8.));
#1069 = VECTOR('',#1070,1.);
#1070 = DIRECTION('',(1.,0.,0.));
#1071 = PCURVE('',#294,#1072);
#1072 = DEFINITIONAL_REPRESENTATION('',(#1073),#1077);
#1073 = LINE('',#1074,#1075);
#1074 = CARTESIAN_POINT('',(27.5,45.));
#1075 = VECTOR('',#1076,1.);
#1076 = DIRECTION('',(1.,0.));
#1077 = ( GEOMETRIC_REPRESENTATION_CONTEXT(2) 
PARAMETRIC_REPRESENTATION_CONTEXT() REPRESENTATION_CONTEXT('2D SPACE',''
  ) );
#1078 = PCURVE('',#1079,#1084);
#1079 = PLANE('',#1080);
#1080 = AXIS2_PLACEMENT_3D('',#1081,#1082,#1083);
#1081 = CARTESIAN_POINT('',(-30.,13.,2.5));
#1082 = DIRECTION('',(0.,1.,0.));
#1083 = DIRECTION('',(0.,0.,1.));
#1084 = DEFINITIONAL_REPRESENTATION('',(#1085),#1089);
#1085 = LINE('',#1086,#1087);
#1086 = CARTESIAN_POINT('',(5.5,0.));
#1087 = VECTOR('',#1088,1.);
#1088 = DIRECTION('',(0.,1.));
#1089 = ( GEOMETRIC_REPRESENTATION_CONTEXT(2) 
PARAMETRIC_REPRESENTATION_CONTEXT() REPRESENTATION_CONTEXT('2D SPACE',''
  ) );
#1090 = ORIENTED_EDGE('',*,*,#1091,.F.);
#1091 = EDGE_CURVE('',#1092,#1064,#1094,.T.);
#1092 = VERTEX_POINT('',#1093);
#1093 = CARTESIAN_POINT('',(-29.2,11.5,8.));
#1094 = SURFACE_CURVE('',#1095,(#1099,#1106),.PCURVE_S1.);
#1095 = LINE('',#1096,#1097);
#1096 = CARTESIAN_POINT('',(-29.2,11.5,8.));
#1097 = VECTOR('',#1098,1.);
#1098 = DIRECTION('',(0.,1.,0.));
#1099 = PCURVE('',#294,#1100);
#1100 = DEFINITIONAL_REPRESENTATION('',(#1101),#1105);
#1101 = LINE('',#1102,#1103);
#1102 = CARTESIAN_POINT('',(28.3,43.5));
#1103 = VECTOR('',#1104,1.);
#1104 = DIRECTION('',(0.,1.));
#1105 = ( GEOMETRIC_REPRESENTATION_CONTEXT(2) 
PARAMETRIC_REPRESENTATION_CONTEXT() REPRESENTATION_CONTEXT('2D SPACE',''
  ) );
#1106 = PCURVE('',#1107,#1112);
#1107 = PLANE('',#1108);
#1108 = AXIS2_PLACEMENT_3D('',#1109,#1110,#1111);
#1109 = CARTESIAN_POINT('',(-29.2,11.5,2.5));
#1110 = DIRECTION('',(1.,0.,0.));
#1111 = DIRECTION('',(0.,0.,1.));
#1112 = DEFINITIONAL_REPRESENTATION('',(#1113),#1117);
#1113 = LINE('',#1114,#1115);
#1114 = CARTESIAN_POINT('',(5.5,0.));
#1115 = VECTOR('',#1116,1.);
#1116 = DIRECTION('',(0.,-1.));
#1117 = ( GEOMETRIC_REPRESENTATION_CONTEXT(2) 
PARAMETRIC_REPRESENTATION_CONTEXT() REPRESENTATION_CONTEXT('2D SPACE',''
  ) );
#1118 = ORIENTED_EDGE('',*,*,#1119,.F.);
#1119 = EDGE_CURVE('',#1120,#1092,#1122,.T.);
#1120 = VERTEX_POINT('',#1121);
#1121 = CARTESIAN_POINT('',(-54.8,11.5,8.));
#1122 = SURFACE_CURVE('',#1123,(#1127,#1134),.PCURVE_S1.);
#1123 = LINE('',#1124,#1125);
#1124 = CARTESIAN_POINT('',(-54.8,11.5,8.));
#1125 = VECTOR('',#1126,1.);
#1126 = DIRECTION('',(1.,0.,0.));
#1127 = PCURVE('',#294,#1128);
#1128 = DEFINITIONAL_REPRESENTATION('',(#1129),#1133);
#1129 = LINE('',#1130,#1131);
#1130 = CARTESIAN_POINT('',(2.7,43.5));
#1131 = VECTOR('',#1132,1.);
#1132 = DIRECTION('',(1.,0.));
#1133 = ( GEOMETRIC_REPRESENTATION_CONTEXT(2) 
PARAMETRIC_REPRESENTATION_CONTEXT() REPRESENTATION_CONTEXT('2D SPACE',''
  ) );
#1134 = PCURVE('',#1135,#1140);
#1135 = PLANE('',#1136);
#1136 = AXIS2_PLACEMENT_3D('',#1137,#1138,#1139);
#1137 = CARTESIAN_POINT('',(-54.8,11.5,2.5));
#1138 = DIRECTION('',(0.,1.,0.));
#1139 = DIRECTION('',(0.,0.,1.));
#1140 = DEFINITIONAL_REPRESENTATION('',(#1141),#1145);
#1141 = LINE('',#1142,#1143);
#1142 = CARTESIAN_POINT('',(5.5,0.));
#1143 = VECTOR('',#1144,1.);
#1144 = DIRECTION('',(0.,1.));
#1145 = ( GEOMETRIC_REPRESENTATION_CONTEXT(2) 
PARAMETRIC_REPRESENTATION_CONTEXT() REPRESENTATION_CONTEXT('2D SPACE',''
  ) );
#1146 = ORIENTED_EDGE('',*,*,#1147,.T.);
#1147 = EDGE_CURVE('',#1120,#1148,#1150,.T.);
#1148 = VERTEX_POINT('',#1149);
#1149 = CARTESIAN_POINT('',(-54.8,13.,8.));
#1150 = SURFACE_CURVE('',#1151,(#1155,#1162),.PCURVE_S1.);
#1151 = LINE('',#1152,#1153);
#1152 = CARTESIAN_POINT('',(-54.8,11.5,8.));
#1153 = VECTOR('',#1154,1.);
#1154 = DIRECTION('',(0.,1.,0.));
#1155 = PCURVE('',#294,#1156);
#1156 = DEFINITIONAL_REPRESENTATION('',(#1157),#1161);
#1157 = LINE('',#1158,#1159);
#1158 = CARTESIAN_POINT('',(2.7,43.5));
#1159 = VECTOR('',#1160,1.);
#1160 = DIRECTION('',(0.,1.));
#1161 = ( GEOMETRIC_REPRESENTATION_CONTEXT(2) 
PARAMETRIC_REPRESENTATION_CONTEXT() REPRESENTATION_CONTEXT('2D SPACE',''
  ) );
#1162 = PCURVE('',#1163,#1168);
#1163 = PLANE('',#1164);
#1164 = AXIS2_PLACEMENT_3D('',#1165,#1166,#1167);
#1165 = CARTESIAN_POINT('',(-54.8,11.5,2.5));
#1166 = DIRECTION('',(1.,0.,0.));
#1167 = DIRECTION('',(0.,0.,1.));
#1168 = DEFINITIONAL_REPRESENTATION('',(#1169),#1173);
#1169 = LINE('',#1170,#1171);
#1170 = CARTESIAN_POINT('',(5.5,0.));
#1171 = VECTOR('',#1172,1.);
#1172 = DIRECTION('',(0.,-1.));
#1173 = ( GEOMETRIC_REPRESENTATION_CONTEXT(2) 
PARAMETRIC_REPRESENTATION_CONTEXT() REPRESENTATION_CONTEXT('2D SPACE',''
  ) );
#1174 = ORIENTED_EDGE('',*,*,#1175,.F.);
#1175 = EDGE_CURVE('',#251,#1148,#1176,.T.);
#1176 = SURFACE_CURVE('',#1177,(#1181,#1188),.PCURVE_S1.);
#1177 = LINE('',#1178,#1179);
#1178 = CARTESIAN_POINT('',(-59.,13.,8.));
#1179 = VECTOR('',#1180,1.);
#1180 = DIRECTION('',(1.,0.,0.));
#1181 = PCURVE('',#294,#1182);
#1182 = DEFINITIONAL_REPRESENTATION('',(#1183),#1187);
#1183 = LINE('',#1184,#1185);
#1184 = CARTESIAN_POINT('',(-1.5,45.));
#1185 = VECTOR('',#1186,1.);
#1186 = DIRECTION('',(1.,0.));
#1187 = ( GEOMETRIC_REPRESENTATION_CONTEXT(2) 
PARAMETRIC_REPRESENTATION_CONTEXT() REPRESENTATION_CONTEXT('2D SPACE',''
  ) );
#1188 = PCURVE('',#266,#1189);
#1189 = DEFINITIONAL_REPRESENTATION('',(#1190),#1194);
#1190 = LINE('',#1191,#1192);
#1191 = CARTESIAN_POINT('',(5.5,0.));
#1192 = VECTOR('',#1193,1.);
#1193 = DIRECTION('',(0.,1.));
#1194 = ( GEOMETRIC_REPRESENTATION_CONTEXT(2) 
PARAMETRIC_REPRESENTATION_CONTEXT() REPRESENTATION_CONTEXT('2D SPACE',''
  ) );
#1195 = ORIENTED_EDGE('',*,*,#278,.F.);
#1196 = ORIENTED_EDGE('',*,*,#968,.T.);
#1197 = ORIENTED_EDGE('',*,*,#1198,.T.);
#1198 = EDGE_CURVE('',#944,#1199,#1201,.T.);
#1199 = VERTEX_POINT('',#1200);
#1200 = CARTESIAN_POINT('',(-54.8,-11.5,8.));
#1201 = SURFACE_CURVE('',#1202,(#1206,#1213),.PCURVE_S1.);
#1202 = LINE('',#1203,#1204);
#1203 = CARTESIAN_POINT('',(-54.8,-28.5,8.));
#1204 = VECTOR('',#1205,1.);
#1205 = DIRECTION('',(0.,1.,0.));
#1206 = PCURVE('',#294,#1207);
#1207 = DEFINITIONAL_REPRESENTATION('',(#1208),#1212);
#1208 = LINE('',#1209,#1210);
#1209 = CARTESIAN_POINT('',(2.7,3.5));
#1210 = VECTOR('',#1211,1.);
#1211 = DIRECTION('',(0.,1.));
#1212 = ( GEOMETRIC_REPRESENTATION_CONTEXT(2) 
PARAMETRIC_REPRESENTATION_CONTEXT() REPRESENTATION_CONTEXT('2D SPACE',''
  ) );
#1213 = PCURVE('',#928,#1214);
#1214 = DEFINITIONAL_REPRESENTATION('',(#1215),#1219);
#1215 = LINE('',#1216,#1217);
#1216 = CARTESIAN_POINT('',(5.5,0.));
#1217 = VECTOR('',#1218,1.);
#1218 = DIRECTION('',(0.,-1.));
#1219 = ( GEOMETRIC_REPRESENTATION_CONTEXT(2) 
PARAMETRIC_REPRESENTATION_CONTEXT() REPRESENTATION_CONTEXT('2D SPACE',''
  ) );
#1220 = ORIENTED_EDGE('',*,*,#1221,.T.);
#1221 = EDGE_CURVE('',#1199,#995,#1222,.T.);
#1222 = SURFACE_CURVE('',#1223,(#1227,#1234),.PCURVE_S1.);
#1223 = LINE('',#1224,#1225);
#1224 = CARTESIAN_POINT('',(-54.8,-11.5,8.));
#1225 = VECTOR('',#1226,1.);
#1226 = DIRECTION('',(1.,0.,0.));
#1227 = PCURVE('',#294,#1228);
#1228 = DEFINITIONAL_REPRESENTATION('',(#1229),#1233);
#1229 = LINE('',#1230,#1231);
#1230 = CARTESIAN_POINT('',(2.7,20.5));
#1231 = VECTOR('',#1232,1.);
#1232 = DIRECTION('',(1.,0.));
#1233 = ( GEOMETRIC_REPRESENTATION_CONTEXT(2) 
PARAMETRIC_REPRESENTATION_CONTEXT() REPRESENTATION_CONTEXT('2D SPACE',''
  ) );
#1234 = PCURVE('',#902,#1235);
#1235 = DEFINITIONAL_REPRESENTATION('',(#1236),#1240);
#1236 = LINE('',#1237,#1238);
#1237 = CARTESIAN_POINT('',(5.5,0.));
#1238 = VECTOR('',#1239,1.);
#1239 = DIRECTION('',(0.,1.));
#1240 = ( GEOMETRIC_REPRESENTATION_CONTEXT(2) 
PARAMETRIC_REPRESENTATION_CONTEXT() REPRESENTATION_CONTEXT('2D SPACE',''
  ) );
#1241 = ADVANCED_FACE('',(#1242),#266,.T.);
#1242 = FACE_BOUND('',#1243,.T.);
#1243 = EDGE_LOOP('',(#1244,#1267,#1288,#1289));
#1244 = ORIENTED_EDGE('',*,*,#1245,.F.);
#1245 = EDGE_CURVE('',#1246,#1148,#1248,.T.);
#1246 = VERTEX_POINT('',#1247);
#1247 = CARTESIAN_POINT('',(-54.8,13.,2.5));
#1248 = SURFACE_CURVE('',#1249,(#1253,#1260),.PCURVE_S1.);
#1249 = LINE('',#1250,#1251);
#1250 = CARTESIAN_POINT('',(-54.8,13.,2.5));
#1251 = VECTOR('',#1252,1.);
#1252 = DIRECTION('',(0.,0.,1.));
#1253 = PCURVE('',#266,#1254);
#1254 = DEFINITIONAL_REPRESENTATION('',(#1255),#1259);
#1255 = LINE('',#1256,#1257);
#1256 = CARTESIAN_POINT('',(0.,4.2));
#1257 = VECTOR('',#1258,1.);
#1258 = DIRECTION('',(1.,0.));
#1259 = ( GEOMETRIC_REPRESENTATION_CONTEXT(2) 
PARAMETRIC_REPRESENTATION_CONTEXT() REPRESENTATION_CONTEXT('2D SPACE',''
  ) );
#1260 = PCURVE('',#1163,#1261);
#1261 = DEFINITIONAL_REPRESENTATION('',(#1262),#1266);
#1262 = LINE('',#1263,#1264);
#1263 = CARTESIAN_POINT('',(0.,-1.5));
#1264 = VECTOR('',#1265,1.);
#1265 = DIRECTION('',(1.,0.));
#1266 = ( GEOMETRIC_REPRESENTATION_CONTEXT(2) 
PARAMETRIC_REPRESENTATION_CONTEXT() REPRESENTATION_CONTEXT('2D SPACE',''
  ) );
#1267 = ORIENTED_EDGE('',*,*,#1268,.F.);
#1268 = EDGE_CURVE('',#223,#1246,#1269,.T.);
#1269 = SURFACE_CURVE('',#1270,(#1274,#1281),.PCURVE_S1.);
#1270 = LINE('',#1271,#1272);
#1271 = CARTESIAN_POINT('',(-59.,13.,2.5));
#1272 = VECTOR('',#1273,1.);
#1273 = DIRECTION('',(1.,0.,0.));
#1274 = PCURVE('',#266,#1275);
#1275 = DEFINITIONAL_REPRESENTATION('',(#1276),#1280);
#1276 = LINE('',#1277,#1278);
#1277 = CARTESIAN_POINT('',(0.,0.));
#1278 = VECTOR('',#1279,1.);
#1279 = DIRECTION('',(0.,1.));
#1280 = ( GEOMETRIC_REPRESENTATION_CONTEXT(2) 
PARAMETRIC_REPRESENTATION_CONTEXT() REPRESENTATION_CONTEXT('2D SPACE',''
  ) );
#1281 = PCURVE('',#238,#1282);
#1282 = DEFINITIONAL_REPRESENTATION('',(#1283),#1287);
#1283 = LINE('',#1284,#1285);
#1284 = CARTESIAN_POINT('',(0.,0.));
#1285 = VECTOR('',#1286,1.);
#1286 = DIRECTION('',(1.,0.));
#1287 = ( GEOMETRIC_REPRESENTATION_CONTEXT(2) 
PARAMETRIC_REPRESENTATION_CONTEXT() REPRESENTATION_CONTEXT('2D SPACE',''
  ) );
#1288 = ORIENTED_EDGE('',*,*,#250,.T.);
#1289 = ORIENTED_EDGE('',*,*,#1175,.T.);
#1290 = ADVANCED_FACE('',(#1291),#238,.T.);
#1291 = FACE_BOUND('',#1292,.T.);
#1292 = EDGE_LOOP('',(#1293,#1316,#1317,#1318,#1341,#1364,#1387,#1410,
    #1433,#1461,#1489,#1517));
#1293 = ORIENTED_EDGE('',*,*,#1294,.F.);
#1294 = EDGE_CURVE('',#195,#1295,#1297,.T.);
#1295 = VERTEX_POINT('',#1296);
#1296 = CARTESIAN_POINT('',(-54.8,27.,2.5));
#1297 = SURFACE_CURVE('',#1298,(#1302,#1309),.PCURVE_S1.);
#1298 = LINE('',#1299,#1300);
#1299 = CARTESIAN_POINT('',(-59.,27.,2.5));
#1300 = VECTOR('',#1301,1.);
#1301 = DIRECTION('',(1.,0.,0.));
#1302 = PCURVE('',#238,#1303);
#1303 = DEFINITIONAL_REPRESENTATION('',(#1304),#1308);
#1304 = LINE('',#1305,#1306);
#1305 = CARTESIAN_POINT('',(0.,14.));
#1306 = VECTOR('',#1307,1.);
#1307 = DIRECTION('',(1.,0.));
#1308 = ( GEOMETRIC_REPRESENTATION_CONTEXT(2) 
PARAMETRIC_REPRESENTATION_CONTEXT() REPRESENTATION_CONTEXT('2D SPACE',''
  ) );
#1309 = PCURVE('',#210,#1310);
#1310 = DEFINITIONAL_REPRESENTATION('',(#1311),#1315);
#1311 = LINE('',#1312,#1313);
#1312 = CARTESIAN_POINT('',(0.,0.));
#1313 = VECTOR('',#1314,1.);
#1314 = DIRECTION('',(0.,1.));
#1315 = ( GEOMETRIC_REPRESENTATION_CONTEXT(2) 
PARAMETRIC_REPRESENTATION_CONTEXT() REPRESENTATION_CONTEXT('2D SPACE',''
  ) );
#1316 = ORIENTED_EDGE('',*,*,#222,.T.);
#1317 = ORIENTED_EDGE('',*,*,#1268,.T.);
#1318 = ORIENTED_EDGE('',*,*,#1319,.F.);
#1319 = EDGE_CURVE('',#1320,#1246,#1322,.T.);
#1320 = VERTEX_POINT('',#1321);
#1321 = CARTESIAN_POINT('',(-54.8,11.5,2.5));
#1322 = SURFACE_CURVE('',#1323,(#1327,#1334),.PCURVE_S1.);
#1323 = LINE('',#1324,#1325);
#1324 = CARTESIAN_POINT('',(-54.8,11.5,2.5));
#1325 = VECTOR('',#1326,1.);
#1326 = DIRECTION('',(0.,1.,0.));
#1327 = PCURVE('',#238,#1328);
#1328 = DEFINITIONAL_REPRESENTATION('',(#1329),#1333);
#1329 = LINE('',#1330,#1331);
#1330 = CARTESIAN_POINT('',(4.2,-1.5));
#1331 = VECTOR('',#1332,1.);
#1332 = DIRECTION('',(0.,1.));
#1333 = ( GEOMETRIC_REPRESENTATION_CONTEXT(2) 
PARAMETRIC_REPRESENTATION_CONTEXT() REPRESENTATION_CONTEXT('2D SPACE',''
  ) );
#1334 = PCURVE('',#1163,#1335);
#1335 = DEFINITIONAL_REPRESENTATION('',(#1336),#1340);
#1336 = LINE('',#1337,#1338);
#1337 = CARTESIAN_POINT('',(0.,0.));
#1338 = VECTOR('',#1339,1.);
#1339 = DIRECTION('',(0.,-1.));
#1340 = ( GEOMETRIC_REPRESENTATION_CONTEXT(2) 
PARAMETRIC_REPRESENTATION_CONTEXT() REPRESENTATION_CONTEXT('2D SPACE',''
  ) );
#1341 = ORIENTED_EDGE('',*,*,#1342,.T.);
#1342 = EDGE_CURVE('',#1320,#1343,#1345,.T.);
#1343 = VERTEX_POINT('',#1344);
#1344 = CARTESIAN_POINT('',(-29.2,11.5,2.5));
#1345 = SURFACE_CURVE('',#1346,(#1350,#1357),.PCURVE_S1.);
#1346 = LINE('',#1347,#1348);
#1347 = CARTESIAN_POINT('',(-54.8,11.5,2.5));
#1348 = VECTOR('',#1349,1.);
#1349 = DIRECTION('',(1.,0.,0.));
#1350 = PCURVE('',#238,#1351);
#1351 = DEFINITIONAL_REPRESENTATION('',(#1352),#1356);
#1352 = LINE('',#1353,#1354);
#1353 = CARTESIAN_POINT('',(4.2,-1.5));
#1354 = VECTOR('',#1355,1.);
#1355 = DIRECTION('',(1.,0.));
#1356 = ( GEOMETRIC_REPRESENTATION_CONTEXT(2) 
PARAMETRIC_REPRESENTATION_CONTEXT() REPRESENTATION_CONTEXT('2D SPACE',''
  ) );
#1357 = PCURVE('',#1135,#1358);
#1358 = DEFINITIONAL_REPRESENTATION('',(#1359),#1363);
#1359 = LINE('',#1360,#1361);
#1360 = CARTESIAN_POINT('',(0.,0.));
#1361 = VECTOR('',#1362,1.);
#1362 = DIRECTION('',(0.,1.));
#1363 = ( GEOMETRIC_REPRESENTATION_CONTEXT(2) 
PARAMETRIC_REPRESENTATION_CONTEXT() REPRESENTATION_CONTEXT('2D SPACE',''
  ) );
#1364 = ORIENTED_EDGE('',*,*,#1365,.T.);
#1365 = EDGE_CURVE('',#1343,#1366,#1368,.T.);
#1366 = VERTEX_POINT('',#1367);
#1367 = CARTESIAN_POINT('',(-29.2,13.,2.5));
#1368 = SURFACE_CURVE('',#1369,(#1373,#1380),.PCURVE_S1.);
#1369 = LINE('',#1370,#1371);
#1370 = CARTESIAN_POINT('',(-29.2,11.5,2.5));
#1371 = VECTOR('',#1372,1.);
#1372 = DIRECTION('',(0.,1.,0.));
#1373 = PCURVE('',#238,#1374);
#1374 = DEFINITIONAL_REPRESENTATION('',(#1375),#1379);
#1375 = LINE('',#1376,#1377);
#1376 = CARTESIAN_POINT('',(29.8,-1.5));
#1377 = VECTOR('',#1378,1.);
#1378 = DIRECTION('',(0.,1.));
#1379 = ( GEOMETRIC_REPRESENTATION_CONTEXT(2) 
PARAMETRIC_REPRESENTATION_CONTEXT() REPRESENTATION_CONTEXT('2D SPACE',''
  ) );
#1380 = PCURVE('',#1107,#1381);
#1381 = DEFINITIONAL_REPRESENTATION('',(#1382),#1386);
#1382 = LINE('',#1383,#1384);
#1383 = CARTESIAN_POINT('',(0.,0.));
#1384 = VECTOR('',#1385,1.);
#1385 = DIRECTION('',(0.,-1.));
#1386 = ( GEOMETRIC_REPRESENTATION_CONTEXT(2) 
PARAMETRIC_REPRESENTATION_CONTEXT() REPRESENTATION_CONTEXT('2D SPACE',''
  ) );
#1387 = ORIENTED_EDGE('',*,*,#1388,.T.);
#1388 = EDGE_CURVE('',#1366,#1389,#1391,.T.);
#1389 = VERTEX_POINT('',#1390);
#1390 = CARTESIAN_POINT('',(-26.5,13.,2.5));
#1391 = SURFACE_CURVE('',#1392,(#1396,#1403),.PCURVE_S1.);
#1392 = LINE('',#1393,#1394);
#1393 = CARTESIAN_POINT('',(-30.,13.,2.5));
#1394 = VECTOR('',#1395,1.);
#1395 = DIRECTION('',(1.,0.,0.));
#1396 = PCURVE('',#238,#1397);
#1397 = DEFINITIONAL_REPRESENTATION('',(#1398),#1402);
#1398 = LINE('',#1399,#1400);
#1399 = CARTESIAN_POINT('',(29.,0.));
#1400 = VECTOR('',#1401,1.);
#1401 = DIRECTION('',(1.,0.));
#1402 = ( GEOMETRIC_REPRESENTATION_CONTEXT(2) 
PARAMETRIC_REPRESENTATION_CONTEXT() REPRESENTATION_CONTEXT('2D SPACE',''
  ) );
#1403 = PCURVE('',#1079,#1404);
#1404 = DEFINITIONAL_REPRESENTATION('',(#1405),#1409);
#1405 = LINE('',#1406,#1407);
#1406 = CARTESIAN_POINT('',(0.,0.));
#1407 = VECTOR('',#1408,1.);
#1408 = DIRECTION('',(0.,1.));
#1409 = ( GEOMETRIC_REPRESENTATION_CONTEXT(2) 
PARAMETRIC_REPRESENTATION_CONTEXT() REPRESENTATION_CONTEXT('2D SPACE',''
  ) );
#1410 = ORIENTED_EDGE('',*,*,#1411,.F.);
#1411 = EDGE_CURVE('',#1412,#1389,#1414,.T.);
#1412 = VERTEX_POINT('',#1413);
#1413 = CARTESIAN_POINT('',(-26.5,27.,2.5));
#1414 = SURFACE_CURVE('',#1415,(#1419,#1426),.PCURVE_S1.);
#1415 = LINE('',#1416,#1417);
#1416 = CARTESIAN_POINT('',(-26.5,-9.5,2.5));
#1417 = VECTOR('',#1418,1.);
#1418 = DIRECTION('',(0.,-1.,0.));
#1419 = PCURVE('',#238,#1420);
#1420 = DEFINITIONAL_REPRESENTATION('',(#1421),#1425);
#1421 = LINE('',#1422,#1423);
#1422 = CARTESIAN_POINT('',(32.5,-22.5));
#1423 = VECTOR('',#1424,1.);
#1424 = DIRECTION('',(0.,-1.));
#1425 = ( GEOMETRIC_REPRESENTATION_CONTEXT(2) 
PARAMETRIC_REPRESENTATION_CONTEXT() REPRESENTATION_CONTEXT('2D SPACE',''
  ) );
#1426 = PCURVE('',#493,#1427);
#1427 = DEFINITIONAL_REPRESENTATION('',(#1428),#1432);
#1428 = LINE('',#1429,#1430);
#1429 = CARTESIAN_POINT('',(2.5,-22.5));
#1430 = VECTOR('',#1431,1.);
#1431 = DIRECTION('',(0.,1.));
#1432 = ( GEOMETRIC_REPRESENTATION_CONTEXT(2) 
PARAMETRIC_REPRESENTATION_CONTEXT() REPRESENTATION_CONTEXT('2D SPACE',''
  ) );
#1433 = ORIENTED_EDGE('',*,*,#1434,.F.);
#1434 = EDGE_CURVE('',#1435,#1412,#1437,.T.);
#1435 = VERTEX_POINT('',#1436);
#1436 = CARTESIAN_POINT('',(-29.2,27.,2.5));
#1437 = SURFACE_CURVE('',#1438,(#1442,#1449),.PCURVE_S1.);
#1438 = LINE('',#1439,#1440);
#1439 = CARTESIAN_POINT('',(-30.,27.,2.5));
#1440 = VECTOR('',#1441,1.);
#1441 = DIRECTION('',(1.,0.,0.));
#1442 = PCURVE('',#238,#1443);
#1443 = DEFINITIONAL_REPRESENTATION('',(#1444),#1448);
#1444 = LINE('',#1445,#1446);
#1445 = CARTESIAN_POINT('',(29.,14.));
#1446 = VECTOR('',#1447,1.);
#1447 = DIRECTION('',(1.,0.));
#1448 = ( GEOMETRIC_REPRESENTATION_CONTEXT(2) 
PARAMETRIC_REPRESENTATION_CONTEXT() REPRESENTATION_CONTEXT('2D SPACE',''
  ) );
#1449 = PCURVE('',#1450,#1455);
#1450 = PLANE('',#1451);
#1451 = AXIS2_PLACEMENT_3D('',#1452,#1453,#1454);
#1452 = CARTESIAN_POINT('',(-30.,27.,2.5));
#1453 = DIRECTION('',(0.,1.,0.));
#1454 = DIRECTION('',(0.,0.,1.));
#1455 = DEFINITIONAL_REPRESENTATION('',(#1456),#1460);
#1456 = LINE('',#1457,#1458);
#1457 = CARTESIAN_POINT('',(0.,0.));
#1458 = VECTOR('',#1459,1.);
#1459 = DIRECTION('',(0.,1.));
#1460 = ( GEOMETRIC_REPRESENTATION_CONTEXT(2) 
PARAMETRIC_REPRESENTATION_CONTEXT() REPRESENTATION_CONTEXT('2D SPACE',''
  ) );
#1461 = ORIENTED_EDGE('',*,*,#1462,.T.);
#1462 = EDGE_CURVE('',#1435,#1463,#1465,.T.);
#1463 = VERTEX_POINT('',#1464);
#1464 = CARTESIAN_POINT('',(-29.2,28.5,2.5));
#1465 = SURFACE_CURVE('',#1466,(#1470,#1477),.PCURVE_S1.);
#1466 = LINE('',#1467,#1468);
#1467 = CARTESIAN_POINT('',(-29.2,11.5,2.5));
#1468 = VECTOR('',#1469,1.);
#1469 = DIRECTION('',(0.,1.,0.));
#1470 = PCURVE('',#238,#1471);
#1471 = DEFINITIONAL_REPRESENTATION('',(#1472),#1476);
#1472 = LINE('',#1473,#1474);
#1473 = CARTESIAN_POINT('',(29.8,-1.5));
#1474 = VECTOR('',#1475,1.);
#1475 = DIRECTION('',(0.,1.));
#1476 = ( GEOMETRIC_REPRESENTATION_CONTEXT(2) 
PARAMETRIC_REPRESENTATION_CONTEXT() REPRESENTATION_CONTEXT('2D SPACE',''
  ) );
#1477 = PCURVE('',#1478,#1483);
#1478 = PLANE('',#1479);
#1479 = AXIS2_PLACEMENT_3D('',#1480,#1481,#1482);
#1480 = CARTESIAN_POINT('',(-29.2,11.5,2.5));
#1481 = DIRECTION('',(1.,0.,0.));
#1482 = DIRECTION('',(0.,0.,1.));
#1483 = DEFINITIONAL_REPRESENTATION('',(#1484),#1488);
#1484 = LINE('',#1485,#1486);
#1485 = CARTESIAN_POINT('',(0.,0.));
#1486 = VECTOR('',#1487,1.);
#1487 = DIRECTION('',(0.,-1.));
#1488 = ( GEOMETRIC_REPRESENTATION_CONTEXT(2) 
PARAMETRIC_REPRESENTATION_CONTEXT() REPRESENTATION_CONTEXT('2D SPACE',''
  ) );
#1489 = ORIENTED_EDGE('',*,*,#1490,.F.);
#1490 = EDGE_CURVE('',#1491,#1463,#1493,.T.);
#1491 = VERTEX_POINT('',#1492);
#1492 = CARTESIAN_POINT('',(-54.8,28.5,2.5));
#1493 = SURFACE_CURVE('',#1494,(#1498,#1505),.PCURVE_S1.);
#1494 = LINE('',#1495,#1496);
#1495 = CARTESIAN_POINT('',(-54.8,28.5,2.5));
#1496 = VECTOR('',#1497,1.);
#1497 = DIRECTION('',(1.,0.,0.));
#1498 = PCURVE('',#238,#1499);
#1499 = DEFINITIONAL_REPRESENTATION('',(#1500),#1504);
#1500 = LINE('',#1501,#1502);
#1501 = CARTESIAN_POINT('',(4.2,15.5));
#1502 = VECTOR('',#1503,1.);
#1503 = DIRECTION('',(1.,0.));
#1504 = ( GEOMETRIC_REPRESENTATION_CONTEXT(2) 
PARAMETRIC_REPRESENTATION_CONTEXT() REPRESENTATION_CONTEXT('2D SPACE',''
  ) );
#1505 = PCURVE('',#1506,#1511);
#1506 = PLANE('',#1507);
#1507 = AXIS2_PLACEMENT_3D('',#1508,#1509,#1510);
#1508 = CARTESIAN_POINT('',(-54.8,28.5,2.5));
#1509 = DIRECTION('',(0.,1.,0.));
#1510 = DIRECTION('',(0.,0.,1.));
#1511 = DEFINITIONAL_REPRESENTATION('',(#1512),#1516);
#1512 = LINE('',#1513,#1514);
#1513 = CARTESIAN_POINT('',(0.,0.));
#1514 = VECTOR('',#1515,1.);
#1515 = DIRECTION('',(0.,1.));
#1516 = ( GEOMETRIC_REPRESENTATION_CONTEXT(2) 
PARAMETRIC_REPRESENTATION_CONTEXT() REPRESENTATION_CONTEXT('2D SPACE',''
  ) );
#1517 = ORIENTED_EDGE('',*,*,#1518,.F.);
#1518 = EDGE_CURVE('',#1295,#1491,#1519,.T.);
#1519 = SURFACE_CURVE('',#1520,(#1524,#1531),.PCURVE_S1.);
#1520 = LINE('',#1521,#1522);
#1521 = CARTESIAN_POINT('',(-54.8,11.5,2.5));
#1522 = VECTOR('',#1523,1.);
#1523 = DIRECTION('',(0.,1.,0.));
#1524 = PCURVE('',#238,#1525);
#1525 = DEFINITIONAL_REPRESENTATION('',(#1526),#1530);
#1526 = LINE('',#1527,#1528);
#1527 = CARTESIAN_POINT('',(4.2,-1.5));
#1528 = VECTOR('',#1529,1.);
#1529 = DIRECTION('',(0.,1.));
#1530 = ( GEOMETRIC_REPRESENTATION_CONTEXT(2) 
PARAMETRIC_REPRESENTATION_CONTEXT() REPRESENTATION_CONTEXT('2D SPACE',''
  ) );
#1531 = PCURVE('',#1532,#1537);
#1532 = PLANE('',#1533);
#1533 = AXIS2_PLACEMENT_3D('',#1534,#1535,#1536);
#1534 = CARTESIAN_POINT('',(-54.8,11.5,2.5));
#1535 = DIRECTION('',(1.,0.,0.));
#1536 = DIRECTION('',(0.,0.,1.));
#1537 = DEFINITIONAL_REPRESENTATION('',(#1538),#1542);
#1538 = LINE('',#1539,#1540);
#1539 = CARTESIAN_POINT('',(0.,0.));
#1540 = VECTOR('',#1541,1.);
#1541 = DIRECTION('',(0.,-1.));
#1542 = ( GEOMETRIC_REPRESENTATION_CONTEXT(2) 
PARAMETRIC_REPRESENTATION_CONTEXT() REPRESENTATION_CONTEXT('2D SPACE',''
  ) );
#1543 = ADVANCED_FACE('',(#1544),#210,.F.);
#1544 = FACE_BOUND('',#1545,.F.);
#1545 = EDGE_LOOP('',(#1546,#1569,#1570,#1571));
#1546 = ORIENTED_EDGE('',*,*,#1547,.F.);
#1547 = EDGE_CURVE('',#1295,#1548,#1550,.T.);
#1548 = VERTEX_POINT('',#1549);
#1549 = CARTESIAN_POINT('',(-54.8,27.,8.));
#1550 = SURFACE_CURVE('',#1551,(#1555,#1562),.PCURVE_S1.);
#1551 = LINE('',#1552,#1553);
#1552 = CARTESIAN_POINT('',(-54.8,27.,2.5));
#1553 = VECTOR('',#1554,1.);
#1554 = DIRECTION('',(0.,0.,1.));
#1555 = PCURVE('',#210,#1556);
#1556 = DEFINITIONAL_REPRESENTATION('',(#1557),#1561);
#1557 = LINE('',#1558,#1559);
#1558 = CARTESIAN_POINT('',(0.,4.2));
#1559 = VECTOR('',#1560,1.);
#1560 = DIRECTION('',(1.,0.));
#1561 = ( GEOMETRIC_REPRESENTATION_CONTEXT(2) 
PARAMETRIC_REPRESENTATION_CONTEXT() REPRESENTATION_CONTEXT('2D SPACE',''
  ) );
#1562 = PCURVE('',#1532,#1563);
#1563 = DEFINITIONAL_REPRESENTATION('',(#1564),#1568);
#1564 = LINE('',#1565,#1566);
#1565 = CARTESIAN_POINT('',(0.,-15.5));
#1566 = VECTOR('',#1567,1.);
#1567 = DIRECTION('',(1.,0.));
#1568 = ( GEOMETRIC_REPRESENTATION_CONTEXT(2) 
PARAMETRIC_REPRESENTATION_CONTEXT() REPRESENTATION_CONTEXT('2D SPACE',''
  ) );
#1569 = ORIENTED_EDGE('',*,*,#1294,.F.);
#1570 = ORIENTED_EDGE('',*,*,#194,.T.);
#1571 = ORIENTED_EDGE('',*,*,#1572,.T.);
#1572 = EDGE_CURVE('',#167,#1548,#1573,.T.);
#1573 = SURFACE_CURVE('',#1574,(#1578,#1585),.PCURVE_S1.);
#1574 = LINE('',#1575,#1576);
#1575 = CARTESIAN_POINT('',(-59.,27.,8.));
#1576 = VECTOR('',#1577,1.);
#1577 = DIRECTION('',(1.,0.,0.));
#1578 = PCURVE('',#210,#1579);
#1579 = DEFINITIONAL_REPRESENTATION('',(#1580),#1584);
#1580 = LINE('',#1581,#1582);
#1581 = CARTESIAN_POINT('',(5.5,0.));
#1582 = VECTOR('',#1583,1.);
#1583 = DIRECTION('',(0.,1.));
#1584 = ( GEOMETRIC_REPRESENTATION_CONTEXT(2) 
PARAMETRIC_REPRESENTATION_CONTEXT() REPRESENTATION_CONTEXT('2D SPACE',''
  ) );
#1585 = PCURVE('',#182,#1586);
#1586 = DEFINITIONAL_REPRESENTATION('',(#1587),#1591);
#1587 = LINE('',#1588,#1589);
#1588 = CARTESIAN_POINT('',(-1.5,59.));
#1589 = VECTOR('',#1590,1.);
#1590 = DIRECTION('',(1.,0.));
#1591 = ( GEOMETRIC_REPRESENTATION_CONTEXT(2) 
PARAMETRIC_REPRESENTATION_CONTEXT() REPRESENTATION_CONTEXT('2D SPACE',''
  ) );
#1592 = ADVANCED_FACE('',(#1593),#182,.T.);
#1593 = FACE_BOUND('',#1594,.T.);
#1594 = EDGE_LOOP('',(#1595,#1620,#1643,#1672,#1700,#1726,#1727,#1728,
    #1751,#1774));
#1595 = ORIENTED_EDGE('',*,*,#1596,.T.);
#1596 = EDGE_CURVE('',#1597,#1599,#1601,.T.);
#1597 = VERTEX_POINT('',#1598);
#1598 = CARTESIAN_POINT('',(-29.2,27.,8.));
#1599 = VERTEX_POINT('',#1600);
#1600 = CARTESIAN_POINT('',(-26.5,27.,8.));
#1601 = SURFACE_CURVE('',#1602,(#1606,#1613),.PCURVE_S1.);
#1602 = LINE('',#1603,#1604);
#1603 = CARTESIAN_POINT('',(-30.,27.,8.));
#1604 = VECTOR('',#1605,1.);
#1605 = DIRECTION('',(1.,0.,0.));
#1606 = PCURVE('',#182,#1607);
#1607 = DEFINITIONAL_REPRESENTATION('',(#1608),#1612);
#1608 = LINE('',#1609,#1610);
#1609 = CARTESIAN_POINT('',(27.5,59.));
#1610 = VECTOR('',#1611,1.);
#1611 = DIRECTION('',(1.,0.));
#1612 = ( GEOMETRIC_REPRESENTATION_CONTEXT(2) 
PARAMETRIC_REPRESENTATION_CONTEXT() REPRESENTATION_CONTEXT('2D SPACE',''
  ) );
#1613 = PCURVE('',#1450,#1614);
#1614 = DEFINITIONAL_REPRESENTATION('',(#1615),#1619);
#1615 = LINE('',#1616,#1617);
#1616 = CARTESIAN_POINT('',(5.5,0.));
#1617 = VECTOR('',#1618,1.);
#1618 = DIRECTION('',(0.,1.));
#1619 = ( GEOMETRIC_REPRESENTATION_CONTEXT(2) 
PARAMETRIC_REPRESENTATION_CONTEXT() REPRESENTATION_CONTEXT('2D SPACE',''
  ) );
#1620 = ORIENTED_EDGE('',*,*,#1621,.T.);
#1621 = EDGE_CURVE('',#1599,#1622,#1624,.T.);
#1622 = VERTEX_POINT('',#1623);
#1623 = CARTESIAN_POINT('',(-26.5,30.,8.));
#1624 = SURFACE_CURVE('',#1625,(#1629,#1636),.PCURVE_S1.);
#1625 = LINE('',#1626,#1627);
#1626 = CARTESIAN_POINT('',(-26.5,-32.,8.));
#1627 = VECTOR('',#1628,1.);
#1628 = DIRECTION('',(0.,1.,0.));
#1629 = PCURVE('',#182,#1630);
#1630 = DEFINITIONAL_REPRESENTATION('',(#1631),#1635);
#1631 = LINE('',#1632,#1633);
#1632 = CARTESIAN_POINT('',(31.,0.));
#1633 = VECTOR('',#1634,1.);
#1634 = DIRECTION('',(0.,1.));
#1635 = ( GEOMETRIC_REPRESENTATION_CONTEXT(2) 
PARAMETRIC_REPRESENTATION_CONTEXT() REPRESENTATION_CONTEXT('2D SPACE',''
  ) );
#1636 = PCURVE('',#493,#1637);
#1637 = DEFINITIONAL_REPRESENTATION('',(#1638),#1642);
#1638 = LINE('',#1639,#1640);
#1639 = CARTESIAN_POINT('',(8.,0.));
#1640 = VECTOR('',#1641,1.);
#1641 = DIRECTION('',(0.,-1.));
#1642 = ( GEOMETRIC_REPRESENTATION_CONTEXT(2) 
PARAMETRIC_REPRESENTATION_CONTEXT() REPRESENTATION_CONTEXT('2D SPACE',''
  ) );
#1643 = ORIENTED_EDGE('',*,*,#1644,.T.);
#1644 = EDGE_CURVE('',#1622,#1645,#1647,.T.);
#1645 = VERTEX_POINT('',#1646);
#1646 = CARTESIAN_POINT('',(-28.5,32.,8.));
#1647 = SURFACE_CURVE('',#1648,(#1653,#1660),.PCURVE_S1.);
#1648 = CIRCLE('',#1649,2.);
#1649 = AXIS2_PLACEMENT_3D('',#1650,#1651,#1652);
#1650 = CARTESIAN_POINT('',(-28.5,30.,8.));
#1651 = DIRECTION('',(0.,0.,1.));
#1652 = DIRECTION('',(0.,-1.,0.));
#1653 = PCURVE('',#182,#1654);
#1654 = DEFINITIONAL_REPRESENTATION('',(#1655),#1659);
#1655 = CIRCLE('',#1656,2.);
#1656 = AXIS2_PLACEMENT_2D('',#1657,#1658);
#1657 = CARTESIAN_POINT('',(29.,62.));
#1658 = DIRECTION('',(0.,-1.));
#1659 = ( GEOMETRIC_REPRESENTATION_CONTEXT(2) 
PARAMETRIC_REPRESENTATION_CONTEXT() REPRESENTATION_CONTEXT('2D SPACE',''
  ) );
#1660 = PCURVE('',#1661,#1666);
#1661 = CYLINDRICAL_SURFACE('',#1662,2.);
#1662 = AXIS2_PLACEMENT_3D('',#1663,#1664,#1665);
#1663 = CARTESIAN_POINT('',(-28.5,30.,0.));
#1664 = DIRECTION('',(0.,0.,1.));
#1665 = DIRECTION('',(1.,0.,-0.));
#1666 = DEFINITIONAL_REPRESENTATION('',(#1667),#1671);
#1667 = LINE('',#1668,#1669);
#1668 = CARTESIAN_POINT('',(-1.570796326795,8.));
#1669 = VECTOR('',#1670,1.);
#1670 = DIRECTION('',(1.,0.));
#1671 = ( GEOMETRIC_REPRESENTATION_CONTEXT(2) 
PARAMETRIC_REPRESENTATION_CONTEXT() REPRESENTATION_CONTEXT('2D SPACE',''
  ) );
#1672 = ORIENTED_EDGE('',*,*,#1673,.F.);
#1673 = EDGE_CURVE('',#1674,#1645,#1676,.T.);
#1674 = VERTEX_POINT('',#1675);
#1675 = CARTESIAN_POINT('',(-55.5,32.,8.));
#1676 = SURFACE_CURVE('',#1677,(#1681,#1688),.PCURVE_S1.);
#1677 = LINE('',#1678,#1679);
#1678 = CARTESIAN_POINT('',(-57.5,32.,8.));
#1679 = VECTOR('',#1680,1.);
#1680 = DIRECTION('',(1.,0.,0.));
#1681 = PCURVE('',#182,#1682);
#1682 = DEFINITIONAL_REPRESENTATION('',(#1683),#1687);
#1683 = LINE('',#1684,#1685);
#1684 = CARTESIAN_POINT('',(0.,64.));
#1685 = VECTOR('',#1686,1.);
#1686 = DIRECTION('',(1.,0.));
#1687 = ( GEOMETRIC_REPRESENTATION_CONTEXT(2) 
PARAMETRIC_REPRESENTATION_CONTEXT() REPRESENTATION_CONTEXT('2D SPACE',''
  ) );
#1688 = PCURVE('',#1689,#1694);
#1689 = PLANE('',#1690);
#1690 = AXIS2_PLACEMENT_3D('',#1691,#1692,#1693);
#1691 = CARTESIAN_POINT('',(-57.5,32.,0.));
#1692 = DIRECTION('',(0.,1.,0.));
#1693 = DIRECTION('',(0.,0.,1.));
#1694 = DEFINITIONAL_REPRESENTATION('',(#1695),#1699);
#1695 = LINE('',#1696,#1697);
#1696 = CARTESIAN_POINT('',(8.,0.));
#1697 = VECTOR('',#1698,1.);
#1698 = DIRECTION('',(0.,1.));
#1699 = ( GEOMETRIC_REPRESENTATION_CONTEXT(2) 
PARAMETRIC_REPRESENTATION_CONTEXT() REPRESENTATION_CONTEXT('2D SPACE',''
  ) );
#1700 = ORIENTED_EDGE('',*,*,#1701,.F.);
#1701 = EDGE_CURVE('',#139,#1674,#1702,.T.);
#1702 = SURFACE_CURVE('',#1703,(#1708,#1719),.PCURVE_S1.);
#1703 = CIRCLE('',#1704,2.);
#1704 = AXIS2_PLACEMENT_3D('',#1705,#1706,#1707);
#1705 = CARTESIAN_POINT('',(-55.5,30.,8.));
#1706 = DIRECTION('',(-0.,-0.,-1.));
#1707 = DIRECTION('',(0.,-1.,0.));
#1708 = PCURVE('',#182,#1709);
#1709 = DEFINITIONAL_REPRESENTATION('',(#1710),#1718);
#1710 = ( BOUNDED_CURVE() B_SPLINE_CURVE(2,(#1711,#1712,#1713,#1714,
#1715,#1716,#1717),.UNSPECIFIED.,.T.,.F.) B_SPLINE_CURVE_WITH_KNOTS((1,2
    ,2,2,2,1),(-2.094395102393,0.,2.094395102393,4.188790204786,
6.28318530718,8.377580409573),.UNSPECIFIED.) CURVE() 
GEOMETRIC_REPRESENTATION_ITEM() RATIONAL_B_SPLINE_CURVE((1.,0.5,1.,0.5,
1.,0.5,1.)) REPRESENTATION_ITEM('') );
#1711 = CARTESIAN_POINT('',(2.,60.));
#1712 = CARTESIAN_POINT('',(-1.464101615138,60.));
#1713 = CARTESIAN_POINT('',(0.267949192431,63.));
#1714 = CARTESIAN_POINT('',(2.,66.));
#1715 = CARTESIAN_POINT('',(3.732050807569,63.));
#1716 = CARTESIAN_POINT('',(5.464101615138,60.));
#1717 = CARTESIAN_POINT('',(2.,60.));
#1718 = ( GEOMETRIC_REPRESENTATION_CONTEXT(2) 
PARAMETRIC_REPRESENTATION_CONTEXT() REPRESENTATION_CONTEXT('2D SPACE',''
  ) );
#1719 = PCURVE('',#154,#1720);
#1720 = DEFINITIONAL_REPRESENTATION('',(#1721),#1725);
#1721 = LINE('',#1722,#1723);
#1722 = CARTESIAN_POINT('',(1.570796326795,8.));
#1723 = VECTOR('',#1724,1.);
#1724 = DIRECTION('',(-1.,0.));
#1725 = ( GEOMETRIC_REPRESENTATION_CONTEXT(2) 
PARAMETRIC_REPRESENTATION_CONTEXT() REPRESENTATION_CONTEXT('2D SPACE',''
  ) );
#1726 = ORIENTED_EDGE('',*,*,#166,.F.);
#1727 = ORIENTED_EDGE('',*,*,#1572,.T.);
#1728 = ORIENTED_EDGE('',*,*,#1729,.T.);
#1729 = EDGE_CURVE('',#1548,#1730,#1732,.T.);
#1730 = VERTEX_POINT('',#1731);
#1731 = CARTESIAN_POINT('',(-54.8,28.5,8.));
#1732 = SURFACE_CURVE('',#1733,(#1737,#1744),.PCURVE_S1.);
#1733 = LINE('',#1734,#1735);
#1734 = CARTESIAN_POINT('',(-54.8,11.5,8.));
#1735 = VECTOR('',#1736,1.);
#1736 = DIRECTION('',(0.,1.,0.));
#1737 = PCURVE('',#182,#1738);
#1738 = DEFINITIONAL_REPRESENTATION('',(#1739),#1743);
#1739 = LINE('',#1740,#1741);
#1740 = CARTESIAN_POINT('',(2.7,43.5));
#1741 = VECTOR('',#1742,1.);
#1742 = DIRECTION('',(0.,1.));
#1743 = ( GEOMETRIC_REPRESENTATION_CONTEXT(2) 
PARAMETRIC_REPRESENTATION_CONTEXT() REPRESENTATION_CONTEXT('2D SPACE',''
  ) );
#1744 = PCURVE('',#1532,#1745);
#1745 = DEFINITIONAL_REPRESENTATION('',(#1746),#1750);
#1746 = LINE('',#1747,#1748);
#1747 = CARTESIAN_POINT('',(5.5,0.));
#1748 = VECTOR('',#1749,1.);
#1749 = DIRECTION('',(0.,-1.));
#1750 = ( GEOMETRIC_REPRESENTATION_CONTEXT(2) 
PARAMETRIC_REPRESENTATION_CONTEXT() REPRESENTATION_CONTEXT('2D SPACE',''
  ) );
#1751 = ORIENTED_EDGE('',*,*,#1752,.T.);
#1752 = EDGE_CURVE('',#1730,#1753,#1755,.T.);
#1753 = VERTEX_POINT('',#1754);
#1754 = CARTESIAN_POINT('',(-29.2,28.5,8.));
#1755 = SURFACE_CURVE('',#1756,(#1760,#1767),.PCURVE_S1.);
#1756 = LINE('',#1757,#1758);
#1757 = CARTESIAN_POINT('',(-54.8,28.5,8.));
#1758 = VECTOR('',#1759,1.);
#1759 = DIRECTION('',(1.,0.,0.));
#1760 = PCURVE('',#182,#1761);
#1761 = DEFINITIONAL_REPRESENTATION('',(#1762),#1766);
#1762 = LINE('',#1763,#1764);
#1763 = CARTESIAN_POINT('',(2.7,60.5));
#1764 = VECTOR('',#1765,1.);
#1765 = DIRECTION('',(1.,0.));
#1766 = ( GEOMETRIC_REPRESENTATION_CONTEXT(2) 
PARAMETRIC_REPRESENTATION_CONTEXT() REPRESENTATION_CONTEXT('2D SPACE',''
  ) );
#1767 = PCURVE('',#1506,#1768);
#1768 = DEFINITIONAL_REPRESENTATION('',(#1769),#1773);
#1769 = LINE('',#1770,#1771);
#1770 = CARTESIAN_POINT('',(5.5,0.));
#1771 = VECTOR('',#1772,1.);
#1772 = DIRECTION('',(0.,1.));
#1773 = ( GEOMETRIC_REPRESENTATION_CONTEXT(2) 
PARAMETRIC_REPRESENTATION_CONTEXT() REPRESENTATION_CONTEXT('2D SPACE',''
  ) );
#1774 = ORIENTED_EDGE('',*,*,#1775,.F.);
#1775 = EDGE_CURVE('',#1597,#1753,#1776,.T.);
#1776 = SURFACE_CURVE('',#1777,(#1781,#1788),.PCURVE_S1.);
#1777 = LINE('',#1778,#1779);
#1778 = CARTESIAN_POINT('',(-29.2,11.5,8.));
#1779 = VECTOR('',#1780,1.);
#1780 = DIRECTION('',(0.,1.,0.));
#1781 = PCURVE('',#182,#1782);
#1782 = DEFINITIONAL_REPRESENTATION('',(#1783),#1787);
#1783 = LINE('',#1784,#1785);
#1784 = CARTESIAN_POINT('',(28.3,43.5));
#1785 = VECTOR('',#1786,1.);
#1786 = DIRECTION('',(0.,1.));
#1787 = ( GEOMETRIC_REPRESENTATION_CONTEXT(2) 
PARAMETRIC_REPRESENTATION_CONTEXT() REPRESENTATION_CONTEXT('2D SPACE',''
  ) );
#1788 = PCURVE('',#1478,#1789);
#1789 = DEFINITIONAL_REPRESENTATION('',(#1790),#1794);
#1790 = LINE('',#1791,#1792);
#1791 = CARTESIAN_POINT('',(5.5,0.));
#1792 = VECTOR('',#1793,1.);
#1793 = DIRECTION('',(0.,-1.));
#1794 = ( GEOMETRIC_REPRESENTATION_CONTEXT(2) 
PARAMETRIC_REPRESENTATION_CONTEXT() REPRESENTATION_CONTEXT('2D SPACE',''
  ) );
#1795 = ADVANCED_FACE('',(#1796),#154,.T.);
#1796 = FACE_BOUND('',#1797,.F.);
#1797 = EDGE_LOOP('',(#1798,#1826,#1847,#1848));
#1798 = ORIENTED_EDGE('',*,*,#1799,.T.);
#1799 = EDGE_CURVE('',#111,#1800,#1802,.T.);
#1800 = VERTEX_POINT('',#1801);
#1801 = CARTESIAN_POINT('',(-55.5,32.,0.));
#1802 = SURFACE_CURVE('',#1803,(#1808,#1815),.PCURVE_S1.);
#1803 = CIRCLE('',#1804,2.);
#1804 = AXIS2_PLACEMENT_3D('',#1805,#1806,#1807);
#1805 = CARTESIAN_POINT('',(-55.5,30.,0.));
#1806 = DIRECTION('',(-0.,-0.,-1.));
#1807 = DIRECTION('',(0.,-1.,0.));
#1808 = PCURVE('',#154,#1809);
#1809 = DEFINITIONAL_REPRESENTATION('',(#1810),#1814);
#1810 = LINE('',#1811,#1812);
#1811 = CARTESIAN_POINT('',(1.570796326795,-0.));
#1812 = VECTOR('',#1813,1.);
#1813 = DIRECTION('',(-1.,0.));
#1814 = ( GEOMETRIC_REPRESENTATION_CONTEXT(2) 
PARAMETRIC_REPRESENTATION_CONTEXT() REPRESENTATION_CONTEXT('2D SPACE',''
  ) );
#1815 = PCURVE('',#126,#1816);
#1816 = DEFINITIONAL_REPRESENTATION('',(#1817),#1825);
#1817 = ( BOUNDED_CURVE() B_SPLINE_CURVE(2,(#1818,#1819,#1820,#1821,
#1822,#1823,#1824),.UNSPECIFIED.,.T.,.F.) B_SPLINE_CURVE_WITH_KNOTS((1,2
    ,2,2,2,1),(-2.094395102393,0.,2.094395102393,4.188790204786,
6.28318530718,8.377580409573),.UNSPECIFIED.) CURVE() 
GEOMETRIC_REPRESENTATION_ITEM() RATIONAL_B_SPLINE_CURVE((1.,0.5,1.,0.5,
1.,0.5,1.)) REPRESENTATION_ITEM('') );
#1818 = CARTESIAN_POINT('',(2.,60.));
#1819 = CARTESIAN_POINT('',(-1.464101615138,60.));
#1820 = CARTESIAN_POINT('',(0.267949192431,63.));
#1821 = CARTESIAN_POINT('',(2.,66.));
#1822 = CARTESIAN_POINT('',(3.732050807569,63.));
#1823 = CARTESIAN_POINT('',(5.464101615138,60.));
#1824 = CARTESIAN_POINT('',(2.,60.));
#1825 = ( GEOMETRIC_REPRESENTATION_CONTEXT(2) 
PARAMETRIC_REPRESENTATION_CONTEXT() REPRESENTATION_CONTEXT('2D SPACE',''
  ) );
#1826 = ORIENTED_EDGE('',*,*,#1827,.T.);
#1827 = EDGE_CURVE('',#1800,#1674,#1828,.T.);
#1828 = SURFACE_CURVE('',#1829,(#1833,#1840),.PCURVE_S1.);
#1829 = LINE('',#1830,#1831);
#1830 = CARTESIAN_POINT('',(-55.5,32.,0.));
#1831 = VECTOR('',#1832,1.);
#1832 = DIRECTION('',(0.,0.,1.));
#1833 = PCURVE('',#154,#1834);
#1834 = DEFINITIONAL_REPRESENTATION('',(#1835),#1839);
#1835 = LINE('',#1836,#1837);
#1836 = CARTESIAN_POINT('',(-1.570796326795,0.));
#1837 = VECTOR('',#1838,1.);
#1838 = DIRECTION('',(-0.,1.));
#1839 = ( GEOMETRIC_REPRESENTATION_CONTEXT(2) 
PARAMETRIC_REPRESENTATION_CONTEXT() REPRESENTATION_CONTEXT('2D SPACE',''
  ) );
#1840 = PCURVE('',#1689,#1841);
#1841 = DEFINITIONAL_REPRESENTATION('',(#1842),#1846);
#1842 = LINE('',#1843,#1844);
#1843 = CARTESIAN_POINT('',(0.,2.));
#1844 = VECTOR('',#1845,1.);
#1845 = DIRECTION('',(1.,0.));
#1846 = ( GEOMETRIC_REPRESENTATION_CONTEXT(2) 
PARAMETRIC_REPRESENTATION_CONTEXT() REPRESENTATION_CONTEXT('2D SPACE',''
  ) );
#1847 = ORIENTED_EDGE('',*,*,#1701,.F.);
#1848 = ORIENTED_EDGE('',*,*,#138,.F.);
#1849 = ADVANCED_FACE('',(#1850,#1997),#126,.F.);
#1850 = FACE_BOUND('',#1851,.F.);
#1851 = EDGE_LOOP('',(#1852,#1853,#1877,#1900,#1928,#1951,#1975,#1996));
#1852 = ORIENTED_EDGE('',*,*,#110,.F.);
#1853 = ORIENTED_EDGE('',*,*,#1854,.T.);
#1854 = EDGE_CURVE('',#83,#1855,#1857,.T.);
#1855 = VERTEX_POINT('',#1856);
#1856 = CARTESIAN_POINT('',(-55.5,-32.,0.));
#1857 = SURFACE_CURVE('',#1858,(#1863,#1870),.PCURVE_S1.);
#1858 = CIRCLE('',#1859,2.);
#1859 = AXIS2_PLACEMENT_3D('',#1860,#1861,#1862);
#1860 = CARTESIAN_POINT('',(-55.5,-30.,0.));
#1861 = DIRECTION('',(0.,0.,1.));
#1862 = DIRECTION('',(0.,-1.,0.));
#1863 = PCURVE('',#126,#1864);
#1864 = DEFINITIONAL_REPRESENTATION('',(#1865),#1869);
#1865 = CIRCLE('',#1866,2.);
#1866 = AXIS2_PLACEMENT_2D('',#1867,#1868);
#1867 = CARTESIAN_POINT('',(2.,2.));
#1868 = DIRECTION('',(0.,-1.));
#1869 = ( GEOMETRIC_REPRESENTATION_CONTEXT(2) 
PARAMETRIC_REPRESENTATION_CONTEXT() REPRESENTATION_CONTEXT('2D SPACE',''
  ) );
#1870 = PCURVE('',#98,#1871);
#1871 = DEFINITIONAL_REPRESENTATION('',(#1872),#1876);
#1872 = LINE('',#1873,#1874);
#1873 = CARTESIAN_POINT('',(-4.712388980385,0.));
#1874 = VECTOR('',#1875,1.);
#1875 = DIRECTION('',(1.,0.));
#1876 = ( GEOMETRIC_REPRESENTATION_CONTEXT(2) 
PARAMETRIC_REPRESENTATION_CONTEXT() REPRESENTATION_CONTEXT('2D SPACE',''
  ) );
#1877 = ORIENTED_EDGE('',*,*,#1878,.T.);
#1878 = EDGE_CURVE('',#1855,#1879,#1881,.T.);
#1879 = VERTEX_POINT('',#1880);
#1880 = CARTESIAN_POINT('',(-28.5,-32.,0.));
#1881 = SURFACE_CURVE('',#1882,(#1886,#1893),.PCURVE_S1.);
#1882 = LINE('',#1883,#1884);
#1883 = CARTESIAN_POINT('',(-57.5,-32.,0.));
#1884 = VECTOR('',#1885,1.);
#1885 = DIRECTION('',(1.,0.,0.));
#1886 = PCURVE('',#126,#1887);
#1887 = DEFINITIONAL_REPRESENTATION('',(#1888),#1892);
#1888 = LINE('',#1889,#1890);
#1889 = CARTESIAN_POINT('',(0.,0.));
#1890 = VECTOR('',#1891,1.);
#1891 = DIRECTION('',(1.,0.));
#1892 = ( GEOMETRIC_REPRESENTATION_CONTEXT(2) 
PARAMETRIC_REPRESENTATION_CONTEXT() REPRESENTATION_CONTEXT('2D SPACE',''
  ) );
#1893 = PCURVE('',#432,#1894);
#1894 = DEFINITIONAL_REPRESENTATION('',(#1895),#1899);
#1895 = LINE('',#1896,#1897);
#1896 = CARTESIAN_POINT('',(0.,0.));
#1897 = VECTOR('',#1898,1.);
#1898 = DIRECTION('',(0.,1.));
#1899 = ( GEOMETRIC_REPRESENTATION_CONTEXT(2) 
PARAMETRIC_REPRESENTATION_CONTEXT() REPRESENTATION_CONTEXT('2D SPACE',''
  ) );
#1900 = ORIENTED_EDGE('',*,*,#1901,.F.);
#1901 = EDGE_CURVE('',#1902,#1879,#1904,.T.);
#1902 = VERTEX_POINT('',#1903);
#1903 = CARTESIAN_POINT('',(-26.5,-30.,0.));
#1904 = SURFACE_CURVE('',#1905,(#1910,#1921),.PCURVE_S1.);
#1905 = CIRCLE('',#1906,2.);
#1906 = AXIS2_PLACEMENT_3D('',#1907,#1908,#1909);
#1907 = CARTESIAN_POINT('',(-28.5,-30.,0.));
#1908 = DIRECTION('',(-0.,-0.,-1.));
#1909 = DIRECTION('',(0.,-1.,0.));
#1910 = PCURVE('',#126,#1911);
#1911 = DEFINITIONAL_REPRESENTATION('',(#1912),#1920);
#1912 = ( BOUNDED_CURVE() B_SPLINE_CURVE(2,(#1913,#1914,#1915,#1916,
#1917,#1918,#1919),.UNSPECIFIED.,.T.,.F.) B_SPLINE_CURVE_WITH_KNOTS((1,2
    ,2,2,2,1),(-2.094395102393,0.,2.094395102393,4.188790204786,
6.28318530718,8.377580409573),.UNSPECIFIED.) CURVE() 
GEOMETRIC_REPRESENTATION_ITEM() RATIONAL_B_SPLINE_CURVE((1.,0.5,1.,0.5,
1.,0.5,1.)) REPRESENTATION_ITEM('') );
#1913 = CARTESIAN_POINT('',(29.,0.));
#1914 = CARTESIAN_POINT('',(25.535898384862,0.));
#1915 = CARTESIAN_POINT('',(27.267949192431,3.));
#1916 = CARTESIAN_POINT('',(29.,6.));
#1917 = CARTESIAN_POINT('',(30.732050807569,3.));
#1918 = CARTESIAN_POINT('',(32.464101615138,3.10862446895E-15));
#1919 = CARTESIAN_POINT('',(29.,0.));
#1920 = ( GEOMETRIC_REPRESENTATION_CONTEXT(2) 
PARAMETRIC_REPRESENTATION_CONTEXT() REPRESENTATION_CONTEXT('2D SPACE',''
  ) );
#1921 = PCURVE('',#465,#1922);
#1922 = DEFINITIONAL_REPRESENTATION('',(#1923),#1927);
#1923 = LINE('',#1924,#1925);
#1924 = CARTESIAN_POINT('',(4.712388980385,-0.));
#1925 = VECTOR('',#1926,1.);
#1926 = DIRECTION('',(-1.,0.));
#1927 = ( GEOMETRIC_REPRESENTATION_CONTEXT(2) 
PARAMETRIC_REPRESENTATION_CONTEXT() REPRESENTATION_CONTEXT('2D SPACE',''
  ) );
#1928 = ORIENTED_EDGE('',*,*,#1929,.T.);
#1929 = EDGE_CURVE('',#1902,#1930,#1932,.T.);
#1930 = VERTEX_POINT('',#1931);
#1931 = CARTESIAN_POINT('',(-26.5,30.,0.));
#1932 = SURFACE_CURVE('',#1933,(#1937,#1944),.PCURVE_S1.);
#1933 = LINE('',#1934,#1935);
#1934 = CARTESIAN_POINT('',(-26.5,-32.,0.));
#1935 = VECTOR('',#1936,1.);
#1936 = DIRECTION('',(0.,1.,0.));
#1937 = PCURVE('',#126,#1938);
#1938 = DEFINITIONAL_REPRESENTATION('',(#1939),#1943);
#1939 = LINE('',#1940,#1941);
#1940 = CARTESIAN_POINT('',(31.,0.));
#1941 = VECTOR('',#1942,1.);
#1942 = DIRECTION('',(0.,1.));
#1943 = ( GEOMETRIC_REPRESENTATION_CONTEXT(2) 
PARAMETRIC_REPRESENTATION_CONTEXT() REPRESENTATION_CONTEXT('2D SPACE',''
  ) );
#1944 = PCURVE('',#493,#1945);
#1945 = DEFINITIONAL_REPRESENTATION('',(#1946),#1950);
#1946 = LINE('',#1947,#1948);
#1947 = CARTESIAN_POINT('',(0.,0.));
#1948 = VECTOR('',#1949,1.);
#1949 = DIRECTION('',(0.,-1.));
#1950 = ( GEOMETRIC_REPRESENTATION_CONTEXT(2) 
PARAMETRIC_REPRESENTATION_CONTEXT() REPRESENTATION_CONTEXT('2D SPACE',''
  ) );
#1951 = ORIENTED_EDGE('',*,*,#1952,.T.);
#1952 = EDGE_CURVE('',#1930,#1953,#1955,.T.);
#1953 = VERTEX_POINT('',#1954);
#1954 = CARTESIAN_POINT('',(-28.5,32.,0.));
#1955 = SURFACE_CURVE('',#1956,(#1961,#1968),.PCURVE_S1.);
#1956 = CIRCLE('',#1957,2.);
#1957 = AXIS2_PLACEMENT_3D('',#1958,#1959,#1960);
#1958 = CARTESIAN_POINT('',(-28.5,30.,0.));
#1959 = DIRECTION('',(0.,0.,1.));
#1960 = DIRECTION('',(0.,-1.,0.));
#1961 = PCURVE('',#126,#1962);
#1962 = DEFINITIONAL_REPRESENTATION('',(#1963),#1967);
#1963 = CIRCLE('',#1964,2.);
#1964 = AXIS2_PLACEMENT_2D('',#1965,#1966);
#1965 = CARTESIAN_POINT('',(29.,62.));
#1966 = DIRECTION('',(0.,-1.));
#1967 = ( GEOMETRIC_REPRESENTATION_CONTEXT(2) 
PARAMETRIC_REPRESENTATION_CONTEXT() REPRESENTATION_CONTEXT('2D SPACE',''
  ) );
#1968 = PCURVE('',#1661,#1969);
#1969 = DEFINITIONAL_REPRESENTATION('',(#1970),#1974);
#1970 = LINE('',#1971,#1972);
#1971 = CARTESIAN_POINT('',(-1.570796326795,0.));
#1972 = VECTOR('',#1973,1.);
#1973 = DIRECTION('',(1.,0.));
#1974 = ( GEOMETRIC_REPRESENTATION_CONTEXT(2) 
PARAMETRIC_REPRESENTATION_CONTEXT() REPRESENTATION_CONTEXT('2D SPACE',''
  ) );
#1975 = ORIENTED_EDGE('',*,*,#1976,.F.);
#1976 = EDGE_CURVE('',#1800,#1953,#1977,.T.);
#1977 = SURFACE_CURVE('',#1978,(#1982,#1989),.PCURVE_S1.);
#1978 = LINE('',#1979,#1980);
#1979 = CARTESIAN_POINT('',(-57.5,32.,0.));
#1980 = VECTOR('',#1981,1.);
#1981 = DIRECTION('',(1.,0.,0.));
#1982 = PCURVE('',#126,#1983);
#1983 = DEFINITIONAL_REPRESENTATION('',(#1984),#1988);
#1984 = LINE('',#1985,#1986);
#1985 = CARTESIAN_POINT('',(0.,64.));
#1986 = VECTOR('',#1987,1.);
#1987 = DIRECTION('',(1.,0.));
#1988 = ( GEOMETRIC_REPRESENTATION_CONTEXT(2) 
PARAMETRIC_REPRESENTATION_CONTEXT() REPRESENTATION_CONTEXT('2D SPACE',''
  ) );
#1989 = PCURVE('',#1689,#1990);
#1990 = DEFINITIONAL_REPRESENTATION('',(#1991),#1995);
#1991 = LINE('',#1992,#1993);
#1992 = CARTESIAN_POINT('',(0.,0.));
#1993 = VECTOR('',#1994,1.);
#1994 = DIRECTION('',(0.,1.));
#1995 = ( GEOMETRIC_REPRESENTATION_CONTEXT(2) 
PARAMETRIC_REPRESENTATION_CONTEXT() REPRESENTATION_CONTEXT('2D SPACE',''
  ) );
#1996 = ORIENTED_EDGE('',*,*,#1799,.F.);
#1997 = FACE_BOUND('',#1998,.F.);
#1998 = EDGE_LOOP('',(#1999,#2029,#2057,#2085));
#1999 = ORIENTED_EDGE('',*,*,#2000,.T.);
#2000 = EDGE_CURVE('',#2001,#2003,#2005,.T.);
#2001 = VERTEX_POINT('',#2002);
#2002 = CARTESIAN_POINT('',(-37.25,-3.275,0.));
#2003 = VERTEX_POINT('',#2004);
#2004 = CARTESIAN_POINT('',(-37.25,3.275,0.));
#2005 = SURFACE_CURVE('',#2006,(#2010,#2017),.PCURVE_S1.);
#2006 = LINE('',#2007,#2008);
#2007 = CARTESIAN_POINT('',(-37.25,-3.275,0.));
#2008 = VECTOR('',#2009,1.);
#2009 = DIRECTION('',(0.,1.,0.));
#2010 = PCURVE('',#126,#2011);
#2011 = DEFINITIONAL_REPRESENTATION('',(#2012),#2016);
#2012 = LINE('',#2013,#2014);
#2013 = CARTESIAN_POINT('',(20.25,28.725));
#2014 = VECTOR('',#2015,1.);
#2015 = DIRECTION('',(0.,1.));
#2016 = ( GEOMETRIC_REPRESENTATION_CONTEXT(2) 
PARAMETRIC_REPRESENTATION_CONTEXT() REPRESENTATION_CONTEXT('2D SPACE',''
  ) );
#2017 = PCURVE('',#2018,#2023);
#2018 = PLANE('',#2019);
#2019 = AXIS2_PLACEMENT_3D('',#2020,#2021,#2022);
#2020 = CARTESIAN_POINT('',(-37.25,-3.275,0.));
#2021 = DIRECTION('',(1.,0.,0.));
#2022 = DIRECTION('',(0.,0.,1.));
#2023 = DEFINITIONAL_REPRESENTATION('',(#2024),#2028);
#2024 = LINE('',#2025,#2026);
#2025 = CARTESIAN_POINT('',(0.,0.));
#2026 = VECTOR('',#2027,1.);
#2027 = DIRECTION('',(0.,-1.));
#2028 = ( GEOMETRIC_REPRESENTATION_CONTEXT(2) 
PARAMETRIC_REPRESENTATION_CONTEXT() REPRESENTATION_CONTEXT('2D SPACE',''
  ) );
#2029 = ORIENTED_EDGE('',*,*,#2030,.T.);
#2030 = EDGE_CURVE('',#2003,#2031,#2033,.T.);
#2031 = VERTEX_POINT('',#2032);
#2032 = CARTESIAN_POINT('',(-32.75,3.275,0.));
#2033 = SURFACE_CURVE('',#2034,(#2038,#2045),.PCURVE_S1.);
#2034 = LINE('',#2035,#2036);
#2035 = CARTESIAN_POINT('',(-37.25,3.275,0.));
#2036 = VECTOR('',#2037,1.);
#2037 = DIRECTION('',(1.,0.,0.));
#2038 = PCURVE('',#126,#2039);
#2039 = DEFINITIONAL_REPRESENTATION('',(#2040),#2044);
#2040 = LINE('',#2041,#2042);
#2041 = CARTESIAN_POINT('',(20.25,35.275));
#2042 = VECTOR('',#2043,1.);
#2043 = DIRECTION('',(1.,0.));
#2044 = ( GEOMETRIC_REPRESENTATION_CONTEXT(2) 
PARAMETRIC_REPRESENTATION_CONTEXT() REPRESENTATION_CONTEXT('2D SPACE',''
  ) );
#2045 = PCURVE('',#2046,#2051);
#2046 = PLANE('',#2047);
#2047 = AXIS2_PLACEMENT_3D('',#2048,#2049,#2050);
#2048 = CARTESIAN_POINT('',(-37.25,3.275,0.));
#2049 = DIRECTION('',(0.,1.,0.));
#2050 = DIRECTION('',(0.,0.,1.));
#2051 = DEFINITIONAL_REPRESENTATION('',(#2052),#2056);
#2052 = LINE('',#2053,#2054);
#2053 = CARTESIAN_POINT('',(0.,0.));
#2054 = VECTOR('',#2055,1.);
#2055 = DIRECTION('',(0.,1.));
#2056 = ( GEOMETRIC_REPRESENTATION_CONTEXT(2) 
PARAMETRIC_REPRESENTATION_CONTEXT() REPRESENTATION_CONTEXT('2D SPACE',''
  ) );
#2057 = ORIENTED_EDGE('',*,*,#2058,.F.);
#2058 = EDGE_CURVE('',#2059,#2031,#2061,.T.);
#2059 = VERTEX_POINT('',#2060);
#2060 = CARTESIAN_POINT('',(-32.75,-3.275,0.));
#2061 = SURFACE_CURVE('',#2062,(#2066,#2073),.PCURVE_S1.);
#2062 = LINE('',#2063,#2064);
#2063 = CARTESIAN_POINT('',(-32.75,-3.275,0.));
#2064 = VECTOR('',#2065,1.);
#2065 = DIRECTION('',(0.,1.,0.));
#2066 = PCURVE('',#126,#2067);
#2067 = DEFINITIONAL_REPRESENTATION('',(#2068),#2072);
#2068 = LINE('',#2069,#2070);
#2069 = CARTESIAN_POINT('',(24.75,28.725));
#2070 = VECTOR('',#2071,1.);
#2071 = DIRECTION('',(0.,1.));
#2072 = ( GEOMETRIC_REPRESENTATION_CONTEXT(2) 
PARAMETRIC_REPRESENTATION_CONTEXT() REPRESENTATION_CONTEXT('2D SPACE',''
  ) );
#2073 = PCURVE('',#2074,#2079);
#2074 = PLANE('',#2075);
#2075 = AXIS2_PLACEMENT_3D('',#2076,#2077,#2078);
#2076 = CARTESIAN_POINT('',(-32.75,-3.275,0.));
#2077 = DIRECTION('',(1.,0.,0.));
#2078 = DIRECTION('',(0.,0.,1.));
#2079 = DEFINITIONAL_REPRESENTATION('',(#2080),#2084);
#2080 = LINE('',#2081,#2082);
#2081 = CARTESIAN_POINT('',(0.,0.));
#2082 = VECTOR('',#2083,1.);
#2083 = DIRECTION('',(0.,-1.));
#2084 = ( GEOMETRIC_REPRESENTATION_CONTEXT(2) 
PARAMETRIC_REPRESENTATION_CONTEXT() REPRESENTATION_CONTEXT('2D SPACE',''
  ) );
#2085 = ORIENTED_EDGE('',*,*,#2086,.F.);
#2086 = EDGE_CURVE('',#2001,#2059,#2087,.T.);
#2087 = SURFACE_CURVE('',#2088,(#2092,#2099),.PCURVE_S1.);
#2088 = LINE('',#2089,#2090);
#2089 = CARTESIAN_POINT('',(-37.25,-3.275,0.));
#2090 = VECTOR('',#2091,1.);
#2091 = DIRECTION('',(1.,0.,0.));
#2092 = PCURVE('',#126,#2093);
#2093 = DEFINITIONAL_REPRESENTATION('',(#2094),#2098);
#2094 = LINE('',#2095,#2096);
#2095 = CARTESIAN_POINT('',(20.25,28.725));
#2096 = VECTOR('',#2097,1.);
#2097 = DIRECTION('',(1.,0.));
#2098 = ( GEOMETRIC_REPRESENTATION_CONTEXT(2) 
PARAMETRIC_REPRESENTATION_CONTEXT() REPRESENTATION_CONTEXT('2D SPACE',''
  ) );
#2099 = PCURVE('',#2100,#2105);
#2100 = PLANE('',#2101);
#2101 = AXIS2_PLACEMENT_3D('',#2102,#2103,#2104);
#2102 = CARTESIAN_POINT('',(-37.25,-3.275,0.));
#2103 = DIRECTION('',(0.,1.,0.));
#2104 = DIRECTION('',(0.,0.,1.));
#2105 = DEFINITIONAL_REPRESENTATION('',(#2106),#2110);
#2106 = LINE('',#2107,#2108);
#2107 = CARTESIAN_POINT('',(0.,0.));
#2108 = VECTOR('',#2109,1.);
#2109 = DIRECTION('',(0.,1.));
#2110 = ( GEOMETRIC_REPRESENTATION_CONTEXT(2) 
PARAMETRIC_REPRESENTATION_CONTEXT() REPRESENTATION_CONTEXT('2D SPACE',''
  ) );
#2111 = ADVANCED_FACE('',(#2112),#98,.T.);
#2112 = FACE_BOUND('',#2113,.T.);
#2113 = EDGE_LOOP('',(#2114,#2115,#2136,#2137));
#2114 = ORIENTED_EDGE('',*,*,#1854,.T.);
#2115 = ORIENTED_EDGE('',*,*,#2116,.T.);
#2116 = EDGE_CURVE('',#1855,#393,#2117,.T.);
#2117 = SURFACE_CURVE('',#2118,(#2122,#2129),.PCURVE_S1.);
#2118 = LINE('',#2119,#2120);
#2119 = CARTESIAN_POINT('',(-55.5,-32.,0.));
#2120 = VECTOR('',#2121,1.);
#2121 = DIRECTION('',(0.,0.,1.));
#2122 = PCURVE('',#98,#2123);
#2123 = DEFINITIONAL_REPRESENTATION('',(#2124),#2128);
#2124 = LINE('',#2125,#2126);
#2125 = CARTESIAN_POINT('',(1.570796326795,0.));
#2126 = VECTOR('',#2127,1.);
#2127 = DIRECTION('',(0.,1.));
#2128 = ( GEOMETRIC_REPRESENTATION_CONTEXT(2) 
PARAMETRIC_REPRESENTATION_CONTEXT() REPRESENTATION_CONTEXT('2D SPACE',''
  ) );
#2129 = PCURVE('',#432,#2130);
#2130 = DEFINITIONAL_REPRESENTATION('',(#2131),#2135);
#2131 = LINE('',#2132,#2133);
#2132 = CARTESIAN_POINT('',(0.,2.));
#2133 = VECTOR('',#2134,1.);
#2134 = DIRECTION('',(1.,0.));
#2135 = ( GEOMETRIC_REPRESENTATION_CONTEXT(2) 
PARAMETRIC_REPRESENTATION_CONTEXT() REPRESENTATION_CONTEXT('2D SPACE',''
  ) );
#2136 = ORIENTED_EDGE('',*,*,#392,.F.);
#2137 = ORIENTED_EDGE('',*,*,#82,.F.);
#2138 = ADVANCED_FACE('',(#2139),#605,.T.);
#2139 = FACE_BOUND('',#2140,.T.);
#2140 = EDGE_LOOP('',(#2141,#2142,#2163,#2164));
#2141 = ORIENTED_EDGE('',*,*,#589,.F.);
#2142 = ORIENTED_EDGE('',*,*,#2143,.F.);
#2143 = EDGE_CURVE('',#716,#562,#2144,.T.);
#2144 = SURFACE_CURVE('',#2145,(#2149,#2156),.PCURVE_S1.);
#2145 = LINE('',#2146,#2147);
#2146 = CARTESIAN_POINT('',(-54.8,-28.5,2.5));
#2147 = VECTOR('',#2148,1.);
#2148 = DIRECTION('',(0.,0.,1.));
#2149 = PCURVE('',#605,#2150);
#2150 = DEFINITIONAL_REPRESENTATION('',(#2151),#2155);
#2151 = LINE('',#2152,#2153);
#2152 = CARTESIAN_POINT('',(0.,0.));
#2153 = VECTOR('',#2154,1.);
#2154 = DIRECTION('',(1.,0.));
#2155 = ( GEOMETRIC_REPRESENTATION_CONTEXT(2) 
PARAMETRIC_REPRESENTATION_CONTEXT() REPRESENTATION_CONTEXT('2D SPACE',''
  ) );
#2156 = PCURVE('',#577,#2157);
#2157 = DEFINITIONAL_REPRESENTATION('',(#2158),#2162);
#2158 = LINE('',#2159,#2160);
#2159 = CARTESIAN_POINT('',(0.,0.));
#2160 = VECTOR('',#2161,1.);
#2161 = DIRECTION('',(1.,0.));
#2162 = ( GEOMETRIC_REPRESENTATION_CONTEXT(2) 
PARAMETRIC_REPRESENTATION_CONTEXT() REPRESENTATION_CONTEXT('2D SPACE',''
  ) );
#2163 = ORIENTED_EDGE('',*,*,#715,.T.);
#2164 = ORIENTED_EDGE('',*,*,#641,.T.);
#2165 = ADVANCED_FACE('',(#2166),#577,.T.);
#2166 = FACE_BOUND('',#2167,.T.);
#2167 = EDGE_LOOP('',(#2168,#2169,#2170,#2171));
#2168 = ORIENTED_EDGE('',*,*,#738,.F.);
#2169 = ORIENTED_EDGE('',*,*,#2143,.T.);
#2170 = ORIENTED_EDGE('',*,*,#561,.T.);
#2171 = ORIENTED_EDGE('',*,*,#2172,.F.);
#2172 = EDGE_CURVE('',#739,#534,#2173,.T.);
#2173 = SURFACE_CURVE('',#2174,(#2178,#2185),.PCURVE_S1.);
#2174 = LINE('',#2175,#2176);
#2175 = CARTESIAN_POINT('',(-29.2,-28.5,2.5));
#2176 = VECTOR('',#2177,1.);
#2177 = DIRECTION('',(0.,0.,1.));
#2178 = PCURVE('',#577,#2179);
#2179 = DEFINITIONAL_REPRESENTATION('',(#2180),#2184);
#2180 = LINE('',#2181,#2182);
#2181 = CARTESIAN_POINT('',(0.,25.6));
#2182 = VECTOR('',#2183,1.);
#2183 = DIRECTION('',(1.,0.));
#2184 = ( GEOMETRIC_REPRESENTATION_CONTEXT(2) 
PARAMETRIC_REPRESENTATION_CONTEXT() REPRESENTATION_CONTEXT('2D SPACE',''
  ) );
#2185 = PCURVE('',#549,#2186);
#2186 = DEFINITIONAL_REPRESENTATION('',(#2187),#2191);
#2187 = LINE('',#2188,#2189);
#2188 = CARTESIAN_POINT('',(0.,0.));
#2189 = VECTOR('',#2190,1.);
#2190 = DIRECTION('',(1.,0.));
#2191 = ( GEOMETRIC_REPRESENTATION_CONTEXT(2) 
PARAMETRIC_REPRESENTATION_CONTEXT() REPRESENTATION_CONTEXT('2D SPACE',''
  ) );
#2192 = ADVANCED_FACE('',(#2193),#549,.F.);
#2193 = FACE_BOUND('',#2194,.F.);
#2194 = EDGE_LOOP('',(#2195,#2196,#2197,#2198));
#2195 = ORIENTED_EDGE('',*,*,#533,.F.);
#2196 = ORIENTED_EDGE('',*,*,#2172,.F.);
#2197 = ORIENTED_EDGE('',*,*,#761,.T.);
#2198 = ORIENTED_EDGE('',*,*,#2199,.T.);
#2199 = EDGE_CURVE('',#762,#506,#2200,.T.);
#2200 = SURFACE_CURVE('',#2201,(#2205,#2212),.PCURVE_S1.);
#2201 = LINE('',#2202,#2203);
#2202 = CARTESIAN_POINT('',(-29.2,-27.,2.5));
#2203 = VECTOR('',#2204,1.);
#2204 = DIRECTION('',(0.,0.,1.));
#2205 = PCURVE('',#549,#2206);
#2206 = DEFINITIONAL_REPRESENTATION('',(#2207),#2211);
#2207 = LINE('',#2208,#2209);
#2208 = CARTESIAN_POINT('',(0.,-1.5));
#2209 = VECTOR('',#2210,1.);
#2210 = DIRECTION('',(1.,0.));
#2211 = ( GEOMETRIC_REPRESENTATION_CONTEXT(2) 
PARAMETRIC_REPRESENTATION_CONTEXT() REPRESENTATION_CONTEXT('2D SPACE',''
  ) );
#2212 = PCURVE('',#521,#2213);
#2213 = DEFINITIONAL_REPRESENTATION('',(#2214),#2218);
#2214 = LINE('',#2215,#2216);
#2215 = CARTESIAN_POINT('',(0.,0.8));
#2216 = VECTOR('',#2217,1.);
#2217 = DIRECTION('',(1.,0.));
#2218 = ( GEOMETRIC_REPRESENTATION_CONTEXT(2) 
PARAMETRIC_REPRESENTATION_CONTEXT() REPRESENTATION_CONTEXT('2D SPACE',''
  ) );
#2219 = ADVANCED_FACE('',(#2220),#521,.T.);
#2220 = FACE_BOUND('',#2221,.T.);
#2221 = EDGE_LOOP('',(#2222,#2223,#2224,#2225));
#2222 = ORIENTED_EDGE('',*,*,#784,.F.);
#2223 = ORIENTED_EDGE('',*,*,#2199,.T.);
#2224 = ORIENTED_EDGE('',*,*,#505,.T.);
#2225 = ORIENTED_EDGE('',*,*,#2226,.F.);
#2226 = EDGE_CURVE('',#785,#478,#2227,.T.);
#2227 = SURFACE_CURVE('',#2228,(#2232,#2239),.PCURVE_S1.);
#2228 = LINE('',#2229,#2230);
#2229 = CARTESIAN_POINT('',(-26.5,-27.,1.25));
#2230 = VECTOR('',#2231,1.);
#2231 = DIRECTION('',(0.,0.,1.));
#2232 = PCURVE('',#521,#2233);
#2233 = DEFINITIONAL_REPRESENTATION('',(#2234),#2238);
#2234 = LINE('',#2235,#2236);
#2235 = CARTESIAN_POINT('',(-1.25,3.5));
#2236 = VECTOR('',#2237,1.);
#2237 = DIRECTION('',(1.,0.));
#2238 = ( GEOMETRIC_REPRESENTATION_CONTEXT(2) 
PARAMETRIC_REPRESENTATION_CONTEXT() REPRESENTATION_CONTEXT('2D SPACE',''
  ) );
#2239 = PCURVE('',#493,#2240);
#2240 = DEFINITIONAL_REPRESENTATION('',(#2241),#2245);
#2241 = LINE('',#2242,#2243);
#2242 = CARTESIAN_POINT('',(1.25,-5.));
#2243 = VECTOR('',#2244,1.);
#2244 = DIRECTION('',(1.,0.));
#2245 = ( GEOMETRIC_REPRESENTATION_CONTEXT(2) 
PARAMETRIC_REPRESENTATION_CONTEXT() REPRESENTATION_CONTEXT('2D SPACE',''
  ) );
#2246 = ADVANCED_FACE('',(#2247),#493,.T.);
#2247 = FACE_BOUND('',#2248,.T.);
#2248 = EDGE_LOOP('',(#2249,#2250,#2271,#2272,#2293,#2294,#2315,#2316,
    #2337,#2338,#2359,#2360));
#2249 = ORIENTED_EDGE('',*,*,#477,.F.);
#2250 = ORIENTED_EDGE('',*,*,#2251,.F.);
#2251 = EDGE_CURVE('',#1902,#445,#2252,.T.);
#2252 = SURFACE_CURVE('',#2253,(#2257,#2264),.PCURVE_S1.);
#2253 = LINE('',#2254,#2255);
#2254 = CARTESIAN_POINT('',(-26.5,-30.,0.));
#2255 = VECTOR('',#2256,1.);
#2256 = DIRECTION('',(0.,0.,1.));
#2257 = PCURVE('',#493,#2258);
#2258 = DEFINITIONAL_REPRESENTATION('',(#2259),#2263);
#2259 = LINE('',#2260,#2261);
#2260 = CARTESIAN_POINT('',(0.,-2.));
#2261 = VECTOR('',#2262,1.);
#2262 = DIRECTION('',(1.,0.));
#2263 = ( GEOMETRIC_REPRESENTATION_CONTEXT(2) 
PARAMETRIC_REPRESENTATION_CONTEXT() REPRESENTATION_CONTEXT('2D SPACE',''
  ) );
#2264 = PCURVE('',#465,#2265);
#2265 = DEFINITIONAL_REPRESENTATION('',(#2266),#2270);
#2266 = LINE('',#2267,#2268);
#2267 = CARTESIAN_POINT('',(-0.,0.));
#2268 = VECTOR('',#2269,1.);
#2269 = DIRECTION('',(-0.,1.));
#2270 = ( GEOMETRIC_REPRESENTATION_CONTEXT(2) 
PARAMETRIC_REPRESENTATION_CONTEXT() REPRESENTATION_CONTEXT('2D SPACE',''
  ) );
#2271 = ORIENTED_EDGE('',*,*,#1929,.T.);
#2272 = ORIENTED_EDGE('',*,*,#2273,.T.);
#2273 = EDGE_CURVE('',#1930,#1622,#2274,.T.);
#2274 = SURFACE_CURVE('',#2275,(#2279,#2286),.PCURVE_S1.);
#2275 = LINE('',#2276,#2277);
#2276 = CARTESIAN_POINT('',(-26.5,30.,0.));
#2277 = VECTOR('',#2278,1.);
#2278 = DIRECTION('',(0.,0.,1.));
#2279 = PCURVE('',#493,#2280);
#2280 = DEFINITIONAL_REPRESENTATION('',(#2281),#2285);
#2281 = LINE('',#2282,#2283);
#2282 = CARTESIAN_POINT('',(0.,-62.));
#2283 = VECTOR('',#2284,1.);
#2284 = DIRECTION('',(1.,0.));
#2285 = ( GEOMETRIC_REPRESENTATION_CONTEXT(2) 
PARAMETRIC_REPRESENTATION_CONTEXT() REPRESENTATION_CONTEXT('2D SPACE',''
  ) );
#2286 = PCURVE('',#1661,#2287);
#2287 = DEFINITIONAL_REPRESENTATION('',(#2288),#2292);
#2288 = LINE('',#2289,#2290);
#2289 = CARTESIAN_POINT('',(0.,0.));
#2290 = VECTOR('',#2291,1.);
#2291 = DIRECTION('',(0.,1.));
#2292 = ( GEOMETRIC_REPRESENTATION_CONTEXT(2) 
PARAMETRIC_REPRESENTATION_CONTEXT() REPRESENTATION_CONTEXT('2D SPACE',''
  ) );
#2293 = ORIENTED_EDGE('',*,*,#1621,.F.);
#2294 = ORIENTED_EDGE('',*,*,#2295,.F.);
#2295 = EDGE_CURVE('',#1412,#1599,#2296,.T.);
#2296 = SURFACE_CURVE('',#2297,(#2301,#2308),.PCURVE_S1.);
#2297 = LINE('',#2298,#2299);
#2298 = CARTESIAN_POINT('',(-26.5,27.,1.25));
#2299 = VECTOR('',#2300,1.);
#2300 = DIRECTION('',(0.,0.,1.));
#2301 = PCURVE('',#493,#2302);
#2302 = DEFINITIONAL_REPRESENTATION('',(#2303),#2307);
#2303 = LINE('',#2304,#2305);
#2304 = CARTESIAN_POINT('',(1.25,-59.));
#2305 = VECTOR('',#2306,1.);
#2306 = DIRECTION('',(1.,0.));
#2307 = ( GEOMETRIC_REPRESENTATION_CONTEXT(2) 
PARAMETRIC_REPRESENTATION_CONTEXT() REPRESENTATION_CONTEXT('2D SPACE',''
  ) );
#2308 = PCURVE('',#1450,#2309);
#2309 = DEFINITIONAL_REPRESENTATION('',(#2310),#2314);
#2310 = LINE('',#2311,#2312);
#2311 = CARTESIAN_POINT('',(-1.25,3.5));
#2312 = VECTOR('',#2313,1.);
#2313 = DIRECTION('',(1.,0.));
#2314 = ( GEOMETRIC_REPRESENTATION_CONTEXT(2) 
PARAMETRIC_REPRESENTATION_CONTEXT() REPRESENTATION_CONTEXT('2D SPACE',''
  ) );
#2315 = ORIENTED_EDGE('',*,*,#1411,.T.);
#2316 = ORIENTED_EDGE('',*,*,#2317,.T.);
#2317 = EDGE_CURVE('',#1389,#1041,#2318,.T.);
#2318 = SURFACE_CURVE('',#2319,(#2323,#2330),.PCURVE_S1.);
#2319 = LINE('',#2320,#2321);
#2320 = CARTESIAN_POINT('',(-26.5,13.,1.25));
#2321 = VECTOR('',#2322,1.);
#2322 = DIRECTION('',(0.,0.,1.));
#2323 = PCURVE('',#493,#2324);
#2324 = DEFINITIONAL_REPRESENTATION('',(#2325),#2329);
#2325 = LINE('',#2326,#2327);
#2326 = CARTESIAN_POINT('',(1.25,-45.));
#2327 = VECTOR('',#2328,1.);
#2328 = DIRECTION('',(1.,0.));
#2329 = ( GEOMETRIC_REPRESENTATION_CONTEXT(2) 
PARAMETRIC_REPRESENTATION_CONTEXT() REPRESENTATION_CONTEXT('2D SPACE',''
  ) );
#2330 = PCURVE('',#1079,#2331);
#2331 = DEFINITIONAL_REPRESENTATION('',(#2332),#2336);
#2332 = LINE('',#2333,#2334);
#2333 = CARTESIAN_POINT('',(-1.25,3.5));
#2334 = VECTOR('',#2335,1.);
#2335 = DIRECTION('',(1.,0.));
#2336 = ( GEOMETRIC_REPRESENTATION_CONTEXT(2) 
PARAMETRIC_REPRESENTATION_CONTEXT() REPRESENTATION_CONTEXT('2D SPACE',''
  ) );
#2337 = ORIENTED_EDGE('',*,*,#1040,.F.);
#2338 = ORIENTED_EDGE('',*,*,#2339,.F.);
#2339 = EDGE_CURVE('',#808,#1018,#2340,.T.);
#2340 = SURFACE_CURVE('',#2341,(#2345,#2352),.PCURVE_S1.);
#2341 = LINE('',#2342,#2343);
#2342 = CARTESIAN_POINT('',(-26.5,-13.,1.25));
#2343 = VECTOR('',#2344,1.);
#2344 = DIRECTION('',(0.,0.,1.));
#2345 = PCURVE('',#493,#2346);
#2346 = DEFINITIONAL_REPRESENTATION('',(#2347),#2351);
#2347 = LINE('',#2348,#2349);
#2348 = CARTESIAN_POINT('',(1.25,-19.));
#2349 = VECTOR('',#2350,1.);
#2350 = DIRECTION('',(1.,0.));
#2351 = ( GEOMETRIC_REPRESENTATION_CONTEXT(2) 
PARAMETRIC_REPRESENTATION_CONTEXT() REPRESENTATION_CONTEXT('2D SPACE',''
  ) );
#2352 = PCURVE('',#846,#2353);
#2353 = DEFINITIONAL_REPRESENTATION('',(#2354),#2358);
#2354 = LINE('',#2355,#2356);
#2355 = CARTESIAN_POINT('',(-1.25,3.5));
#2356 = VECTOR('',#2357,1.);
#2357 = DIRECTION('',(1.,0.));
#2358 = ( GEOMETRIC_REPRESENTATION_CONTEXT(2) 
PARAMETRIC_REPRESENTATION_CONTEXT() REPRESENTATION_CONTEXT('2D SPACE',''
  ) );
#2359 = ORIENTED_EDGE('',*,*,#807,.T.);
#2360 = ORIENTED_EDGE('',*,*,#2226,.T.);
#2361 = ADVANCED_FACE('',(#2362),#465,.T.);
#2362 = FACE_BOUND('',#2363,.F.);
#2363 = EDGE_LOOP('',(#2364,#2365,#2386,#2387));
#2364 = ORIENTED_EDGE('',*,*,#1901,.T.);
#2365 = ORIENTED_EDGE('',*,*,#2366,.T.);
#2366 = EDGE_CURVE('',#1879,#417,#2367,.T.);
#2367 = SURFACE_CURVE('',#2368,(#2372,#2379),.PCURVE_S1.);
#2368 = LINE('',#2369,#2370);
#2369 = CARTESIAN_POINT('',(-28.5,-32.,0.));
#2370 = VECTOR('',#2371,1.);
#2371 = DIRECTION('',(0.,0.,1.));
#2372 = PCURVE('',#465,#2373);
#2373 = DEFINITIONAL_REPRESENTATION('',(#2374),#2378);
#2374 = LINE('',#2375,#2376);
#2375 = CARTESIAN_POINT('',(-1.570796326795,0.));
#2376 = VECTOR('',#2377,1.);
#2377 = DIRECTION('',(-0.,1.));
#2378 = ( GEOMETRIC_REPRESENTATION_CONTEXT(2) 
PARAMETRIC_REPRESENTATION_CONTEXT() REPRESENTATION_CONTEXT('2D SPACE',''
  ) );
#2379 = PCURVE('',#432,#2380);
#2380 = DEFINITIONAL_REPRESENTATION('',(#2381),#2385);
#2381 = LINE('',#2382,#2383);
#2382 = CARTESIAN_POINT('',(0.,29.));
#2383 = VECTOR('',#2384,1.);
#2384 = DIRECTION('',(1.,0.));
#2385 = ( GEOMETRIC_REPRESENTATION_CONTEXT(2) 
PARAMETRIC_REPRESENTATION_CONTEXT() REPRESENTATION_CONTEXT('2D SPACE',''
  ) );
#2386 = ORIENTED_EDGE('',*,*,#444,.F.);
#2387 = ORIENTED_EDGE('',*,*,#2251,.F.);
#2388 = ADVANCED_FACE('',(#2389),#432,.F.);
#2389 = FACE_BOUND('',#2390,.F.);
#2390 = EDGE_LOOP('',(#2391,#2392,#2393,#2394));
#2391 = ORIENTED_EDGE('',*,*,#1878,.F.);
#2392 = ORIENTED_EDGE('',*,*,#2116,.T.);
#2393 = ORIENTED_EDGE('',*,*,#416,.T.);
#2394 = ORIENTED_EDGE('',*,*,#2366,.F.);
#2395 = ADVANCED_FACE('',(#2396),#846,.F.);
#2396 = FACE_BOUND('',#2397,.F.);
#2397 = EDGE_LOOP('',(#2398,#2399,#2420,#2421));
#2398 = ORIENTED_EDGE('',*,*,#830,.F.);
#2399 = ORIENTED_EDGE('',*,*,#2400,.T.);
#2400 = EDGE_CURVE('',#831,#993,#2401,.T.);
#2401 = SURFACE_CURVE('',#2402,(#2406,#2413),.PCURVE_S1.);
#2402 = LINE('',#2403,#2404);
#2403 = CARTESIAN_POINT('',(-29.2,-13.,2.5));
#2404 = VECTOR('',#2405,1.);
#2405 = DIRECTION('',(0.,0.,1.));
#2406 = PCURVE('',#846,#2407);
#2407 = DEFINITIONAL_REPRESENTATION('',(#2408),#2412);
#2408 = LINE('',#2409,#2410);
#2409 = CARTESIAN_POINT('',(0.,0.8));
#2410 = VECTOR('',#2411,1.);
#2411 = DIRECTION('',(1.,0.));
#2412 = ( GEOMETRIC_REPRESENTATION_CONTEXT(2) 
PARAMETRIC_REPRESENTATION_CONTEXT() REPRESENTATION_CONTEXT('2D SPACE',''
  ) );
#2413 = PCURVE('',#874,#2414);
#2414 = DEFINITIONAL_REPRESENTATION('',(#2415),#2419);
#2415 = LINE('',#2416,#2417);
#2416 = CARTESIAN_POINT('',(0.,-15.5));
#2417 = VECTOR('',#2418,1.);
#2418 = DIRECTION('',(1.,0.));
#2419 = ( GEOMETRIC_REPRESENTATION_CONTEXT(2) 
PARAMETRIC_REPRESENTATION_CONTEXT() REPRESENTATION_CONTEXT('2D SPACE',''
  ) );
#2420 = ORIENTED_EDGE('',*,*,#1017,.T.);
#2421 = ORIENTED_EDGE('',*,*,#2339,.F.);
#2422 = ADVANCED_FACE('',(#2423),#874,.F.);
#2423 = FACE_BOUND('',#2424,.F.);
#2424 = EDGE_LOOP('',(#2425,#2426,#2427,#2428));
#2425 = ORIENTED_EDGE('',*,*,#992,.F.);
#2426 = ORIENTED_EDGE('',*,*,#2400,.F.);
#2427 = ORIENTED_EDGE('',*,*,#858,.T.);
#2428 = ORIENTED_EDGE('',*,*,#2429,.T.);
#2429 = EDGE_CURVE('',#859,#995,#2430,.T.);
#2430 = SURFACE_CURVE('',#2431,(#2435,#2442),.PCURVE_S1.);
#2431 = LINE('',#2432,#2433);
#2432 = CARTESIAN_POINT('',(-29.2,-11.5,2.5));
#2433 = VECTOR('',#2434,1.);
#2434 = DIRECTION('',(0.,0.,1.));
#2435 = PCURVE('',#874,#2436);
#2436 = DEFINITIONAL_REPRESENTATION('',(#2437),#2441);
#2437 = LINE('',#2438,#2439);
#2438 = CARTESIAN_POINT('',(0.,-17.));
#2439 = VECTOR('',#2440,1.);
#2440 = DIRECTION('',(1.,0.));
#2441 = ( GEOMETRIC_REPRESENTATION_CONTEXT(2) 
PARAMETRIC_REPRESENTATION_CONTEXT() REPRESENTATION_CONTEXT('2D SPACE',''
  ) );
#2442 = PCURVE('',#902,#2443);
#2443 = DEFINITIONAL_REPRESENTATION('',(#2444),#2448);
#2444 = LINE('',#2445,#2446);
#2445 = CARTESIAN_POINT('',(0.,25.6));
#2446 = VECTOR('',#2447,1.);
#2447 = DIRECTION('',(1.,0.));
#2448 = ( GEOMETRIC_REPRESENTATION_CONTEXT(2) 
PARAMETRIC_REPRESENTATION_CONTEXT() REPRESENTATION_CONTEXT('2D SPACE',''
  ) );
#2449 = ADVANCED_FACE('',(#2450),#902,.F.);
#2450 = FACE_BOUND('',#2451,.F.);
#2451 = EDGE_LOOP('',(#2452,#2453,#2474,#2475));
#2452 = ORIENTED_EDGE('',*,*,#886,.F.);
#2453 = ORIENTED_EDGE('',*,*,#2454,.T.);
#2454 = EDGE_CURVE('',#887,#1199,#2455,.T.);
#2455 = SURFACE_CURVE('',#2456,(#2460,#2467),.PCURVE_S1.);
#2456 = LINE('',#2457,#2458);
#2457 = CARTESIAN_POINT('',(-54.8,-11.5,2.5));
#2458 = VECTOR('',#2459,1.);
#2459 = DIRECTION('',(0.,0.,1.));
#2460 = PCURVE('',#902,#2461);
#2461 = DEFINITIONAL_REPRESENTATION('',(#2462),#2466);
#2462 = LINE('',#2463,#2464);
#2463 = CARTESIAN_POINT('',(0.,0.));
#2464 = VECTOR('',#2465,1.);
#2465 = DIRECTION('',(1.,0.));
#2466 = ( GEOMETRIC_REPRESENTATION_CONTEXT(2) 
PARAMETRIC_REPRESENTATION_CONTEXT() REPRESENTATION_CONTEXT('2D SPACE',''
  ) );
#2467 = PCURVE('',#928,#2468);
#2468 = DEFINITIONAL_REPRESENTATION('',(#2469),#2473);
#2469 = LINE('',#2470,#2471);
#2470 = CARTESIAN_POINT('',(0.,-17.));
#2471 = VECTOR('',#2472,1.);
#2472 = DIRECTION('',(1.,0.));
#2473 = ( GEOMETRIC_REPRESENTATION_CONTEXT(2) 
PARAMETRIC_REPRESENTATION_CONTEXT() REPRESENTATION_CONTEXT('2D SPACE',''
  ) );
#2474 = ORIENTED_EDGE('',*,*,#1221,.T.);
#2475 = ORIENTED_EDGE('',*,*,#2429,.F.);
#2476 = ADVANCED_FACE('',(#2477),#928,.T.);
#2477 = FACE_BOUND('',#2478,.T.);
#2478 = EDGE_LOOP('',(#2479,#2480,#2481,#2482));
#2479 = ORIENTED_EDGE('',*,*,#1198,.F.);
#2480 = ORIENTED_EDGE('',*,*,#943,.F.);
#2481 = ORIENTED_EDGE('',*,*,#914,.T.);
#2482 = ORIENTED_EDGE('',*,*,#2454,.T.);
#2483 = ADVANCED_FACE('',(#2484),#1163,.T.);
#2484 = FACE_BOUND('',#2485,.T.);
#2485 = EDGE_LOOP('',(#2486,#2487,#2508,#2509));
#2486 = ORIENTED_EDGE('',*,*,#1147,.F.);
#2487 = ORIENTED_EDGE('',*,*,#2488,.F.);
#2488 = EDGE_CURVE('',#1320,#1120,#2489,.T.);
#2489 = SURFACE_CURVE('',#2490,(#2494,#2501),.PCURVE_S1.);
#2490 = LINE('',#2491,#2492);
#2491 = CARTESIAN_POINT('',(-54.8,11.5,2.5));
#2492 = VECTOR('',#2493,1.);
#2493 = DIRECTION('',(0.,0.,1.));
#2494 = PCURVE('',#1163,#2495);
#2495 = DEFINITIONAL_REPRESENTATION('',(#2496),#2500);
#2496 = LINE('',#2497,#2498);
#2497 = CARTESIAN_POINT('',(0.,0.));
#2498 = VECTOR('',#2499,1.);
#2499 = DIRECTION('',(1.,0.));
#2500 = ( GEOMETRIC_REPRESENTATION_CONTEXT(2) 
PARAMETRIC_REPRESENTATION_CONTEXT() REPRESENTATION_CONTEXT('2D SPACE',''
  ) );
#2501 = PCURVE('',#1135,#2502);
#2502 = DEFINITIONAL_REPRESENTATION('',(#2503),#2507);
#2503 = LINE('',#2504,#2505);
#2504 = CARTESIAN_POINT('',(0.,0.));
#2505 = VECTOR('',#2506,1.);
#2506 = DIRECTION('',(1.,0.));
#2507 = ( GEOMETRIC_REPRESENTATION_CONTEXT(2) 
PARAMETRIC_REPRESENTATION_CONTEXT() REPRESENTATION_CONTEXT('2D SPACE',''
  ) );
#2508 = ORIENTED_EDGE('',*,*,#1319,.T.);
#2509 = ORIENTED_EDGE('',*,*,#1245,.T.);
#2510 = ADVANCED_FACE('',(#2511),#1135,.T.);
#2511 = FACE_BOUND('',#2512,.T.);
#2512 = EDGE_LOOP('',(#2513,#2514,#2515,#2516));
#2513 = ORIENTED_EDGE('',*,*,#1342,.F.);
#2514 = ORIENTED_EDGE('',*,*,#2488,.T.);
#2515 = ORIENTED_EDGE('',*,*,#1119,.T.);
#2516 = ORIENTED_EDGE('',*,*,#2517,.F.);
#2517 = EDGE_CURVE('',#1343,#1092,#2518,.T.);
#2518 = SURFACE_CURVE('',#2519,(#2523,#2530),.PCURVE_S1.);
#2519 = LINE('',#2520,#2521);
#2520 = CARTESIAN_POINT('',(-29.2,11.5,2.5));
#2521 = VECTOR('',#2522,1.);
#2522 = DIRECTION('',(0.,0.,1.));
#2523 = PCURVE('',#1135,#2524);
#2524 = DEFINITIONAL_REPRESENTATION('',(#2525),#2529);
#2525 = LINE('',#2526,#2527);
#2526 = CARTESIAN_POINT('',(0.,25.6));
#2527 = VECTOR('',#2528,1.);
#2528 = DIRECTION('',(1.,0.));
#2529 = ( GEOMETRIC_REPRESENTATION_CONTEXT(2) 
PARAMETRIC_REPRESENTATION_CONTEXT() REPRESENTATION_CONTEXT('2D SPACE',''
  ) );
#2530 = PCURVE('',#1107,#2531);
#2531 = DEFINITIONAL_REPRESENTATION('',(#2532),#2536);
#2532 = LINE('',#2533,#2534);
#2533 = CARTESIAN_POINT('',(0.,0.));
#2534 = VECTOR('',#2535,1.);
#2535 = DIRECTION('',(1.,0.));
#2536 = ( GEOMETRIC_REPRESENTATION_CONTEXT(2) 
PARAMETRIC_REPRESENTATION_CONTEXT() REPRESENTATION_CONTEXT('2D SPACE',''
  ) );
#2537 = ADVANCED_FACE('',(#2538),#1107,.F.);
#2538 = FACE_BOUND('',#2539,.F.);
#2539 = EDGE_LOOP('',(#2540,#2541,#2542,#2543));
#2540 = ORIENTED_EDGE('',*,*,#1091,.F.);
#2541 = ORIENTED_EDGE('',*,*,#2517,.F.);
#2542 = ORIENTED_EDGE('',*,*,#1365,.T.);
#2543 = ORIENTED_EDGE('',*,*,#2544,.T.);
#2544 = EDGE_CURVE('',#1366,#1064,#2545,.T.);
#2545 = SURFACE_CURVE('',#2546,(#2550,#2557),.PCURVE_S1.);
#2546 = LINE('',#2547,#2548);
#2547 = CARTESIAN_POINT('',(-29.2,13.,2.5));
#2548 = VECTOR('',#2549,1.);
#2549 = DIRECTION('',(0.,0.,1.));
#2550 = PCURVE('',#1107,#2551);
#2551 = DEFINITIONAL_REPRESENTATION('',(#2552),#2556);
#2552 = LINE('',#2553,#2554);
#2553 = CARTESIAN_POINT('',(0.,-1.5));
#2554 = VECTOR('',#2555,1.);
#2555 = DIRECTION('',(1.,0.));
#2556 = ( GEOMETRIC_REPRESENTATION_CONTEXT(2) 
PARAMETRIC_REPRESENTATION_CONTEXT() REPRESENTATION_CONTEXT('2D SPACE',''
  ) );
#2557 = PCURVE('',#1079,#2558);
#2558 = DEFINITIONAL_REPRESENTATION('',(#2559),#2563);
#2559 = LINE('',#2560,#2561);
#2560 = CARTESIAN_POINT('',(0.,0.8));
#2561 = VECTOR('',#2562,1.);
#2562 = DIRECTION('',(1.,0.));
#2563 = ( GEOMETRIC_REPRESENTATION_CONTEXT(2) 
PARAMETRIC_REPRESENTATION_CONTEXT() REPRESENTATION_CONTEXT('2D SPACE',''
  ) );
#2564 = ADVANCED_FACE('',(#2565),#1079,.T.);
#2565 = FACE_BOUND('',#2566,.T.);
#2566 = EDGE_LOOP('',(#2567,#2568,#2569,#2570));
#2567 = ORIENTED_EDGE('',*,*,#1388,.F.);
#2568 = ORIENTED_EDGE('',*,*,#2544,.T.);
#2569 = ORIENTED_EDGE('',*,*,#1063,.T.);
#2570 = ORIENTED_EDGE('',*,*,#2317,.F.);
#2571 = ADVANCED_FACE('',(#2572),#1450,.F.);
#2572 = FACE_BOUND('',#2573,.F.);
#2573 = EDGE_LOOP('',(#2574,#2575,#2596,#2597));
#2574 = ORIENTED_EDGE('',*,*,#1434,.F.);
#2575 = ORIENTED_EDGE('',*,*,#2576,.T.);
#2576 = EDGE_CURVE('',#1435,#1597,#2577,.T.);
#2577 = SURFACE_CURVE('',#2578,(#2582,#2589),.PCURVE_S1.);
#2578 = LINE('',#2579,#2580);
#2579 = CARTESIAN_POINT('',(-29.2,27.,2.5));
#2580 = VECTOR('',#2581,1.);
#2581 = DIRECTION('',(0.,0.,1.));
#2582 = PCURVE('',#1450,#2583);
#2583 = DEFINITIONAL_REPRESENTATION('',(#2584),#2588);
#2584 = LINE('',#2585,#2586);
#2585 = CARTESIAN_POINT('',(0.,0.8));
#2586 = VECTOR('',#2587,1.);
#2587 = DIRECTION('',(1.,0.));
#2588 = ( GEOMETRIC_REPRESENTATION_CONTEXT(2) 
PARAMETRIC_REPRESENTATION_CONTEXT() REPRESENTATION_CONTEXT('2D SPACE',''
  ) );
#2589 = PCURVE('',#1478,#2590);
#2590 = DEFINITIONAL_REPRESENTATION('',(#2591),#2595);
#2591 = LINE('',#2592,#2593);
#2592 = CARTESIAN_POINT('',(0.,-15.5));
#2593 = VECTOR('',#2594,1.);
#2594 = DIRECTION('',(1.,0.));
#2595 = ( GEOMETRIC_REPRESENTATION_CONTEXT(2) 
PARAMETRIC_REPRESENTATION_CONTEXT() REPRESENTATION_CONTEXT('2D SPACE',''
  ) );
#2596 = ORIENTED_EDGE('',*,*,#1596,.T.);
#2597 = ORIENTED_EDGE('',*,*,#2295,.F.);
#2598 = ADVANCED_FACE('',(#2599),#1478,.F.);
#2599 = FACE_BOUND('',#2600,.F.);
#2600 = EDGE_LOOP('',(#2601,#2602,#2603,#2604));
#2601 = ORIENTED_EDGE('',*,*,#1775,.F.);
#2602 = ORIENTED_EDGE('',*,*,#2576,.F.);
#2603 = ORIENTED_EDGE('',*,*,#1462,.T.);
#2604 = ORIENTED_EDGE('',*,*,#2605,.T.);
#2605 = EDGE_CURVE('',#1463,#1753,#2606,.T.);
#2606 = SURFACE_CURVE('',#2607,(#2611,#2618),.PCURVE_S1.);
#2607 = LINE('',#2608,#2609);
#2608 = CARTESIAN_POINT('',(-29.2,28.5,2.5));
#2609 = VECTOR('',#2610,1.);
#2610 = DIRECTION('',(0.,0.,1.));
#2611 = PCURVE('',#1478,#2612);
#2612 = DEFINITIONAL_REPRESENTATION('',(#2613),#2617);
#2613 = LINE('',#2614,#2615);
#2614 = CARTESIAN_POINT('',(0.,-17.));
#2615 = VECTOR('',#2616,1.);
#2616 = DIRECTION('',(1.,0.));
#2617 = ( GEOMETRIC_REPRESENTATION_CONTEXT(2) 
PARAMETRIC_REPRESENTATION_CONTEXT() REPRESENTATION_CONTEXT('2D SPACE',''
  ) );
#2618 = PCURVE('',#1506,#2619);
#2619 = DEFINITIONAL_REPRESENTATION('',(#2620),#2624);
#2620 = LINE('',#2621,#2622);
#2621 = CARTESIAN_POINT('',(0.,25.6));
#2622 = VECTOR('',#2623,1.);
#2623 = DIRECTION('',(1.,0.));
#2624 = ( GEOMETRIC_REPRESENTATION_CONTEXT(2) 
PARAMETRIC_REPRESENTATION_CONTEXT() REPRESENTATION_CONTEXT('2D SPACE',''
  ) );
#2625 = ADVANCED_FACE('',(#2626),#1506,.F.);
#2626 = FACE_BOUND('',#2627,.F.);
#2627 = EDGE_LOOP('',(#2628,#2629,#2650,#2651));
#2628 = ORIENTED_EDGE('',*,*,#1490,.F.);
#2629 = ORIENTED_EDGE('',*,*,#2630,.T.);
#2630 = EDGE_CURVE('',#1491,#1730,#2631,.T.);
#2631 = SURFACE_CURVE('',#2632,(#2636,#2643),.PCURVE_S1.);
#2632 = LINE('',#2633,#2634);
#2633 = CARTESIAN_POINT('',(-54.8,28.5,2.5));
#2634 = VECTOR('',#2635,1.);
#2635 = DIRECTION('',(0.,0.,1.));
#2636 = PCURVE('',#1506,#2637);
#2637 = DEFINITIONAL_REPRESENTATION('',(#2638),#2642);
#2638 = LINE('',#2639,#2640);
#2639 = CARTESIAN_POINT('',(0.,0.));
#2640 = VECTOR('',#2641,1.);
#2641 = DIRECTION('',(1.,0.));
#2642 = ( GEOMETRIC_REPRESENTATION_CONTEXT(2) 
PARAMETRIC_REPRESENTATION_CONTEXT() REPRESENTATION_CONTEXT('2D SPACE',''
  ) );
#2643 = PCURVE('',#1532,#2644);
#2644 = DEFINITIONAL_REPRESENTATION('',(#2645),#2649);
#2645 = LINE('',#2646,#2647);
#2646 = CARTESIAN_POINT('',(0.,-17.));
#2647 = VECTOR('',#2648,1.);
#2648 = DIRECTION('',(1.,0.));
#2649 = ( GEOMETRIC_REPRESENTATION_CONTEXT(2) 
PARAMETRIC_REPRESENTATION_CONTEXT() REPRESENTATION_CONTEXT('2D SPACE',''
  ) );
#2650 = ORIENTED_EDGE('',*,*,#1752,.T.);
#2651 = ORIENTED_EDGE('',*,*,#2605,.F.);
#2652 = ADVANCED_FACE('',(#2653),#1532,.T.);
#2653 = FACE_BOUND('',#2654,.T.);
#2654 = EDGE_LOOP('',(#2655,#2656,#2657,#2658));
#2655 = ORIENTED_EDGE('',*,*,#1729,.F.);
#2656 = ORIENTED_EDGE('',*,*,#1547,.F.);
#2657 = ORIENTED_EDGE('',*,*,#1518,.T.);
#2658 = ORIENTED_EDGE('',*,*,#2630,.T.);
#2659 = ADVANCED_FACE('',(#2660),#1689,.T.);
#2660 = FACE_BOUND('',#2661,.T.);
#2661 = EDGE_LOOP('',(#2662,#2663,#2664,#2665));
#2662 = ORIENTED_EDGE('',*,*,#1976,.F.);
#2663 = ORIENTED_EDGE('',*,*,#1827,.T.);
#2664 = ORIENTED_EDGE('',*,*,#1673,.T.);
#2665 = ORIENTED_EDGE('',*,*,#2666,.F.);
#2666 = EDGE_CURVE('',#1953,#1645,#2667,.T.);
#2667 = SURFACE_CURVE('',#2668,(#2672,#2679),.PCURVE_S1.);
#2668 = LINE('',#2669,#2670);
#2669 = CARTESIAN_POINT('',(-28.5,32.,0.));
#2670 = VECTOR('',#2671,1.);
#2671 = DIRECTION('',(0.,0.,1.));
#2672 = PCURVE('',#1689,#2673);
#2673 = DEFINITIONAL_REPRESENTATION('',(#2674),#2678);
#2674 = LINE('',#2675,#2676);
#2675 = CARTESIAN_POINT('',(0.,29.));
#2676 = VECTOR('',#2677,1.);
#2677 = DIRECTION('',(1.,0.));
#2678 = ( GEOMETRIC_REPRESENTATION_CONTEXT(2) 
PARAMETRIC_REPRESENTATION_CONTEXT() REPRESENTATION_CONTEXT('2D SPACE',''
  ) );
#2679 = PCURVE('',#1661,#2680);
#2680 = DEFINITIONAL_REPRESENTATION('',(#2681),#2685);
#2681 = LINE('',#2682,#2683);
#2682 = CARTESIAN_POINT('',(1.570796326795,0.));
#2683 = VECTOR('',#2684,1.);
#2684 = DIRECTION('',(0.,1.));
#2685 = ( GEOMETRIC_REPRESENTATION_CONTEXT(2) 
PARAMETRIC_REPRESENTATION_CONTEXT() REPRESENTATION_CONTEXT('2D SPACE',''
  ) );
#2686 = ADVANCED_FACE('',(#2687),#1661,.T.);
#2687 = FACE_BOUND('',#2688,.T.);
#2688 = EDGE_LOOP('',(#2689,#2690,#2691,#2692));
#2689 = ORIENTED_EDGE('',*,*,#1952,.T.);
#2690 = ORIENTED_EDGE('',*,*,#2666,.T.);
#2691 = ORIENTED_EDGE('',*,*,#1644,.F.);
#2692 = ORIENTED_EDGE('',*,*,#2273,.F.);
#2693 = ADVANCED_FACE('',(#2694),#2018,.T.);
#2694 = FACE_BOUND('',#2695,.T.);
#2695 = EDGE_LOOP('',(#2696,#2719,#2720,#2743));
#2696 = ORIENTED_EDGE('',*,*,#2697,.F.);
#2697 = EDGE_CURVE('',#2001,#2698,#2700,.T.);
#2698 = VERTEX_POINT('',#2699);
#2699 = CARTESIAN_POINT('',(-37.25,-3.275,0.7));
#2700 = SURFACE_CURVE('',#2701,(#2705,#2712),.PCURVE_S1.);
#2701 = LINE('',#2702,#2703);
#2702 = CARTESIAN_POINT('',(-37.25,-3.275,0.));
#2703 = VECTOR('',#2704,1.);
#2704 = DIRECTION('',(0.,0.,1.));
#2705 = PCURVE('',#2018,#2706);
#2706 = DEFINITIONAL_REPRESENTATION('',(#2707),#2711);
#2707 = LINE('',#2708,#2709);
#2708 = CARTESIAN_POINT('',(0.,0.));
#2709 = VECTOR('',#2710,1.);
#2710 = DIRECTION('',(1.,0.));
#2711 = ( GEOMETRIC_REPRESENTATION_CONTEXT(2) 
PARAMETRIC_REPRESENTATION_CONTEXT() REPRESENTATION_CONTEXT('2D SPACE',''
  ) );
#2712 = PCURVE('',#2100,#2713);
#2713 = DEFINITIONAL_REPRESENTATION('',(#2714),#2718);
#2714 = LINE('',#2715,#2716);
#2715 = CARTESIAN_POINT('',(0.,0.));
#2716 = VECTOR('',#2717,1.);
#2717 = DIRECTION('',(1.,0.));
#2718 = ( GEOMETRIC_REPRESENTATION_CONTEXT(2) 
PARAMETRIC_REPRESENTATION_CONTEXT() REPRESENTATION_CONTEXT('2D SPACE',''
  ) );
#2719 = ORIENTED_EDGE('',*,*,#2000,.T.);
#2720 = ORIENTED_EDGE('',*,*,#2721,.T.);
#2721 = EDGE_CURVE('',#2003,#2722,#2724,.T.);
#2722 = VERTEX_POINT('',#2723);
#2723 = CARTESIAN_POINT('',(-37.25,3.275,0.7));
#2724 = SURFACE_CURVE('',#2725,(#2729,#2736),.PCURVE_S1.);
#2725 = LINE('',#2726,#2727);
#2726 = CARTESIAN_POINT('',(-37.25,3.275,0.));
#2727 = VECTOR('',#2728,1.);
#2728 = DIRECTION('',(0.,0.,1.));
#2729 = PCURVE('',#2018,#2730);
#2730 = DEFINITIONAL_REPRESENTATION('',(#2731),#2735);
#2731 = LINE('',#2732,#2733);
#2732 = CARTESIAN_POINT('',(0.,-6.55));
#2733 = VECTOR('',#2734,1.);
#2734 = DIRECTION('',(1.,0.));
#2735 = ( GEOMETRIC_REPRESENTATION_CONTEXT(2) 
PARAMETRIC_REPRESENTATION_CONTEXT() REPRESENTATION_CONTEXT('2D SPACE',''
  ) );
#2736 = PCURVE('',#2046,#2737);
#2737 = DEFINITIONAL_REPRESENTATION('',(#2738),#2742);
#2738 = LINE('',#2739,#2740);
#2739 = CARTESIAN_POINT('',(0.,0.));
#2740 = VECTOR('',#2741,1.);
#2741 = DIRECTION('',(1.,0.));
#2742 = ( GEOMETRIC_REPRESENTATION_CONTEXT(2) 
PARAMETRIC_REPRESENTATION_CONTEXT() REPRESENTATION_CONTEXT('2D SPACE',''
  ) );
#2743 = ORIENTED_EDGE('',*,*,#2744,.F.);
#2744 = EDGE_CURVE('',#2698,#2722,#2745,.T.);
#2745 = SURFACE_CURVE('',#2746,(#2750,#2757),.PCURVE_S1.);
#2746 = LINE('',#2747,#2748);
#2747 = CARTESIAN_POINT('',(-37.25,-3.275,0.7));
#2748 = VECTOR('',#2749,1.);
#2749 = DIRECTION('',(0.,1.,0.));
#2750 = PCURVE('',#2018,#2751);
#2751 = DEFINITIONAL_REPRESENTATION('',(#2752),#2756);
#2752 = LINE('',#2753,#2754);
#2753 = CARTESIAN_POINT('',(0.7,0.));
#2754 = VECTOR('',#2755,1.);
#2755 = DIRECTION('',(0.,-1.));
#2756 = ( GEOMETRIC_REPRESENTATION_CONTEXT(2) 
PARAMETRIC_REPRESENTATION_CONTEXT() REPRESENTATION_CONTEXT('2D SPACE',''
  ) );
#2757 = PCURVE('',#2758,#2763);
#2758 = PLANE('',#2759);
#2759 = AXIS2_PLACEMENT_3D('',#2760,#2761,#2762);
#2760 = CARTESIAN_POINT('',(-37.25,-3.275,0.7));
#2761 = DIRECTION('',(0.,0.,1.));
#2762 = DIRECTION('',(1.,0.,0.));
#2763 = DEFINITIONAL_REPRESENTATION('',(#2764),#2768);
#2764 = LINE('',#2765,#2766);
#2765 = CARTESIAN_POINT('',(0.,0.));
#2766 = VECTOR('',#2767,1.);
#2767 = DIRECTION('',(0.,1.));
#2768 = ( GEOMETRIC_REPRESENTATION_CONTEXT(2) 
PARAMETRIC_REPRESENTATION_CONTEXT() REPRESENTATION_CONTEXT('2D SPACE',''
  ) );
#2769 = ADVANCED_FACE('',(#2770),#2100,.T.);
#2770 = FACE_BOUND('',#2771,.T.);
#2771 = EDGE_LOOP('',(#2772,#2773,#2774,#2797));
#2772 = ORIENTED_EDGE('',*,*,#2086,.F.);
#2773 = ORIENTED_EDGE('',*,*,#2697,.T.);
#2774 = ORIENTED_EDGE('',*,*,#2775,.T.);
#2775 = EDGE_CURVE('',#2698,#2776,#2778,.T.);
#2776 = VERTEX_POINT('',#2777);
#2777 = CARTESIAN_POINT('',(-32.75,-3.275,0.7));
#2778 = SURFACE_CURVE('',#2779,(#2783,#2790),.PCURVE_S1.);
#2779 = LINE('',#2780,#2781);
#2780 = CARTESIAN_POINT('',(-37.25,-3.275,0.7));
#2781 = VECTOR('',#2782,1.);
#2782 = DIRECTION('',(1.,0.,0.));
#2783 = PCURVE('',#2100,#2784);
#2784 = DEFINITIONAL_REPRESENTATION('',(#2785),#2789);
#2785 = LINE('',#2786,#2787);
#2786 = CARTESIAN_POINT('',(0.7,0.));
#2787 = VECTOR('',#2788,1.);
#2788 = DIRECTION('',(0.,1.));
#2789 = ( GEOMETRIC_REPRESENTATION_CONTEXT(2) 
PARAMETRIC_REPRESENTATION_CONTEXT() REPRESENTATION_CONTEXT('2D SPACE',''
  ) );
#2790 = PCURVE('',#2758,#2791);
#2791 = DEFINITIONAL_REPRESENTATION('',(#2792),#2796);
#2792 = LINE('',#2793,#2794);
#2793 = CARTESIAN_POINT('',(0.,0.));
#2794 = VECTOR('',#2795,1.);
#2795 = DIRECTION('',(1.,0.));
#2796 = ( GEOMETRIC_REPRESENTATION_CONTEXT(2) 
PARAMETRIC_REPRESENTATION_CONTEXT() REPRESENTATION_CONTEXT('2D SPACE',''
  ) );
#2797 = ORIENTED_EDGE('',*,*,#2798,.F.);
#2798 = EDGE_CURVE('',#2059,#2776,#2799,.T.);
#2799 = SURFACE_CURVE('',#2800,(#2804,#2811),.PCURVE_S1.);
#2800 = LINE('',#2801,#2802);
#2801 = CARTESIAN_POINT('',(-32.75,-3.275,0.));
#2802 = VECTOR('',#2803,1.);
#2803 = DIRECTION('',(0.,0.,1.));
#2804 = PCURVE('',#2100,#2805);
#2805 = DEFINITIONAL_REPRESENTATION('',(#2806),#2810);
#2806 = LINE('',#2807,#2808);
#2807 = CARTESIAN_POINT('',(0.,4.5));
#2808 = VECTOR('',#2809,1.);
#2809 = DIRECTION('',(1.,0.));
#2810 = ( GEOMETRIC_REPRESENTATION_CONTEXT(2) 
PARAMETRIC_REPRESENTATION_CONTEXT() REPRESENTATION_CONTEXT('2D SPACE',''
  ) );
#2811 = PCURVE('',#2074,#2812);
#2812 = DEFINITIONAL_REPRESENTATION('',(#2813),#2817);
#2813 = LINE('',#2814,#2815);
#2814 = CARTESIAN_POINT('',(0.,0.));
#2815 = VECTOR('',#2816,1.);
#2816 = DIRECTION('',(1.,0.));
#2817 = ( GEOMETRIC_REPRESENTATION_CONTEXT(2) 
PARAMETRIC_REPRESENTATION_CONTEXT() REPRESENTATION_CONTEXT('2D SPACE',''
  ) );
#2818 = ADVANCED_FACE('',(#2819),#2074,.F.);
#2819 = FACE_BOUND('',#2820,.F.);
#2820 = EDGE_LOOP('',(#2821,#2822,#2823,#2846));
#2821 = ORIENTED_EDGE('',*,*,#2798,.F.);
#2822 = ORIENTED_EDGE('',*,*,#2058,.T.);
#2823 = ORIENTED_EDGE('',*,*,#2824,.T.);
#2824 = EDGE_CURVE('',#2031,#2825,#2827,.T.);
#2825 = VERTEX_POINT('',#2826);
#2826 = CARTESIAN_POINT('',(-32.75,3.275,0.7));
#2827 = SURFACE_CURVE('',#2828,(#2832,#2839),.PCURVE_S1.);
#2828 = LINE('',#2829,#2830);
#2829 = CARTESIAN_POINT('',(-32.75,3.275,0.));
#2830 = VECTOR('',#2831,1.);
#2831 = DIRECTION('',(0.,0.,1.));
#2832 = PCURVE('',#2074,#2833);
#2833 = DEFINITIONAL_REPRESENTATION('',(#2834),#2838);
#2834 = LINE('',#2835,#2836);
#2835 = CARTESIAN_POINT('',(0.,-6.55));
#2836 = VECTOR('',#2837,1.);
#2837 = DIRECTION('',(1.,0.));
#2838 = ( GEOMETRIC_REPRESENTATION_CONTEXT(2) 
PARAMETRIC_REPRESENTATION_CONTEXT() REPRESENTATION_CONTEXT('2D SPACE',''
  ) );
#2839 = PCURVE('',#2046,#2840);
#2840 = DEFINITIONAL_REPRESENTATION('',(#2841),#2845);
#2841 = LINE('',#2842,#2843);
#2842 = CARTESIAN_POINT('',(0.,4.5));
#2843 = VECTOR('',#2844,1.);
#2844 = DIRECTION('',(1.,0.));
#2845 = ( GEOMETRIC_REPRESENTATION_CONTEXT(2) 
PARAMETRIC_REPRESENTATION_CONTEXT() REPRESENTATION_CONTEXT('2D SPACE',''
  ) );
#2846 = ORIENTED_EDGE('',*,*,#2847,.F.);
#2847 = EDGE_CURVE('',#2776,#2825,#2848,.T.);
#2848 = SURFACE_CURVE('',#2849,(#2853,#2860),.PCURVE_S1.);
#2849 = LINE('',#2850,#2851);
#2850 = CARTESIAN_POINT('',(-32.75,-3.275,0.7));
#2851 = VECTOR('',#2852,1.);
#2852 = DIRECTION('',(0.,1.,0.));
#2853 = PCURVE('',#2074,#2854);
#2854 = DEFINITIONAL_REPRESENTATION('',(#2855),#2859);
#2855 = LINE('',#2856,#2857);
#2856 = CARTESIAN_POINT('',(0.7,0.));
#2857 = VECTOR('',#2858,1.);
#2858 = DIRECTION('',(0.,-1.));
#2859 = ( GEOMETRIC_REPRESENTATION_CONTEXT(2) 
PARAMETRIC_REPRESENTATION_CONTEXT() REPRESENTATION_CONTEXT('2D SPACE',''
  ) );
#2860 = PCURVE('',#2758,#2861);
#2861 = DEFINITIONAL_REPRESENTATION('',(#2862),#2866);
#2862 = LINE('',#2863,#2864);
#2863 = CARTESIAN_POINT('',(4.5,0.));
#2864 = VECTOR('',#2865,1.);
#2865 = DIRECTION('',(0.,1.));
#2866 = ( GEOMETRIC_REPRESENTATION_CONTEXT(2) 
PARAMETRIC_REPRESENTATION_CONTEXT() REPRESENTATION_CONTEXT('2D SPACE',''
  ) );
#2867 = ADVANCED_FACE('',(#2868),#2046,.F.);
#2868 = FACE_BOUND('',#2869,.F.);
#2869 = EDGE_LOOP('',(#2870,#2871,#2872,#2893));
#2870 = ORIENTED_EDGE('',*,*,#2030,.F.);
#2871 = ORIENTED_EDGE('',*,*,#2721,.T.);
#2872 = ORIENTED_EDGE('',*,*,#2873,.T.);
#2873 = EDGE_CURVE('',#2722,#2825,#2874,.T.);
#2874 = SURFACE_CURVE('',#2875,(#2879,#2886),.PCURVE_S1.);
#2875 = LINE('',#2876,#2877);
#2876 = CARTESIAN_POINT('',(-37.25,3.275,0.7));
#2877 = VECTOR('',#2878,1.);
#2878 = DIRECTION('',(1.,0.,0.));
#2879 = PCURVE('',#2046,#2880);
#2880 = DEFINITIONAL_REPRESENTATION('',(#2881),#2885);
#2881 = LINE('',#2882,#2883);
#2882 = CARTESIAN_POINT('',(0.7,0.));
#2883 = VECTOR('',#2884,1.);
#2884 = DIRECTION('',(0.,1.));
#2885 = ( GEOMETRIC_REPRESENTATION_CONTEXT(2) 
PARAMETRIC_REPRESENTATION_CONTEXT() REPRESENTATION_CONTEXT('2D SPACE',''
  ) );
#2886 = PCURVE('',#2758,#2887);
#2887 = DEFINITIONAL_REPRESENTATION('',(#2888),#2892);
#2888 = LINE('',#2889,#2890);
#2889 = CARTESIAN_POINT('',(0.,6.55));
#2890 = VECTOR('',#2891,1.);
#2891 = DIRECTION('',(1.,0.));
#2892 = ( GEOMETRIC_REPRESENTATION_CONTEXT(2) 
PARAMETRIC_REPRESENTATION_CONTEXT() REPRESENTATION_CONTEXT('2D SPACE',''
  ) );
#2893 = ORIENTED_EDGE('',*,*,#2824,.F.);
#2894 = ADVANCED_FACE('',(#2895,#2901),#2758,.F.);
#2895 = FACE_BOUND('',#2896,.F.);
#2896 = EDGE_LOOP('',(#2897,#2898,#2899,#2900));
#2897 = ORIENTED_EDGE('',*,*,#2744,.F.);
#2898 = ORIENTED_EDGE('',*,*,#2775,.T.);
#2899 = ORIENTED_EDGE('',*,*,#2847,.T.);
#2900 = ORIENTED_EDGE('',*,*,#2873,.F.);
#2901 = FACE_BOUND('',#2902,.F.);
#2902 = EDGE_LOOP('',(#2903,#2933,#2961,#2989));
#2903 = ORIENTED_EDGE('',*,*,#2904,.F.);
#2904 = EDGE_CURVE('',#2905,#2907,#2909,.T.);
#2905 = VERTEX_POINT('',#2906);
#2906 = CARTESIAN_POINT('',(-37.075,3.1,0.7));
#2907 = VERTEX_POINT('',#2908);
#2908 = CARTESIAN_POINT('',(-37.075,-3.1,0.7));
#2909 = SURFACE_CURVE('',#2910,(#2914,#2921),.PCURVE_S1.);
#2910 = LINE('',#2911,#2912);
#2911 = CARTESIAN_POINT('',(-37.075,-3.1875,0.7));
#2912 = VECTOR('',#2913,1.);
#2913 = DIRECTION('',(0.,-1.,0.));
#2914 = PCURVE('',#2758,#2915);
#2915 = DEFINITIONAL_REPRESENTATION('',(#2916),#2920);
#2916 = LINE('',#2917,#2918);
#2917 = CARTESIAN_POINT('',(0.175,8.75E-02));
#2918 = VECTOR('',#2919,1.);
#2919 = DIRECTION('',(0.,-1.));
#2920 = ( GEOMETRIC_REPRESENTATION_CONTEXT(2) 
PARAMETRIC_REPRESENTATION_CONTEXT() REPRESENTATION_CONTEXT('2D SPACE',''
  ) );
#2921 = PCURVE('',#2922,#2927);
#2922 = PLANE('',#2923);
#2923 = AXIS2_PLACEMENT_3D('',#2924,#2925,#2926);
#2924 = CARTESIAN_POINT('',(-37.075,-3.1,0.));
#2925 = DIRECTION('',(1.,0.,0.));
#2926 = DIRECTION('',(0.,0.,1.));
#2927 = DEFINITIONAL_REPRESENTATION('',(#2928),#2932);
#2928 = LINE('',#2929,#2930);
#2929 = CARTESIAN_POINT('',(0.7,8.75E-02));
#2930 = VECTOR('',#2931,1.);
#2931 = DIRECTION('',(0.,1.));
#2932 = ( GEOMETRIC_REPRESENTATION_CONTEXT(2) 
PARAMETRIC_REPRESENTATION_CONTEXT() REPRESENTATION_CONTEXT('2D SPACE',''
  ) );
#2933 = ORIENTED_EDGE('',*,*,#2934,.T.);
#2934 = EDGE_CURVE('',#2905,#2935,#2937,.T.);
#2935 = VERTEX_POINT('',#2936);
#2936 = CARTESIAN_POINT('',(-32.925,3.1,0.7));
#2937 = SURFACE_CURVE('',#2938,(#2942,#2949),.PCURVE_S1.);
#2938 = LINE('',#2939,#2940);
#2939 = CARTESIAN_POINT('',(-37.1625,3.1,0.7));
#2940 = VECTOR('',#2941,1.);
#2941 = DIRECTION('',(1.,0.,0.));
#2942 = PCURVE('',#2758,#2943);
#2943 = DEFINITIONAL_REPRESENTATION('',(#2944),#2948);
#2944 = LINE('',#2945,#2946);
#2945 = CARTESIAN_POINT('',(8.75E-02,6.375));
#2946 = VECTOR('',#2947,1.);
#2947 = DIRECTION('',(1.,0.));
#2948 = ( GEOMETRIC_REPRESENTATION_CONTEXT(2) 
PARAMETRIC_REPRESENTATION_CONTEXT() REPRESENTATION_CONTEXT('2D SPACE',''
  ) );
#2949 = PCURVE('',#2950,#2955);
#2950 = PLANE('',#2951);
#2951 = AXIS2_PLACEMENT_3D('',#2952,#2953,#2954);
#2952 = CARTESIAN_POINT('',(-37.075,3.1,0.));
#2953 = DIRECTION('',(0.,1.,0.));
#2954 = DIRECTION('',(0.,0.,1.));
#2955 = DEFINITIONAL_REPRESENTATION('',(#2956),#2960);
#2956 = LINE('',#2957,#2958);
#2957 = CARTESIAN_POINT('',(0.7,-8.75E-02));
#2958 = VECTOR('',#2959,1.);
#2959 = DIRECTION('',(0.,1.));
#2960 = ( GEOMETRIC_REPRESENTATION_CONTEXT(2) 
PARAMETRIC_REPRESENTATION_CONTEXT() REPRESENTATION_CONTEXT('2D SPACE',''
  ) );
#2961 = ORIENTED_EDGE('',*,*,#2962,.T.);
#2962 = EDGE_CURVE('',#2935,#2963,#2965,.T.);
#2963 = VERTEX_POINT('',#2964);
#2964 = CARTESIAN_POINT('',(-32.925,-3.1,0.7));
#2965 = SURFACE_CURVE('',#2966,(#2970,#2977),.PCURVE_S1.);
#2966 = LINE('',#2967,#2968);
#2967 = CARTESIAN_POINT('',(-32.925,-3.1875,0.7));
#2968 = VECTOR('',#2969,1.);
#2969 = DIRECTION('',(0.,-1.,0.));
#2970 = PCURVE('',#2758,#2971);
#2971 = DEFINITIONAL_REPRESENTATION('',(#2972),#2976);
#2972 = LINE('',#2973,#2974);
#2973 = CARTESIAN_POINT('',(4.325,8.75E-02));
#2974 = VECTOR('',#2975,1.);
#2975 = DIRECTION('',(0.,-1.));
#2976 = ( GEOMETRIC_REPRESENTATION_CONTEXT(2) 
PARAMETRIC_REPRESENTATION_CONTEXT() REPRESENTATION_CONTEXT('2D SPACE',''
  ) );
#2977 = PCURVE('',#2978,#2983);
#2978 = PLANE('',#2979);
#2979 = AXIS2_PLACEMENT_3D('',#2980,#2981,#2982);
#2980 = CARTESIAN_POINT('',(-32.925,-3.1,0.));
#2981 = DIRECTION('',(1.,0.,0.));
#2982 = DIRECTION('',(0.,0.,1.));
#2983 = DEFINITIONAL_REPRESENTATION('',(#2984),#2988);
#2984 = LINE('',#2985,#2986);
#2985 = CARTESIAN_POINT('',(0.7,8.75E-02));
#2986 = VECTOR('',#2987,1.);
#2987 = DIRECTION('',(0.,1.));
#2988 = ( GEOMETRIC_REPRESENTATION_CONTEXT(2) 
PARAMETRIC_REPRESENTATION_CONTEXT() REPRESENTATION_CONTEXT('2D SPACE',''
  ) );
#2989 = ORIENTED_EDGE('',*,*,#2990,.F.);
#2990 = EDGE_CURVE('',#2907,#2963,#2991,.T.);
#2991 = SURFACE_CURVE('',#2992,(#2996,#3003),.PCURVE_S1.);
#2992 = LINE('',#2993,#2994);
#2993 = CARTESIAN_POINT('',(-37.1625,-3.1,0.7));
#2994 = VECTOR('',#2995,1.);
#2995 = DIRECTION('',(1.,0.,0.));
#2996 = PCURVE('',#2758,#2997);
#2997 = DEFINITIONAL_REPRESENTATION('',(#2998),#3002);
#2998 = LINE('',#2999,#3000);
#2999 = CARTESIAN_POINT('',(8.75E-02,0.175));
#3000 = VECTOR('',#3001,1.);
#3001 = DIRECTION('',(1.,0.));
#3002 = ( GEOMETRIC_REPRESENTATION_CONTEXT(2) 
PARAMETRIC_REPRESENTATION_CONTEXT() REPRESENTATION_CONTEXT('2D SPACE',''
  ) );
#3003 = PCURVE('',#3004,#3009);
#3004 = PLANE('',#3005);
#3005 = AXIS2_PLACEMENT_3D('',#3006,#3007,#3008);
#3006 = CARTESIAN_POINT('',(-37.075,-3.1,0.));
#3007 = DIRECTION('',(0.,1.,0.));
#3008 = DIRECTION('',(0.,0.,1.));
#3009 = DEFINITIONAL_REPRESENTATION('',(#3010),#3014);
#3010 = LINE('',#3011,#3012);
#3011 = CARTESIAN_POINT('',(0.7,-8.75E-02));
#3012 = VECTOR('',#3013,1.);
#3013 = DIRECTION('',(0.,1.));
#3014 = ( GEOMETRIC_REPRESENTATION_CONTEXT(2) 
PARAMETRIC_REPRESENTATION_CONTEXT() REPRESENTATION_CONTEXT('2D SPACE',''
  ) );
#3015 = ADVANCED_FACE('',(#3016),#2922,.T.);
#3016 = FACE_BOUND('',#3017,.T.);
#3017 = EDGE_LOOP('',(#3018,#3041,#3042,#3065));
#3018 = ORIENTED_EDGE('',*,*,#3019,.F.);
#3019 = EDGE_CURVE('',#2907,#3020,#3022,.T.);
#3020 = VERTEX_POINT('',#3021);
#3021 = CARTESIAN_POINT('',(-37.075,-3.1,4.));
#3022 = SURFACE_CURVE('',#3023,(#3027,#3034),.PCURVE_S1.);
#3023 = LINE('',#3024,#3025);
#3024 = CARTESIAN_POINT('',(-37.075,-3.1,0.));
#3025 = VECTOR('',#3026,1.);
#3026 = DIRECTION('',(0.,0.,1.));
#3027 = PCURVE('',#2922,#3028);
#3028 = DEFINITIONAL_REPRESENTATION('',(#3029),#3033);
#3029 = LINE('',#3030,#3031);
#3030 = CARTESIAN_POINT('',(0.,0.));
#3031 = VECTOR('',#3032,1.);
#3032 = DIRECTION('',(1.,0.));
#3033 = ( GEOMETRIC_REPRESENTATION_CONTEXT(2) 
PARAMETRIC_REPRESENTATION_CONTEXT() REPRESENTATION_CONTEXT('2D SPACE',''
  ) );
#3034 = PCURVE('',#3004,#3035);
#3035 = DEFINITIONAL_REPRESENTATION('',(#3036),#3040);
#3036 = LINE('',#3037,#3038);
#3037 = CARTESIAN_POINT('',(0.,0.));
#3038 = VECTOR('',#3039,1.);
#3039 = DIRECTION('',(1.,0.));
#3040 = ( GEOMETRIC_REPRESENTATION_CONTEXT(2) 
PARAMETRIC_REPRESENTATION_CONTEXT() REPRESENTATION_CONTEXT('2D SPACE',''
  ) );
#3041 = ORIENTED_EDGE('',*,*,#2904,.F.);
#3042 = ORIENTED_EDGE('',*,*,#3043,.T.);
#3043 = EDGE_CURVE('',#2905,#3044,#3046,.T.);
#3044 = VERTEX_POINT('',#3045);
#3045 = CARTESIAN_POINT('',(-37.075,3.1,4.));
#3046 = SURFACE_CURVE('',#3047,(#3051,#3058),.PCURVE_S1.);
#3047 = LINE('',#3048,#3049);
#3048 = CARTESIAN_POINT('',(-37.075,3.1,0.));
#3049 = VECTOR('',#3050,1.);
#3050 = DIRECTION('',(0.,0.,1.));
#3051 = PCURVE('',#2922,#3052);
#3052 = DEFINITIONAL_REPRESENTATION('',(#3053),#3057);
#3053 = LINE('',#3054,#3055);
#3054 = CARTESIAN_POINT('',(0.,-6.2));
#3055 = VECTOR('',#3056,1.);
#3056 = DIRECTION('',(1.,0.));
#3057 = ( GEOMETRIC_REPRESENTATION_CONTEXT(2) 
PARAMETRIC_REPRESENTATION_CONTEXT() REPRESENTATION_CONTEXT('2D SPACE',''
  ) );
#3058 = PCURVE('',#2950,#3059);
#3059 = DEFINITIONAL_REPRESENTATION('',(#3060),#3064);
#3060 = LINE('',#3061,#3062);
#3061 = CARTESIAN_POINT('',(0.,0.));
#3062 = VECTOR('',#3063,1.);
#3063 = DIRECTION('',(1.,0.));
#3064 = ( GEOMETRIC_REPRESENTATION_CONTEXT(2) 
PARAMETRIC_REPRESENTATION_CONTEXT() REPRESENTATION_CONTEXT('2D SPACE',''
  ) );
#3065 = ORIENTED_EDGE('',*,*,#3066,.T.);
#3066 = EDGE_CURVE('',#3044,#3020,#3067,.T.);
#3067 = SURFACE_CURVE('',#3068,(#3072,#3079),.PCURVE_S1.);
#3068 = LINE('',#3069,#3070);
#3069 = CARTESIAN_POINT('',(-37.075,-3.1,4.));
#3070 = VECTOR('',#3071,1.);
#3071 = DIRECTION('',(0.,-1.,0.));
#3072 = PCURVE('',#2922,#3073);
#3073 = DEFINITIONAL_REPRESENTATION('',(#3074),#3078);
#3074 = LINE('',#3075,#3076);
#3075 = CARTESIAN_POINT('',(4.,0.));
#3076 = VECTOR('',#3077,1.);
#3077 = DIRECTION('',(0.,1.));
#3078 = ( GEOMETRIC_REPRESENTATION_CONTEXT(2) 
PARAMETRIC_REPRESENTATION_CONTEXT() REPRESENTATION_CONTEXT('2D SPACE',''
  ) );
#3079 = PCURVE('',#3080,#3085);
#3080 = PLANE('',#3081);
#3081 = AXIS2_PLACEMENT_3D('',#3082,#3083,#3084);
#3082 = CARTESIAN_POINT('',(-37.3,-3.1,4.));
#3083 = DIRECTION('',(0.,0.,1.));
#3084 = DIRECTION('',(1.,0.,0.));
#3085 = DEFINITIONAL_REPRESENTATION('',(#3086),#3090);
#3086 = LINE('',#3087,#3088);
#3087 = CARTESIAN_POINT('',(0.225,0.));
#3088 = VECTOR('',#3089,1.);
#3089 = DIRECTION('',(0.,-1.));
#3090 = ( GEOMETRIC_REPRESENTATION_CONTEXT(2) 
PARAMETRIC_REPRESENTATION_CONTEXT() REPRESENTATION_CONTEXT('2D SPACE',''
  ) );
#3091 = ADVANCED_FACE('',(#3092),#3004,.T.);
#3092 = FACE_BOUND('',#3093,.T.);
#3093 = EDGE_LOOP('',(#3094,#3117,#3118,#3119,#3142,#3170,#3198,#3226));
#3094 = ORIENTED_EDGE('',*,*,#3095,.F.);
#3095 = EDGE_CURVE('',#2963,#3096,#3098,.T.);
#3096 = VERTEX_POINT('',#3097);
#3097 = CARTESIAN_POINT('',(-32.925,-3.1,4.));
#3098 = SURFACE_CURVE('',#3099,(#3103,#3110),.PCURVE_S1.);
#3099 = LINE('',#3100,#3101);
#3100 = CARTESIAN_POINT('',(-32.925,-3.1,0.));
#3101 = VECTOR('',#3102,1.);
#3102 = DIRECTION('',(0.,0.,1.));
#3103 = PCURVE('',#3004,#3104);
#3104 = DEFINITIONAL_REPRESENTATION('',(#3105),#3109);
#3105 = LINE('',#3106,#3107);
#3106 = CARTESIAN_POINT('',(0.,4.15));
#3107 = VECTOR('',#3108,1.);
#3108 = DIRECTION('',(1.,0.));
#3109 = ( GEOMETRIC_REPRESENTATION_CONTEXT(2) 
PARAMETRIC_REPRESENTATION_CONTEXT() REPRESENTATION_CONTEXT('2D SPACE',''
  ) );
#3110 = PCURVE('',#2978,#3111);
#3111 = DEFINITIONAL_REPRESENTATION('',(#3112),#3116);
#3112 = LINE('',#3113,#3114);
#3113 = CARTESIAN_POINT('',(0.,0.));
#3114 = VECTOR('',#3115,1.);
#3115 = DIRECTION('',(1.,0.));
#3116 = ( GEOMETRIC_REPRESENTATION_CONTEXT(2) 
PARAMETRIC_REPRESENTATION_CONTEXT() REPRESENTATION_CONTEXT('2D SPACE',''
  ) );
#3117 = ORIENTED_EDGE('',*,*,#2990,.F.);
#3118 = ORIENTED_EDGE('',*,*,#3019,.T.);
#3119 = ORIENTED_EDGE('',*,*,#3120,.F.);
#3120 = EDGE_CURVE('',#3121,#3020,#3123,.T.);
#3121 = VERTEX_POINT('',#3122);
#3122 = CARTESIAN_POINT('',(-37.3,-3.1,4.));
#3123 = SURFACE_CURVE('',#3124,(#3128,#3135),.PCURVE_S1.);
#3124 = LINE('',#3125,#3126);
#3125 = CARTESIAN_POINT('',(-37.3,-3.1,4.));
#3126 = VECTOR('',#3127,1.);
#3127 = DIRECTION('',(1.,0.,0.));
#3128 = PCURVE('',#3004,#3129);
#3129 = DEFINITIONAL_REPRESENTATION('',(#3130),#3134);
#3130 = LINE('',#3131,#3132);
#3131 = CARTESIAN_POINT('',(4.,-0.225));
#3132 = VECTOR('',#3133,1.);
#3133 = DIRECTION('',(0.,1.));
#3134 = ( GEOMETRIC_REPRESENTATION_CONTEXT(2) 
PARAMETRIC_REPRESENTATION_CONTEXT() REPRESENTATION_CONTEXT('2D SPACE',''
  ) );
#3135 = PCURVE('',#3080,#3136);
#3136 = DEFINITIONAL_REPRESENTATION('',(#3137),#3141);
#3137 = LINE('',#3138,#3139);
#3138 = CARTESIAN_POINT('',(0.,0.));
#3139 = VECTOR('',#3140,1.);
#3140 = DIRECTION('',(1.,0.));
#3141 = ( GEOMETRIC_REPRESENTATION_CONTEXT(2) 
PARAMETRIC_REPRESENTATION_CONTEXT() REPRESENTATION_CONTEXT('2D SPACE',''
  ) );
#3142 = ORIENTED_EDGE('',*,*,#3143,.T.);
#3143 = EDGE_CURVE('',#3121,#3144,#3146,.T.);
#3144 = VERTEX_POINT('',#3145);
#3145 = CARTESIAN_POINT('',(-37.3,-3.1,6.2));
#3146 = SURFACE_CURVE('',#3147,(#3151,#3158),.PCURVE_S1.);
#3147 = LINE('',#3148,#3149);
#3148 = CARTESIAN_POINT('',(-37.3,-3.1,4.));
#3149 = VECTOR('',#3150,1.);
#3150 = DIRECTION('',(0.,0.,1.));
#3151 = PCURVE('',#3004,#3152);
#3152 = DEFINITIONAL_REPRESENTATION('',(#3153),#3157);
#3153 = LINE('',#3154,#3155);
#3154 = CARTESIAN_POINT('',(4.,-0.225));
#3155 = VECTOR('',#3156,1.);
#3156 = DIRECTION('',(1.,0.));
#3157 = ( GEOMETRIC_REPRESENTATION_CONTEXT(2) 
PARAMETRIC_REPRESENTATION_CONTEXT() REPRESENTATION_CONTEXT('2D SPACE',''
  ) );
#3158 = PCURVE('',#3159,#3164);
#3159 = PLANE('',#3160);
#3160 = AXIS2_PLACEMENT_3D('',#3161,#3162,#3163);
#3161 = CARTESIAN_POINT('',(-37.3,-3.1,4.));
#3162 = DIRECTION('',(1.,0.,0.));
#3163 = DIRECTION('',(0.,0.,1.));
#3164 = DEFINITIONAL_REPRESENTATION('',(#3165),#3169);
#3165 = LINE('',#3166,#3167);
#3166 = CARTESIAN_POINT('',(0.,0.));
#3167 = VECTOR('',#3168,1.);
#3168 = DIRECTION('',(1.,0.));
#3169 = ( GEOMETRIC_REPRESENTATION_CONTEXT(2) 
PARAMETRIC_REPRESENTATION_CONTEXT() REPRESENTATION_CONTEXT('2D SPACE',''
  ) );
#3170 = ORIENTED_EDGE('',*,*,#3171,.F.);
#3171 = EDGE_CURVE('',#3172,#3144,#3174,.T.);
#3172 = VERTEX_POINT('',#3173);
#3173 = CARTESIAN_POINT('',(-32.7,-3.1,6.2));
#3174 = SURFACE_CURVE('',#3175,(#3179,#3186),.PCURVE_S1.);
#3175 = LINE('',#3176,#3177);
#3176 = CARTESIAN_POINT('',(-32.7,-3.1,6.2));
#3177 = VECTOR('',#3178,1.);
#3178 = DIRECTION('',(-1.,0.,0.));
#3179 = PCURVE('',#3004,#3180);
#3180 = DEFINITIONAL_REPRESENTATION('',(#3181),#3185);
#3181 = LINE('',#3182,#3183);
#3182 = CARTESIAN_POINT('',(6.2,4.375));
#3183 = VECTOR('',#3184,1.);
#3184 = DIRECTION('',(0.,-1.));
#3185 = ( GEOMETRIC_REPRESENTATION_CONTEXT(2) 
PARAMETRIC_REPRESENTATION_CONTEXT() REPRESENTATION_CONTEXT('2D SPACE',''
  ) );
#3186 = PCURVE('',#3187,#3192);
#3187 = PLANE('',#3188);
#3188 = AXIS2_PLACEMENT_3D('',#3189,#3190,#3191);
#3189 = CARTESIAN_POINT('',(-37.075,-3.1,6.2));
#3190 = DIRECTION('',(0.,0.,1.));
#3191 = DIRECTION('',(1.,0.,0.));
#3192 = DEFINITIONAL_REPRESENTATION('',(#3193),#3197);
#3193 = LINE('',#3194,#3195);
#3194 = CARTESIAN_POINT('',(4.375,0.));
#3195 = VECTOR('',#3196,1.);
#3196 = DIRECTION('',(-1.,0.));
#3197 = ( GEOMETRIC_REPRESENTATION_CONTEXT(2) 
PARAMETRIC_REPRESENTATION_CONTEXT() REPRESENTATION_CONTEXT('2D SPACE',''
  ) );
#3198 = ORIENTED_EDGE('',*,*,#3199,.F.);
#3199 = EDGE_CURVE('',#3200,#3172,#3202,.T.);
#3200 = VERTEX_POINT('',#3201);
#3201 = CARTESIAN_POINT('',(-32.7,-3.1,4.));
#3202 = SURFACE_CURVE('',#3203,(#3207,#3214),.PCURVE_S1.);
#3203 = LINE('',#3204,#3205);
#3204 = CARTESIAN_POINT('',(-32.7,-3.1,4.));
#3205 = VECTOR('',#3206,1.);
#3206 = DIRECTION('',(0.,0.,1.));
#3207 = PCURVE('',#3004,#3208);
#3208 = DEFINITIONAL_REPRESENTATION('',(#3209),#3213);
#3209 = LINE('',#3210,#3211);
#3210 = CARTESIAN_POINT('',(4.,4.375));
#3211 = VECTOR('',#3212,1.);
#3212 = DIRECTION('',(1.,0.));
#3213 = ( GEOMETRIC_REPRESENTATION_CONTEXT(2) 
PARAMETRIC_REPRESENTATION_CONTEXT() REPRESENTATION_CONTEXT('2D SPACE',''
  ) );
#3214 = PCURVE('',#3215,#3220);
#3215 = PLANE('',#3216);
#3216 = AXIS2_PLACEMENT_3D('',#3217,#3218,#3219);
#3217 = CARTESIAN_POINT('',(-32.7,-3.1,4.));
#3218 = DIRECTION('',(1.,0.,0.));
#3219 = DIRECTION('',(0.,0.,1.));
#3220 = DEFINITIONAL_REPRESENTATION('',(#3221),#3225);
#3221 = LINE('',#3222,#3223);
#3222 = CARTESIAN_POINT('',(0.,0.));
#3223 = VECTOR('',#3224,1.);
#3224 = DIRECTION('',(1.,0.));
#3225 = ( GEOMETRIC_REPRESENTATION_CONTEXT(2) 
PARAMETRIC_REPRESENTATION_CONTEXT() REPRESENTATION_CONTEXT('2D SPACE',''
  ) );
#3226 = ORIENTED_EDGE('',*,*,#3227,.F.);
#3227 = EDGE_CURVE('',#3096,#3200,#3228,.T.);
#3228 = SURFACE_CURVE('',#3229,(#3233,#3240),.PCURVE_S1.);
#3229 = LINE('',#3230,#3231);
#3230 = CARTESIAN_POINT('',(-37.3,-3.1,4.));
#3231 = VECTOR('',#3232,1.);
#3232 = DIRECTION('',(1.,0.,0.));
#3233 = PCURVE('',#3004,#3234);
#3234 = DEFINITIONAL_REPRESENTATION('',(#3235),#3239);
#3235 = LINE('',#3236,#3237);
#3236 = CARTESIAN_POINT('',(4.,-0.225));
#3237 = VECTOR('',#3238,1.);
#3238 = DIRECTION('',(0.,1.));
#3239 = ( GEOMETRIC_REPRESENTATION_CONTEXT(2) 
PARAMETRIC_REPRESENTATION_CONTEXT() REPRESENTATION_CONTEXT('2D SPACE',''
  ) );
#3240 = PCURVE('',#3241,#3246);
#3241 = PLANE('',#3242);
#3242 = AXIS2_PLACEMENT_3D('',#3243,#3244,#3245);
#3243 = CARTESIAN_POINT('',(-37.3,-3.1,4.));
#3244 = DIRECTION('',(0.,0.,1.));
#3245 = DIRECTION('',(1.,0.,0.));
#3246 = DEFINITIONAL_REPRESENTATION('',(#3247),#3251);
#3247 = LINE('',#3248,#3249);
#3248 = CARTESIAN_POINT('',(0.,0.));
#3249 = VECTOR('',#3250,1.);
#3250 = DIRECTION('',(1.,0.));
#3251 = ( GEOMETRIC_REPRESENTATION_CONTEXT(2) 
PARAMETRIC_REPRESENTATION_CONTEXT() REPRESENTATION_CONTEXT('2D SPACE',''
  ) );
#3252 = ADVANCED_FACE('',(#3253),#2978,.F.);
#3253 = FACE_BOUND('',#3254,.F.);
#3254 = EDGE_LOOP('',(#3255,#3256,#3257,#3280));
#3255 = ORIENTED_EDGE('',*,*,#3095,.F.);
#3256 = ORIENTED_EDGE('',*,*,#2962,.F.);
#3257 = ORIENTED_EDGE('',*,*,#3258,.T.);
#3258 = EDGE_CURVE('',#2935,#3259,#3261,.T.);
#3259 = VERTEX_POINT('',#3260);
#3260 = CARTESIAN_POINT('',(-32.925,3.1,4.));
#3261 = SURFACE_CURVE('',#3262,(#3266,#3273),.PCURVE_S1.);
#3262 = LINE('',#3263,#3264);
#3263 = CARTESIAN_POINT('',(-32.925,3.1,0.));
#3264 = VECTOR('',#3265,1.);
#3265 = DIRECTION('',(0.,0.,1.));
#3266 = PCURVE('',#2978,#3267);
#3267 = DEFINITIONAL_REPRESENTATION('',(#3268),#3272);
#3268 = LINE('',#3269,#3270);
#3269 = CARTESIAN_POINT('',(0.,-6.2));
#3270 = VECTOR('',#3271,1.);
#3271 = DIRECTION('',(1.,0.));
#3272 = ( GEOMETRIC_REPRESENTATION_CONTEXT(2) 
PARAMETRIC_REPRESENTATION_CONTEXT() REPRESENTATION_CONTEXT('2D SPACE',''
  ) );
#3273 = PCURVE('',#2950,#3274);
#3274 = DEFINITIONAL_REPRESENTATION('',(#3275),#3279);
#3275 = LINE('',#3276,#3277);
#3276 = CARTESIAN_POINT('',(0.,4.15));
#3277 = VECTOR('',#3278,1.);
#3278 = DIRECTION('',(1.,0.));
#3279 = ( GEOMETRIC_REPRESENTATION_CONTEXT(2) 
PARAMETRIC_REPRESENTATION_CONTEXT() REPRESENTATION_CONTEXT('2D SPACE',''
  ) );
#3280 = ORIENTED_EDGE('',*,*,#3281,.T.);
#3281 = EDGE_CURVE('',#3259,#3096,#3282,.T.);
#3282 = SURFACE_CURVE('',#3283,(#3287,#3294),.PCURVE_S1.);
#3283 = LINE('',#3284,#3285);
#3284 = CARTESIAN_POINT('',(-32.925,-3.1,4.));
#3285 = VECTOR('',#3286,1.);
#3286 = DIRECTION('',(0.,-1.,0.));
#3287 = PCURVE('',#2978,#3288);
#3288 = DEFINITIONAL_REPRESENTATION('',(#3289),#3293);
#3289 = LINE('',#3290,#3291);
#3290 = CARTESIAN_POINT('',(4.,0.));
#3291 = VECTOR('',#3292,1.);
#3292 = DIRECTION('',(0.,1.));
#3293 = ( GEOMETRIC_REPRESENTATION_CONTEXT(2) 
PARAMETRIC_REPRESENTATION_CONTEXT() REPRESENTATION_CONTEXT('2D SPACE',''
  ) );
#3294 = PCURVE('',#3241,#3295);
#3295 = DEFINITIONAL_REPRESENTATION('',(#3296),#3300);
#3296 = LINE('',#3297,#3298);
#3297 = CARTESIAN_POINT('',(4.375,0.));
#3298 = VECTOR('',#3299,1.);
#3299 = DIRECTION('',(0.,-1.));
#3300 = ( GEOMETRIC_REPRESENTATION_CONTEXT(2) 
PARAMETRIC_REPRESENTATION_CONTEXT() REPRESENTATION_CONTEXT('2D SPACE',''
  ) );
#3301 = ADVANCED_FACE('',(#3302),#2950,.F.);
#3302 = FACE_BOUND('',#3303,.F.);
#3303 = EDGE_LOOP('',(#3304,#3305,#3306,#3307,#3330,#3353,#3376,#3399));
#3304 = ORIENTED_EDGE('',*,*,#3258,.F.);
#3305 = ORIENTED_EDGE('',*,*,#2934,.F.);
#3306 = ORIENTED_EDGE('',*,*,#3043,.T.);
#3307 = ORIENTED_EDGE('',*,*,#3308,.F.);
#3308 = EDGE_CURVE('',#3309,#3044,#3311,.T.);
#3309 = VERTEX_POINT('',#3310);
#3310 = CARTESIAN_POINT('',(-37.3,3.1,4.));
#3311 = SURFACE_CURVE('',#3312,(#3316,#3323),.PCURVE_S1.);
#3312 = LINE('',#3313,#3314);
#3313 = CARTESIAN_POINT('',(-37.3,3.1,4.));
#3314 = VECTOR('',#3315,1.);
#3315 = DIRECTION('',(1.,0.,0.));
#3316 = PCURVE('',#2950,#3317);
#3317 = DEFINITIONAL_REPRESENTATION('',(#3318),#3322);
#3318 = LINE('',#3319,#3320);
#3319 = CARTESIAN_POINT('',(4.,-0.225));
#3320 = VECTOR('',#3321,1.);
#3321 = DIRECTION('',(0.,1.));
#3322 = ( GEOMETRIC_REPRESENTATION_CONTEXT(2) 
PARAMETRIC_REPRESENTATION_CONTEXT() REPRESENTATION_CONTEXT('2D SPACE',''
  ) );
#3323 = PCURVE('',#3080,#3324);
#3324 = DEFINITIONAL_REPRESENTATION('',(#3325),#3329);
#3325 = LINE('',#3326,#3327);
#3326 = CARTESIAN_POINT('',(0.,6.2));
#3327 = VECTOR('',#3328,1.);
#3328 = DIRECTION('',(1.,0.));
#3329 = ( GEOMETRIC_REPRESENTATION_CONTEXT(2) 
PARAMETRIC_REPRESENTATION_CONTEXT() REPRESENTATION_CONTEXT('2D SPACE',''
  ) );
#3330 = ORIENTED_EDGE('',*,*,#3331,.T.);
#3331 = EDGE_CURVE('',#3309,#3332,#3334,.T.);
#3332 = VERTEX_POINT('',#3333);
#3333 = CARTESIAN_POINT('',(-37.3,3.1,6.2));
#3334 = SURFACE_CURVE('',#3335,(#3339,#3346),.PCURVE_S1.);
#3335 = LINE('',#3336,#3337);
#3336 = CARTESIAN_POINT('',(-37.3,3.1,4.));
#3337 = VECTOR('',#3338,1.);
#3338 = DIRECTION('',(0.,0.,1.));
#3339 = PCURVE('',#2950,#3340);
#3340 = DEFINITIONAL_REPRESENTATION('',(#3341),#3345);
#3341 = LINE('',#3342,#3343);
#3342 = CARTESIAN_POINT('',(4.,-0.225));
#3343 = VECTOR('',#3344,1.);
#3344 = DIRECTION('',(1.,0.));
#3345 = ( GEOMETRIC_REPRESENTATION_CONTEXT(2) 
PARAMETRIC_REPRESENTATION_CONTEXT() REPRESENTATION_CONTEXT('2D SPACE',''
  ) );
#3346 = PCURVE('',#3159,#3347);
#3347 = DEFINITIONAL_REPRESENTATION('',(#3348),#3352);
#3348 = LINE('',#3349,#3350);
#3349 = CARTESIAN_POINT('',(0.,-6.2));
#3350 = VECTOR('',#3351,1.);
#3351 = DIRECTION('',(1.,0.));
#3352 = ( GEOMETRIC_REPRESENTATION_CONTEXT(2) 
PARAMETRIC_REPRESENTATION_CONTEXT() REPRESENTATION_CONTEXT('2D SPACE',''
  ) );
#3353 = ORIENTED_EDGE('',*,*,#3354,.T.);
#3354 = EDGE_CURVE('',#3332,#3355,#3357,.T.);
#3355 = VERTEX_POINT('',#3356);
#3356 = CARTESIAN_POINT('',(-32.7,3.1,6.2));
#3357 = SURFACE_CURVE('',#3358,(#3362,#3369),.PCURVE_S1.);
#3358 = LINE('',#3359,#3360);
#3359 = CARTESIAN_POINT('',(-37.3,3.1,6.2));
#3360 = VECTOR('',#3361,1.);
#3361 = DIRECTION('',(1.,0.,0.));
#3362 = PCURVE('',#2950,#3363);
#3363 = DEFINITIONAL_REPRESENTATION('',(#3364),#3368);
#3364 = LINE('',#3365,#3366);
#3365 = CARTESIAN_POINT('',(6.2,-0.225));
#3366 = VECTOR('',#3367,1.);
#3367 = DIRECTION('',(0.,1.));
#3368 = ( GEOMETRIC_REPRESENTATION_CONTEXT(2) 
PARAMETRIC_REPRESENTATION_CONTEXT() REPRESENTATION_CONTEXT('2D SPACE',''
  ) );
#3369 = PCURVE('',#3187,#3370);
#3370 = DEFINITIONAL_REPRESENTATION('',(#3371),#3375);
#3371 = LINE('',#3372,#3373);
#3372 = CARTESIAN_POINT('',(-0.225,6.2));
#3373 = VECTOR('',#3374,1.);
#3374 = DIRECTION('',(1.,0.));
#3375 = ( GEOMETRIC_REPRESENTATION_CONTEXT(2) 
PARAMETRIC_REPRESENTATION_CONTEXT() REPRESENTATION_CONTEXT('2D SPACE',''
  ) );
#3376 = ORIENTED_EDGE('',*,*,#3377,.F.);
#3377 = EDGE_CURVE('',#3378,#3355,#3380,.T.);
#3378 = VERTEX_POINT('',#3379);
#3379 = CARTESIAN_POINT('',(-32.7,3.1,4.));
#3380 = SURFACE_CURVE('',#3381,(#3385,#3392),.PCURVE_S1.);
#3381 = LINE('',#3382,#3383);
#3382 = CARTESIAN_POINT('',(-32.7,3.1,4.));
#3383 = VECTOR('',#3384,1.);
#3384 = DIRECTION('',(0.,0.,1.));
#3385 = PCURVE('',#2950,#3386);
#3386 = DEFINITIONAL_REPRESENTATION('',(#3387),#3391);
#3387 = LINE('',#3388,#3389);
#3388 = CARTESIAN_POINT('',(4.,4.375));
#3389 = VECTOR('',#3390,1.);
#3390 = DIRECTION('',(1.,0.));
#3391 = ( GEOMETRIC_REPRESENTATION_CONTEXT(2) 
PARAMETRIC_REPRESENTATION_CONTEXT() REPRESENTATION_CONTEXT('2D SPACE',''
  ) );
#3392 = PCURVE('',#3215,#3393);
#3393 = DEFINITIONAL_REPRESENTATION('',(#3394),#3398);
#3394 = LINE('',#3395,#3396);
#3395 = CARTESIAN_POINT('',(0.,-6.2));
#3396 = VECTOR('',#3397,1.);
#3397 = DIRECTION('',(1.,0.));
#3398 = ( GEOMETRIC_REPRESENTATION_CONTEXT(2) 
PARAMETRIC_REPRESENTATION_CONTEXT() REPRESENTATION_CONTEXT('2D SPACE',''
  ) );
#3399 = ORIENTED_EDGE('',*,*,#3400,.F.);
#3400 = EDGE_CURVE('',#3259,#3378,#3401,.T.);
#3401 = SURFACE_CURVE('',#3402,(#3406,#3413),.PCURVE_S1.);
#3402 = LINE('',#3403,#3404);
#3403 = CARTESIAN_POINT('',(-37.3,3.1,4.));
#3404 = VECTOR('',#3405,1.);
#3405 = DIRECTION('',(1.,0.,0.));
#3406 = PCURVE('',#2950,#3407);
#3407 = DEFINITIONAL_REPRESENTATION('',(#3408),#3412);
#3408 = LINE('',#3409,#3410);
#3409 = CARTESIAN_POINT('',(4.,-0.225));
#3410 = VECTOR('',#3411,1.);
#3411 = DIRECTION('',(0.,1.));
#3412 = ( GEOMETRIC_REPRESENTATION_CONTEXT(2) 
PARAMETRIC_REPRESENTATION_CONTEXT() REPRESENTATION_CONTEXT('2D SPACE',''
  ) );
#3413 = PCURVE('',#3241,#3414);
#3414 = DEFINITIONAL_REPRESENTATION('',(#3415),#3419);
#3415 = LINE('',#3416,#3417);
#3416 = CARTESIAN_POINT('',(0.,6.2));
#3417 = VECTOR('',#3418,1.);
#3418 = DIRECTION('',(1.,0.));
#3419 = ( GEOMETRIC_REPRESENTATION_CONTEXT(2) 
PARAMETRIC_REPRESENTATION_CONTEXT() REPRESENTATION_CONTEXT('2D SPACE',''
  ) );
#3420 = ADVANCED_FACE('',(#3421),#3080,.T.);
#3421 = FACE_BOUND('',#3422,.T.);
#3422 = EDGE_LOOP('',(#3423,#3424,#3445,#3446));
#3423 = ORIENTED_EDGE('',*,*,#3308,.F.);
#3424 = ORIENTED_EDGE('',*,*,#3425,.F.);
#3425 = EDGE_CURVE('',#3121,#3309,#3426,.T.);
#3426 = SURFACE_CURVE('',#3427,(#3431,#3438),.PCURVE_S1.);
#3427 = LINE('',#3428,#3429);
#3428 = CARTESIAN_POINT('',(-37.3,-3.1,4.));
#3429 = VECTOR('',#3430,1.);
#3430 = DIRECTION('',(0.,1.,0.));
#3431 = PCURVE('',#3080,#3432);
#3432 = DEFINITIONAL_REPRESENTATION('',(#3433),#3437);
#3433 = LINE('',#3434,#3435);
#3434 = CARTESIAN_POINT('',(0.,0.));
#3435 = VECTOR('',#3436,1.);
#3436 = DIRECTION('',(0.,1.));
#3437 = ( GEOMETRIC_REPRESENTATION_CONTEXT(2) 
PARAMETRIC_REPRESENTATION_CONTEXT() REPRESENTATION_CONTEXT('2D SPACE',''
  ) );
#3438 = PCURVE('',#3159,#3439);
#3439 = DEFINITIONAL_REPRESENTATION('',(#3440),#3444);
#3440 = LINE('',#3441,#3442);
#3441 = CARTESIAN_POINT('',(0.,0.));
#3442 = VECTOR('',#3443,1.);
#3443 = DIRECTION('',(0.,-1.));
#3444 = ( GEOMETRIC_REPRESENTATION_CONTEXT(2) 
PARAMETRIC_REPRESENTATION_CONTEXT() REPRESENTATION_CONTEXT('2D SPACE',''
  ) );
#3445 = ORIENTED_EDGE('',*,*,#3120,.T.);
#3446 = ORIENTED_EDGE('',*,*,#3066,.F.);
#3447 = ADVANCED_FACE('',(#3448),#3241,.T.);
#3448 = FACE_BOUND('',#3449,.T.);
#3449 = EDGE_LOOP('',(#3450,#3451,#3452,#3453));
#3450 = ORIENTED_EDGE('',*,*,#3400,.F.);
#3451 = ORIENTED_EDGE('',*,*,#3281,.T.);
#3452 = ORIENTED_EDGE('',*,*,#3227,.T.);
#3453 = ORIENTED_EDGE('',*,*,#3454,.T.);
#3454 = EDGE_CURVE('',#3200,#3378,#3455,.T.);
#3455 = SURFACE_CURVE('',#3456,(#3460,#3467),.PCURVE_S1.);
#3456 = LINE('',#3457,#3458);
#3457 = CARTESIAN_POINT('',(-32.7,-3.1,4.));
#3458 = VECTOR('',#3459,1.);
#3459 = DIRECTION('',(0.,1.,0.));
#3460 = PCURVE('',#3241,#3461);
#3461 = DEFINITIONAL_REPRESENTATION('',(#3462),#3466);
#3462 = LINE('',#3463,#3464);
#3463 = CARTESIAN_POINT('',(4.6,0.));
#3464 = VECTOR('',#3465,1.);
#3465 = DIRECTION('',(0.,1.));
#3466 = ( GEOMETRIC_REPRESENTATION_CONTEXT(2) 
PARAMETRIC_REPRESENTATION_CONTEXT() REPRESENTATION_CONTEXT('2D SPACE',''
  ) );
#3467 = PCURVE('',#3215,#3468);
#3468 = DEFINITIONAL_REPRESENTATION('',(#3469),#3473);
#3469 = LINE('',#3470,#3471);
#3470 = CARTESIAN_POINT('',(0.,0.));
#3471 = VECTOR('',#3472,1.);
#3472 = DIRECTION('',(0.,-1.));
#3473 = ( GEOMETRIC_REPRESENTATION_CONTEXT(2) 
PARAMETRIC_REPRESENTATION_CONTEXT() REPRESENTATION_CONTEXT('2D SPACE',''
  ) );
#3474 = ADVANCED_FACE('',(#3475),#3215,.F.);
#3475 = FACE_BOUND('',#3476,.F.);
#3476 = EDGE_LOOP('',(#3477,#3478,#3479,#3480));
#3477 = ORIENTED_EDGE('',*,*,#3199,.F.);
#3478 = ORIENTED_EDGE('',*,*,#3454,.T.);
#3479 = ORIENTED_EDGE('',*,*,#3377,.T.);
#3480 = ORIENTED_EDGE('',*,*,#3481,.F.);
#3481 = EDGE_CURVE('',#3172,#3355,#3482,.T.);
#3482 = SURFACE_CURVE('',#3483,(#3487,#3494),.PCURVE_S1.);
#3483 = LINE('',#3484,#3485);
#3484 = CARTESIAN_POINT('',(-32.7,-3.1,6.2));
#3485 = VECTOR('',#3486,1.);
#3486 = DIRECTION('',(0.,1.,0.));
#3487 = PCURVE('',#3215,#3488);
#3488 = DEFINITIONAL_REPRESENTATION('',(#3489),#3493);
#3489 = LINE('',#3490,#3491);
#3490 = CARTESIAN_POINT('',(2.2,0.));
#3491 = VECTOR('',#3492,1.);
#3492 = DIRECTION('',(0.,-1.));
#3493 = ( GEOMETRIC_REPRESENTATION_CONTEXT(2) 
PARAMETRIC_REPRESENTATION_CONTEXT() REPRESENTATION_CONTEXT('2D SPACE',''
  ) );
#3494 = PCURVE('',#3187,#3495);
#3495 = DEFINITIONAL_REPRESENTATION('',(#3496),#3500);
#3496 = LINE('',#3497,#3498);
#3497 = CARTESIAN_POINT('',(4.375,0.));
#3498 = VECTOR('',#3499,1.);
#3499 = DIRECTION('',(0.,1.));
#3500 = ( GEOMETRIC_REPRESENTATION_CONTEXT(2) 
PARAMETRIC_REPRESENTATION_CONTEXT() REPRESENTATION_CONTEXT('2D SPACE',''
  ) );
#3501 = ADVANCED_FACE('',(#3502),#3187,.F.);
#3502 = FACE_BOUND('',#3503,.F.);
#3503 = EDGE_LOOP('',(#3504,#3505,#3526,#3527));
#3504 = ORIENTED_EDGE('',*,*,#3354,.F.);
#3505 = ORIENTED_EDGE('',*,*,#3506,.F.);
#3506 = EDGE_CURVE('',#3144,#3332,#3507,.T.);
#3507 = SURFACE_CURVE('',#3508,(#3512,#3519),.PCURVE_S1.);
#3508 = LINE('',#3509,#3510);
#3509 = CARTESIAN_POINT('',(-37.3,-3.1,6.2));
#3510 = VECTOR('',#3511,1.);
#3511 = DIRECTION('',(0.,1.,0.));
#3512 = PCURVE('',#3187,#3513);
#3513 = DEFINITIONAL_REPRESENTATION('',(#3514),#3518);
#3514 = LINE('',#3515,#3516);
#3515 = CARTESIAN_POINT('',(-0.225,0.));
#3516 = VECTOR('',#3517,1.);
#3517 = DIRECTION('',(0.,1.));
#3518 = ( GEOMETRIC_REPRESENTATION_CONTEXT(2) 
PARAMETRIC_REPRESENTATION_CONTEXT() REPRESENTATION_CONTEXT('2D SPACE',''
  ) );
#3519 = PCURVE('',#3159,#3520);
#3520 = DEFINITIONAL_REPRESENTATION('',(#3521),#3525);
#3521 = LINE('',#3522,#3523);
#3522 = CARTESIAN_POINT('',(2.2,0.));
#3523 = VECTOR('',#3524,1.);
#3524 = DIRECTION('',(0.,-1.));
#3525 = ( GEOMETRIC_REPRESENTATION_CONTEXT(2) 
PARAMETRIC_REPRESENTATION_CONTEXT() REPRESENTATION_CONTEXT('2D SPACE',''
  ) );
#3526 = ORIENTED_EDGE('',*,*,#3171,.F.);
#3527 = ORIENTED_EDGE('',*,*,#3481,.T.);
#3528 = ADVANCED_FACE('',(#3529),#3159,.T.);
#3529 = FACE_BOUND('',#3530,.T.);
#3530 = EDGE_LOOP('',(#3531,#3532,#3533,#3534));
#3531 = ORIENTED_EDGE('',*,*,#3143,.F.);
#3532 = ORIENTED_EDGE('',*,*,#3425,.T.);
#3533 = ORIENTED_EDGE('',*,*,#3331,.T.);
#3534 = ORIENTED_EDGE('',*,*,#3506,.F.);
#3535 = ( GEOMETRIC_REPRESENTATION_CONTEXT(3) 
GLOBAL_UNCERTAINTY_ASSIGNED_CONTEXT((#3539)) 
GLOBAL_UNIT_ASSIGNED_CONTEXT((#3536,#3537,#3538)) REPRESENTATION_CONTEXT
('Context #1','3D Context with UNIT and UNCERTAINTY') );
#3536 = ( LENGTH_UNIT() NAMED_UNIT(*) SI_UNIT(.MILLI.,.METRE.) );
#3537 = ( NAMED_UNIT(*) PLANE_ANGLE_UNIT() SI_UNIT($,.RADIAN.) );
#3538 = ( NAMED_UNIT(*) SI_UNIT($,.STERADIAN.) SOLID_ANGLE_UNIT() );
#3539 = UNCERTAINTY_MEASURE_WITH_UNIT(LENGTH_MEASURE(1.E-07),#3536,
  'distance_accuracy_value','confusion accuracy');
#3540 = CONTEXT_DEPENDENT_SHAPE_REPRESENTATION(#3541,#3543);
#3541 = ( REPRESENTATION_RELATIONSHIP('','',#40,#10) 
REPRESENTATION_RELATIONSHIP_WITH_TRANSFORMATION(#3542) 
SHAPE_REPRESENTATION_RELATIONSHIP() );
#3542 = ITEM_DEFINED_TRANSFORMATION('','',#11,#15);
#3543 = PRODUCT_DEFINITION_SHAPE('Placement','Placement of an item',
  #3544);
#3544 = NEXT_ASSEMBLY_USAGE_OCCURRENCE('4','','',#5,#35,$);
#3545 = PRODUCT_RELATED_PRODUCT_CATEGORY('part',$,(#37));
#3546 = SHAPE_DEFINITION_REPRESENTATION(#3547,#3553);
#3547 = PRODUCT_DEFINITION_SHAPE('','',#3548);
#3548 = PRODUCT_DEFINITION('design','',#3549,#3552);
#3549 = PRODUCT_DEFINITION_FORMATION('','',#3550);
#3550 = PRODUCT('Open CASCADE STEP translator 7.8 2.2',
  'Open CASCADE STEP translator 7.8 2.2','',(#3551));
#3551 = PRODUCT_CONTEXT('',#2,'mechanical');
#3552 = PRODUCT_DEFINITION_CONTEXT('part definition',#2,'design');
#3553 = ADVANCED_BREP_SHAPE_REPRESENTATION('',(#11,#3554),#7048);
#3554 = MANIFOLD_SOLID_BREP('',#3555);
#3555 = CLOSED_SHELL('',(#3556,#3900,#4150,#4199,#4452,#4501,#4754,#4803
    ,#5056,#5105,#5308,#5362,#5624,#5651,#5678,#5705,#5732,#5759,#5874,
    #5901,#5908,#5935,#5962,#5989,#5996,#6023,#6050,#6077,#6084,#6111,
    #6138,#6165,#6172,#6199,#6206,#6282,#6331,#6380,#6407,#6528,#6604,
    #6765,#6814,#6933,#6960,#6987,#7014,#7041));
#3556 = ADVANCED_FACE('',(#3557),#3571,.F.);
#3557 = FACE_BOUND('',#3558,.F.);
#3558 = EDGE_LOOP('',(#3559,#3594,#3622,#3650,#3678,#3706,#3734,#3762,
    #3790,#3818,#3846,#3874));
#3559 = ORIENTED_EDGE('',*,*,#3560,.F.);
#3560 = EDGE_CURVE('',#3561,#3563,#3565,.T.);
#3561 = VERTEX_POINT('',#3562);
#3562 = CARTESIAN_POINT('',(-15.5,-30.,8.));
#3563 = VERTEX_POINT('',#3564);
#3564 = CARTESIAN_POINT('',(-15.5,-27.,8.));
#3565 = SURFACE_CURVE('',#3566,(#3570,#3582),.PCURVE_S1.);
#3566 = LINE('',#3567,#3568);
#3567 = CARTESIAN_POINT('',(-15.5,-32.,8.));
#3568 = VECTOR('',#3569,1.);
#3569 = DIRECTION('',(0.,1.,0.));
#3570 = PCURVE('',#3571,#3576);
#3571 = PLANE('',#3572);
#3572 = AXIS2_PLACEMENT_3D('',#3573,#3574,#3575);
#3573 = CARTESIAN_POINT('',(-15.5,-32.,0.));
#3574 = DIRECTION('',(1.,0.,0.));
#3575 = DIRECTION('',(0.,0.,1.));
#3576 = DEFINITIONAL_REPRESENTATION('',(#3577),#3581);
#3577 = LINE('',#3578,#3579);
#3578 = CARTESIAN_POINT('',(8.,0.));
#3579 = VECTOR('',#3580,1.);
#3580 = DIRECTION('',(0.,-1.));
#3581 = ( GEOMETRIC_REPRESENTATION_CONTEXT(2) 
PARAMETRIC_REPRESENTATION_CONTEXT() REPRESENTATION_CONTEXT('2D SPACE',''
  ) );
#3582 = PCURVE('',#3583,#3588);
#3583 = PLANE('',#3584);
#3584 = AXIS2_PLACEMENT_3D('',#3585,#3586,#3587);
#3585 = CARTESIAN_POINT('',(-15.5,-32.,8.));
#3586 = DIRECTION('',(0.,0.,1.));
#3587 = DIRECTION('',(1.,0.,0.));
#3588 = DEFINITIONAL_REPRESENTATION('',(#3589),#3593);
#3589 = LINE('',#3590,#3591);
#3590 = CARTESIAN_POINT('',(0.,0.));
#3591 = VECTOR('',#3592,1.);
#3592 = DIRECTION('',(0.,1.));
#3593 = ( GEOMETRIC_REPRESENTATION_CONTEXT(2) 
PARAMETRIC_REPRESENTATION_CONTEXT() REPRESENTATION_CONTEXT('2D SPACE',''
  ) );
#3594 = ORIENTED_EDGE('',*,*,#3595,.F.);
#3595 = EDGE_CURVE('',#3596,#3561,#3598,.T.);
#3596 = VERTEX_POINT('',#3597);
#3597 = CARTESIAN_POINT('',(-15.5,-30.,0.));
#3598 = SURFACE_CURVE('',#3599,(#3603,#3610),.PCURVE_S1.);
#3599 = LINE('',#3600,#3601);
#3600 = CARTESIAN_POINT('',(-15.5,-30.,0.));
#3601 = VECTOR('',#3602,1.);
#3602 = DIRECTION('',(0.,0.,1.));
#3603 = PCURVE('',#3571,#3604);
#3604 = DEFINITIONAL_REPRESENTATION('',(#3605),#3609);
#3605 = LINE('',#3606,#3607);
#3606 = CARTESIAN_POINT('',(0.,-2.));
#3607 = VECTOR('',#3608,1.);
#3608 = DIRECTION('',(1.,0.));
#3609 = ( GEOMETRIC_REPRESENTATION_CONTEXT(2) 
PARAMETRIC_REPRESENTATION_CONTEXT() REPRESENTATION_CONTEXT('2D SPACE',''
  ) );
#3610 = PCURVE('',#3611,#3616);
#3611 = CYLINDRICAL_SURFACE('',#3612,2.);
#3612 = AXIS2_PLACEMENT_3D('',#3613,#3614,#3615);
#3613 = CARTESIAN_POINT('',(-13.5,-30.,0.));
#3614 = DIRECTION('',(0.,0.,1.));
#3615 = DIRECTION('',(-1.,-0.,0.));
#3616 = DEFINITIONAL_REPRESENTATION('',(#3617),#3621);
#3617 = LINE('',#3618,#3619);
#3618 = CARTESIAN_POINT('',(0.,0.));
#3619 = VECTOR('',#3620,1.);
#3620 = DIRECTION('',(0.,1.));
#3621 = ( GEOMETRIC_REPRESENTATION_CONTEXT(2) 
PARAMETRIC_REPRESENTATION_CONTEXT() REPRESENTATION_CONTEXT('2D SPACE',''
  ) );
#3622 = ORIENTED_EDGE('',*,*,#3623,.T.);
#3623 = EDGE_CURVE('',#3596,#3624,#3626,.T.);
#3624 = VERTEX_POINT('',#3625);
#3625 = CARTESIAN_POINT('',(-15.5,30.,0.));
#3626 = SURFACE_CURVE('',#3627,(#3631,#3638),.PCURVE_S1.);
#3627 = LINE('',#3628,#3629);
#3628 = CARTESIAN_POINT('',(-15.5,-32.,0.));
#3629 = VECTOR('',#3630,1.);
#3630 = DIRECTION('',(0.,1.,0.));
#3631 = PCURVE('',#3571,#3632);
#3632 = DEFINITIONAL_REPRESENTATION('',(#3633),#3637);
#3633 = LINE('',#3634,#3635);
#3634 = CARTESIAN_POINT('',(0.,0.));
#3635 = VECTOR('',#3636,1.);
#3636 = DIRECTION('',(0.,-1.));
#3637 = ( GEOMETRIC_REPRESENTATION_CONTEXT(2) 
PARAMETRIC_REPRESENTATION_CONTEXT() REPRESENTATION_CONTEXT('2D SPACE',''
  ) );
#3638 = PCURVE('',#3639,#3644);
#3639 = PLANE('',#3640);
#3640 = AXIS2_PLACEMENT_3D('',#3641,#3642,#3643);
#3641 = CARTESIAN_POINT('',(-15.5,-32.,0.));
#3642 = DIRECTION('',(0.,0.,1.));
#3643 = DIRECTION('',(1.,0.,0.));
#3644 = DEFINITIONAL_REPRESENTATION('',(#3645),#3649);
#3645 = LINE('',#3646,#3647);
#3646 = CARTESIAN_POINT('',(0.,0.));
#3647 = VECTOR('',#3648,1.);
#3648 = DIRECTION('',(0.,1.));
#3649 = ( GEOMETRIC_REPRESENTATION_CONTEXT(2) 
PARAMETRIC_REPRESENTATION_CONTEXT() REPRESENTATION_CONTEXT('2D SPACE',''
  ) );
#3650 = ORIENTED_EDGE('',*,*,#3651,.T.);
#3651 = EDGE_CURVE('',#3624,#3652,#3654,.T.);
#3652 = VERTEX_POINT('',#3653);
#3653 = CARTESIAN_POINT('',(-15.5,30.,8.));
#3654 = SURFACE_CURVE('',#3655,(#3659,#3666),.PCURVE_S1.);
#3655 = LINE('',#3656,#3657);
#3656 = CARTESIAN_POINT('',(-15.5,30.,0.));
#3657 = VECTOR('',#3658,1.);
#3658 = DIRECTION('',(0.,0.,1.));
#3659 = PCURVE('',#3571,#3660);
#3660 = DEFINITIONAL_REPRESENTATION('',(#3661),#3665);
#3661 = LINE('',#3662,#3663);
#3662 = CARTESIAN_POINT('',(0.,-62.));
#3663 = VECTOR('',#3664,1.);
#3664 = DIRECTION('',(1.,0.));
#3665 = ( GEOMETRIC_REPRESENTATION_CONTEXT(2) 
PARAMETRIC_REPRESENTATION_CONTEXT() REPRESENTATION_CONTEXT('2D SPACE',''
  ) );
#3666 = PCURVE('',#3667,#3672);
#3667 = CYLINDRICAL_SURFACE('',#3668,2.);
#3668 = AXIS2_PLACEMENT_3D('',#3669,#3670,#3671);
#3669 = CARTESIAN_POINT('',(-13.5,30.,0.));
#3670 = DIRECTION('',(0.,0.,1.));
#3671 = DIRECTION('',(-1.,-0.,0.));
#3672 = DEFINITIONAL_REPRESENTATION('',(#3673),#3677);
#3673 = LINE('',#3674,#3675);
#3674 = CARTESIAN_POINT('',(-0.,0.));
#3675 = VECTOR('',#3676,1.);
#3676 = DIRECTION('',(-0.,1.));
#3677 = ( GEOMETRIC_REPRESENTATION_CONTEXT(2) 
PARAMETRIC_REPRESENTATION_CONTEXT() REPRESENTATION_CONTEXT('2D SPACE',''
  ) );
#3678 = ORIENTED_EDGE('',*,*,#3679,.F.);
#3679 = EDGE_CURVE('',#3680,#3652,#3682,.T.);
#3680 = VERTEX_POINT('',#3681);
#3681 = CARTESIAN_POINT('',(-15.5,27.,8.));
#3682 = SURFACE_CURVE('',#3683,(#3687,#3694),.PCURVE_S1.);
#3683 = LINE('',#3684,#3685);
#3684 = CARTESIAN_POINT('',(-15.5,-32.,8.));
#3685 = VECTOR('',#3686,1.);
#3686 = DIRECTION('',(0.,1.,0.));
#3687 = PCURVE('',#3571,#3688);
#3688 = DEFINITIONAL_REPRESENTATION('',(#3689),#3693);
#3689 = LINE('',#3690,#3691);
#3690 = CARTESIAN_POINT('',(8.,0.));
#3691 = VECTOR('',#3692,1.);
#3692 = DIRECTION('',(0.,-1.));
#3693 = ( GEOMETRIC_REPRESENTATION_CONTEXT(2) 
PARAMETRIC_REPRESENTATION_CONTEXT() REPRESENTATION_CONTEXT('2D SPACE',''
  ) );
#3694 = PCURVE('',#3695,#3700);
#3695 = PLANE('',#3696);
#3696 = AXIS2_PLACEMENT_3D('',#3697,#3698,#3699);
#3697 = CARTESIAN_POINT('',(-15.5,-32.,8.));
#3698 = DIRECTION('',(0.,0.,1.));
#3699 = DIRECTION('',(1.,0.,0.));
#3700 = DEFINITIONAL_REPRESENTATION('',(#3701),#3705);
#3701 = LINE('',#3702,#3703);
#3702 = CARTESIAN_POINT('',(0.,0.));
#3703 = VECTOR('',#3704,1.);
#3704 = DIRECTION('',(0.,1.));
#3705 = ( GEOMETRIC_REPRESENTATION_CONTEXT(2) 
PARAMETRIC_REPRESENTATION_CONTEXT() REPRESENTATION_CONTEXT('2D SPACE',''
  ) );
#3706 = ORIENTED_EDGE('',*,*,#3707,.F.);
#3707 = EDGE_CURVE('',#3708,#3680,#3710,.T.);
#3708 = VERTEX_POINT('',#3709);
#3709 = CARTESIAN_POINT('',(-15.5,27.,2.5));
#3710 = SURFACE_CURVE('',#3711,(#3715,#3722),.PCURVE_S1.);
#3711 = LINE('',#3712,#3713);
#3712 = CARTESIAN_POINT('',(-15.5,27.,1.25));
#3713 = VECTOR('',#3714,1.);
#3714 = DIRECTION('',(0.,0.,1.));
#3715 = PCURVE('',#3571,#3716);
#3716 = DEFINITIONAL_REPRESENTATION('',(#3717),#3721);
#3717 = LINE('',#3718,#3719);
#3718 = CARTESIAN_POINT('',(1.25,-59.));
#3719 = VECTOR('',#3720,1.);
#3720 = DIRECTION('',(1.,0.));
#3721 = ( GEOMETRIC_REPRESENTATION_CONTEXT(2) 
PARAMETRIC_REPRESENTATION_CONTEXT() REPRESENTATION_CONTEXT('2D SPACE',''
  ) );
#3722 = PCURVE('',#3723,#3728);
#3723 = PLANE('',#3724);
#3724 = AXIS2_PLACEMENT_3D('',#3725,#3726,#3727);
#3725 = CARTESIAN_POINT('',(-17.,27.,2.5));
#3726 = DIRECTION('',(0.,1.,0.));
#3727 = DIRECTION('',(0.,0.,1.));
#3728 = DEFINITIONAL_REPRESENTATION('',(#3729),#3733);
#3729 = LINE('',#3730,#3731);
#3730 = CARTESIAN_POINT('',(-1.25,1.5));
#3731 = VECTOR('',#3732,1.);
#3732 = DIRECTION('',(1.,0.));
#3733 = ( GEOMETRIC_REPRESENTATION_CONTEXT(2) 
PARAMETRIC_REPRESENTATION_CONTEXT() REPRESENTATION_CONTEXT('2D SPACE',''
  ) );
#3734 = ORIENTED_EDGE('',*,*,#3735,.T.);
#3735 = EDGE_CURVE('',#3708,#3736,#3738,.T.);
#3736 = VERTEX_POINT('',#3737);
#3737 = CARTESIAN_POINT('',(-15.5,13.,2.5));
#3738 = SURFACE_CURVE('',#3739,(#3743,#3750),.PCURVE_S1.);
#3739 = LINE('',#3740,#3741);
#3740 = CARTESIAN_POINT('',(-15.5,-9.5,2.5));
#3741 = VECTOR('',#3742,1.);
#3742 = DIRECTION('',(0.,-1.,0.));
#3743 = PCURVE('',#3571,#3744);
#3744 = DEFINITIONAL_REPRESENTATION('',(#3745),#3749);
#3745 = LINE('',#3746,#3747);
#3746 = CARTESIAN_POINT('',(2.5,-22.5));
#3747 = VECTOR('',#3748,1.);
#3748 = DIRECTION('',(0.,1.));
#3749 = ( GEOMETRIC_REPRESENTATION_CONTEXT(2) 
PARAMETRIC_REPRESENTATION_CONTEXT() REPRESENTATION_CONTEXT('2D SPACE',''
  ) );
#3750 = PCURVE('',#3751,#3756);
#3751 = PLANE('',#3752);
#3752 = AXIS2_PLACEMENT_3D('',#3753,#3754,#3755);
#3753 = CARTESIAN_POINT('',(-17.,13.,2.5));
#3754 = DIRECTION('',(0.,0.,1.));
#3755 = DIRECTION('',(1.,0.,0.));
#3756 = DEFINITIONAL_REPRESENTATION('',(#3757),#3761);
#3757 = LINE('',#3758,#3759);
#3758 = CARTESIAN_POINT('',(1.5,-22.5));
#3759 = VECTOR('',#3760,1.);
#3760 = DIRECTION('',(0.,-1.));
#3761 = ( GEOMETRIC_REPRESENTATION_CONTEXT(2) 
PARAMETRIC_REPRESENTATION_CONTEXT() REPRESENTATION_CONTEXT('2D SPACE',''
  ) );
#3762 = ORIENTED_EDGE('',*,*,#3763,.T.);
#3763 = EDGE_CURVE('',#3736,#3764,#3766,.T.);
#3764 = VERTEX_POINT('',#3765);
#3765 = CARTESIAN_POINT('',(-15.5,13.,8.));
#3766 = SURFACE_CURVE('',#3767,(#3771,#3778),.PCURVE_S1.);
#3767 = LINE('',#3768,#3769);
#3768 = CARTESIAN_POINT('',(-15.5,13.,1.25));
#3769 = VECTOR('',#3770,1.);
#3770 = DIRECTION('',(0.,0.,1.));
#3771 = PCURVE('',#3571,#3772);
#3772 = DEFINITIONAL_REPRESENTATION('',(#3773),#3777);
#3773 = LINE('',#3774,#3775);
#3774 = CARTESIAN_POINT('',(1.25,-45.));
#3775 = VECTOR('',#3776,1.);
#3776 = DIRECTION('',(1.,0.));
#3777 = ( GEOMETRIC_REPRESENTATION_CONTEXT(2) 
PARAMETRIC_REPRESENTATION_CONTEXT() REPRESENTATION_CONTEXT('2D SPACE',''
  ) );
#3778 = PCURVE('',#3779,#3784);
#3779 = PLANE('',#3780);
#3780 = AXIS2_PLACEMENT_3D('',#3781,#3782,#3783);
#3781 = CARTESIAN_POINT('',(-17.,13.,2.5));
#3782 = DIRECTION('',(0.,1.,0.));
#3783 = DIRECTION('',(0.,0.,1.));
#3784 = DEFINITIONAL_REPRESENTATION('',(#3785),#3789);
#3785 = LINE('',#3786,#3787);
#3786 = CARTESIAN_POINT('',(-1.25,1.5));
#3787 = VECTOR('',#3788,1.);
#3788 = DIRECTION('',(1.,0.));
#3789 = ( GEOMETRIC_REPRESENTATION_CONTEXT(2) 
PARAMETRIC_REPRESENTATION_CONTEXT() REPRESENTATION_CONTEXT('2D SPACE',''
  ) );
#3790 = ORIENTED_EDGE('',*,*,#3791,.F.);
#3791 = EDGE_CURVE('',#3792,#3764,#3794,.T.);
#3792 = VERTEX_POINT('',#3793);
#3793 = CARTESIAN_POINT('',(-15.5,-13.,8.));
#3794 = SURFACE_CURVE('',#3795,(#3799,#3806),.PCURVE_S1.);
#3795 = LINE('',#3796,#3797);
#3796 = CARTESIAN_POINT('',(-15.5,-32.,8.));
#3797 = VECTOR('',#3798,1.);
#3798 = DIRECTION('',(0.,1.,0.));
#3799 = PCURVE('',#3571,#3800);
#3800 = DEFINITIONAL_REPRESENTATION('',(#3801),#3805);
#3801 = LINE('',#3802,#3803);
#3802 = CARTESIAN_POINT('',(8.,0.));
#3803 = VECTOR('',#3804,1.);
#3804 = DIRECTION('',(0.,-1.));
#3805 = ( GEOMETRIC_REPRESENTATION_CONTEXT(2) 
PARAMETRIC_REPRESENTATION_CONTEXT() REPRESENTATION_CONTEXT('2D SPACE',''
  ) );
#3806 = PCURVE('',#3807,#3812);
#3807 = PLANE('',#3808);
#3808 = AXIS2_PLACEMENT_3D('',#3809,#3810,#3811);
#3809 = CARTESIAN_POINT('',(-15.5,-32.,8.));
#3810 = DIRECTION('',(0.,0.,1.));
#3811 = DIRECTION('',(1.,0.,0.));
#3812 = DEFINITIONAL_REPRESENTATION('',(#3813),#3817);
#3813 = LINE('',#3814,#3815);
#3814 = CARTESIAN_POINT('',(0.,0.));
#3815 = VECTOR('',#3816,1.);
#3816 = DIRECTION('',(0.,1.));
#3817 = ( GEOMETRIC_REPRESENTATION_CONTEXT(2) 
PARAMETRIC_REPRESENTATION_CONTEXT() REPRESENTATION_CONTEXT('2D SPACE',''
  ) );
#3818 = ORIENTED_EDGE('',*,*,#3819,.F.);
#3819 = EDGE_CURVE('',#3820,#3792,#3822,.T.);
#3820 = VERTEX_POINT('',#3821);
#3821 = CARTESIAN_POINT('',(-15.5,-13.,2.5));
#3822 = SURFACE_CURVE('',#3823,(#3827,#3834),.PCURVE_S1.);
#3823 = LINE('',#3824,#3825);
#3824 = CARTESIAN_POINT('',(-15.5,-13.,1.25));
#3825 = VECTOR('',#3826,1.);
#3826 = DIRECTION('',(0.,0.,1.));
#3827 = PCURVE('',#3571,#3828);
#3828 = DEFINITIONAL_REPRESENTATION('',(#3829),#3833);
#3829 = LINE('',#3830,#3831);
#3830 = CARTESIAN_POINT('',(1.25,-19.));
#3831 = VECTOR('',#3832,1.);
#3832 = DIRECTION('',(1.,0.));
#3833 = ( GEOMETRIC_REPRESENTATION_CONTEXT(2) 
PARAMETRIC_REPRESENTATION_CONTEXT() REPRESENTATION_CONTEXT('2D SPACE',''
  ) );
#3834 = PCURVE('',#3835,#3840);
#3835 = PLANE('',#3836);
#3836 = AXIS2_PLACEMENT_3D('',#3837,#3838,#3839);
#3837 = CARTESIAN_POINT('',(-17.,-13.,2.5));
#3838 = DIRECTION('',(0.,1.,0.));
#3839 = DIRECTION('',(0.,0.,1.));
#3840 = DEFINITIONAL_REPRESENTATION('',(#3841),#3845);
#3841 = LINE('',#3842,#3843);
#3842 = CARTESIAN_POINT('',(-1.25,1.5));
#3843 = VECTOR('',#3844,1.);
#3844 = DIRECTION('',(1.,0.));
#3845 = ( GEOMETRIC_REPRESENTATION_CONTEXT(2) 
PARAMETRIC_REPRESENTATION_CONTEXT() REPRESENTATION_CONTEXT('2D SPACE',''
  ) );
#3846 = ORIENTED_EDGE('',*,*,#3847,.T.);
#3847 = EDGE_CURVE('',#3820,#3848,#3850,.T.);
#3848 = VERTEX_POINT('',#3849);
#3849 = CARTESIAN_POINT('',(-15.5,-27.,2.5));
#3850 = SURFACE_CURVE('',#3851,(#3855,#3862),.PCURVE_S1.);
#3851 = LINE('',#3852,#3853);
#3852 = CARTESIAN_POINT('',(-15.5,-29.5,2.5));
#3853 = VECTOR('',#3854,1.);
#3854 = DIRECTION('',(0.,-1.,0.));
#3855 = PCURVE('',#3571,#3856);
#3856 = DEFINITIONAL_REPRESENTATION('',(#3857),#3861);
#3857 = LINE('',#3858,#3859);
#3858 = CARTESIAN_POINT('',(2.5,-2.5));
#3859 = VECTOR('',#3860,1.);
#3860 = DIRECTION('',(0.,1.));
#3861 = ( GEOMETRIC_REPRESENTATION_CONTEXT(2) 
PARAMETRIC_REPRESENTATION_CONTEXT() REPRESENTATION_CONTEXT('2D SPACE',''
  ) );
#3862 = PCURVE('',#3863,#3868);
#3863 = PLANE('',#3864);
#3864 = AXIS2_PLACEMENT_3D('',#3865,#3866,#3867);
#3865 = CARTESIAN_POINT('',(-17.,-27.,2.5));
#3866 = DIRECTION('',(0.,0.,1.));
#3867 = DIRECTION('',(1.,0.,0.));
#3868 = DEFINITIONAL_REPRESENTATION('',(#3869),#3873);
#3869 = LINE('',#3870,#3871);
#3870 = CARTESIAN_POINT('',(1.5,-2.5));
#3871 = VECTOR('',#3872,1.);
#3872 = DIRECTION('',(0.,-1.));
#3873 = ( GEOMETRIC_REPRESENTATION_CONTEXT(2) 
PARAMETRIC_REPRESENTATION_CONTEXT() REPRESENTATION_CONTEXT('2D SPACE',''
  ) );
#3874 = ORIENTED_EDGE('',*,*,#3875,.T.);
#3875 = EDGE_CURVE('',#3848,#3563,#3876,.T.);
#3876 = SURFACE_CURVE('',#3877,(#3881,#3888),.PCURVE_S1.);
#3877 = LINE('',#3878,#3879);
#3878 = CARTESIAN_POINT('',(-15.5,-27.,1.25));
#3879 = VECTOR('',#3880,1.);
#3880 = DIRECTION('',(0.,0.,1.));
#3881 = PCURVE('',#3571,#3882);
#3882 = DEFINITIONAL_REPRESENTATION('',(#3883),#3887);
#3883 = LINE('',#3884,#3885);
#3884 = CARTESIAN_POINT('',(1.25,-5.));
#3885 = VECTOR('',#3886,1.);
#3886 = DIRECTION('',(1.,0.));
#3887 = ( GEOMETRIC_REPRESENTATION_CONTEXT(2) 
PARAMETRIC_REPRESENTATION_CONTEXT() REPRESENTATION_CONTEXT('2D SPACE',''
  ) );
#3888 = PCURVE('',#3889,#3894);
#3889 = PLANE('',#3890);
#3890 = AXIS2_PLACEMENT_3D('',#3891,#3892,#3893);
#3891 = CARTESIAN_POINT('',(-17.,-27.,2.5));
#3892 = DIRECTION('',(0.,1.,0.));
#3893 = DIRECTION('',(0.,0.,1.));
#3894 = DEFINITIONAL_REPRESENTATION('',(#3895),#3899);
#3895 = LINE('',#3896,#3897);
#3896 = CARTESIAN_POINT('',(-1.25,1.5));
#3897 = VECTOR('',#3898,1.);
#3898 = DIRECTION('',(1.,0.));
#3899 = ( GEOMETRIC_REPRESENTATION_CONTEXT(2) 
PARAMETRIC_REPRESENTATION_CONTEXT() REPRESENTATION_CONTEXT('2D SPACE',''
  ) );
#3900 = ADVANCED_FACE('',(#3901),#3583,.T.);
#3901 = FACE_BOUND('',#3902,.T.);
#3902 = EDGE_LOOP('',(#3903,#3904,#3928,#3956,#3989,#4017,#4045,#4073,
    #4101,#4129));
#3903 = ORIENTED_EDGE('',*,*,#3560,.F.);
#3904 = ORIENTED_EDGE('',*,*,#3905,.T.);
#3905 = EDGE_CURVE('',#3561,#3906,#3908,.T.);
#3906 = VERTEX_POINT('',#3907);
#3907 = CARTESIAN_POINT('',(-13.5,-32.,8.));
#3908 = SURFACE_CURVE('',#3909,(#3914,#3921),.PCURVE_S1.);
#3909 = CIRCLE('',#3910,2.);
#3910 = AXIS2_PLACEMENT_3D('',#3911,#3912,#3913);
#3911 = CARTESIAN_POINT('',(-13.5,-30.,8.));
#3912 = DIRECTION('',(0.,0.,1.));
#3913 = DIRECTION('',(0.,-1.,0.));
#3914 = PCURVE('',#3583,#3915);
#3915 = DEFINITIONAL_REPRESENTATION('',(#3916),#3920);
#3916 = CIRCLE('',#3917,2.);
#3917 = AXIS2_PLACEMENT_2D('',#3918,#3919);
#3918 = CARTESIAN_POINT('',(2.,2.));
#3919 = DIRECTION('',(0.,-1.));
#3920 = ( GEOMETRIC_REPRESENTATION_CONTEXT(2) 
PARAMETRIC_REPRESENTATION_CONTEXT() REPRESENTATION_CONTEXT('2D SPACE',''
  ) );
#3921 = PCURVE('',#3611,#3922);
#3922 = DEFINITIONAL_REPRESENTATION('',(#3923),#3927);
#3923 = LINE('',#3924,#3925);
#3924 = CARTESIAN_POINT('',(-4.712388980385,8.));
#3925 = VECTOR('',#3926,1.);
#3926 = DIRECTION('',(1.,0.));
#3927 = ( GEOMETRIC_REPRESENTATION_CONTEXT(2) 
PARAMETRIC_REPRESENTATION_CONTEXT() REPRESENTATION_CONTEXT('2D SPACE',''
  ) );
#3928 = ORIENTED_EDGE('',*,*,#3929,.T.);
#3929 = EDGE_CURVE('',#3906,#3930,#3932,.T.);
#3930 = VERTEX_POINT('',#3931);
#3931 = CARTESIAN_POINT('',(13.5,-32.,8.));
#3932 = SURFACE_CURVE('',#3933,(#3937,#3944),.PCURVE_S1.);
#3933 = LINE('',#3934,#3935);
#3934 = CARTESIAN_POINT('',(-15.5,-32.,8.));
#3935 = VECTOR('',#3936,1.);
#3936 = DIRECTION('',(1.,0.,0.));
#3937 = PCURVE('',#3583,#3938);
#3938 = DEFINITIONAL_REPRESENTATION('',(#3939),#3943);
#3939 = LINE('',#3940,#3941);
#3940 = CARTESIAN_POINT('',(0.,0.));
#3941 = VECTOR('',#3942,1.);
#3942 = DIRECTION('',(1.,0.));
#3943 = ( GEOMETRIC_REPRESENTATION_CONTEXT(2) 
PARAMETRIC_REPRESENTATION_CONTEXT() REPRESENTATION_CONTEXT('2D SPACE',''
  ) );
#3944 = PCURVE('',#3945,#3950);
#3945 = PLANE('',#3946);
#3946 = AXIS2_PLACEMENT_3D('',#3947,#3948,#3949);
#3947 = CARTESIAN_POINT('',(-15.5,-32.,0.));
#3948 = DIRECTION('',(0.,1.,0.));
#3949 = DIRECTION('',(0.,0.,1.));
#3950 = DEFINITIONAL_REPRESENTATION('',(#3951),#3955);
#3951 = LINE('',#3952,#3953);
#3952 = CARTESIAN_POINT('',(8.,0.));
#3953 = VECTOR('',#3954,1.);
#3954 = DIRECTION('',(0.,1.));
#3955 = ( GEOMETRIC_REPRESENTATION_CONTEXT(2) 
PARAMETRIC_REPRESENTATION_CONTEXT() REPRESENTATION_CONTEXT('2D SPACE',''
  ) );
#3956 = ORIENTED_EDGE('',*,*,#3957,.F.);
#3957 = EDGE_CURVE('',#3958,#3930,#3960,.T.);
#3958 = VERTEX_POINT('',#3959);
#3959 = CARTESIAN_POINT('',(15.5,-30.,8.));
#3960 = SURFACE_CURVE('',#3961,(#3966,#3977),.PCURVE_S1.);
#3961 = CIRCLE('',#3962,2.);
#3962 = AXIS2_PLACEMENT_3D('',#3963,#3964,#3965);
#3963 = CARTESIAN_POINT('',(13.5,-30.,8.));
#3964 = DIRECTION('',(-0.,-0.,-1.));
#3965 = DIRECTION('',(0.,-1.,0.));
#3966 = PCURVE('',#3583,#3967);
#3967 = DEFINITIONAL_REPRESENTATION('',(#3968),#3976);
#3968 = ( BOUNDED_CURVE() B_SPLINE_CURVE(2,(#3969,#3970,#3971,#3972,
#3973,#3974,#3975),.UNSPECIFIED.,.T.,.F.) B_SPLINE_CURVE_WITH_KNOTS((1,2
    ,2,2,2,1),(-2.094395102393,0.,2.094395102393,4.188790204786,
6.28318530718,8.377580409573),.UNSPECIFIED.) CURVE() 
GEOMETRIC_REPRESENTATION_ITEM() RATIONAL_B_SPLINE_CURVE((1.,0.5,1.,0.5,
1.,0.5,1.)) REPRESENTATION_ITEM('') );
#3969 = CARTESIAN_POINT('',(29.,0.));
#3970 = CARTESIAN_POINT('',(25.535898384862,0.));
#3971 = CARTESIAN_POINT('',(27.267949192431,3.));
#3972 = CARTESIAN_POINT('',(29.,6.));
#3973 = CARTESIAN_POINT('',(30.732050807569,3.));
#3974 = CARTESIAN_POINT('',(32.464101615138,3.10862446895E-15));
#3975 = CARTESIAN_POINT('',(29.,0.));
#3976 = ( GEOMETRIC_REPRESENTATION_CONTEXT(2) 
PARAMETRIC_REPRESENTATION_CONTEXT() REPRESENTATION_CONTEXT('2D SPACE',''
  ) );
#3977 = PCURVE('',#3978,#3983);
#3978 = CYLINDRICAL_SURFACE('',#3979,2.);
#3979 = AXIS2_PLACEMENT_3D('',#3980,#3981,#3982);
#3980 = CARTESIAN_POINT('',(13.5,-30.,0.));
#3981 = DIRECTION('',(0.,0.,1.));
#3982 = DIRECTION('',(1.,0.,-0.));
#3983 = DEFINITIONAL_REPRESENTATION('',(#3984),#3988);
#3984 = LINE('',#3985,#3986);
#3985 = CARTESIAN_POINT('',(4.712388980385,8.));
#3986 = VECTOR('',#3987,1.);
#3987 = DIRECTION('',(-1.,0.));
#3988 = ( GEOMETRIC_REPRESENTATION_CONTEXT(2) 
PARAMETRIC_REPRESENTATION_CONTEXT() REPRESENTATION_CONTEXT('2D SPACE',''
  ) );
#3989 = ORIENTED_EDGE('',*,*,#3990,.T.);
#3990 = EDGE_CURVE('',#3958,#3991,#3993,.T.);
#3991 = VERTEX_POINT('',#3992);
#3992 = CARTESIAN_POINT('',(15.5,-27.,8.));
#3993 = SURFACE_CURVE('',#3994,(#3998,#4005),.PCURVE_S1.);
#3994 = LINE('',#3995,#3996);
#3995 = CARTESIAN_POINT('',(15.5,-32.,8.));
#3996 = VECTOR('',#3997,1.);
#3997 = DIRECTION('',(0.,1.,0.));
#3998 = PCURVE('',#3583,#3999);
#3999 = DEFINITIONAL_REPRESENTATION('',(#4000),#4004);
#4000 = LINE('',#4001,#4002);
#4001 = CARTESIAN_POINT('',(31.,0.));
#4002 = VECTOR('',#4003,1.);
#4003 = DIRECTION('',(0.,1.));
#4004 = ( GEOMETRIC_REPRESENTATION_CONTEXT(2) 
PARAMETRIC_REPRESENTATION_CONTEXT() REPRESENTATION_CONTEXT('2D SPACE',''
  ) );
#4005 = PCURVE('',#4006,#4011);
#4006 = PLANE('',#4007);
#4007 = AXIS2_PLACEMENT_3D('',#4008,#4009,#4010);
#4008 = CARTESIAN_POINT('',(15.5,-32.,0.));
#4009 = DIRECTION('',(1.,0.,0.));
#4010 = DIRECTION('',(0.,0.,1.));
#4011 = DEFINITIONAL_REPRESENTATION('',(#4012),#4016);
#4012 = LINE('',#4013,#4014);
#4013 = CARTESIAN_POINT('',(8.,0.));
#4014 = VECTOR('',#4015,1.);
#4015 = DIRECTION('',(0.,-1.));
#4016 = ( GEOMETRIC_REPRESENTATION_CONTEXT(2) 
PARAMETRIC_REPRESENTATION_CONTEXT() REPRESENTATION_CONTEXT('2D SPACE',''
  ) );
#4017 = ORIENTED_EDGE('',*,*,#4018,.F.);
#4018 = EDGE_CURVE('',#4019,#3991,#4021,.T.);
#4019 = VERTEX_POINT('',#4020);
#4020 = CARTESIAN_POINT('',(12.8,-27.,8.));
#4021 = SURFACE_CURVE('',#4022,(#4026,#4033),.PCURVE_S1.);
#4022 = LINE('',#4023,#4024);
#4023 = CARTESIAN_POINT('',(12.,-27.,8.));
#4024 = VECTOR('',#4025,1.);
#4025 = DIRECTION('',(1.,0.,0.));
#4026 = PCURVE('',#3583,#4027);
#4027 = DEFINITIONAL_REPRESENTATION('',(#4028),#4032);
#4028 = LINE('',#4029,#4030);
#4029 = CARTESIAN_POINT('',(27.5,5.));
#4030 = VECTOR('',#4031,1.);
#4031 = DIRECTION('',(1.,0.));
#4032 = ( GEOMETRIC_REPRESENTATION_CONTEXT(2) 
PARAMETRIC_REPRESENTATION_CONTEXT() REPRESENTATION_CONTEXT('2D SPACE',''
  ) );
#4033 = PCURVE('',#4034,#4039);
#4034 = PLANE('',#4035);
#4035 = AXIS2_PLACEMENT_3D('',#4036,#4037,#4038);
#4036 = CARTESIAN_POINT('',(12.,-27.,2.5));
#4037 = DIRECTION('',(0.,1.,0.));
#4038 = DIRECTION('',(0.,0.,1.));
#4039 = DEFINITIONAL_REPRESENTATION('',(#4040),#4044);
#4040 = LINE('',#4041,#4042);
#4041 = CARTESIAN_POINT('',(5.5,0.));
#4042 = VECTOR('',#4043,1.);
#4043 = DIRECTION('',(0.,1.));
#4044 = ( GEOMETRIC_REPRESENTATION_CONTEXT(2) 
PARAMETRIC_REPRESENTATION_CONTEXT() REPRESENTATION_CONTEXT('2D SPACE',''
  ) );
#4045 = ORIENTED_EDGE('',*,*,#4046,.F.);
#4046 = EDGE_CURVE('',#4047,#4019,#4049,.T.);
#4047 = VERTEX_POINT('',#4048);
#4048 = CARTESIAN_POINT('',(12.8,-28.5,8.));
#4049 = SURFACE_CURVE('',#4050,(#4054,#4061),.PCURVE_S1.);
#4050 = LINE('',#4051,#4052);
#4051 = CARTESIAN_POINT('',(12.8,-28.5,8.));
#4052 = VECTOR('',#4053,1.);
#4053 = DIRECTION('',(0.,1.,0.));
#4054 = PCURVE('',#3583,#4055);
#4055 = DEFINITIONAL_REPRESENTATION('',(#4056),#4060);
#4056 = LINE('',#4057,#4058);
#4057 = CARTESIAN_POINT('',(28.3,3.5));
#4058 = VECTOR('',#4059,1.);
#4059 = DIRECTION('',(0.,1.));
#4060 = ( GEOMETRIC_REPRESENTATION_CONTEXT(2) 
PARAMETRIC_REPRESENTATION_CONTEXT() REPRESENTATION_CONTEXT('2D SPACE',''
  ) );
#4061 = PCURVE('',#4062,#4067);
#4062 = PLANE('',#4063);
#4063 = AXIS2_PLACEMENT_3D('',#4064,#4065,#4066);
#4064 = CARTESIAN_POINT('',(12.8,-28.5,2.5));
#4065 = DIRECTION('',(1.,0.,0.));
#4066 = DIRECTION('',(0.,0.,1.));
#4067 = DEFINITIONAL_REPRESENTATION('',(#4068),#4072);
#4068 = LINE('',#4069,#4070);
#4069 = CARTESIAN_POINT('',(5.5,0.));
#4070 = VECTOR('',#4071,1.);
#4071 = DIRECTION('',(0.,-1.));
#4072 = ( GEOMETRIC_REPRESENTATION_CONTEXT(2) 
PARAMETRIC_REPRESENTATION_CONTEXT() REPRESENTATION_CONTEXT('2D SPACE',''
  ) );
#4073 = ORIENTED_EDGE('',*,*,#4074,.F.);
#4074 = EDGE_CURVE('',#4075,#4047,#4077,.T.);
#4075 = VERTEX_POINT('',#4076);
#4076 = CARTESIAN_POINT('',(-12.8,-28.5,8.));
#4077 = SURFACE_CURVE('',#4078,(#4082,#4089),.PCURVE_S1.);
#4078 = LINE('',#4079,#4080);
#4079 = CARTESIAN_POINT('',(-12.8,-28.5,8.));
#4080 = VECTOR('',#4081,1.);
#4081 = DIRECTION('',(1.,0.,0.));
#4082 = PCURVE('',#3583,#4083);
#4083 = DEFINITIONAL_REPRESENTATION('',(#4084),#4088);
#4084 = LINE('',#4085,#4086);
#4085 = CARTESIAN_POINT('',(2.7,3.5));
#4086 = VECTOR('',#4087,1.);
#4087 = DIRECTION('',(1.,0.));
#4088 = ( GEOMETRIC_REPRESENTATION_CONTEXT(2) 
PARAMETRIC_REPRESENTATION_CONTEXT() REPRESENTATION_CONTEXT('2D SPACE',''
  ) );
#4089 = PCURVE('',#4090,#4095);
#4090 = PLANE('',#4091);
#4091 = AXIS2_PLACEMENT_3D('',#4092,#4093,#4094);
#4092 = CARTESIAN_POINT('',(-12.8,-28.5,2.5));
#4093 = DIRECTION('',(0.,1.,0.));
#4094 = DIRECTION('',(0.,0.,1.));
#4095 = DEFINITIONAL_REPRESENTATION('',(#4096),#4100);
#4096 = LINE('',#4097,#4098);
#4097 = CARTESIAN_POINT('',(5.5,0.));
#4098 = VECTOR('',#4099,1.);
#4099 = DIRECTION('',(0.,1.));
#4100 = ( GEOMETRIC_REPRESENTATION_CONTEXT(2) 
PARAMETRIC_REPRESENTATION_CONTEXT() REPRESENTATION_CONTEXT('2D SPACE',''
  ) );
#4101 = ORIENTED_EDGE('',*,*,#4102,.T.);
#4102 = EDGE_CURVE('',#4075,#4103,#4105,.T.);
#4103 = VERTEX_POINT('',#4104);
#4104 = CARTESIAN_POINT('',(-12.8,-27.,8.));
#4105 = SURFACE_CURVE('',#4106,(#4110,#4117),.PCURVE_S1.);
#4106 = LINE('',#4107,#4108);
#4107 = CARTESIAN_POINT('',(-12.8,-28.5,8.));
#4108 = VECTOR('',#4109,1.);
#4109 = DIRECTION('',(0.,1.,0.));
#4110 = PCURVE('',#3583,#4111);
#4111 = DEFINITIONAL_REPRESENTATION('',(#4112),#4116);
#4112 = LINE('',#4113,#4114);
#4113 = CARTESIAN_POINT('',(2.7,3.5));
#4114 = VECTOR('',#4115,1.);
#4115 = DIRECTION('',(0.,1.));
#4116 = ( GEOMETRIC_REPRESENTATION_CONTEXT(2) 
PARAMETRIC_REPRESENTATION_CONTEXT() REPRESENTATION_CONTEXT('2D SPACE',''
  ) );
#4117 = PCURVE('',#4118,#4123);
#4118 = PLANE('',#4119);
#4119 = AXIS2_PLACEMENT_3D('',#4120,#4121,#4122);
#4120 = CARTESIAN_POINT('',(-12.8,-28.5,2.5));
#4121 = DIRECTION('',(1.,0.,0.));
#4122 = DIRECTION('',(0.,0.,1.));
#4123 = DEFINITIONAL_REPRESENTATION('',(#4124),#4128);
#4124 = LINE('',#4125,#4126);
#4125 = CARTESIAN_POINT('',(5.5,0.));
#4126 = VECTOR('',#4127,1.);
#4127 = DIRECTION('',(0.,-1.));
#4128 = ( GEOMETRIC_REPRESENTATION_CONTEXT(2) 
PARAMETRIC_REPRESENTATION_CONTEXT() REPRESENTATION_CONTEXT('2D SPACE',''
  ) );
#4129 = ORIENTED_EDGE('',*,*,#4130,.F.);
#4130 = EDGE_CURVE('',#3563,#4103,#4131,.T.);
#4131 = SURFACE_CURVE('',#4132,(#4136,#4143),.PCURVE_S1.);
#4132 = LINE('',#4133,#4134);
#4133 = CARTESIAN_POINT('',(-17.,-27.,8.));
#4134 = VECTOR('',#4135,1.);
#4135 = DIRECTION('',(1.,0.,0.));
#4136 = PCURVE('',#3583,#4137);
#4137 = DEFINITIONAL_REPRESENTATION('',(#4138),#4142);
#4138 = LINE('',#4139,#4140);
#4139 = CARTESIAN_POINT('',(-1.5,5.));
#4140 = VECTOR('',#4141,1.);
#4141 = DIRECTION('',(1.,0.));
#4142 = ( GEOMETRIC_REPRESENTATION_CONTEXT(2) 
PARAMETRIC_REPRESENTATION_CONTEXT() REPRESENTATION_CONTEXT('2D SPACE',''
  ) );
#4143 = PCURVE('',#3889,#4144);
#4144 = DEFINITIONAL_REPRESENTATION('',(#4145),#4149);
#4145 = LINE('',#4146,#4147);
#4146 = CARTESIAN_POINT('',(5.5,0.));
#4147 = VECTOR('',#4148,1.);
#4148 = DIRECTION('',(0.,1.));
#4149 = ( GEOMETRIC_REPRESENTATION_CONTEXT(2) 
PARAMETRIC_REPRESENTATION_CONTEXT() REPRESENTATION_CONTEXT('2D SPACE',''
  ) );
#4150 = ADVANCED_FACE('',(#4151),#3889,.T.);
#4151 = FACE_BOUND('',#4152,.T.);
#4152 = EDGE_LOOP('',(#4153,#4176,#4197,#4198));
#4153 = ORIENTED_EDGE('',*,*,#4154,.F.);
#4154 = EDGE_CURVE('',#4155,#4103,#4157,.T.);
#4155 = VERTEX_POINT('',#4156);
#4156 = CARTESIAN_POINT('',(-12.8,-27.,2.5));
#4157 = SURFACE_CURVE('',#4158,(#4162,#4169),.PCURVE_S1.);
#4158 = LINE('',#4159,#4160);
#4159 = CARTESIAN_POINT('',(-12.8,-27.,2.5));
#4160 = VECTOR('',#4161,1.);
#4161 = DIRECTION('',(0.,0.,1.));
#4162 = PCURVE('',#3889,#4163);
#4163 = DEFINITIONAL_REPRESENTATION('',(#4164),#4168);
#4164 = LINE('',#4165,#4166);
#4165 = CARTESIAN_POINT('',(0.,4.2));
#4166 = VECTOR('',#4167,1.);
#4167 = DIRECTION('',(1.,0.));
#4168 = ( GEOMETRIC_REPRESENTATION_CONTEXT(2) 
PARAMETRIC_REPRESENTATION_CONTEXT() REPRESENTATION_CONTEXT('2D SPACE',''
  ) );
#4169 = PCURVE('',#4118,#4170);
#4170 = DEFINITIONAL_REPRESENTATION('',(#4171),#4175);
#4171 = LINE('',#4172,#4173);
#4172 = CARTESIAN_POINT('',(0.,-1.5));
#4173 = VECTOR('',#4174,1.);
#4174 = DIRECTION('',(1.,0.));
#4175 = ( GEOMETRIC_REPRESENTATION_CONTEXT(2) 
PARAMETRIC_REPRESENTATION_CONTEXT() REPRESENTATION_CONTEXT('2D SPACE',''
  ) );
#4176 = ORIENTED_EDGE('',*,*,#4177,.F.);
#4177 = EDGE_CURVE('',#3848,#4155,#4178,.T.);
#4178 = SURFACE_CURVE('',#4179,(#4183,#4190),.PCURVE_S1.);
#4179 = LINE('',#4180,#4181);
#4180 = CARTESIAN_POINT('',(-17.,-27.,2.5));
#4181 = VECTOR('',#4182,1.);
#4182 = DIRECTION('',(1.,0.,0.));
#4183 = PCURVE('',#3889,#4184);
#4184 = DEFINITIONAL_REPRESENTATION('',(#4185),#4189);
#4185 = LINE('',#4186,#4187);
#4186 = CARTESIAN_POINT('',(0.,0.));
#4187 = VECTOR('',#4188,1.);
#4188 = DIRECTION('',(0.,1.));
#4189 = ( GEOMETRIC_REPRESENTATION_CONTEXT(2) 
PARAMETRIC_REPRESENTATION_CONTEXT() REPRESENTATION_CONTEXT('2D SPACE',''
  ) );
#4190 = PCURVE('',#3863,#4191);
#4191 = DEFINITIONAL_REPRESENTATION('',(#4192),#4196);
#4192 = LINE('',#4193,#4194);
#4193 = CARTESIAN_POINT('',(0.,0.));
#4194 = VECTOR('',#4195,1.);
#4195 = DIRECTION('',(1.,0.));
#4196 = ( GEOMETRIC_REPRESENTATION_CONTEXT(2) 
PARAMETRIC_REPRESENTATION_CONTEXT() REPRESENTATION_CONTEXT('2D SPACE',''
  ) );
#4197 = ORIENTED_EDGE('',*,*,#3875,.T.);
#4198 = ORIENTED_EDGE('',*,*,#4130,.T.);
#4199 = ADVANCED_FACE('',(#4200),#3863,.T.);
#4200 = FACE_BOUND('',#4201,.T.);
#4201 = EDGE_LOOP('',(#4202,#4225,#4226,#4227,#4250,#4273,#4296,#4319,
    #4342,#4370,#4398,#4426));
#4202 = ORIENTED_EDGE('',*,*,#4203,.F.);
#4203 = EDGE_CURVE('',#3820,#4204,#4206,.T.);
#4204 = VERTEX_POINT('',#4205);
#4205 = CARTESIAN_POINT('',(-12.8,-13.,2.5));
#4206 = SURFACE_CURVE('',#4207,(#4211,#4218),.PCURVE_S1.);
#4207 = LINE('',#4208,#4209);
#4208 = CARTESIAN_POINT('',(-17.,-13.,2.5));
#4209 = VECTOR('',#4210,1.);
#4210 = DIRECTION('',(1.,0.,0.));
#4211 = PCURVE('',#3863,#4212);
#4212 = DEFINITIONAL_REPRESENTATION('',(#4213),#4217);
#4213 = LINE('',#4214,#4215);
#4214 = CARTESIAN_POINT('',(0.,14.));
#4215 = VECTOR('',#4216,1.);
#4216 = DIRECTION('',(1.,0.));
#4217 = ( GEOMETRIC_REPRESENTATION_CONTEXT(2) 
PARAMETRIC_REPRESENTATION_CONTEXT() REPRESENTATION_CONTEXT('2D SPACE',''
  ) );
#4218 = PCURVE('',#3835,#4219);
#4219 = DEFINITIONAL_REPRESENTATION('',(#4220),#4224);
#4220 = LINE('',#4221,#4222);
#4221 = CARTESIAN_POINT('',(0.,0.));
#4222 = VECTOR('',#4223,1.);
#4223 = DIRECTION('',(0.,1.));
#4224 = ( GEOMETRIC_REPRESENTATION_CONTEXT(2) 
PARAMETRIC_REPRESENTATION_CONTEXT() REPRESENTATION_CONTEXT('2D SPACE',''
  ) );
#4225 = ORIENTED_EDGE('',*,*,#3847,.T.);
#4226 = ORIENTED_EDGE('',*,*,#4177,.T.);
#4227 = ORIENTED_EDGE('',*,*,#4228,.F.);
#4228 = EDGE_CURVE('',#4229,#4155,#4231,.T.);
#4229 = VERTEX_POINT('',#4230);
#4230 = CARTESIAN_POINT('',(-12.8,-28.5,2.5));
#4231 = SURFACE_CURVE('',#4232,(#4236,#4243),.PCURVE_S1.);
#4232 = LINE('',#4233,#4234);
#4233 = CARTESIAN_POINT('',(-12.8,-28.5,2.5));
#4234 = VECTOR('',#4235,1.);
#4235 = DIRECTION('',(0.,1.,0.));
#4236 = PCURVE('',#3863,#4237);
#4237 = DEFINITIONAL_REPRESENTATION('',(#4238),#4242);
#4238 = LINE('',#4239,#4240);
#4239 = CARTESIAN_POINT('',(4.2,-1.5));
#4240 = VECTOR('',#4241,1.);
#4241 = DIRECTION('',(0.,1.));
#4242 = ( GEOMETRIC_REPRESENTATION_CONTEXT(2) 
PARAMETRIC_REPRESENTATION_CONTEXT() REPRESENTATION_CONTEXT('2D SPACE',''
  ) );
#4243 = PCURVE('',#4118,#4244);
#4244 = DEFINITIONAL_REPRESENTATION('',(#4245),#4249);
#4245 = LINE('',#4246,#4247);
#4246 = CARTESIAN_POINT('',(0.,0.));
#4247 = VECTOR('',#4248,1.);
#4248 = DIRECTION('',(0.,-1.));
#4249 = ( GEOMETRIC_REPRESENTATION_CONTEXT(2) 
PARAMETRIC_REPRESENTATION_CONTEXT() REPRESENTATION_CONTEXT('2D SPACE',''
  ) );
#4250 = ORIENTED_EDGE('',*,*,#4251,.T.);
#4251 = EDGE_CURVE('',#4229,#4252,#4254,.T.);
#4252 = VERTEX_POINT('',#4253);
#4253 = CARTESIAN_POINT('',(12.8,-28.5,2.5));
#4254 = SURFACE_CURVE('',#4255,(#4259,#4266),.PCURVE_S1.);
#4255 = LINE('',#4256,#4257);
#4256 = CARTESIAN_POINT('',(-12.8,-28.5,2.5));
#4257 = VECTOR('',#4258,1.);
#4258 = DIRECTION('',(1.,0.,0.));
#4259 = PCURVE('',#3863,#4260);
#4260 = DEFINITIONAL_REPRESENTATION('',(#4261),#4265);
#4261 = LINE('',#4262,#4263);
#4262 = CARTESIAN_POINT('',(4.2,-1.5));
#4263 = VECTOR('',#4264,1.);
#4264 = DIRECTION('',(1.,0.));
#4265 = ( GEOMETRIC_REPRESENTATION_CONTEXT(2) 
PARAMETRIC_REPRESENTATION_CONTEXT() REPRESENTATION_CONTEXT('2D SPACE',''
  ) );
#4266 = PCURVE('',#4090,#4267);
#4267 = DEFINITIONAL_REPRESENTATION('',(#4268),#4272);
#4268 = LINE('',#4269,#4270);
#4269 = CARTESIAN_POINT('',(0.,0.));
#4270 = VECTOR('',#4271,1.);
#4271 = DIRECTION('',(0.,1.));
#4272 = ( GEOMETRIC_REPRESENTATION_CONTEXT(2) 
PARAMETRIC_REPRESENTATION_CONTEXT() REPRESENTATION_CONTEXT('2D SPACE',''
  ) );
#4273 = ORIENTED_EDGE('',*,*,#4274,.T.);
#4274 = EDGE_CURVE('',#4252,#4275,#4277,.T.);
#4275 = VERTEX_POINT('',#4276);
#4276 = CARTESIAN_POINT('',(12.8,-27.,2.5));
#4277 = SURFACE_CURVE('',#4278,(#4282,#4289),.PCURVE_S1.);
#4278 = LINE('',#4279,#4280);
#4279 = CARTESIAN_POINT('',(12.8,-28.5,2.5));
#4280 = VECTOR('',#4281,1.);
#4281 = DIRECTION('',(0.,1.,0.));
#4282 = PCURVE('',#3863,#4283);
#4283 = DEFINITIONAL_REPRESENTATION('',(#4284),#4288);
#4284 = LINE('',#4285,#4286);
#4285 = CARTESIAN_POINT('',(29.8,-1.5));
#4286 = VECTOR('',#4287,1.);
#4287 = DIRECTION('',(0.,1.));
#4288 = ( GEOMETRIC_REPRESENTATION_CONTEXT(2) 
PARAMETRIC_REPRESENTATION_CONTEXT() REPRESENTATION_CONTEXT('2D SPACE',''
  ) );
#4289 = PCURVE('',#4062,#4290);
#4290 = DEFINITIONAL_REPRESENTATION('',(#4291),#4295);
#4291 = LINE('',#4292,#4293);
#4292 = CARTESIAN_POINT('',(0.,0.));
#4293 = VECTOR('',#4294,1.);
#4294 = DIRECTION('',(0.,-1.));
#4295 = ( GEOMETRIC_REPRESENTATION_CONTEXT(2) 
PARAMETRIC_REPRESENTATION_CONTEXT() REPRESENTATION_CONTEXT('2D SPACE',''
  ) );
#4296 = ORIENTED_EDGE('',*,*,#4297,.T.);
#4297 = EDGE_CURVE('',#4275,#4298,#4300,.T.);
#4298 = VERTEX_POINT('',#4299);
#4299 = CARTESIAN_POINT('',(15.5,-27.,2.5));
#4300 = SURFACE_CURVE('',#4301,(#4305,#4312),.PCURVE_S1.);
#4301 = LINE('',#4302,#4303);
#4302 = CARTESIAN_POINT('',(12.,-27.,2.5));
#4303 = VECTOR('',#4304,1.);
#4304 = DIRECTION('',(1.,0.,0.));
#4305 = PCURVE('',#3863,#4306);
#4306 = DEFINITIONAL_REPRESENTATION('',(#4307),#4311);
#4307 = LINE('',#4308,#4309);
#4308 = CARTESIAN_POINT('',(29.,0.));
#4309 = VECTOR('',#4310,1.);
#4310 = DIRECTION('',(1.,0.));
#4311 = ( GEOMETRIC_REPRESENTATION_CONTEXT(2) 
PARAMETRIC_REPRESENTATION_CONTEXT() REPRESENTATION_CONTEXT('2D SPACE',''
  ) );
#4312 = PCURVE('',#4034,#4313);
#4313 = DEFINITIONAL_REPRESENTATION('',(#4314),#4318);
#4314 = LINE('',#4315,#4316);
#4315 = CARTESIAN_POINT('',(0.,0.));
#4316 = VECTOR('',#4317,1.);
#4317 = DIRECTION('',(0.,1.));
#4318 = ( GEOMETRIC_REPRESENTATION_CONTEXT(2) 
PARAMETRIC_REPRESENTATION_CONTEXT() REPRESENTATION_CONTEXT('2D SPACE',''
  ) );
#4319 = ORIENTED_EDGE('',*,*,#4320,.F.);
#4320 = EDGE_CURVE('',#4321,#4298,#4323,.T.);
#4321 = VERTEX_POINT('',#4322);
#4322 = CARTESIAN_POINT('',(15.5,-13.,2.5));
#4323 = SURFACE_CURVE('',#4324,(#4328,#4335),.PCURVE_S1.);
#4324 = LINE('',#4325,#4326);
#4325 = CARTESIAN_POINT('',(15.5,-29.5,2.5));
#4326 = VECTOR('',#4327,1.);
#4327 = DIRECTION('',(0.,-1.,0.));
#4328 = PCURVE('',#3863,#4329);
#4329 = DEFINITIONAL_REPRESENTATION('',(#4330),#4334);
#4330 = LINE('',#4331,#4332);
#4331 = CARTESIAN_POINT('',(32.5,-2.5));
#4332 = VECTOR('',#4333,1.);
#4333 = DIRECTION('',(0.,-1.));
#4334 = ( GEOMETRIC_REPRESENTATION_CONTEXT(2) 
PARAMETRIC_REPRESENTATION_CONTEXT() REPRESENTATION_CONTEXT('2D SPACE',''
  ) );
#4335 = PCURVE('',#4006,#4336);
#4336 = DEFINITIONAL_REPRESENTATION('',(#4337),#4341);
#4337 = LINE('',#4338,#4339);
#4338 = CARTESIAN_POINT('',(2.5,-2.5));
#4339 = VECTOR('',#4340,1.);
#4340 = DIRECTION('',(0.,1.));
#4341 = ( GEOMETRIC_REPRESENTATION_CONTEXT(2) 
PARAMETRIC_REPRESENTATION_CONTEXT() REPRESENTATION_CONTEXT('2D SPACE',''
  ) );
#4342 = ORIENTED_EDGE('',*,*,#4343,.F.);
#4343 = EDGE_CURVE('',#4344,#4321,#4346,.T.);
#4344 = VERTEX_POINT('',#4345);
#4345 = CARTESIAN_POINT('',(12.8,-13.,2.5));
#4346 = SURFACE_CURVE('',#4347,(#4351,#4358),.PCURVE_S1.);
#4347 = LINE('',#4348,#4349);
#4348 = CARTESIAN_POINT('',(12.,-13.,2.5));
#4349 = VECTOR('',#4350,1.);
#4350 = DIRECTION('',(1.,0.,0.));
#4351 = PCURVE('',#3863,#4352);
#4352 = DEFINITIONAL_REPRESENTATION('',(#4353),#4357);
#4353 = LINE('',#4354,#4355);
#4354 = CARTESIAN_POINT('',(29.,14.));
#4355 = VECTOR('',#4356,1.);
#4356 = DIRECTION('',(1.,0.));
#4357 = ( GEOMETRIC_REPRESENTATION_CONTEXT(2) 
PARAMETRIC_REPRESENTATION_CONTEXT() REPRESENTATION_CONTEXT('2D SPACE',''
  ) );
#4358 = PCURVE('',#4359,#4364);
#4359 = PLANE('',#4360);
#4360 = AXIS2_PLACEMENT_3D('',#4361,#4362,#4363);
#4361 = CARTESIAN_POINT('',(12.,-13.,2.5));
#4362 = DIRECTION('',(0.,1.,0.));
#4363 = DIRECTION('',(0.,0.,1.));
#4364 = DEFINITIONAL_REPRESENTATION('',(#4365),#4369);
#4365 = LINE('',#4366,#4367);
#4366 = CARTESIAN_POINT('',(0.,0.));
#4367 = VECTOR('',#4368,1.);
#4368 = DIRECTION('',(0.,1.));
#4369 = ( GEOMETRIC_REPRESENTATION_CONTEXT(2) 
PARAMETRIC_REPRESENTATION_CONTEXT() REPRESENTATION_CONTEXT('2D SPACE',''
  ) );
#4370 = ORIENTED_EDGE('',*,*,#4371,.T.);
#4371 = EDGE_CURVE('',#4344,#4372,#4374,.T.);
#4372 = VERTEX_POINT('',#4373);
#4373 = CARTESIAN_POINT('',(12.8,-11.5,2.5));
#4374 = SURFACE_CURVE('',#4375,(#4379,#4386),.PCURVE_S1.);
#4375 = LINE('',#4376,#4377);
#4376 = CARTESIAN_POINT('',(12.8,-28.5,2.5));
#4377 = VECTOR('',#4378,1.);
#4378 = DIRECTION('',(0.,1.,0.));
#4379 = PCURVE('',#3863,#4380);
#4380 = DEFINITIONAL_REPRESENTATION('',(#4381),#4385);
#4381 = LINE('',#4382,#4383);
#4382 = CARTESIAN_POINT('',(29.8,-1.5));
#4383 = VECTOR('',#4384,1.);
#4384 = DIRECTION('',(0.,1.));
#4385 = ( GEOMETRIC_REPRESENTATION_CONTEXT(2) 
PARAMETRIC_REPRESENTATION_CONTEXT() REPRESENTATION_CONTEXT('2D SPACE',''
  ) );
#4386 = PCURVE('',#4387,#4392);
#4387 = PLANE('',#4388);
#4388 = AXIS2_PLACEMENT_3D('',#4389,#4390,#4391);
#4389 = CARTESIAN_POINT('',(12.8,-28.5,2.5));
#4390 = DIRECTION('',(1.,0.,0.));
#4391 = DIRECTION('',(0.,0.,1.));
#4392 = DEFINITIONAL_REPRESENTATION('',(#4393),#4397);
#4393 = LINE('',#4394,#4395);
#4394 = CARTESIAN_POINT('',(0.,0.));
#4395 = VECTOR('',#4396,1.);
#4396 = DIRECTION('',(0.,-1.));
#4397 = ( GEOMETRIC_REPRESENTATION_CONTEXT(2) 
PARAMETRIC_REPRESENTATION_CONTEXT() REPRESENTATION_CONTEXT('2D SPACE',''
  ) );
#4398 = ORIENTED_EDGE('',*,*,#4399,.F.);
#4399 = EDGE_CURVE('',#4400,#4372,#4402,.T.);
#4400 = VERTEX_POINT('',#4401);
#4401 = CARTESIAN_POINT('',(-12.8,-11.5,2.5));
#4402 = SURFACE_CURVE('',#4403,(#4407,#4414),.PCURVE_S1.);
#4403 = LINE('',#4404,#4405);
#4404 = CARTESIAN_POINT('',(-12.8,-11.5,2.5));
#4405 = VECTOR('',#4406,1.);
#4406 = DIRECTION('',(1.,0.,0.));
#4407 = PCURVE('',#3863,#4408);
#4408 = DEFINITIONAL_REPRESENTATION('',(#4409),#4413);
#4409 = LINE('',#4410,#4411);
#4410 = CARTESIAN_POINT('',(4.2,15.5));
#4411 = VECTOR('',#4412,1.);
#4412 = DIRECTION('',(1.,0.));
#4413 = ( GEOMETRIC_REPRESENTATION_CONTEXT(2) 
PARAMETRIC_REPRESENTATION_CONTEXT() REPRESENTATION_CONTEXT('2D SPACE',''
  ) );
#4414 = PCURVE('',#4415,#4420);
#4415 = PLANE('',#4416);
#4416 = AXIS2_PLACEMENT_3D('',#4417,#4418,#4419);
#4417 = CARTESIAN_POINT('',(-12.8,-11.5,2.5));
#4418 = DIRECTION('',(0.,1.,0.));
#4419 = DIRECTION('',(0.,0.,1.));
#4420 = DEFINITIONAL_REPRESENTATION('',(#4421),#4425);
#4421 = LINE('',#4422,#4423);
#4422 = CARTESIAN_POINT('',(0.,0.));
#4423 = VECTOR('',#4424,1.);
#4424 = DIRECTION('',(0.,1.));
#4425 = ( GEOMETRIC_REPRESENTATION_CONTEXT(2) 
PARAMETRIC_REPRESENTATION_CONTEXT() REPRESENTATION_CONTEXT('2D SPACE',''
  ) );
#4426 = ORIENTED_EDGE('',*,*,#4427,.F.);
#4427 = EDGE_CURVE('',#4204,#4400,#4428,.T.);
#4428 = SURFACE_CURVE('',#4429,(#4433,#4440),.PCURVE_S1.);
#4429 = LINE('',#4430,#4431);
#4430 = CARTESIAN_POINT('',(-12.8,-28.5,2.5));
#4431 = VECTOR('',#4432,1.);
#4432 = DIRECTION('',(0.,1.,0.));
#4433 = PCURVE('',#3863,#4434);
#4434 = DEFINITIONAL_REPRESENTATION('',(#4435),#4439);
#4435 = LINE('',#4436,#4437);
#4436 = CARTESIAN_POINT('',(4.2,-1.5));
#4437 = VECTOR('',#4438,1.);
#4438 = DIRECTION('',(0.,1.));
#4439 = ( GEOMETRIC_REPRESENTATION_CONTEXT(2) 
PARAMETRIC_REPRESENTATION_CONTEXT() REPRESENTATION_CONTEXT('2D SPACE',''
  ) );
#4440 = PCURVE('',#4441,#4446);
#4441 = PLANE('',#4442);
#4442 = AXIS2_PLACEMENT_3D('',#4443,#4444,#4445);
#4443 = CARTESIAN_POINT('',(-12.8,-28.5,2.5));
#4444 = DIRECTION('',(1.,0.,0.));
#4445 = DIRECTION('',(0.,0.,1.));
#4446 = DEFINITIONAL_REPRESENTATION('',(#4447),#4451);
#4447 = LINE('',#4448,#4449);
#4448 = CARTESIAN_POINT('',(0.,0.));
#4449 = VECTOR('',#4450,1.);
#4450 = DIRECTION('',(0.,-1.));
#4451 = ( GEOMETRIC_REPRESENTATION_CONTEXT(2) 
PARAMETRIC_REPRESENTATION_CONTEXT() REPRESENTATION_CONTEXT('2D SPACE',''
  ) );
#4452 = ADVANCED_FACE('',(#4453),#3835,.F.);
#4453 = FACE_BOUND('',#4454,.F.);
#4454 = EDGE_LOOP('',(#4455,#4478,#4479,#4480));
#4455 = ORIENTED_EDGE('',*,*,#4456,.F.);
#4456 = EDGE_CURVE('',#4204,#4457,#4459,.T.);
#4457 = VERTEX_POINT('',#4458);
#4458 = CARTESIAN_POINT('',(-12.8,-13.,8.));
#4459 = SURFACE_CURVE('',#4460,(#4464,#4471),.PCURVE_S1.);
#4460 = LINE('',#4461,#4462);
#4461 = CARTESIAN_POINT('',(-12.8,-13.,2.5));
#4462 = VECTOR('',#4463,1.);
#4463 = DIRECTION('',(0.,0.,1.));
#4464 = PCURVE('',#3835,#4465);
#4465 = DEFINITIONAL_REPRESENTATION('',(#4466),#4470);
#4466 = LINE('',#4467,#4468);
#4467 = CARTESIAN_POINT('',(0.,4.2));
#4468 = VECTOR('',#4469,1.);
#4469 = DIRECTION('',(1.,0.));
#4470 = ( GEOMETRIC_REPRESENTATION_CONTEXT(2) 
PARAMETRIC_REPRESENTATION_CONTEXT() REPRESENTATION_CONTEXT('2D SPACE',''
  ) );
#4471 = PCURVE('',#4441,#4472);
#4472 = DEFINITIONAL_REPRESENTATION('',(#4473),#4477);
#4473 = LINE('',#4474,#4475);
#4474 = CARTESIAN_POINT('',(0.,-15.5));
#4475 = VECTOR('',#4476,1.);
#4476 = DIRECTION('',(1.,0.));
#4477 = ( GEOMETRIC_REPRESENTATION_CONTEXT(2) 
PARAMETRIC_REPRESENTATION_CONTEXT() REPRESENTATION_CONTEXT('2D SPACE',''
  ) );
#4478 = ORIENTED_EDGE('',*,*,#4203,.F.);
#4479 = ORIENTED_EDGE('',*,*,#3819,.T.);
#4480 = ORIENTED_EDGE('',*,*,#4481,.T.);
#4481 = EDGE_CURVE('',#3792,#4457,#4482,.T.);
#4482 = SURFACE_CURVE('',#4483,(#4487,#4494),.PCURVE_S1.);
#4483 = LINE('',#4484,#4485);
#4484 = CARTESIAN_POINT('',(-17.,-13.,8.));
#4485 = VECTOR('',#4486,1.);
#4486 = DIRECTION('',(1.,0.,0.));
#4487 = PCURVE('',#3835,#4488);
#4488 = DEFINITIONAL_REPRESENTATION('',(#4489),#4493);
#4489 = LINE('',#4490,#4491);
#4490 = CARTESIAN_POINT('',(5.5,0.));
#4491 = VECTOR('',#4492,1.);
#4492 = DIRECTION('',(0.,1.));
#4493 = ( GEOMETRIC_REPRESENTATION_CONTEXT(2) 
PARAMETRIC_REPRESENTATION_CONTEXT() REPRESENTATION_CONTEXT('2D SPACE',''
  ) );
#4494 = PCURVE('',#3807,#4495);
#4495 = DEFINITIONAL_REPRESENTATION('',(#4496),#4500);
#4496 = LINE('',#4497,#4498);
#4497 = CARTESIAN_POINT('',(-1.5,19.));
#4498 = VECTOR('',#4499,1.);
#4499 = DIRECTION('',(1.,0.));
#4500 = ( GEOMETRIC_REPRESENTATION_CONTEXT(2) 
PARAMETRIC_REPRESENTATION_CONTEXT() REPRESENTATION_CONTEXT('2D SPACE',''
  ) );
#4501 = ADVANCED_FACE('',(#4502),#3807,.T.);
#4502 = FACE_BOUND('',#4503,.T.);
#4503 = EDGE_LOOP('',(#4504,#4529,#4552,#4575,#4603,#4631,#4659,#4687,
    #4708,#4709,#4710,#4733));
#4504 = ORIENTED_EDGE('',*,*,#4505,.F.);
#4505 = EDGE_CURVE('',#4506,#4508,#4510,.T.);
#4506 = VERTEX_POINT('',#4507);
#4507 = CARTESIAN_POINT('',(12.8,-13.,8.));
#4508 = VERTEX_POINT('',#4509);
#4509 = CARTESIAN_POINT('',(12.8,-11.5,8.));
#4510 = SURFACE_CURVE('',#4511,(#4515,#4522),.PCURVE_S1.);
#4511 = LINE('',#4512,#4513);
#4512 = CARTESIAN_POINT('',(12.8,-28.5,8.));
#4513 = VECTOR('',#4514,1.);
#4514 = DIRECTION('',(0.,1.,0.));
#4515 = PCURVE('',#3807,#4516);
#4516 = DEFINITIONAL_REPRESENTATION('',(#4517),#4521);
#4517 = LINE('',#4518,#4519);
#4518 = CARTESIAN_POINT('',(28.3,3.5));
#4519 = VECTOR('',#4520,1.);
#4520 = DIRECTION('',(0.,1.));
#4521 = ( GEOMETRIC_REPRESENTATION_CONTEXT(2) 
PARAMETRIC_REPRESENTATION_CONTEXT() REPRESENTATION_CONTEXT('2D SPACE',''
  ) );
#4522 = PCURVE('',#4387,#4523);
#4523 = DEFINITIONAL_REPRESENTATION('',(#4524),#4528);
#4524 = LINE('',#4525,#4526);
#4525 = CARTESIAN_POINT('',(5.5,0.));
#4526 = VECTOR('',#4527,1.);
#4527 = DIRECTION('',(0.,-1.));
#4528 = ( GEOMETRIC_REPRESENTATION_CONTEXT(2) 
PARAMETRIC_REPRESENTATION_CONTEXT() REPRESENTATION_CONTEXT('2D SPACE',''
  ) );
#4529 = ORIENTED_EDGE('',*,*,#4530,.T.);
#4530 = EDGE_CURVE('',#4506,#4531,#4533,.T.);
#4531 = VERTEX_POINT('',#4532);
#4532 = CARTESIAN_POINT('',(15.5,-13.,8.));
#4533 = SURFACE_CURVE('',#4534,(#4538,#4545),.PCURVE_S1.);
#4534 = LINE('',#4535,#4536);
#4535 = CARTESIAN_POINT('',(12.,-13.,8.));
#4536 = VECTOR('',#4537,1.);
#4537 = DIRECTION('',(1.,0.,0.));
#4538 = PCURVE('',#3807,#4539);
#4539 = DEFINITIONAL_REPRESENTATION('',(#4540),#4544);
#4540 = LINE('',#4541,#4542);
#4541 = CARTESIAN_POINT('',(27.5,19.));
#4542 = VECTOR('',#4543,1.);
#4543 = DIRECTION('',(1.,0.));
#4544 = ( GEOMETRIC_REPRESENTATION_CONTEXT(2) 
PARAMETRIC_REPRESENTATION_CONTEXT() REPRESENTATION_CONTEXT('2D SPACE',''
  ) );
#4545 = PCURVE('',#4359,#4546);
#4546 = DEFINITIONAL_REPRESENTATION('',(#4547),#4551);
#4547 = LINE('',#4548,#4549);
#4548 = CARTESIAN_POINT('',(5.5,0.));
#4549 = VECTOR('',#4550,1.);
#4550 = DIRECTION('',(0.,1.));
#4551 = ( GEOMETRIC_REPRESENTATION_CONTEXT(2) 
PARAMETRIC_REPRESENTATION_CONTEXT() REPRESENTATION_CONTEXT('2D SPACE',''
  ) );
#4552 = ORIENTED_EDGE('',*,*,#4553,.T.);
#4553 = EDGE_CURVE('',#4531,#4554,#4556,.T.);
#4554 = VERTEX_POINT('',#4555);
#4555 = CARTESIAN_POINT('',(15.5,13.,8.));
#4556 = SURFACE_CURVE('',#4557,(#4561,#4568),.PCURVE_S1.);
#4557 = LINE('',#4558,#4559);
#4558 = CARTESIAN_POINT('',(15.5,-32.,8.));
#4559 = VECTOR('',#4560,1.);
#4560 = DIRECTION('',(0.,1.,0.));
#4561 = PCURVE('',#3807,#4562);
#4562 = DEFINITIONAL_REPRESENTATION('',(#4563),#4567);
#4563 = LINE('',#4564,#4565);
#4564 = CARTESIAN_POINT('',(31.,0.));
#4565 = VECTOR('',#4566,1.);
#4566 = DIRECTION('',(0.,1.));
#4567 = ( GEOMETRIC_REPRESENTATION_CONTEXT(2) 
PARAMETRIC_REPRESENTATION_CONTEXT() REPRESENTATION_CONTEXT('2D SPACE',''
  ) );
#4568 = PCURVE('',#4006,#4569);
#4569 = DEFINITIONAL_REPRESENTATION('',(#4570),#4574);
#4570 = LINE('',#4571,#4572);
#4571 = CARTESIAN_POINT('',(8.,0.));
#4572 = VECTOR('',#4573,1.);
#4573 = DIRECTION('',(0.,-1.));
#4574 = ( GEOMETRIC_REPRESENTATION_CONTEXT(2) 
PARAMETRIC_REPRESENTATION_CONTEXT() REPRESENTATION_CONTEXT('2D SPACE',''
  ) );
#4575 = ORIENTED_EDGE('',*,*,#4576,.F.);
#4576 = EDGE_CURVE('',#4577,#4554,#4579,.T.);
#4577 = VERTEX_POINT('',#4578);
#4578 = CARTESIAN_POINT('',(12.8,13.,8.));
#4579 = SURFACE_CURVE('',#4580,(#4584,#4591),.PCURVE_S1.);
#4580 = LINE('',#4581,#4582);
#4581 = CARTESIAN_POINT('',(12.,13.,8.));
#4582 = VECTOR('',#4583,1.);
#4583 = DIRECTION('',(1.,0.,0.));
#4584 = PCURVE('',#3807,#4585);
#4585 = DEFINITIONAL_REPRESENTATION('',(#4586),#4590);
#4586 = LINE('',#4587,#4588);
#4587 = CARTESIAN_POINT('',(27.5,45.));
#4588 = VECTOR('',#4589,1.);
#4589 = DIRECTION('',(1.,0.));
#4590 = ( GEOMETRIC_REPRESENTATION_CONTEXT(2) 
PARAMETRIC_REPRESENTATION_CONTEXT() REPRESENTATION_CONTEXT('2D SPACE',''
  ) );
#4591 = PCURVE('',#4592,#4597);
#4592 = PLANE('',#4593);
#4593 = AXIS2_PLACEMENT_3D('',#4594,#4595,#4596);
#4594 = CARTESIAN_POINT('',(12.,13.,2.5));
#4595 = DIRECTION('',(0.,1.,0.));
#4596 = DIRECTION('',(0.,0.,1.));
#4597 = DEFINITIONAL_REPRESENTATION('',(#4598),#4602);
#4598 = LINE('',#4599,#4600);
#4599 = CARTESIAN_POINT('',(5.5,0.));
#4600 = VECTOR('',#4601,1.);
#4601 = DIRECTION('',(0.,1.));
#4602 = ( GEOMETRIC_REPRESENTATION_CONTEXT(2) 
PARAMETRIC_REPRESENTATION_CONTEXT() REPRESENTATION_CONTEXT('2D SPACE',''
  ) );
#4603 = ORIENTED_EDGE('',*,*,#4604,.F.);
#4604 = EDGE_CURVE('',#4605,#4577,#4607,.T.);
#4605 = VERTEX_POINT('',#4606);
#4606 = CARTESIAN_POINT('',(12.8,11.5,8.));
#4607 = SURFACE_CURVE('',#4608,(#4612,#4619),.PCURVE_S1.);
#4608 = LINE('',#4609,#4610);
#4609 = CARTESIAN_POINT('',(12.8,11.5,8.));
#4610 = VECTOR('',#4611,1.);
#4611 = DIRECTION('',(0.,1.,0.));
#4612 = PCURVE('',#3807,#4613);
#4613 = DEFINITIONAL_REPRESENTATION('',(#4614),#4618);
#4614 = LINE('',#4615,#4616);
#4615 = CARTESIAN_POINT('',(28.3,43.5));
#4616 = VECTOR('',#4617,1.);
#4617 = DIRECTION('',(0.,1.));
#4618 = ( GEOMETRIC_REPRESENTATION_CONTEXT(2) 
PARAMETRIC_REPRESENTATION_CONTEXT() REPRESENTATION_CONTEXT('2D SPACE',''
  ) );
#4619 = PCURVE('',#4620,#4625);
#4620 = PLANE('',#4621);
#4621 = AXIS2_PLACEMENT_3D('',#4622,#4623,#4624);
#4622 = CARTESIAN_POINT('',(12.8,11.5,2.5));
#4623 = DIRECTION('',(1.,0.,0.));
#4624 = DIRECTION('',(0.,0.,1.));
#4625 = DEFINITIONAL_REPRESENTATION('',(#4626),#4630);
#4626 = LINE('',#4627,#4628);
#4627 = CARTESIAN_POINT('',(5.5,0.));
#4628 = VECTOR('',#4629,1.);
#4629 = DIRECTION('',(0.,-1.));
#4630 = ( GEOMETRIC_REPRESENTATION_CONTEXT(2) 
PARAMETRIC_REPRESENTATION_CONTEXT() REPRESENTATION_CONTEXT('2D SPACE',''
  ) );
#4631 = ORIENTED_EDGE('',*,*,#4632,.F.);
#4632 = EDGE_CURVE('',#4633,#4605,#4635,.T.);
#4633 = VERTEX_POINT('',#4634);
#4634 = CARTESIAN_POINT('',(-12.8,11.5,8.));
#4635 = SURFACE_CURVE('',#4636,(#4640,#4647),.PCURVE_S1.);
#4636 = LINE('',#4637,#4638);
#4637 = CARTESIAN_POINT('',(-12.8,11.5,8.));
#4638 = VECTOR('',#4639,1.);
#4639 = DIRECTION('',(1.,0.,0.));
#4640 = PCURVE('',#3807,#4641);
#4641 = DEFINITIONAL_REPRESENTATION('',(#4642),#4646);
#4642 = LINE('',#4643,#4644);
#4643 = CARTESIAN_POINT('',(2.7,43.5));
#4644 = VECTOR('',#4645,1.);
#4645 = DIRECTION('',(1.,0.));
#4646 = ( GEOMETRIC_REPRESENTATION_CONTEXT(2) 
PARAMETRIC_REPRESENTATION_CONTEXT() REPRESENTATION_CONTEXT('2D SPACE',''
  ) );
#4647 = PCURVE('',#4648,#4653);
#4648 = PLANE('',#4649);
#4649 = AXIS2_PLACEMENT_3D('',#4650,#4651,#4652);
#4650 = CARTESIAN_POINT('',(-12.8,11.5,2.5));
#4651 = DIRECTION('',(0.,1.,0.));
#4652 = DIRECTION('',(0.,0.,1.));
#4653 = DEFINITIONAL_REPRESENTATION('',(#4654),#4658);
#4654 = LINE('',#4655,#4656);
#4655 = CARTESIAN_POINT('',(5.5,0.));
#4656 = VECTOR('',#4657,1.);
#4657 = DIRECTION('',(0.,1.));
#4658 = ( GEOMETRIC_REPRESENTATION_CONTEXT(2) 
PARAMETRIC_REPRESENTATION_CONTEXT() REPRESENTATION_CONTEXT('2D SPACE',''
  ) );
#4659 = ORIENTED_EDGE('',*,*,#4660,.T.);
#4660 = EDGE_CURVE('',#4633,#4661,#4663,.T.);
#4661 = VERTEX_POINT('',#4662);
#4662 = CARTESIAN_POINT('',(-12.8,13.,8.));
#4663 = SURFACE_CURVE('',#4664,(#4668,#4675),.PCURVE_S1.);
#4664 = LINE('',#4665,#4666);
#4665 = CARTESIAN_POINT('',(-12.8,11.5,8.));
#4666 = VECTOR('',#4667,1.);
#4667 = DIRECTION('',(0.,1.,0.));
#4668 = PCURVE('',#3807,#4669);
#4669 = DEFINITIONAL_REPRESENTATION('',(#4670),#4674);
#4670 = LINE('',#4671,#4672);
#4671 = CARTESIAN_POINT('',(2.7,43.5));
#4672 = VECTOR('',#4673,1.);
#4673 = DIRECTION('',(0.,1.));
#4674 = ( GEOMETRIC_REPRESENTATION_CONTEXT(2) 
PARAMETRIC_REPRESENTATION_CONTEXT() REPRESENTATION_CONTEXT('2D SPACE',''
  ) );
#4675 = PCURVE('',#4676,#4681);
#4676 = PLANE('',#4677);
#4677 = AXIS2_PLACEMENT_3D('',#4678,#4679,#4680);
#4678 = CARTESIAN_POINT('',(-12.8,11.5,2.5));
#4679 = DIRECTION('',(1.,0.,0.));
#4680 = DIRECTION('',(0.,0.,1.));
#4681 = DEFINITIONAL_REPRESENTATION('',(#4682),#4686);
#4682 = LINE('',#4683,#4684);
#4683 = CARTESIAN_POINT('',(5.5,0.));
#4684 = VECTOR('',#4685,1.);
#4685 = DIRECTION('',(0.,-1.));
#4686 = ( GEOMETRIC_REPRESENTATION_CONTEXT(2) 
PARAMETRIC_REPRESENTATION_CONTEXT() REPRESENTATION_CONTEXT('2D SPACE',''
  ) );
#4687 = ORIENTED_EDGE('',*,*,#4688,.F.);
#4688 = EDGE_CURVE('',#3764,#4661,#4689,.T.);
#4689 = SURFACE_CURVE('',#4690,(#4694,#4701),.PCURVE_S1.);
#4690 = LINE('',#4691,#4692);
#4691 = CARTESIAN_POINT('',(-17.,13.,8.));
#4692 = VECTOR('',#4693,1.);
#4693 = DIRECTION('',(1.,0.,0.));
#4694 = PCURVE('',#3807,#4695);
#4695 = DEFINITIONAL_REPRESENTATION('',(#4696),#4700);
#4696 = LINE('',#4697,#4698);
#4697 = CARTESIAN_POINT('',(-1.5,45.));
#4698 = VECTOR('',#4699,1.);
#4699 = DIRECTION('',(1.,0.));
#4700 = ( GEOMETRIC_REPRESENTATION_CONTEXT(2) 
PARAMETRIC_REPRESENTATION_CONTEXT() REPRESENTATION_CONTEXT('2D SPACE',''
  ) );
#4701 = PCURVE('',#3779,#4702);
#4702 = DEFINITIONAL_REPRESENTATION('',(#4703),#4707);
#4703 = LINE('',#4704,#4705);
#4704 = CARTESIAN_POINT('',(5.5,0.));
#4705 = VECTOR('',#4706,1.);
#4706 = DIRECTION('',(0.,1.));
#4707 = ( GEOMETRIC_REPRESENTATION_CONTEXT(2) 
PARAMETRIC_REPRESENTATION_CONTEXT() REPRESENTATION_CONTEXT('2D SPACE',''
  ) );
#4708 = ORIENTED_EDGE('',*,*,#3791,.F.);
#4709 = ORIENTED_EDGE('',*,*,#4481,.T.);
#4710 = ORIENTED_EDGE('',*,*,#4711,.T.);
#4711 = EDGE_CURVE('',#4457,#4712,#4714,.T.);
#4712 = VERTEX_POINT('',#4713);
#4713 = CARTESIAN_POINT('',(-12.8,-11.5,8.));
#4714 = SURFACE_CURVE('',#4715,(#4719,#4726),.PCURVE_S1.);
#4715 = LINE('',#4716,#4717);
#4716 = CARTESIAN_POINT('',(-12.8,-28.5,8.));
#4717 = VECTOR('',#4718,1.);
#4718 = DIRECTION('',(0.,1.,0.));
#4719 = PCURVE('',#3807,#4720);
#4720 = DEFINITIONAL_REPRESENTATION('',(#4721),#4725);
#4721 = LINE('',#4722,#4723);
#4722 = CARTESIAN_POINT('',(2.7,3.5));
#4723 = VECTOR('',#4724,1.);
#4724 = DIRECTION('',(0.,1.));
#4725 = ( GEOMETRIC_REPRESENTATION_CONTEXT(2) 
PARAMETRIC_REPRESENTATION_CONTEXT() REPRESENTATION_CONTEXT('2D SPACE',''
  ) );
#4726 = PCURVE('',#4441,#4727);
#4727 = DEFINITIONAL_REPRESENTATION('',(#4728),#4732);
#4728 = LINE('',#4729,#4730);
#4729 = CARTESIAN_POINT('',(5.5,0.));
#4730 = VECTOR('',#4731,1.);
#4731 = DIRECTION('',(0.,-1.));
#4732 = ( GEOMETRIC_REPRESENTATION_CONTEXT(2) 
PARAMETRIC_REPRESENTATION_CONTEXT() REPRESENTATION_CONTEXT('2D SPACE',''
  ) );
#4733 = ORIENTED_EDGE('',*,*,#4734,.T.);
#4734 = EDGE_CURVE('',#4712,#4508,#4735,.T.);
#4735 = SURFACE_CURVE('',#4736,(#4740,#4747),.PCURVE_S1.);
#4736 = LINE('',#4737,#4738);
#4737 = CARTESIAN_POINT('',(-12.8,-11.5,8.));
#4738 = VECTOR('',#4739,1.);
#4739 = DIRECTION('',(1.,0.,0.));
#4740 = PCURVE('',#3807,#4741);
#4741 = DEFINITIONAL_REPRESENTATION('',(#4742),#4746);
#4742 = LINE('',#4743,#4744);
#4743 = CARTESIAN_POINT('',(2.7,20.5));
#4744 = VECTOR('',#4745,1.);
#4745 = DIRECTION('',(1.,0.));
#4746 = ( GEOMETRIC_REPRESENTATION_CONTEXT(2) 
PARAMETRIC_REPRESENTATION_CONTEXT() REPRESENTATION_CONTEXT('2D SPACE',''
  ) );
#4747 = PCURVE('',#4415,#4748);
#4748 = DEFINITIONAL_REPRESENTATION('',(#4749),#4753);
#4749 = LINE('',#4750,#4751);
#4750 = CARTESIAN_POINT('',(5.5,0.));
#4751 = VECTOR('',#4752,1.);
#4752 = DIRECTION('',(0.,1.));
#4753 = ( GEOMETRIC_REPRESENTATION_CONTEXT(2) 
PARAMETRIC_REPRESENTATION_CONTEXT() REPRESENTATION_CONTEXT('2D SPACE',''
  ) );
#4754 = ADVANCED_FACE('',(#4755),#3779,.T.);
#4755 = FACE_BOUND('',#4756,.T.);
#4756 = EDGE_LOOP('',(#4757,#4780,#4801,#4802));
#4757 = ORIENTED_EDGE('',*,*,#4758,.F.);
#4758 = EDGE_CURVE('',#4759,#4661,#4761,.T.);
#4759 = VERTEX_POINT('',#4760);
#4760 = CARTESIAN_POINT('',(-12.8,13.,2.5));
#4761 = SURFACE_CURVE('',#4762,(#4766,#4773),.PCURVE_S1.);
#4762 = LINE('',#4763,#4764);
#4763 = CARTESIAN_POINT('',(-12.8,13.,2.5));
#4764 = VECTOR('',#4765,1.);
#4765 = DIRECTION('',(0.,0.,1.));
#4766 = PCURVE('',#3779,#4767);
#4767 = DEFINITIONAL_REPRESENTATION('',(#4768),#4772);
#4768 = LINE('',#4769,#4770);
#4769 = CARTESIAN_POINT('',(0.,4.2));
#4770 = VECTOR('',#4771,1.);
#4771 = DIRECTION('',(1.,0.));
#4772 = ( GEOMETRIC_REPRESENTATION_CONTEXT(2) 
PARAMETRIC_REPRESENTATION_CONTEXT() REPRESENTATION_CONTEXT('2D SPACE',''
  ) );
#4773 = PCURVE('',#4676,#4774);
#4774 = DEFINITIONAL_REPRESENTATION('',(#4775),#4779);
#4775 = LINE('',#4776,#4777);
#4776 = CARTESIAN_POINT('',(0.,-1.5));
#4777 = VECTOR('',#4778,1.);
#4778 = DIRECTION('',(1.,0.));
#4779 = ( GEOMETRIC_REPRESENTATION_CONTEXT(2) 
PARAMETRIC_REPRESENTATION_CONTEXT() REPRESENTATION_CONTEXT('2D SPACE',''
  ) );
#4780 = ORIENTED_EDGE('',*,*,#4781,.F.);
#4781 = EDGE_CURVE('',#3736,#4759,#4782,.T.);
#4782 = SURFACE_CURVE('',#4783,(#4787,#4794),.PCURVE_S1.);
#4783 = LINE('',#4784,#4785);
#4784 = CARTESIAN_POINT('',(-17.,13.,2.5));
#4785 = VECTOR('',#4786,1.);
#4786 = DIRECTION('',(1.,0.,0.));
#4787 = PCURVE('',#3779,#4788);
#4788 = DEFINITIONAL_REPRESENTATION('',(#4789),#4793);
#4789 = LINE('',#4790,#4791);
#4790 = CARTESIAN_POINT('',(0.,0.));
#4791 = VECTOR('',#4792,1.);
#4792 = DIRECTION('',(0.,1.));
#4793 = ( GEOMETRIC_REPRESENTATION_CONTEXT(2) 
PARAMETRIC_REPRESENTATION_CONTEXT() REPRESENTATION_CONTEXT('2D SPACE',''
  ) );
#4794 = PCURVE('',#3751,#4795);
#4795 = DEFINITIONAL_REPRESENTATION('',(#4796),#4800);
#4796 = LINE('',#4797,#4798);
#4797 = CARTESIAN_POINT('',(0.,0.));
#4798 = VECTOR('',#4799,1.);
#4799 = DIRECTION('',(1.,0.));
#4800 = ( GEOMETRIC_REPRESENTATION_CONTEXT(2) 
PARAMETRIC_REPRESENTATION_CONTEXT() REPRESENTATION_CONTEXT('2D SPACE',''
  ) );
#4801 = ORIENTED_EDGE('',*,*,#3763,.T.);
#4802 = ORIENTED_EDGE('',*,*,#4688,.T.);
#4803 = ADVANCED_FACE('',(#4804),#3751,.T.);
#4804 = FACE_BOUND('',#4805,.T.);
#4805 = EDGE_LOOP('',(#4806,#4829,#4830,#4831,#4854,#4877,#4900,#4923,
    #4946,#4974,#5002,#5030));
#4806 = ORIENTED_EDGE('',*,*,#4807,.F.);
#4807 = EDGE_CURVE('',#3708,#4808,#4810,.T.);
#4808 = VERTEX_POINT('',#4809);
#4809 = CARTESIAN_POINT('',(-12.8,27.,2.5));
#4810 = SURFACE_CURVE('',#4811,(#4815,#4822),.PCURVE_S1.);
#4811 = LINE('',#4812,#4813);
#4812 = CARTESIAN_POINT('',(-17.,27.,2.5));
#4813 = VECTOR('',#4814,1.);
#4814 = DIRECTION('',(1.,0.,0.));
#4815 = PCURVE('',#3751,#4816);
#4816 = DEFINITIONAL_REPRESENTATION('',(#4817),#4821);
#4817 = LINE('',#4818,#4819);
#4818 = CARTESIAN_POINT('',(0.,14.));
#4819 = VECTOR('',#4820,1.);
#4820 = DIRECTION('',(1.,0.));
#4821 = ( GEOMETRIC_REPRESENTATION_CONTEXT(2) 
PARAMETRIC_REPRESENTATION_CONTEXT() REPRESENTATION_CONTEXT('2D SPACE',''
  ) );
#4822 = PCURVE('',#3723,#4823);
#4823 = DEFINITIONAL_REPRESENTATION('',(#4824),#4828);
#4824 = LINE('',#4825,#4826);
#4825 = CARTESIAN_POINT('',(0.,0.));
#4826 = VECTOR('',#4827,1.);
#4827 = DIRECTION('',(0.,1.));
#4828 = ( GEOMETRIC_REPRESENTATION_CONTEXT(2) 
PARAMETRIC_REPRESENTATION_CONTEXT() REPRESENTATION_CONTEXT('2D SPACE',''
  ) );
#4829 = ORIENTED_EDGE('',*,*,#3735,.T.);
#4830 = ORIENTED_EDGE('',*,*,#4781,.T.);
#4831 = ORIENTED_EDGE('',*,*,#4832,.F.);
#4832 = EDGE_CURVE('',#4833,#4759,#4835,.T.);
#4833 = VERTEX_POINT('',#4834);
#4834 = CARTESIAN_POINT('',(-12.8,11.5,2.5));
#4835 = SURFACE_CURVE('',#4836,(#4840,#4847),.PCURVE_S1.);
#4836 = LINE('',#4837,#4838);
#4837 = CARTESIAN_POINT('',(-12.8,11.5,2.5));
#4838 = VECTOR('',#4839,1.);
#4839 = DIRECTION('',(0.,1.,0.));
#4840 = PCURVE('',#3751,#4841);
#4841 = DEFINITIONAL_REPRESENTATION('',(#4842),#4846);
#4842 = LINE('',#4843,#4844);
#4843 = CARTESIAN_POINT('',(4.2,-1.5));
#4844 = VECTOR('',#4845,1.);
#4845 = DIRECTION('',(0.,1.));
#4846 = ( GEOMETRIC_REPRESENTATION_CONTEXT(2) 
PARAMETRIC_REPRESENTATION_CONTEXT() REPRESENTATION_CONTEXT('2D SPACE',''
  ) );
#4847 = PCURVE('',#4676,#4848);
#4848 = DEFINITIONAL_REPRESENTATION('',(#4849),#4853);
#4849 = LINE('',#4850,#4851);
#4850 = CARTESIAN_POINT('',(0.,0.));
#4851 = VECTOR('',#4852,1.);
#4852 = DIRECTION('',(0.,-1.));
#4853 = ( GEOMETRIC_REPRESENTATION_CONTEXT(2) 
PARAMETRIC_REPRESENTATION_CONTEXT() REPRESENTATION_CONTEXT('2D SPACE',''
  ) );
#4854 = ORIENTED_EDGE('',*,*,#4855,.T.);
#4855 = EDGE_CURVE('',#4833,#4856,#4858,.T.);
#4856 = VERTEX_POINT('',#4857);
#4857 = CARTESIAN_POINT('',(12.8,11.5,2.5));
#4858 = SURFACE_CURVE('',#4859,(#4863,#4870),.PCURVE_S1.);
#4859 = LINE('',#4860,#4861);
#4860 = CARTESIAN_POINT('',(-12.8,11.5,2.5));
#4861 = VECTOR('',#4862,1.);
#4862 = DIRECTION('',(1.,0.,0.));
#4863 = PCURVE('',#3751,#4864);
#4864 = DEFINITIONAL_REPRESENTATION('',(#4865),#4869);
#4865 = LINE('',#4866,#4867);
#4866 = CARTESIAN_POINT('',(4.2,-1.5));
#4867 = VECTOR('',#4868,1.);
#4868 = DIRECTION('',(1.,0.));
#4869 = ( GEOMETRIC_REPRESENTATION_CONTEXT(2) 
PARAMETRIC_REPRESENTATION_CONTEXT() REPRESENTATION_CONTEXT('2D SPACE',''
  ) );
#4870 = PCURVE('',#4648,#4871);
#4871 = DEFINITIONAL_REPRESENTATION('',(#4872),#4876);
#4872 = LINE('',#4873,#4874);
#4873 = CARTESIAN_POINT('',(0.,0.));
#4874 = VECTOR('',#4875,1.);
#4875 = DIRECTION('',(0.,1.));
#4876 = ( GEOMETRIC_REPRESENTATION_CONTEXT(2) 
PARAMETRIC_REPRESENTATION_CONTEXT() REPRESENTATION_CONTEXT('2D SPACE',''
  ) );
#4877 = ORIENTED_EDGE('',*,*,#4878,.T.);
#4878 = EDGE_CURVE('',#4856,#4879,#4881,.T.);
#4879 = VERTEX_POINT('',#4880);
#4880 = CARTESIAN_POINT('',(12.8,13.,2.5));
#4881 = SURFACE_CURVE('',#4882,(#4886,#4893),.PCURVE_S1.);
#4882 = LINE('',#4883,#4884);
#4883 = CARTESIAN_POINT('',(12.8,11.5,2.5));
#4884 = VECTOR('',#4885,1.);
#4885 = DIRECTION('',(0.,1.,0.));
#4886 = PCURVE('',#3751,#4887);
#4887 = DEFINITIONAL_REPRESENTATION('',(#4888),#4892);
#4888 = LINE('',#4889,#4890);
#4889 = CARTESIAN_POINT('',(29.8,-1.5));
#4890 = VECTOR('',#4891,1.);
#4891 = DIRECTION('',(0.,1.));
#4892 = ( GEOMETRIC_REPRESENTATION_CONTEXT(2) 
PARAMETRIC_REPRESENTATION_CONTEXT() REPRESENTATION_CONTEXT('2D SPACE',''
  ) );
#4893 = PCURVE('',#4620,#4894);
#4894 = DEFINITIONAL_REPRESENTATION('',(#4895),#4899);
#4895 = LINE('',#4896,#4897);
#4896 = CARTESIAN_POINT('',(0.,0.));
#4897 = VECTOR('',#4898,1.);
#4898 = DIRECTION('',(0.,-1.));
#4899 = ( GEOMETRIC_REPRESENTATION_CONTEXT(2) 
PARAMETRIC_REPRESENTATION_CONTEXT() REPRESENTATION_CONTEXT('2D SPACE',''
  ) );
#4900 = ORIENTED_EDGE('',*,*,#4901,.T.);
#4901 = EDGE_CURVE('',#4879,#4902,#4904,.T.);
#4902 = VERTEX_POINT('',#4903);
#4903 = CARTESIAN_POINT('',(15.5,13.,2.5));
#4904 = SURFACE_CURVE('',#4905,(#4909,#4916),.PCURVE_S1.);
#4905 = LINE('',#4906,#4907);
#4906 = CARTESIAN_POINT('',(12.,13.,2.5));
#4907 = VECTOR('',#4908,1.);
#4908 = DIRECTION('',(1.,0.,0.));
#4909 = PCURVE('',#3751,#4910);
#4910 = DEFINITIONAL_REPRESENTATION('',(#4911),#4915);
#4911 = LINE('',#4912,#4913);
#4912 = CARTESIAN_POINT('',(29.,0.));
#4913 = VECTOR('',#4914,1.);
#4914 = DIRECTION('',(1.,0.));
#4915 = ( GEOMETRIC_REPRESENTATION_CONTEXT(2) 
PARAMETRIC_REPRESENTATION_CONTEXT() REPRESENTATION_CONTEXT('2D SPACE',''
  ) );
#4916 = PCURVE('',#4592,#4917);
#4917 = DEFINITIONAL_REPRESENTATION('',(#4918),#4922);
#4918 = LINE('',#4919,#4920);
#4919 = CARTESIAN_POINT('',(0.,0.));
#4920 = VECTOR('',#4921,1.);
#4921 = DIRECTION('',(0.,1.));
#4922 = ( GEOMETRIC_REPRESENTATION_CONTEXT(2) 
PARAMETRIC_REPRESENTATION_CONTEXT() REPRESENTATION_CONTEXT('2D SPACE',''
  ) );
#4923 = ORIENTED_EDGE('',*,*,#4924,.F.);
#4924 = EDGE_CURVE('',#4925,#4902,#4927,.T.);
#4925 = VERTEX_POINT('',#4926);
#4926 = CARTESIAN_POINT('',(15.5,27.,2.5));
#4927 = SURFACE_CURVE('',#4928,(#4932,#4939),.PCURVE_S1.);
#4928 = LINE('',#4929,#4930);
#4929 = CARTESIAN_POINT('',(15.5,-9.5,2.5));
#4930 = VECTOR('',#4931,1.);
#4931 = DIRECTION('',(0.,-1.,0.));
#4932 = PCURVE('',#3751,#4933);
#4933 = DEFINITIONAL_REPRESENTATION('',(#4934),#4938);
#4934 = LINE('',#4935,#4936);
#4935 = CARTESIAN_POINT('',(32.5,-22.5));
#4936 = VECTOR('',#4937,1.);
#4937 = DIRECTION('',(0.,-1.));
#4938 = ( GEOMETRIC_REPRESENTATION_CONTEXT(2) 
PARAMETRIC_REPRESENTATION_CONTEXT() REPRESENTATION_CONTEXT('2D SPACE',''
  ) );
#4939 = PCURVE('',#4006,#4940);
#4940 = DEFINITIONAL_REPRESENTATION('',(#4941),#4945);
#4941 = LINE('',#4942,#4943);
#4942 = CARTESIAN_POINT('',(2.5,-22.5));
#4943 = VECTOR('',#4944,1.);
#4944 = DIRECTION('',(0.,1.));
#4945 = ( GEOMETRIC_REPRESENTATION_CONTEXT(2) 
PARAMETRIC_REPRESENTATION_CONTEXT() REPRESENTATION_CONTEXT('2D SPACE',''
  ) );
#4946 = ORIENTED_EDGE('',*,*,#4947,.F.);
#4947 = EDGE_CURVE('',#4948,#4925,#4950,.T.);
#4948 = VERTEX_POINT('',#4949);
#4949 = CARTESIAN_POINT('',(12.8,27.,2.5));
#4950 = SURFACE_CURVE('',#4951,(#4955,#4962),.PCURVE_S1.);
#4951 = LINE('',#4952,#4953);
#4952 = CARTESIAN_POINT('',(12.,27.,2.5));
#4953 = VECTOR('',#4954,1.);
#4954 = DIRECTION('',(1.,0.,0.));
#4955 = PCURVE('',#3751,#4956);
#4956 = DEFINITIONAL_REPRESENTATION('',(#4957),#4961);
#4957 = LINE('',#4958,#4959);
#4958 = CARTESIAN_POINT('',(29.,14.));
#4959 = VECTOR('',#4960,1.);
#4960 = DIRECTION('',(1.,0.));
#4961 = ( GEOMETRIC_REPRESENTATION_CONTEXT(2) 
PARAMETRIC_REPRESENTATION_CONTEXT() REPRESENTATION_CONTEXT('2D SPACE',''
  ) );
#4962 = PCURVE('',#4963,#4968);
#4963 = PLANE('',#4964);
#4964 = AXIS2_PLACEMENT_3D('',#4965,#4966,#4967);
#4965 = CARTESIAN_POINT('',(12.,27.,2.5));
#4966 = DIRECTION('',(0.,1.,0.));
#4967 = DIRECTION('',(0.,0.,1.));
#4968 = DEFINITIONAL_REPRESENTATION('',(#4969),#4973);
#4969 = LINE('',#4970,#4971);
#4970 = CARTESIAN_POINT('',(0.,0.));
#4971 = VECTOR('',#4972,1.);
#4972 = DIRECTION('',(0.,1.));
#4973 = ( GEOMETRIC_REPRESENTATION_CONTEXT(2) 
PARAMETRIC_REPRESENTATION_CONTEXT() REPRESENTATION_CONTEXT('2D SPACE',''
  ) );
#4974 = ORIENTED_EDGE('',*,*,#4975,.T.);
#4975 = EDGE_CURVE('',#4948,#4976,#4978,.T.);
#4976 = VERTEX_POINT('',#4977);
#4977 = CARTESIAN_POINT('',(12.8,28.5,2.5));
#4978 = SURFACE_CURVE('',#4979,(#4983,#4990),.PCURVE_S1.);
#4979 = LINE('',#4980,#4981);
#4980 = CARTESIAN_POINT('',(12.8,11.5,2.5));
#4981 = VECTOR('',#4982,1.);
#4982 = DIRECTION('',(0.,1.,0.));
#4983 = PCURVE('',#3751,#4984);
#4984 = DEFINITIONAL_REPRESENTATION('',(#4985),#4989);
#4985 = LINE('',#4986,#4987);
#4986 = CARTESIAN_POINT('',(29.8,-1.5));
#4987 = VECTOR('',#4988,1.);
#4988 = DIRECTION('',(0.,1.));
#4989 = ( GEOMETRIC_REPRESENTATION_CONTEXT(2) 
PARAMETRIC_REPRESENTATION_CONTEXT() REPRESENTATION_CONTEXT('2D SPACE',''
  ) );
#4990 = PCURVE('',#4991,#4996);
#4991 = PLANE('',#4992);
#4992 = AXIS2_PLACEMENT_3D('',#4993,#4994,#4995);
#4993 = CARTESIAN_POINT('',(12.8,11.5,2.5));
#4994 = DIRECTION('',(1.,0.,0.));
#4995 = DIRECTION('',(0.,0.,1.));
#4996 = DEFINITIONAL_REPRESENTATION('',(#4997),#5001);
#4997 = LINE('',#4998,#4999);
#4998 = CARTESIAN_POINT('',(0.,0.));
#4999 = VECTOR('',#5000,1.);
#5000 = DIRECTION('',(0.,-1.));
#5001 = ( GEOMETRIC_REPRESENTATION_CONTEXT(2) 
PARAMETRIC_REPRESENTATION_CONTEXT() REPRESENTATION_CONTEXT('2D SPACE',''
  ) );
#5002 = ORIENTED_EDGE('',*,*,#5003,.F.);
#5003 = EDGE_CURVE('',#5004,#4976,#5006,.T.);
#5004 = VERTEX_POINT('',#5005);
#5005 = CARTESIAN_POINT('',(-12.8,28.5,2.5));
#5006 = SURFACE_CURVE('',#5007,(#5011,#5018),.PCURVE_S1.);
#5007 = LINE('',#5008,#5009);
#5008 = CARTESIAN_POINT('',(-12.8,28.5,2.5));
#5009 = VECTOR('',#5010,1.);
#5010 = DIRECTION('',(1.,0.,0.));
#5011 = PCURVE('',#3751,#5012);
#5012 = DEFINITIONAL_REPRESENTATION('',(#5013),#5017);
#5013 = LINE('',#5014,#5015);
#5014 = CARTESIAN_POINT('',(4.2,15.5));
#5015 = VECTOR('',#5016,1.);
#5016 = DIRECTION('',(1.,0.));
#5017 = ( GEOMETRIC_REPRESENTATION_CONTEXT(2) 
PARAMETRIC_REPRESENTATION_CONTEXT() REPRESENTATION_CONTEXT('2D SPACE',''
  ) );
#5018 = PCURVE('',#5019,#5024);
#5019 = PLANE('',#5020);
#5020 = AXIS2_PLACEMENT_3D('',#5021,#5022,#5023);
#5021 = CARTESIAN_POINT('',(-12.8,28.5,2.5));
#5022 = DIRECTION('',(0.,1.,0.));
#5023 = DIRECTION('',(0.,0.,1.));
#5024 = DEFINITIONAL_REPRESENTATION('',(#5025),#5029);
#5025 = LINE('',#5026,#5027);
#5026 = CARTESIAN_POINT('',(0.,0.));
#5027 = VECTOR('',#5028,1.);
#5028 = DIRECTION('',(0.,1.));
#5029 = ( GEOMETRIC_REPRESENTATION_CONTEXT(2) 
PARAMETRIC_REPRESENTATION_CONTEXT() REPRESENTATION_CONTEXT('2D SPACE',''
  ) );
#5030 = ORIENTED_EDGE('',*,*,#5031,.F.);
#5031 = EDGE_CURVE('',#4808,#5004,#5032,.T.);
#5032 = SURFACE_CURVE('',#5033,(#5037,#5044),.PCURVE_S1.);
#5033 = LINE('',#5034,#5035);
#5034 = CARTESIAN_POINT('',(-12.8,11.5,2.5));
#5035 = VECTOR('',#5036,1.);
#5036 = DIRECTION('',(0.,1.,0.));
#5037 = PCURVE('',#3751,#5038);
#5038 = DEFINITIONAL_REPRESENTATION('',(#5039),#5043);
#5039 = LINE('',#5040,#5041);
#5040 = CARTESIAN_POINT('',(4.2,-1.5));
#5041 = VECTOR('',#5042,1.);
#5042 = DIRECTION('',(0.,1.));
#5043 = ( GEOMETRIC_REPRESENTATION_CONTEXT(2) 
PARAMETRIC_REPRESENTATION_CONTEXT() REPRESENTATION_CONTEXT('2D SPACE',''
  ) );
#5044 = PCURVE('',#5045,#5050);
#5045 = PLANE('',#5046);
#5046 = AXIS2_PLACEMENT_3D('',#5047,#5048,#5049);
#5047 = CARTESIAN_POINT('',(-12.8,11.5,2.5));
#5048 = DIRECTION('',(1.,0.,0.));
#5049 = DIRECTION('',(0.,0.,1.));
#5050 = DEFINITIONAL_REPRESENTATION('',(#5051),#5055);
#5051 = LINE('',#5052,#5053);
#5052 = CARTESIAN_POINT('',(0.,0.));
#5053 = VECTOR('',#5054,1.);
#5054 = DIRECTION('',(0.,-1.));
#5055 = ( GEOMETRIC_REPRESENTATION_CONTEXT(2) 
PARAMETRIC_REPRESENTATION_CONTEXT() REPRESENTATION_CONTEXT('2D SPACE',''
  ) );
#5056 = ADVANCED_FACE('',(#5057),#3723,.F.);
#5057 = FACE_BOUND('',#5058,.F.);
#5058 = EDGE_LOOP('',(#5059,#5082,#5083,#5084));
#5059 = ORIENTED_EDGE('',*,*,#5060,.F.);
#5060 = EDGE_CURVE('',#4808,#5061,#5063,.T.);
#5061 = VERTEX_POINT('',#5062);
#5062 = CARTESIAN_POINT('',(-12.8,27.,8.));
#5063 = SURFACE_CURVE('',#5064,(#5068,#5075),.PCURVE_S1.);
#5064 = LINE('',#5065,#5066);
#5065 = CARTESIAN_POINT('',(-12.8,27.,2.5));
#5066 = VECTOR('',#5067,1.);
#5067 = DIRECTION('',(0.,0.,1.));
#5068 = PCURVE('',#3723,#5069);
#5069 = DEFINITIONAL_REPRESENTATION('',(#5070),#5074);
#5070 = LINE('',#5071,#5072);
#5071 = CARTESIAN_POINT('',(0.,4.2));
#5072 = VECTOR('',#5073,1.);
#5073 = DIRECTION('',(1.,0.));
#5074 = ( GEOMETRIC_REPRESENTATION_CONTEXT(2) 
PARAMETRIC_REPRESENTATION_CONTEXT() REPRESENTATION_CONTEXT('2D SPACE',''
  ) );
#5075 = PCURVE('',#5045,#5076);
#5076 = DEFINITIONAL_REPRESENTATION('',(#5077),#5081);
#5077 = LINE('',#5078,#5079);
#5078 = CARTESIAN_POINT('',(0.,-15.5));
#5079 = VECTOR('',#5080,1.);
#5080 = DIRECTION('',(1.,0.));
#5081 = ( GEOMETRIC_REPRESENTATION_CONTEXT(2) 
PARAMETRIC_REPRESENTATION_CONTEXT() REPRESENTATION_CONTEXT('2D SPACE',''
  ) );
#5082 = ORIENTED_EDGE('',*,*,#4807,.F.);
#5083 = ORIENTED_EDGE('',*,*,#3707,.T.);
#5084 = ORIENTED_EDGE('',*,*,#5085,.T.);
#5085 = EDGE_CURVE('',#3680,#5061,#5086,.T.);
#5086 = SURFACE_CURVE('',#5087,(#5091,#5098),.PCURVE_S1.);
#5087 = LINE('',#5088,#5089);
#5088 = CARTESIAN_POINT('',(-17.,27.,8.));
#5089 = VECTOR('',#5090,1.);
#5090 = DIRECTION('',(1.,0.,0.));
#5091 = PCURVE('',#3723,#5092);
#5092 = DEFINITIONAL_REPRESENTATION('',(#5093),#5097);
#5093 = LINE('',#5094,#5095);
#5094 = CARTESIAN_POINT('',(5.5,0.));
#5095 = VECTOR('',#5096,1.);
#5096 = DIRECTION('',(0.,1.));
#5097 = ( GEOMETRIC_REPRESENTATION_CONTEXT(2) 
PARAMETRIC_REPRESENTATION_CONTEXT() REPRESENTATION_CONTEXT('2D SPACE',''
  ) );
#5098 = PCURVE('',#3695,#5099);
#5099 = DEFINITIONAL_REPRESENTATION('',(#5100),#5104);
#5100 = LINE('',#5101,#5102);
#5101 = CARTESIAN_POINT('',(-1.5,59.));
#5102 = VECTOR('',#5103,1.);
#5103 = DIRECTION('',(1.,0.));
#5104 = ( GEOMETRIC_REPRESENTATION_CONTEXT(2) 
PARAMETRIC_REPRESENTATION_CONTEXT() REPRESENTATION_CONTEXT('2D SPACE',''
  ) );
#5105 = ADVANCED_FACE('',(#5106),#3695,.T.);
#5106 = FACE_BOUND('',#5107,.T.);
#5107 = EDGE_LOOP('',(#5108,#5133,#5156,#5185,#5213,#5239,#5240,#5241,
    #5264,#5287));
#5108 = ORIENTED_EDGE('',*,*,#5109,.T.);
#5109 = EDGE_CURVE('',#5110,#5112,#5114,.T.);
#5110 = VERTEX_POINT('',#5111);
#5111 = CARTESIAN_POINT('',(12.8,27.,8.));
#5112 = VERTEX_POINT('',#5113);
#5113 = CARTESIAN_POINT('',(15.5,27.,8.));
#5114 = SURFACE_CURVE('',#5115,(#5119,#5126),.PCURVE_S1.);
#5115 = LINE('',#5116,#5117);
#5116 = CARTESIAN_POINT('',(12.,27.,8.));
#5117 = VECTOR('',#5118,1.);
#5118 = DIRECTION('',(1.,0.,0.));
#5119 = PCURVE('',#3695,#5120);
#5120 = DEFINITIONAL_REPRESENTATION('',(#5121),#5125);
#5121 = LINE('',#5122,#5123);
#5122 = CARTESIAN_POINT('',(27.5,59.));
#5123 = VECTOR('',#5124,1.);
#5124 = DIRECTION('',(1.,0.));
#5125 = ( GEOMETRIC_REPRESENTATION_CONTEXT(2) 
PARAMETRIC_REPRESENTATION_CONTEXT() REPRESENTATION_CONTEXT('2D SPACE',''
  ) );
#5126 = PCURVE('',#4963,#5127);
#5127 = DEFINITIONAL_REPRESENTATION('',(#5128),#5132);
#5128 = LINE('',#5129,#5130);
#5129 = CARTESIAN_POINT('',(5.5,0.));
#5130 = VECTOR('',#5131,1.);
#5131 = DIRECTION('',(0.,1.));
#5132 = ( GEOMETRIC_REPRESENTATION_CONTEXT(2) 
PARAMETRIC_REPRESENTATION_CONTEXT() REPRESENTATION_CONTEXT('2D SPACE',''
  ) );
#5133 = ORIENTED_EDGE('',*,*,#5134,.T.);
#5134 = EDGE_CURVE('',#5112,#5135,#5137,.T.);
#5135 = VERTEX_POINT('',#5136);
#5136 = CARTESIAN_POINT('',(15.5,30.,8.));
#5137 = SURFACE_CURVE('',#5138,(#5142,#5149),.PCURVE_S1.);
#5138 = LINE('',#5139,#5140);
#5139 = CARTESIAN_POINT('',(15.5,-32.,8.));
#5140 = VECTOR('',#5141,1.);
#5141 = DIRECTION('',(0.,1.,0.));
#5142 = PCURVE('',#3695,#5143);
#5143 = DEFINITIONAL_REPRESENTATION('',(#5144),#5148);
#5144 = LINE('',#5145,#5146);
#5145 = CARTESIAN_POINT('',(31.,0.));
#5146 = VECTOR('',#5147,1.);
#5147 = DIRECTION('',(0.,1.));
#5148 = ( GEOMETRIC_REPRESENTATION_CONTEXT(2) 
PARAMETRIC_REPRESENTATION_CONTEXT() REPRESENTATION_CONTEXT('2D SPACE',''
  ) );
#5149 = PCURVE('',#4006,#5150);
#5150 = DEFINITIONAL_REPRESENTATION('',(#5151),#5155);
#5151 = LINE('',#5152,#5153);
#5152 = CARTESIAN_POINT('',(8.,0.));
#5153 = VECTOR('',#5154,1.);
#5154 = DIRECTION('',(0.,-1.));
#5155 = ( GEOMETRIC_REPRESENTATION_CONTEXT(2) 
PARAMETRIC_REPRESENTATION_CONTEXT() REPRESENTATION_CONTEXT('2D SPACE',''
  ) );
#5156 = ORIENTED_EDGE('',*,*,#5157,.T.);
#5157 = EDGE_CURVE('',#5135,#5158,#5160,.T.);
#5158 = VERTEX_POINT('',#5159);
#5159 = CARTESIAN_POINT('',(13.5,32.,8.));
#5160 = SURFACE_CURVE('',#5161,(#5166,#5173),.PCURVE_S1.);
#5161 = CIRCLE('',#5162,2.);
#5162 = AXIS2_PLACEMENT_3D('',#5163,#5164,#5165);
#5163 = CARTESIAN_POINT('',(13.5,30.,8.));
#5164 = DIRECTION('',(0.,0.,1.));
#5165 = DIRECTION('',(0.,-1.,0.));
#5166 = PCURVE('',#3695,#5167);
#5167 = DEFINITIONAL_REPRESENTATION('',(#5168),#5172);
#5168 = CIRCLE('',#5169,2.);
#5169 = AXIS2_PLACEMENT_2D('',#5170,#5171);
#5170 = CARTESIAN_POINT('',(29.,62.));
#5171 = DIRECTION('',(0.,-1.));
#5172 = ( GEOMETRIC_REPRESENTATION_CONTEXT(2) 
PARAMETRIC_REPRESENTATION_CONTEXT() REPRESENTATION_CONTEXT('2D SPACE',''
  ) );
#5173 = PCURVE('',#5174,#5179);
#5174 = CYLINDRICAL_SURFACE('',#5175,2.);
#5175 = AXIS2_PLACEMENT_3D('',#5176,#5177,#5178);
#5176 = CARTESIAN_POINT('',(13.5,30.,0.));
#5177 = DIRECTION('',(0.,0.,1.));
#5178 = DIRECTION('',(1.,0.,-0.));
#5179 = DEFINITIONAL_REPRESENTATION('',(#5180),#5184);
#5180 = LINE('',#5181,#5182);
#5181 = CARTESIAN_POINT('',(-1.570796326795,8.));
#5182 = VECTOR('',#5183,1.);
#5183 = DIRECTION('',(1.,0.));
#5184 = ( GEOMETRIC_REPRESENTATION_CONTEXT(2) 
PARAMETRIC_REPRESENTATION_CONTEXT() REPRESENTATION_CONTEXT('2D SPACE',''
  ) );
#5185 = ORIENTED_EDGE('',*,*,#5186,.F.);
#5186 = EDGE_CURVE('',#5187,#5158,#5189,.T.);
#5187 = VERTEX_POINT('',#5188);
#5188 = CARTESIAN_POINT('',(-13.5,32.,8.));
#5189 = SURFACE_CURVE('',#5190,(#5194,#5201),.PCURVE_S1.);
#5190 = LINE('',#5191,#5192);
#5191 = CARTESIAN_POINT('',(-15.5,32.,8.));
#5192 = VECTOR('',#5193,1.);
#5193 = DIRECTION('',(1.,0.,0.));
#5194 = PCURVE('',#3695,#5195);
#5195 = DEFINITIONAL_REPRESENTATION('',(#5196),#5200);
#5196 = LINE('',#5197,#5198);
#5197 = CARTESIAN_POINT('',(0.,64.));
#5198 = VECTOR('',#5199,1.);
#5199 = DIRECTION('',(1.,0.));
#5200 = ( GEOMETRIC_REPRESENTATION_CONTEXT(2) 
PARAMETRIC_REPRESENTATION_CONTEXT() REPRESENTATION_CONTEXT('2D SPACE',''
  ) );
#5201 = PCURVE('',#5202,#5207);
#5202 = PLANE('',#5203);
#5203 = AXIS2_PLACEMENT_3D('',#5204,#5205,#5206);
#5204 = CARTESIAN_POINT('',(-15.5,32.,0.));
#5205 = DIRECTION('',(0.,1.,0.));
#5206 = DIRECTION('',(0.,0.,1.));
#5207 = DEFINITIONAL_REPRESENTATION('',(#5208),#5212);
#5208 = LINE('',#5209,#5210);
#5209 = CARTESIAN_POINT('',(8.,0.));
#5210 = VECTOR('',#5211,1.);
#5211 = DIRECTION('',(0.,1.));
#5212 = ( GEOMETRIC_REPRESENTATION_CONTEXT(2) 
PARAMETRIC_REPRESENTATION_CONTEXT() REPRESENTATION_CONTEXT('2D SPACE',''
  ) );
#5213 = ORIENTED_EDGE('',*,*,#5214,.F.);
#5214 = EDGE_CURVE('',#3652,#5187,#5215,.T.);
#5215 = SURFACE_CURVE('',#5216,(#5221,#5232),.PCURVE_S1.);
#5216 = CIRCLE('',#5217,2.);
#5217 = AXIS2_PLACEMENT_3D('',#5218,#5219,#5220);
#5218 = CARTESIAN_POINT('',(-13.5,30.,8.));
#5219 = DIRECTION('',(-0.,-0.,-1.));
#5220 = DIRECTION('',(0.,-1.,0.));
#5221 = PCURVE('',#3695,#5222);
#5222 = DEFINITIONAL_REPRESENTATION('',(#5223),#5231);
#5223 = ( BOUNDED_CURVE() B_SPLINE_CURVE(2,(#5224,#5225,#5226,#5227,
#5228,#5229,#5230),.UNSPECIFIED.,.T.,.F.) B_SPLINE_CURVE_WITH_KNOTS((1,2
    ,2,2,2,1),(-2.094395102393,0.,2.094395102393,4.188790204786,
6.28318530718,8.377580409573),.UNSPECIFIED.) CURVE() 
GEOMETRIC_REPRESENTATION_ITEM() RATIONAL_B_SPLINE_CURVE((1.,0.5,1.,0.5,
1.,0.5,1.)) REPRESENTATION_ITEM('') );
#5224 = CARTESIAN_POINT('',(2.,60.));
#5225 = CARTESIAN_POINT('',(-1.464101615138,60.));
#5226 = CARTESIAN_POINT('',(0.267949192431,63.));
#5227 = CARTESIAN_POINT('',(2.,66.));
#5228 = CARTESIAN_POINT('',(3.732050807569,63.));
#5229 = CARTESIAN_POINT('',(5.464101615138,60.));
#5230 = CARTESIAN_POINT('',(2.,60.));
#5231 = ( GEOMETRIC_REPRESENTATION_CONTEXT(2) 
PARAMETRIC_REPRESENTATION_CONTEXT() REPRESENTATION_CONTEXT('2D SPACE',''
  ) );
#5232 = PCURVE('',#3667,#5233);
#5233 = DEFINITIONAL_REPRESENTATION('',(#5234),#5238);
#5234 = LINE('',#5235,#5236);
#5235 = CARTESIAN_POINT('',(1.570796326795,8.));
#5236 = VECTOR('',#5237,1.);
#5237 = DIRECTION('',(-1.,0.));
#5238 = ( GEOMETRIC_REPRESENTATION_CONTEXT(2) 
PARAMETRIC_REPRESENTATION_CONTEXT() REPRESENTATION_CONTEXT('2D SPACE',''
  ) );
#5239 = ORIENTED_EDGE('',*,*,#3679,.F.);
#5240 = ORIENTED_EDGE('',*,*,#5085,.T.);
#5241 = ORIENTED_EDGE('',*,*,#5242,.T.);
#5242 = EDGE_CURVE('',#5061,#5243,#5245,.T.);
#5243 = VERTEX_POINT('',#5244);
#5244 = CARTESIAN_POINT('',(-12.8,28.5,8.));
#5245 = SURFACE_CURVE('',#5246,(#5250,#5257),.PCURVE_S1.);
#5246 = LINE('',#5247,#5248);
#5247 = CARTESIAN_POINT('',(-12.8,11.5,8.));
#5248 = VECTOR('',#5249,1.);
#5249 = DIRECTION('',(0.,1.,0.));
#5250 = PCURVE('',#3695,#5251);
#5251 = DEFINITIONAL_REPRESENTATION('',(#5252),#5256);
#5252 = LINE('',#5253,#5254);
#5253 = CARTESIAN_POINT('',(2.7,43.5));
#5254 = VECTOR('',#5255,1.);
#5255 = DIRECTION('',(0.,1.));
#5256 = ( GEOMETRIC_REPRESENTATION_CONTEXT(2) 
PARAMETRIC_REPRESENTATION_CONTEXT() REPRESENTATION_CONTEXT('2D SPACE',''
  ) );
#5257 = PCURVE('',#5045,#5258);
#5258 = DEFINITIONAL_REPRESENTATION('',(#5259),#5263);
#5259 = LINE('',#5260,#5261);
#5260 = CARTESIAN_POINT('',(5.5,0.));
#5261 = VECTOR('',#5262,1.);
#5262 = DIRECTION('',(0.,-1.));
#5263 = ( GEOMETRIC_REPRESENTATION_CONTEXT(2) 
PARAMETRIC_REPRESENTATION_CONTEXT() REPRESENTATION_CONTEXT('2D SPACE',''
  ) );
#5264 = ORIENTED_EDGE('',*,*,#5265,.T.);
#5265 = EDGE_CURVE('',#5243,#5266,#5268,.T.);
#5266 = VERTEX_POINT('',#5267);
#5267 = CARTESIAN_POINT('',(12.8,28.5,8.));
#5268 = SURFACE_CURVE('',#5269,(#5273,#5280),.PCURVE_S1.);
#5269 = LINE('',#5270,#5271);
#5270 = CARTESIAN_POINT('',(-12.8,28.5,8.));
#5271 = VECTOR('',#5272,1.);
#5272 = DIRECTION('',(1.,0.,0.));
#5273 = PCURVE('',#3695,#5274);
#5274 = DEFINITIONAL_REPRESENTATION('',(#5275),#5279);
#5275 = LINE('',#5276,#5277);
#5276 = CARTESIAN_POINT('',(2.7,60.5));
#5277 = VECTOR('',#5278,1.);
#5278 = DIRECTION('',(1.,0.));
#5279 = ( GEOMETRIC_REPRESENTATION_CONTEXT(2) 
PARAMETRIC_REPRESENTATION_CONTEXT() REPRESENTATION_CONTEXT('2D SPACE',''
  ) );
#5280 = PCURVE('',#5019,#5281);
#5281 = DEFINITIONAL_REPRESENTATION('',(#5282),#5286);
#5282 = LINE('',#5283,#5284);
#5283 = CARTESIAN_POINT('',(5.5,0.));
#5284 = VECTOR('',#5285,1.);
#5285 = DIRECTION('',(0.,1.));
#5286 = ( GEOMETRIC_REPRESENTATION_CONTEXT(2) 
PARAMETRIC_REPRESENTATION_CONTEXT() REPRESENTATION_CONTEXT('2D SPACE',''
  ) );
#5287 = ORIENTED_EDGE('',*,*,#5288,.F.);
#5288 = EDGE_CURVE('',#5110,#5266,#5289,.T.);
#5289 = SURFACE_CURVE('',#5290,(#5294,#5301),.PCURVE_S1.);
#5290 = LINE('',#5291,#5292);
#5291 = CARTESIAN_POINT('',(12.8,11.5,8.));
#5292 = VECTOR('',#5293,1.);
#5293 = DIRECTION('',(0.,1.,0.));
#5294 = PCURVE('',#3695,#5295);
#5295 = DEFINITIONAL_REPRESENTATION('',(#5296),#5300);
#5296 = LINE('',#5297,#5298);
#5297 = CARTESIAN_POINT('',(28.3,43.5));
#5298 = VECTOR('',#5299,1.);
#5299 = DIRECTION('',(0.,1.));
#5300 = ( GEOMETRIC_REPRESENTATION_CONTEXT(2) 
PARAMETRIC_REPRESENTATION_CONTEXT() REPRESENTATION_CONTEXT('2D SPACE',''
  ) );
#5301 = PCURVE('',#4991,#5302);
#5302 = DEFINITIONAL_REPRESENTATION('',(#5303),#5307);
#5303 = LINE('',#5304,#5305);
#5304 = CARTESIAN_POINT('',(5.5,0.));
#5305 = VECTOR('',#5306,1.);
#5306 = DIRECTION('',(0.,-1.));
#5307 = ( GEOMETRIC_REPRESENTATION_CONTEXT(2) 
PARAMETRIC_REPRESENTATION_CONTEXT() REPRESENTATION_CONTEXT('2D SPACE',''
  ) );
#5308 = ADVANCED_FACE('',(#5309),#3667,.T.);
#5309 = FACE_BOUND('',#5310,.F.);
#5310 = EDGE_LOOP('',(#5311,#5339,#5360,#5361));
#5311 = ORIENTED_EDGE('',*,*,#5312,.T.);
#5312 = EDGE_CURVE('',#3624,#5313,#5315,.T.);
#5313 = VERTEX_POINT('',#5314);
#5314 = CARTESIAN_POINT('',(-13.5,32.,0.));
#5315 = SURFACE_CURVE('',#5316,(#5321,#5328),.PCURVE_S1.);
#5316 = CIRCLE('',#5317,2.);
#5317 = AXIS2_PLACEMENT_3D('',#5318,#5319,#5320);
#5318 = CARTESIAN_POINT('',(-13.5,30.,0.));
#5319 = DIRECTION('',(-0.,-0.,-1.));
#5320 = DIRECTION('',(0.,-1.,0.));
#5321 = PCURVE('',#3667,#5322);
#5322 = DEFINITIONAL_REPRESENTATION('',(#5323),#5327);
#5323 = LINE('',#5324,#5325);
#5324 = CARTESIAN_POINT('',(1.570796326795,-0.));
#5325 = VECTOR('',#5326,1.);
#5326 = DIRECTION('',(-1.,0.));
#5327 = ( GEOMETRIC_REPRESENTATION_CONTEXT(2) 
PARAMETRIC_REPRESENTATION_CONTEXT() REPRESENTATION_CONTEXT('2D SPACE',''
  ) );
#5328 = PCURVE('',#3639,#5329);
#5329 = DEFINITIONAL_REPRESENTATION('',(#5330),#5338);
#5330 = ( BOUNDED_CURVE() B_SPLINE_CURVE(2,(#5331,#5332,#5333,#5334,
#5335,#5336,#5337),.UNSPECIFIED.,.T.,.F.) B_SPLINE_CURVE_WITH_KNOTS((1,2
    ,2,2,2,1),(-2.094395102393,0.,2.094395102393,4.188790204786,
6.28318530718,8.377580409573),.UNSPECIFIED.) CURVE() 
GEOMETRIC_REPRESENTATION_ITEM() RATIONAL_B_SPLINE_CURVE((1.,0.5,1.,0.5,
1.,0.5,1.)) REPRESENTATION_ITEM('') );
#5331 = CARTESIAN_POINT('',(2.,60.));
#5332 = CARTESIAN_POINT('',(-1.464101615138,60.));
#5333 = CARTESIAN_POINT('',(0.267949192431,63.));
#5334 = CARTESIAN_POINT('',(2.,66.));
#5335 = CARTESIAN_POINT('',(3.732050807569,63.));
#5336 = CARTESIAN_POINT('',(5.464101615138,60.));
#5337 = CARTESIAN_POINT('',(2.,60.));
#5338 = ( GEOMETRIC_REPRESENTATION_CONTEXT(2) 
PARAMETRIC_REPRESENTATION_CONTEXT() REPRESENTATION_CONTEXT('2D SPACE',''
  ) );
#5339 = ORIENTED_EDGE('',*,*,#5340,.T.);
#5340 = EDGE_CURVE('',#5313,#5187,#5341,.T.);
#5341 = SURFACE_CURVE('',#5342,(#5346,#5353),.PCURVE_S1.);
#5342 = LINE('',#5343,#5344);
#5343 = CARTESIAN_POINT('',(-13.5,32.,0.));
#5344 = VECTOR('',#5345,1.);
#5345 = DIRECTION('',(0.,0.,1.));
#5346 = PCURVE('',#3667,#5347);
#5347 = DEFINITIONAL_REPRESENTATION('',(#5348),#5352);
#5348 = LINE('',#5349,#5350);
#5349 = CARTESIAN_POINT('',(-1.570796326795,0.));
#5350 = VECTOR('',#5351,1.);
#5351 = DIRECTION('',(-0.,1.));
#5352 = ( GEOMETRIC_REPRESENTATION_CONTEXT(2) 
PARAMETRIC_REPRESENTATION_CONTEXT() REPRESENTATION_CONTEXT('2D SPACE',''
  ) );
#5353 = PCURVE('',#5202,#5354);
#5354 = DEFINITIONAL_REPRESENTATION('',(#5355),#5359);
#5355 = LINE('',#5356,#5357);
#5356 = CARTESIAN_POINT('',(0.,2.));
#5357 = VECTOR('',#5358,1.);
#5358 = DIRECTION('',(1.,0.));
#5359 = ( GEOMETRIC_REPRESENTATION_CONTEXT(2) 
PARAMETRIC_REPRESENTATION_CONTEXT() REPRESENTATION_CONTEXT('2D SPACE',''
  ) );
#5360 = ORIENTED_EDGE('',*,*,#5214,.F.);
#5361 = ORIENTED_EDGE('',*,*,#3651,.F.);
#5362 = ADVANCED_FACE('',(#5363,#5510),#3639,.F.);
#5363 = FACE_BOUND('',#5364,.F.);
#5364 = EDGE_LOOP('',(#5365,#5366,#5390,#5413,#5441,#5464,#5488,#5509));
#5365 = ORIENTED_EDGE('',*,*,#3623,.F.);
#5366 = ORIENTED_EDGE('',*,*,#5367,.T.);
#5367 = EDGE_CURVE('',#3596,#5368,#5370,.T.);
#5368 = VERTEX_POINT('',#5369);
#5369 = CARTESIAN_POINT('',(-13.5,-32.,0.));
#5370 = SURFACE_CURVE('',#5371,(#5376,#5383),.PCURVE_S1.);
#5371 = CIRCLE('',#5372,2.);
#5372 = AXIS2_PLACEMENT_3D('',#5373,#5374,#5375);
#5373 = CARTESIAN_POINT('',(-13.5,-30.,0.));
#5374 = DIRECTION('',(0.,0.,1.));
#5375 = DIRECTION('',(0.,-1.,0.));
#5376 = PCURVE('',#3639,#5377);
#5377 = DEFINITIONAL_REPRESENTATION('',(#5378),#5382);
#5378 = CIRCLE('',#5379,2.);
#5379 = AXIS2_PLACEMENT_2D('',#5380,#5381);
#5380 = CARTESIAN_POINT('',(2.,2.));
#5381 = DIRECTION('',(0.,-1.));
#5382 = ( GEOMETRIC_REPRESENTATION_CONTEXT(2) 
PARAMETRIC_REPRESENTATION_CONTEXT() REPRESENTATION_CONTEXT('2D SPACE',''
  ) );
#5383 = PCURVE('',#3611,#5384);
#5384 = DEFINITIONAL_REPRESENTATION('',(#5385),#5389);
#5385 = LINE('',#5386,#5387);
#5386 = CARTESIAN_POINT('',(-4.712388980385,0.));
#5387 = VECTOR('',#5388,1.);
#5388 = DIRECTION('',(1.,0.));
#5389 = ( GEOMETRIC_REPRESENTATION_CONTEXT(2) 
PARAMETRIC_REPRESENTATION_CONTEXT() REPRESENTATION_CONTEXT('2D SPACE',''
  ) );
#5390 = ORIENTED_EDGE('',*,*,#5391,.T.);
#5391 = EDGE_CURVE('',#5368,#5392,#5394,.T.);
#5392 = VERTEX_POINT('',#5393);
#5393 = CARTESIAN_POINT('',(13.5,-32.,0.));
#5394 = SURFACE_CURVE('',#5395,(#5399,#5406),.PCURVE_S1.);
#5395 = LINE('',#5396,#5397);
#5396 = CARTESIAN_POINT('',(-15.5,-32.,0.));
#5397 = VECTOR('',#5398,1.);
#5398 = DIRECTION('',(1.,0.,0.));
#5399 = PCURVE('',#3639,#5400);
#5400 = DEFINITIONAL_REPRESENTATION('',(#5401),#5405);
#5401 = LINE('',#5402,#5403);
#5402 = CARTESIAN_POINT('',(0.,0.));
#5403 = VECTOR('',#5404,1.);
#5404 = DIRECTION('',(1.,0.));
#5405 = ( GEOMETRIC_REPRESENTATION_CONTEXT(2) 
PARAMETRIC_REPRESENTATION_CONTEXT() REPRESENTATION_CONTEXT('2D SPACE',''
  ) );
#5406 = PCURVE('',#3945,#5407);
#5407 = DEFINITIONAL_REPRESENTATION('',(#5408),#5412);
#5408 = LINE('',#5409,#5410);
#5409 = CARTESIAN_POINT('',(0.,0.));
#5410 = VECTOR('',#5411,1.);
#5411 = DIRECTION('',(0.,1.));
#5412 = ( GEOMETRIC_REPRESENTATION_CONTEXT(2) 
PARAMETRIC_REPRESENTATION_CONTEXT() REPRESENTATION_CONTEXT('2D SPACE',''
  ) );
#5413 = ORIENTED_EDGE('',*,*,#5414,.F.);
#5414 = EDGE_CURVE('',#5415,#5392,#5417,.T.);
#5415 = VERTEX_POINT('',#5416);
#5416 = CARTESIAN_POINT('',(15.5,-30.,0.));
#5417 = SURFACE_CURVE('',#5418,(#5423,#5434),.PCURVE_S1.);
#5418 = CIRCLE('',#5419,2.);
#5419 = AXIS2_PLACEMENT_3D('',#5420,#5421,#5422);
#5420 = CARTESIAN_POINT('',(13.5,-30.,0.));
#5421 = DIRECTION('',(-0.,-0.,-1.));
#5422 = DIRECTION('',(0.,-1.,0.));
#5423 = PCURVE('',#3639,#5424);
#5424 = DEFINITIONAL_REPRESENTATION('',(#5425),#5433);
#5425 = ( BOUNDED_CURVE() B_SPLINE_CURVE(2,(#5426,#5427,#5428,#5429,
#5430,#5431,#5432),.UNSPECIFIED.,.T.,.F.) B_SPLINE_CURVE_WITH_KNOTS((1,2
    ,2,2,2,1),(-2.094395102393,0.,2.094395102393,4.188790204786,
6.28318530718,8.377580409573),.UNSPECIFIED.) CURVE() 
GEOMETRIC_REPRESENTATION_ITEM() RATIONAL_B_SPLINE_CURVE((1.,0.5,1.,0.5,
1.,0.5,1.)) REPRESENTATION_ITEM('') );
#5426 = CARTESIAN_POINT('',(29.,0.));
#5427 = CARTESIAN_POINT('',(25.535898384862,0.));
#5428 = CARTESIAN_POINT('',(27.267949192431,3.));
#5429 = CARTESIAN_POINT('',(29.,6.));
#5430 = CARTESIAN_POINT('',(30.732050807569,3.));
#5431 = CARTESIAN_POINT('',(32.464101615138,3.10862446895E-15));
#5432 = CARTESIAN_POINT('',(29.,0.));
#5433 = ( GEOMETRIC_REPRESENTATION_CONTEXT(2) 
PARAMETRIC_REPRESENTATION_CONTEXT() REPRESENTATION_CONTEXT('2D SPACE',''
  ) );
#5434 = PCURVE('',#3978,#5435);
#5435 = DEFINITIONAL_REPRESENTATION('',(#5436),#5440);
#5436 = LINE('',#5437,#5438);
#5437 = CARTESIAN_POINT('',(4.712388980385,-0.));
#5438 = VECTOR('',#5439,1.);
#5439 = DIRECTION('',(-1.,0.));
#5440 = ( GEOMETRIC_REPRESENTATION_CONTEXT(2) 
PARAMETRIC_REPRESENTATION_CONTEXT() REPRESENTATION_CONTEXT('2D SPACE',''
  ) );
#5441 = ORIENTED_EDGE('',*,*,#5442,.T.);
#5442 = EDGE_CURVE('',#5415,#5443,#5445,.T.);
#5443 = VERTEX_POINT('',#5444);
#5444 = CARTESIAN_POINT('',(15.5,30.,0.));
#5445 = SURFACE_CURVE('',#5446,(#5450,#5457),.PCURVE_S1.);
#5446 = LINE('',#5447,#5448);
#5447 = CARTESIAN_POINT('',(15.5,-32.,0.));
#5448 = VECTOR('',#5449,1.);
#5449 = DIRECTION('',(0.,1.,0.));
#5450 = PCURVE('',#3639,#5451);
#5451 = DEFINITIONAL_REPRESENTATION('',(#5452),#5456);
#5452 = LINE('',#5453,#5454);
#5453 = CARTESIAN_POINT('',(31.,0.));
#5454 = VECTOR('',#5455,1.);
#5455 = DIRECTION('',(0.,1.));
#5456 = ( GEOMETRIC_REPRESENTATION_CONTEXT(2) 
PARAMETRIC_REPRESENTATION_CONTEXT() REPRESENTATION_CONTEXT('2D SPACE',''
  ) );
#5457 = PCURVE('',#4006,#5458);
#5458 = DEFINITIONAL_REPRESENTATION('',(#5459),#5463);
#5459 = LINE('',#5460,#5461);
#5460 = CARTESIAN_POINT('',(0.,0.));
#5461 = VECTOR('',#5462,1.);
#5462 = DIRECTION('',(0.,-1.));
#5463 = ( GEOMETRIC_REPRESENTATION_CONTEXT(2) 
PARAMETRIC_REPRESENTATION_CONTEXT() REPRESENTATION_CONTEXT('2D SPACE',''
  ) );
#5464 = ORIENTED_EDGE('',*,*,#5465,.T.);
#5465 = EDGE_CURVE('',#5443,#5466,#5468,.T.);
#5466 = VERTEX_POINT('',#5467);
#5467 = CARTESIAN_POINT('',(13.5,32.,0.));
#5468 = SURFACE_CURVE('',#5469,(#5474,#5481),.PCURVE_S1.);
#5469 = CIRCLE('',#5470,2.);
#5470 = AXIS2_PLACEMENT_3D('',#5471,#5472,#5473);
#5471 = CARTESIAN_POINT('',(13.5,30.,0.));
#5472 = DIRECTION('',(0.,0.,1.));
#5473 = DIRECTION('',(0.,-1.,0.));
#5474 = PCURVE('',#3639,#5475);
#5475 = DEFINITIONAL_REPRESENTATION('',(#5476),#5480);
#5476 = CIRCLE('',#5477,2.);
#5477 = AXIS2_PLACEMENT_2D('',#5478,#5479);
#5478 = CARTESIAN_POINT('',(29.,62.));
#5479 = DIRECTION('',(0.,-1.));
#5480 = ( GEOMETRIC_REPRESENTATION_CONTEXT(2) 
PARAMETRIC_REPRESENTATION_CONTEXT() REPRESENTATION_CONTEXT('2D SPACE',''
  ) );
#5481 = PCURVE('',#5174,#5482);
#5482 = DEFINITIONAL_REPRESENTATION('',(#5483),#5487);
#5483 = LINE('',#5484,#5485);
#5484 = CARTESIAN_POINT('',(-1.570796326795,0.));
#5485 = VECTOR('',#5486,1.);
#5486 = DIRECTION('',(1.,0.));
#5487 = ( GEOMETRIC_REPRESENTATION_CONTEXT(2) 
PARAMETRIC_REPRESENTATION_CONTEXT() REPRESENTATION_CONTEXT('2D SPACE',''
  ) );
#5488 = ORIENTED_EDGE('',*,*,#5489,.F.);
#5489 = EDGE_CURVE('',#5313,#5466,#5490,.T.);
#5490 = SURFACE_CURVE('',#5491,(#5495,#5502),.PCURVE_S1.);
#5491 = LINE('',#5492,#5493);
#5492 = CARTESIAN_POINT('',(-15.5,32.,0.));
#5493 = VECTOR('',#5494,1.);
#5494 = DIRECTION('',(1.,0.,0.));
#5495 = PCURVE('',#3639,#5496);
#5496 = DEFINITIONAL_REPRESENTATION('',(#5497),#5501);
#5497 = LINE('',#5498,#5499);
#5498 = CARTESIAN_POINT('',(0.,64.));
#5499 = VECTOR('',#5500,1.);
#5500 = DIRECTION('',(1.,0.));
#5501 = ( GEOMETRIC_REPRESENTATION_CONTEXT(2) 
PARAMETRIC_REPRESENTATION_CONTEXT() REPRESENTATION_CONTEXT('2D SPACE',''
  ) );
#5502 = PCURVE('',#5202,#5503);
#5503 = DEFINITIONAL_REPRESENTATION('',(#5504),#5508);
#5504 = LINE('',#5505,#5506);
#5505 = CARTESIAN_POINT('',(0.,0.));
#5506 = VECTOR('',#5507,1.);
#5507 = DIRECTION('',(0.,1.));
#5508 = ( GEOMETRIC_REPRESENTATION_CONTEXT(2) 
PARAMETRIC_REPRESENTATION_CONTEXT() REPRESENTATION_CONTEXT('2D SPACE',''
  ) );
#5509 = ORIENTED_EDGE('',*,*,#5312,.F.);
#5510 = FACE_BOUND('',#5511,.F.);
#5511 = EDGE_LOOP('',(#5512,#5542,#5570,#5598));
#5512 = ORIENTED_EDGE('',*,*,#5513,.T.);
#5513 = EDGE_CURVE('',#5514,#5516,#5518,.T.);
#5514 = VERTEX_POINT('',#5515);
#5515 = CARTESIAN_POINT('',(-9.25,-3.275,0.));
#5516 = VERTEX_POINT('',#5517);
#5517 = CARTESIAN_POINT('',(-9.25,3.275,0.));
#5518 = SURFACE_CURVE('',#5519,(#5523,#5530),.PCURVE_S1.);
#5519 = LINE('',#5520,#5521);
#5520 = CARTESIAN_POINT('',(-9.25,-3.275,0.));
#5521 = VECTOR('',#5522,1.);
#5522 = DIRECTION('',(0.,1.,0.));
#5523 = PCURVE('',#3639,#5524);
#5524 = DEFINITIONAL_REPRESENTATION('',(#5525),#5529);
#5525 = LINE('',#5526,#5527);
#5526 = CARTESIAN_POINT('',(6.25,28.725));
#5527 = VECTOR('',#5528,1.);
#5528 = DIRECTION('',(0.,1.));
#5529 = ( GEOMETRIC_REPRESENTATION_CONTEXT(2) 
PARAMETRIC_REPRESENTATION_CONTEXT() REPRESENTATION_CONTEXT('2D SPACE',''
  ) );
#5530 = PCURVE('',#5531,#5536);
#5531 = PLANE('',#5532);
#5532 = AXIS2_PLACEMENT_3D('',#5533,#5534,#5535);
#5533 = CARTESIAN_POINT('',(-9.25,-3.275,0.));
#5534 = DIRECTION('',(1.,0.,0.));
#5535 = DIRECTION('',(0.,0.,1.));
#5536 = DEFINITIONAL_REPRESENTATION('',(#5537),#5541);
#5537 = LINE('',#5538,#5539);
#5538 = CARTESIAN_POINT('',(0.,0.));
#5539 = VECTOR('',#5540,1.);
#5540 = DIRECTION('',(0.,-1.));
#5541 = ( GEOMETRIC_REPRESENTATION_CONTEXT(2) 
PARAMETRIC_REPRESENTATION_CONTEXT() REPRESENTATION_CONTEXT('2D SPACE',''
  ) );
#5542 = ORIENTED_EDGE('',*,*,#5543,.T.);
#5543 = EDGE_CURVE('',#5516,#5544,#5546,.T.);
#5544 = VERTEX_POINT('',#5545);
#5545 = CARTESIAN_POINT('',(-4.75,3.275,0.));
#5546 = SURFACE_CURVE('',#5547,(#5551,#5558),.PCURVE_S1.);
#5547 = LINE('',#5548,#5549);
#5548 = CARTESIAN_POINT('',(-9.25,3.275,0.));
#5549 = VECTOR('',#5550,1.);
#5550 = DIRECTION('',(1.,0.,0.));
#5551 = PCURVE('',#3639,#5552);
#5552 = DEFINITIONAL_REPRESENTATION('',(#5553),#5557);
#5553 = LINE('',#5554,#5555);
#5554 = CARTESIAN_POINT('',(6.25,35.275));
#5555 = VECTOR('',#5556,1.);
#5556 = DIRECTION('',(1.,0.));
#5557 = ( GEOMETRIC_REPRESENTATION_CONTEXT(2) 
PARAMETRIC_REPRESENTATION_CONTEXT() REPRESENTATION_CONTEXT('2D SPACE',''
  ) );
#5558 = PCURVE('',#5559,#5564);
#5559 = PLANE('',#5560);
#5560 = AXIS2_PLACEMENT_3D('',#5561,#5562,#5563);
#5561 = CARTESIAN_POINT('',(-9.25,3.275,0.));
#5562 = DIRECTION('',(0.,1.,0.));
#5563 = DIRECTION('',(0.,0.,1.));
#5564 = DEFINITIONAL_REPRESENTATION('',(#5565),#5569);
#5565 = LINE('',#5566,#5567);
#5566 = CARTESIAN_POINT('',(0.,0.));
#5567 = VECTOR('',#5568,1.);
#5568 = DIRECTION('',(0.,1.));
#5569 = ( GEOMETRIC_REPRESENTATION_CONTEXT(2) 
PARAMETRIC_REPRESENTATION_CONTEXT() REPRESENTATION_CONTEXT('2D SPACE',''
  ) );
#5570 = ORIENTED_EDGE('',*,*,#5571,.F.);
#5571 = EDGE_CURVE('',#5572,#5544,#5574,.T.);
#5572 = VERTEX_POINT('',#5573);
#5573 = CARTESIAN_POINT('',(-4.75,-3.275,0.));
#5574 = SURFACE_CURVE('',#5575,(#5579,#5586),.PCURVE_S1.);
#5575 = LINE('',#5576,#5577);
#5576 = CARTESIAN_POINT('',(-4.75,-3.275,0.));
#5577 = VECTOR('',#5578,1.);
#5578 = DIRECTION('',(0.,1.,0.));
#5579 = PCURVE('',#3639,#5580);
#5580 = DEFINITIONAL_REPRESENTATION('',(#5581),#5585);
#5581 = LINE('',#5582,#5583);
#5582 = CARTESIAN_POINT('',(10.75,28.725));
#5583 = VECTOR('',#5584,1.);
#5584 = DIRECTION('',(0.,1.));
#5585 = ( GEOMETRIC_REPRESENTATION_CONTEXT(2) 
PARAMETRIC_REPRESENTATION_CONTEXT() REPRESENTATION_CONTEXT('2D SPACE',''
  ) );
#5586 = PCURVE('',#5587,#5592);
#5587 = PLANE('',#5588);
#5588 = AXIS2_PLACEMENT_3D('',#5589,#5590,#5591);
#5589 = CARTESIAN_POINT('',(-4.75,-3.275,0.));
#5590 = DIRECTION('',(1.,0.,0.));
#5591 = DIRECTION('',(0.,0.,1.));
#5592 = DEFINITIONAL_REPRESENTATION('',(#5593),#5597);
#5593 = LINE('',#5594,#5595);
#5594 = CARTESIAN_POINT('',(0.,0.));
#5595 = VECTOR('',#5596,1.);
#5596 = DIRECTION('',(0.,-1.));
#5597 = ( GEOMETRIC_REPRESENTATION_CONTEXT(2) 
PARAMETRIC_REPRESENTATION_CONTEXT() REPRESENTATION_CONTEXT('2D SPACE',''
  ) );
#5598 = ORIENTED_EDGE('',*,*,#5599,.F.);
#5599 = EDGE_CURVE('',#5514,#5572,#5600,.T.);
#5600 = SURFACE_CURVE('',#5601,(#5605,#5612),.PCURVE_S1.);
#5601 = LINE('',#5602,#5603);
#5602 = CARTESIAN_POINT('',(-9.25,-3.275,0.));
#5603 = VECTOR('',#5604,1.);
#5604 = DIRECTION('',(1.,0.,0.));
#5605 = PCURVE('',#3639,#5606);
#5606 = DEFINITIONAL_REPRESENTATION('',(#5607),#5611);
#5607 = LINE('',#5608,#5609);
#5608 = CARTESIAN_POINT('',(6.25,28.725));
#5609 = VECTOR('',#5610,1.);
#5610 = DIRECTION('',(1.,0.));
#5611 = ( GEOMETRIC_REPRESENTATION_CONTEXT(2) 
PARAMETRIC_REPRESENTATION_CONTEXT() REPRESENTATION_CONTEXT('2D SPACE',''
  ) );
#5612 = PCURVE('',#5613,#5618);
#5613 = PLANE('',#5614);
#5614 = AXIS2_PLACEMENT_3D('',#5615,#5616,#5617);
#5615 = CARTESIAN_POINT('',(-9.25,-3.275,0.));
#5616 = DIRECTION('',(0.,1.,0.));
#5617 = DIRECTION('',(0.,0.,1.));
#5618 = DEFINITIONAL_REPRESENTATION('',(#5619),#5623);
#5619 = LINE('',#5620,#5621);
#5620 = CARTESIAN_POINT('',(0.,0.));
#5621 = VECTOR('',#5622,1.);
#5622 = DIRECTION('',(0.,1.));
#5623 = ( GEOMETRIC_REPRESENTATION_CONTEXT(2) 
PARAMETRIC_REPRESENTATION_CONTEXT() REPRESENTATION_CONTEXT('2D SPACE',''
  ) );
#5624 = ADVANCED_FACE('',(#5625),#3611,.T.);
#5625 = FACE_BOUND('',#5626,.T.);
#5626 = EDGE_LOOP('',(#5627,#5628,#5649,#5650));
#5627 = ORIENTED_EDGE('',*,*,#5367,.T.);
#5628 = ORIENTED_EDGE('',*,*,#5629,.T.);
#5629 = EDGE_CURVE('',#5368,#3906,#5630,.T.);
#5630 = SURFACE_CURVE('',#5631,(#5635,#5642),.PCURVE_S1.);
#5631 = LINE('',#5632,#5633);
#5632 = CARTESIAN_POINT('',(-13.5,-32.,0.));
#5633 = VECTOR('',#5634,1.);
#5634 = DIRECTION('',(0.,0.,1.));
#5635 = PCURVE('',#3611,#5636);
#5636 = DEFINITIONAL_REPRESENTATION('',(#5637),#5641);
#5637 = LINE('',#5638,#5639);
#5638 = CARTESIAN_POINT('',(1.570796326795,0.));
#5639 = VECTOR('',#5640,1.);
#5640 = DIRECTION('',(0.,1.));
#5641 = ( GEOMETRIC_REPRESENTATION_CONTEXT(2) 
PARAMETRIC_REPRESENTATION_CONTEXT() REPRESENTATION_CONTEXT('2D SPACE',''
  ) );
#5642 = PCURVE('',#3945,#5643);
#5643 = DEFINITIONAL_REPRESENTATION('',(#5644),#5648);
#5644 = LINE('',#5645,#5646);
#5645 = CARTESIAN_POINT('',(0.,2.));
#5646 = VECTOR('',#5647,1.);
#5647 = DIRECTION('',(1.,0.));
#5648 = ( GEOMETRIC_REPRESENTATION_CONTEXT(2) 
PARAMETRIC_REPRESENTATION_CONTEXT() REPRESENTATION_CONTEXT('2D SPACE',''
  ) );
#5649 = ORIENTED_EDGE('',*,*,#3905,.F.);
#5650 = ORIENTED_EDGE('',*,*,#3595,.F.);
#5651 = ADVANCED_FACE('',(#5652),#4118,.T.);
#5652 = FACE_BOUND('',#5653,.T.);
#5653 = EDGE_LOOP('',(#5654,#5655,#5676,#5677));
#5654 = ORIENTED_EDGE('',*,*,#4102,.F.);
#5655 = ORIENTED_EDGE('',*,*,#5656,.F.);
#5656 = EDGE_CURVE('',#4229,#4075,#5657,.T.);
#5657 = SURFACE_CURVE('',#5658,(#5662,#5669),.PCURVE_S1.);
#5658 = LINE('',#5659,#5660);
#5659 = CARTESIAN_POINT('',(-12.8,-28.5,2.5));
#5660 = VECTOR('',#5661,1.);
#5661 = DIRECTION('',(0.,0.,1.));
#5662 = PCURVE('',#4118,#5663);
#5663 = DEFINITIONAL_REPRESENTATION('',(#5664),#5668);
#5664 = LINE('',#5665,#5666);
#5665 = CARTESIAN_POINT('',(0.,0.));
#5666 = VECTOR('',#5667,1.);
#5667 = DIRECTION('',(1.,0.));
#5668 = ( GEOMETRIC_REPRESENTATION_CONTEXT(2) 
PARAMETRIC_REPRESENTATION_CONTEXT() REPRESENTATION_CONTEXT('2D SPACE',''
  ) );
#5669 = PCURVE('',#4090,#5670);
#5670 = DEFINITIONAL_REPRESENTATION('',(#5671),#5675);
#5671 = LINE('',#5672,#5673);
#5672 = CARTESIAN_POINT('',(0.,0.));
#5673 = VECTOR('',#5674,1.);
#5674 = DIRECTION('',(1.,0.));
#5675 = ( GEOMETRIC_REPRESENTATION_CONTEXT(2) 
PARAMETRIC_REPRESENTATION_CONTEXT() REPRESENTATION_CONTEXT('2D SPACE',''
  ) );
#5676 = ORIENTED_EDGE('',*,*,#4228,.T.);
#5677 = ORIENTED_EDGE('',*,*,#4154,.T.);
#5678 = ADVANCED_FACE('',(#5679),#4090,.T.);
#5679 = FACE_BOUND('',#5680,.T.);
#5680 = EDGE_LOOP('',(#5681,#5682,#5683,#5684));
#5681 = ORIENTED_EDGE('',*,*,#4251,.F.);
#5682 = ORIENTED_EDGE('',*,*,#5656,.T.);
#5683 = ORIENTED_EDGE('',*,*,#4074,.T.);
#5684 = ORIENTED_EDGE('',*,*,#5685,.F.);
#5685 = EDGE_CURVE('',#4252,#4047,#5686,.T.);
#5686 = SURFACE_CURVE('',#5687,(#5691,#5698),.PCURVE_S1.);
#5687 = LINE('',#5688,#5689);
#5688 = CARTESIAN_POINT('',(12.8,-28.5,2.5));
#5689 = VECTOR('',#5690,1.);
#5690 = DIRECTION('',(0.,0.,1.));
#5691 = PCURVE('',#4090,#5692);
#5692 = DEFINITIONAL_REPRESENTATION('',(#5693),#5697);
#5693 = LINE('',#5694,#5695);
#5694 = CARTESIAN_POINT('',(0.,25.6));
#5695 = VECTOR('',#5696,1.);
#5696 = DIRECTION('',(1.,0.));
#5697 = ( GEOMETRIC_REPRESENTATION_CONTEXT(2) 
PARAMETRIC_REPRESENTATION_CONTEXT() REPRESENTATION_CONTEXT('2D SPACE',''
  ) );
#5698 = PCURVE('',#4062,#5699);
#5699 = DEFINITIONAL_REPRESENTATION('',(#5700),#5704);
#5700 = LINE('',#5701,#5702);
#5701 = CARTESIAN_POINT('',(0.,0.));
#5702 = VECTOR('',#5703,1.);
#5703 = DIRECTION('',(1.,0.));
#5704 = ( GEOMETRIC_REPRESENTATION_CONTEXT(2) 
PARAMETRIC_REPRESENTATION_CONTEXT() REPRESENTATION_CONTEXT('2D SPACE',''
  ) );
#5705 = ADVANCED_FACE('',(#5706),#4062,.F.);
#5706 = FACE_BOUND('',#5707,.F.);
#5707 = EDGE_LOOP('',(#5708,#5709,#5710,#5711));
#5708 = ORIENTED_EDGE('',*,*,#4046,.F.);
#5709 = ORIENTED_EDGE('',*,*,#5685,.F.);
#5710 = ORIENTED_EDGE('',*,*,#4274,.T.);
#5711 = ORIENTED_EDGE('',*,*,#5712,.T.);
#5712 = EDGE_CURVE('',#4275,#4019,#5713,.T.);
#5713 = SURFACE_CURVE('',#5714,(#5718,#5725),.PCURVE_S1.);
#5714 = LINE('',#5715,#5716);
#5715 = CARTESIAN_POINT('',(12.8,-27.,2.5));
#5716 = VECTOR('',#5717,1.);
#5717 = DIRECTION('',(0.,0.,1.));
#5718 = PCURVE('',#4062,#5719);
#5719 = DEFINITIONAL_REPRESENTATION('',(#5720),#5724);
#5720 = LINE('',#5721,#5722);
#5721 = CARTESIAN_POINT('',(0.,-1.5));
#5722 = VECTOR('',#5723,1.);
#5723 = DIRECTION('',(1.,0.));
#5724 = ( GEOMETRIC_REPRESENTATION_CONTEXT(2) 
PARAMETRIC_REPRESENTATION_CONTEXT() REPRESENTATION_CONTEXT('2D SPACE',''
  ) );
#5725 = PCURVE('',#4034,#5726);
#5726 = DEFINITIONAL_REPRESENTATION('',(#5727),#5731);
#5727 = LINE('',#5728,#5729);
#5728 = CARTESIAN_POINT('',(0.,0.8));
#5729 = VECTOR('',#5730,1.);
#5730 = DIRECTION('',(1.,0.));
#5731 = ( GEOMETRIC_REPRESENTATION_CONTEXT(2) 
PARAMETRIC_REPRESENTATION_CONTEXT() REPRESENTATION_CONTEXT('2D SPACE',''
  ) );
#5732 = ADVANCED_FACE('',(#5733),#4034,.T.);
#5733 = FACE_BOUND('',#5734,.T.);
#5734 = EDGE_LOOP('',(#5735,#5736,#5737,#5738));
#5735 = ORIENTED_EDGE('',*,*,#4297,.F.);
#5736 = ORIENTED_EDGE('',*,*,#5712,.T.);
#5737 = ORIENTED_EDGE('',*,*,#4018,.T.);
#5738 = ORIENTED_EDGE('',*,*,#5739,.F.);
#5739 = EDGE_CURVE('',#4298,#3991,#5740,.T.);
#5740 = SURFACE_CURVE('',#5741,(#5745,#5752),.PCURVE_S1.);
#5741 = LINE('',#5742,#5743);
#5742 = CARTESIAN_POINT('',(15.5,-27.,1.25));
#5743 = VECTOR('',#5744,1.);
#5744 = DIRECTION('',(0.,0.,1.));
#5745 = PCURVE('',#4034,#5746);
#5746 = DEFINITIONAL_REPRESENTATION('',(#5747),#5751);
#5747 = LINE('',#5748,#5749);
#5748 = CARTESIAN_POINT('',(-1.25,3.5));
#5749 = VECTOR('',#5750,1.);
#5750 = DIRECTION('',(1.,0.));
#5751 = ( GEOMETRIC_REPRESENTATION_CONTEXT(2) 
PARAMETRIC_REPRESENTATION_CONTEXT() REPRESENTATION_CONTEXT('2D SPACE',''
  ) );
#5752 = PCURVE('',#4006,#5753);
#5753 = DEFINITIONAL_REPRESENTATION('',(#5754),#5758);
#5754 = LINE('',#5755,#5756);
#5755 = CARTESIAN_POINT('',(1.25,-5.));
#5756 = VECTOR('',#5757,1.);
#5757 = DIRECTION('',(1.,0.));
#5758 = ( GEOMETRIC_REPRESENTATION_CONTEXT(2) 
PARAMETRIC_REPRESENTATION_CONTEXT() REPRESENTATION_CONTEXT('2D SPACE',''
  ) );
#5759 = ADVANCED_FACE('',(#5760),#4006,.T.);
#5760 = FACE_BOUND('',#5761,.T.);
#5761 = EDGE_LOOP('',(#5762,#5763,#5784,#5785,#5806,#5807,#5828,#5829,
    #5850,#5851,#5872,#5873));
#5762 = ORIENTED_EDGE('',*,*,#3990,.F.);
#5763 = ORIENTED_EDGE('',*,*,#5764,.F.);
#5764 = EDGE_CURVE('',#5415,#3958,#5765,.T.);
#5765 = SURFACE_CURVE('',#5766,(#5770,#5777),.PCURVE_S1.);
#5766 = LINE('',#5767,#5768);
#5767 = CARTESIAN_POINT('',(15.5,-30.,0.));
#5768 = VECTOR('',#5769,1.);
#5769 = DIRECTION('',(0.,0.,1.));
#5770 = PCURVE('',#4006,#5771);
#5771 = DEFINITIONAL_REPRESENTATION('',(#5772),#5776);
#5772 = LINE('',#5773,#5774);
#5773 = CARTESIAN_POINT('',(0.,-2.));
#5774 = VECTOR('',#5775,1.);
#5775 = DIRECTION('',(1.,0.));
#5776 = ( GEOMETRIC_REPRESENTATION_CONTEXT(2) 
PARAMETRIC_REPRESENTATION_CONTEXT() REPRESENTATION_CONTEXT('2D SPACE',''
  ) );
#5777 = PCURVE('',#3978,#5778);
#5778 = DEFINITIONAL_REPRESENTATION('',(#5779),#5783);
#5779 = LINE('',#5780,#5781);
#5780 = CARTESIAN_POINT('',(-0.,0.));
#5781 = VECTOR('',#5782,1.);
#5782 = DIRECTION('',(-0.,1.));
#5783 = ( GEOMETRIC_REPRESENTATION_CONTEXT(2) 
PARAMETRIC_REPRESENTATION_CONTEXT() REPRESENTATION_CONTEXT('2D SPACE',''
  ) );
#5784 = ORIENTED_EDGE('',*,*,#5442,.T.);
#5785 = ORIENTED_EDGE('',*,*,#5786,.T.);
#5786 = EDGE_CURVE('',#5443,#5135,#5787,.T.);
#5787 = SURFACE_CURVE('',#5788,(#5792,#5799),.PCURVE_S1.);
#5788 = LINE('',#5789,#5790);
#5789 = CARTESIAN_POINT('',(15.5,30.,0.));
#5790 = VECTOR('',#5791,1.);
#5791 = DIRECTION('',(0.,0.,1.));
#5792 = PCURVE('',#4006,#5793);
#5793 = DEFINITIONAL_REPRESENTATION('',(#5794),#5798);
#5794 = LINE('',#5795,#5796);
#5795 = CARTESIAN_POINT('',(0.,-62.));
#5796 = VECTOR('',#5797,1.);
#5797 = DIRECTION('',(1.,0.));
#5798 = ( GEOMETRIC_REPRESENTATION_CONTEXT(2) 
PARAMETRIC_REPRESENTATION_CONTEXT() REPRESENTATION_CONTEXT('2D SPACE',''
  ) );
#5799 = PCURVE('',#5174,#5800);
#5800 = DEFINITIONAL_REPRESENTATION('',(#5801),#5805);
#5801 = LINE('',#5802,#5803);
#5802 = CARTESIAN_POINT('',(0.,0.));
#5803 = VECTOR('',#5804,1.);
#5804 = DIRECTION('',(0.,1.));
#5805 = ( GEOMETRIC_REPRESENTATION_CONTEXT(2) 
PARAMETRIC_REPRESENTATION_CONTEXT() REPRESENTATION_CONTEXT('2D SPACE',''
  ) );
#5806 = ORIENTED_EDGE('',*,*,#5134,.F.);
#5807 = ORIENTED_EDGE('',*,*,#5808,.F.);
#5808 = EDGE_CURVE('',#4925,#5112,#5809,.T.);
#5809 = SURFACE_CURVE('',#5810,(#5814,#5821),.PCURVE_S1.);
#5810 = LINE('',#5811,#5812);
#5811 = CARTESIAN_POINT('',(15.5,27.,1.25));
#5812 = VECTOR('',#5813,1.);
#5813 = DIRECTION('',(0.,0.,1.));
#5814 = PCURVE('',#4006,#5815);
#5815 = DEFINITIONAL_REPRESENTATION('',(#5816),#5820);
#5816 = LINE('',#5817,#5818);
#5817 = CARTESIAN_POINT('',(1.25,-59.));
#5818 = VECTOR('',#5819,1.);
#5819 = DIRECTION('',(1.,0.));
#5820 = ( GEOMETRIC_REPRESENTATION_CONTEXT(2) 
PARAMETRIC_REPRESENTATION_CONTEXT() REPRESENTATION_CONTEXT('2D SPACE',''
  ) );
#5821 = PCURVE('',#4963,#5822);
#5822 = DEFINITIONAL_REPRESENTATION('',(#5823),#5827);
#5823 = LINE('',#5824,#5825);
#5824 = CARTESIAN_POINT('',(-1.25,3.5));
#5825 = VECTOR('',#5826,1.);
#5826 = DIRECTION('',(1.,0.));
#5827 = ( GEOMETRIC_REPRESENTATION_CONTEXT(2) 
PARAMETRIC_REPRESENTATION_CONTEXT() REPRESENTATION_CONTEXT('2D SPACE',''
  ) );
#5828 = ORIENTED_EDGE('',*,*,#4924,.T.);
#5829 = ORIENTED_EDGE('',*,*,#5830,.T.);
#5830 = EDGE_CURVE('',#4902,#4554,#5831,.T.);
#5831 = SURFACE_CURVE('',#5832,(#5836,#5843),.PCURVE_S1.);
#5832 = LINE('',#5833,#5834);
#5833 = CARTESIAN_POINT('',(15.5,13.,1.25));
#5834 = VECTOR('',#5835,1.);
#5835 = DIRECTION('',(0.,0.,1.));
#5836 = PCURVE('',#4006,#5837);
#5837 = DEFINITIONAL_REPRESENTATION('',(#5838),#5842);
#5838 = LINE('',#5839,#5840);
#5839 = CARTESIAN_POINT('',(1.25,-45.));
#5840 = VECTOR('',#5841,1.);
#5841 = DIRECTION('',(1.,0.));
#5842 = ( GEOMETRIC_REPRESENTATION_CONTEXT(2) 
PARAMETRIC_REPRESENTATION_CONTEXT() REPRESENTATION_CONTEXT('2D SPACE',''
  ) );
#5843 = PCURVE('',#4592,#5844);
#5844 = DEFINITIONAL_REPRESENTATION('',(#5845),#5849);
#5845 = LINE('',#5846,#5847);
#5846 = CARTESIAN_POINT('',(-1.25,3.5));
#5847 = VECTOR('',#5848,1.);
#5848 = DIRECTION('',(1.,0.));
#5849 = ( GEOMETRIC_REPRESENTATION_CONTEXT(2) 
PARAMETRIC_REPRESENTATION_CONTEXT() REPRESENTATION_CONTEXT('2D SPACE',''
  ) );
#5850 = ORIENTED_EDGE('',*,*,#4553,.F.);
#5851 = ORIENTED_EDGE('',*,*,#5852,.F.);
#5852 = EDGE_CURVE('',#4321,#4531,#5853,.T.);
#5853 = SURFACE_CURVE('',#5854,(#5858,#5865),.PCURVE_S1.);
#5854 = LINE('',#5855,#5856);
#5855 = CARTESIAN_POINT('',(15.5,-13.,1.25));
#5856 = VECTOR('',#5857,1.);
#5857 = DIRECTION('',(0.,0.,1.));
#5858 = PCURVE('',#4006,#5859);
#5859 = DEFINITIONAL_REPRESENTATION('',(#5860),#5864);
#5860 = LINE('',#5861,#5862);
#5861 = CARTESIAN_POINT('',(1.25,-19.));
#5862 = VECTOR('',#5863,1.);
#5863 = DIRECTION('',(1.,0.));
#5864 = ( GEOMETRIC_REPRESENTATION_CONTEXT(2) 
PARAMETRIC_REPRESENTATION_CONTEXT() REPRESENTATION_CONTEXT('2D SPACE',''
  ) );
#5865 = PCURVE('',#4359,#5866);
#5866 = DEFINITIONAL_REPRESENTATION('',(#5867),#5871);
#5867 = LINE('',#5868,#5869);
#5868 = CARTESIAN_POINT('',(-1.25,3.5));
#5869 = VECTOR('',#5870,1.);
#5870 = DIRECTION('',(1.,0.));
#5871 = ( GEOMETRIC_REPRESENTATION_CONTEXT(2) 
PARAMETRIC_REPRESENTATION_CONTEXT() REPRESENTATION_CONTEXT('2D SPACE',''
  ) );
#5872 = ORIENTED_EDGE('',*,*,#4320,.T.);
#5873 = ORIENTED_EDGE('',*,*,#5739,.T.);
#5874 = ADVANCED_FACE('',(#5875),#3978,.T.);
#5875 = FACE_BOUND('',#5876,.F.);
#5876 = EDGE_LOOP('',(#5877,#5878,#5899,#5900));
#5877 = ORIENTED_EDGE('',*,*,#5414,.T.);
#5878 = ORIENTED_EDGE('',*,*,#5879,.T.);
#5879 = EDGE_CURVE('',#5392,#3930,#5880,.T.);
#5880 = SURFACE_CURVE('',#5881,(#5885,#5892),.PCURVE_S1.);
#5881 = LINE('',#5882,#5883);
#5882 = CARTESIAN_POINT('',(13.5,-32.,0.));
#5883 = VECTOR('',#5884,1.);
#5884 = DIRECTION('',(0.,0.,1.));
#5885 = PCURVE('',#3978,#5886);
#5886 = DEFINITIONAL_REPRESENTATION('',(#5887),#5891);
#5887 = LINE('',#5888,#5889);
#5888 = CARTESIAN_POINT('',(-1.570796326795,0.));
#5889 = VECTOR('',#5890,1.);
#5890 = DIRECTION('',(-0.,1.));
#5891 = ( GEOMETRIC_REPRESENTATION_CONTEXT(2) 
PARAMETRIC_REPRESENTATION_CONTEXT() REPRESENTATION_CONTEXT('2D SPACE',''
  ) );
#5892 = PCURVE('',#3945,#5893);
#5893 = DEFINITIONAL_REPRESENTATION('',(#5894),#5898);
#5894 = LINE('',#5895,#5896);
#5895 = CARTESIAN_POINT('',(0.,29.));
#5896 = VECTOR('',#5897,1.);
#5897 = DIRECTION('',(1.,0.));
#5898 = ( GEOMETRIC_REPRESENTATION_CONTEXT(2) 
PARAMETRIC_REPRESENTATION_CONTEXT() REPRESENTATION_CONTEXT('2D SPACE',''
  ) );
#5899 = ORIENTED_EDGE('',*,*,#3957,.F.);
#5900 = ORIENTED_EDGE('',*,*,#5764,.F.);
#5901 = ADVANCED_FACE('',(#5902),#3945,.F.);
#5902 = FACE_BOUND('',#5903,.F.);
#5903 = EDGE_LOOP('',(#5904,#5905,#5906,#5907));
#5904 = ORIENTED_EDGE('',*,*,#5391,.F.);
#5905 = ORIENTED_EDGE('',*,*,#5629,.T.);
#5906 = ORIENTED_EDGE('',*,*,#3929,.T.);
#5907 = ORIENTED_EDGE('',*,*,#5879,.F.);
#5908 = ADVANCED_FACE('',(#5909),#4359,.F.);
#5909 = FACE_BOUND('',#5910,.F.);
#5910 = EDGE_LOOP('',(#5911,#5912,#5933,#5934));
#5911 = ORIENTED_EDGE('',*,*,#4343,.F.);
#5912 = ORIENTED_EDGE('',*,*,#5913,.T.);
#5913 = EDGE_CURVE('',#4344,#4506,#5914,.T.);
#5914 = SURFACE_CURVE('',#5915,(#5919,#5926),.PCURVE_S1.);
#5915 = LINE('',#5916,#5917);
#5916 = CARTESIAN_POINT('',(12.8,-13.,2.5));
#5917 = VECTOR('',#5918,1.);
#5918 = DIRECTION('',(0.,0.,1.));
#5919 = PCURVE('',#4359,#5920);
#5920 = DEFINITIONAL_REPRESENTATION('',(#5921),#5925);
#5921 = LINE('',#5922,#5923);
#5922 = CARTESIAN_POINT('',(0.,0.8));
#5923 = VECTOR('',#5924,1.);
#5924 = DIRECTION('',(1.,0.));
#5925 = ( GEOMETRIC_REPRESENTATION_CONTEXT(2) 
PARAMETRIC_REPRESENTATION_CONTEXT() REPRESENTATION_CONTEXT('2D SPACE',''
  ) );
#5926 = PCURVE('',#4387,#5927);
#5927 = DEFINITIONAL_REPRESENTATION('',(#5928),#5932);
#5928 = LINE('',#5929,#5930);
#5929 = CARTESIAN_POINT('',(0.,-15.5));
#5930 = VECTOR('',#5931,1.);
#5931 = DIRECTION('',(1.,0.));
#5932 = ( GEOMETRIC_REPRESENTATION_CONTEXT(2) 
PARAMETRIC_REPRESENTATION_CONTEXT() REPRESENTATION_CONTEXT('2D SPACE',''
  ) );
#5933 = ORIENTED_EDGE('',*,*,#4530,.T.);
#5934 = ORIENTED_EDGE('',*,*,#5852,.F.);
#5935 = ADVANCED_FACE('',(#5936),#4387,.F.);
#5936 = FACE_BOUND('',#5937,.F.);
#5937 = EDGE_LOOP('',(#5938,#5939,#5940,#5941));
#5938 = ORIENTED_EDGE('',*,*,#4505,.F.);
#5939 = ORIENTED_EDGE('',*,*,#5913,.F.);
#5940 = ORIENTED_EDGE('',*,*,#4371,.T.);
#5941 = ORIENTED_EDGE('',*,*,#5942,.T.);
#5942 = EDGE_CURVE('',#4372,#4508,#5943,.T.);
#5943 = SURFACE_CURVE('',#5944,(#5948,#5955),.PCURVE_S1.);
#5944 = LINE('',#5945,#5946);
#5945 = CARTESIAN_POINT('',(12.8,-11.5,2.5));
#5946 = VECTOR('',#5947,1.);
#5947 = DIRECTION('',(0.,0.,1.));
#5948 = PCURVE('',#4387,#5949);
#5949 = DEFINITIONAL_REPRESENTATION('',(#5950),#5954);
#5950 = LINE('',#5951,#5952);
#5951 = CARTESIAN_POINT('',(0.,-17.));
#5952 = VECTOR('',#5953,1.);
#5953 = DIRECTION('',(1.,0.));
#5954 = ( GEOMETRIC_REPRESENTATION_CONTEXT(2) 
PARAMETRIC_REPRESENTATION_CONTEXT() REPRESENTATION_CONTEXT('2D SPACE',''
  ) );
#5955 = PCURVE('',#4415,#5956);
#5956 = DEFINITIONAL_REPRESENTATION('',(#5957),#5961);
#5957 = LINE('',#5958,#5959);
#5958 = CARTESIAN_POINT('',(0.,25.6));
#5959 = VECTOR('',#5960,1.);
#5960 = DIRECTION('',(1.,0.));
#5961 = ( GEOMETRIC_REPRESENTATION_CONTEXT(2) 
PARAMETRIC_REPRESENTATION_CONTEXT() REPRESENTATION_CONTEXT('2D SPACE',''
  ) );
#5962 = ADVANCED_FACE('',(#5963),#4415,.F.);
#5963 = FACE_BOUND('',#5964,.F.);
#5964 = EDGE_LOOP('',(#5965,#5966,#5987,#5988));
#5965 = ORIENTED_EDGE('',*,*,#4399,.F.);
#5966 = ORIENTED_EDGE('',*,*,#5967,.T.);
#5967 = EDGE_CURVE('',#4400,#4712,#5968,.T.);
#5968 = SURFACE_CURVE('',#5969,(#5973,#5980),.PCURVE_S1.);
#5969 = LINE('',#5970,#5971);
#5970 = CARTESIAN_POINT('',(-12.8,-11.5,2.5));
#5971 = VECTOR('',#5972,1.);
#5972 = DIRECTION('',(0.,0.,1.));
#5973 = PCURVE('',#4415,#5974);
#5974 = DEFINITIONAL_REPRESENTATION('',(#5975),#5979);
#5975 = LINE('',#5976,#5977);
#5976 = CARTESIAN_POINT('',(0.,0.));
#5977 = VECTOR('',#5978,1.);
#5978 = DIRECTION('',(1.,0.));
#5979 = ( GEOMETRIC_REPRESENTATION_CONTEXT(2) 
PARAMETRIC_REPRESENTATION_CONTEXT() REPRESENTATION_CONTEXT('2D SPACE',''
  ) );
#5980 = PCURVE('',#4441,#5981);
#5981 = DEFINITIONAL_REPRESENTATION('',(#5982),#5986);
#5982 = LINE('',#5983,#5984);
#5983 = CARTESIAN_POINT('',(0.,-17.));
#5984 = VECTOR('',#5985,1.);
#5985 = DIRECTION('',(1.,0.));
#5986 = ( GEOMETRIC_REPRESENTATION_CONTEXT(2) 
PARAMETRIC_REPRESENTATION_CONTEXT() REPRESENTATION_CONTEXT('2D SPACE',''
  ) );
#5987 = ORIENTED_EDGE('',*,*,#4734,.T.);
#5988 = ORIENTED_EDGE('',*,*,#5942,.F.);
#5989 = ADVANCED_FACE('',(#5990),#4441,.T.);
#5990 = FACE_BOUND('',#5991,.T.);
#5991 = EDGE_LOOP('',(#5992,#5993,#5994,#5995));
#5992 = ORIENTED_EDGE('',*,*,#4711,.F.);
#5993 = ORIENTED_EDGE('',*,*,#4456,.F.);
#5994 = ORIENTED_EDGE('',*,*,#4427,.T.);
#5995 = ORIENTED_EDGE('',*,*,#5967,.T.);
#5996 = ADVANCED_FACE('',(#5997),#4676,.T.);
#5997 = FACE_BOUND('',#5998,.T.);
#5998 = EDGE_LOOP('',(#5999,#6000,#6021,#6022));
#5999 = ORIENTED_EDGE('',*,*,#4660,.F.);
#6000 = ORIENTED_EDGE('',*,*,#6001,.F.);
#6001 = EDGE_CURVE('',#4833,#4633,#6002,.T.);
#6002 = SURFACE_CURVE('',#6003,(#6007,#6014),.PCURVE_S1.);
#6003 = LINE('',#6004,#6005);
#6004 = CARTESIAN_POINT('',(-12.8,11.5,2.5));
#6005 = VECTOR('',#6006,1.);
#6006 = DIRECTION('',(0.,0.,1.));
#6007 = PCURVE('',#4676,#6008);
#6008 = DEFINITIONAL_REPRESENTATION('',(#6009),#6013);
#6009 = LINE('',#6010,#6011);
#6010 = CARTESIAN_POINT('',(0.,0.));
#6011 = VECTOR('',#6012,1.);
#6012 = DIRECTION('',(1.,0.));
#6013 = ( GEOMETRIC_REPRESENTATION_CONTEXT(2) 
PARAMETRIC_REPRESENTATION_CONTEXT() REPRESENTATION_CONTEXT('2D SPACE',''
  ) );
#6014 = PCURVE('',#4648,#6015);
#6015 = DEFINITIONAL_REPRESENTATION('',(#6016),#6020);
#6016 = LINE('',#6017,#6018);
#6017 = CARTESIAN_POINT('',(0.,0.));
#6018 = VECTOR('',#6019,1.);
#6019 = DIRECTION('',(1.,0.));
#6020 = ( GEOMETRIC_REPRESENTATION_CONTEXT(2) 
PARAMETRIC_REPRESENTATION_CONTEXT() REPRESENTATION_CONTEXT('2D SPACE',''
  ) );
#6021 = ORIENTED_EDGE('',*,*,#4832,.T.);
#6022 = ORIENTED_EDGE('',*,*,#4758,.T.);
#6023 = ADVANCED_FACE('',(#6024),#4648,.T.);
#6024 = FACE_BOUND('',#6025,.T.);
#6025 = EDGE_LOOP('',(#6026,#6027,#6028,#6029));
#6026 = ORIENTED_EDGE('',*,*,#4855,.F.);
#6027 = ORIENTED_EDGE('',*,*,#6001,.T.);
#6028 = ORIENTED_EDGE('',*,*,#4632,.T.);
#6029 = ORIENTED_EDGE('',*,*,#6030,.F.);
#6030 = EDGE_CURVE('',#4856,#4605,#6031,.T.);
#6031 = SURFACE_CURVE('',#6032,(#6036,#6043),.PCURVE_S1.);
#6032 = LINE('',#6033,#6034);
#6033 = CARTESIAN_POINT('',(12.8,11.5,2.5));
#6034 = VECTOR('',#6035,1.);
#6035 = DIRECTION('',(0.,0.,1.));
#6036 = PCURVE('',#4648,#6037);
#6037 = DEFINITIONAL_REPRESENTATION('',(#6038),#6042);
#6038 = LINE('',#6039,#6040);
#6039 = CARTESIAN_POINT('',(0.,25.6));
#6040 = VECTOR('',#6041,1.);
#6041 = DIRECTION('',(1.,0.));
#6042 = ( GEOMETRIC_REPRESENTATION_CONTEXT(2) 
PARAMETRIC_REPRESENTATION_CONTEXT() REPRESENTATION_CONTEXT('2D SPACE',''
  ) );
#6043 = PCURVE('',#4620,#6044);
#6044 = DEFINITIONAL_REPRESENTATION('',(#6045),#6049);
#6045 = LINE('',#6046,#6047);
#6046 = CARTESIAN_POINT('',(0.,0.));
#6047 = VECTOR('',#6048,1.);
#6048 = DIRECTION('',(1.,0.));
#6049 = ( GEOMETRIC_REPRESENTATION_CONTEXT(2) 
PARAMETRIC_REPRESENTATION_CONTEXT() REPRESENTATION_CONTEXT('2D SPACE',''
  ) );
#6050 = ADVANCED_FACE('',(#6051),#4620,.F.);
#6051 = FACE_BOUND('',#6052,.F.);
#6052 = EDGE_LOOP('',(#6053,#6054,#6055,#6056));
#6053 = ORIENTED_EDGE('',*,*,#4604,.F.);
#6054 = ORIENTED_EDGE('',*,*,#6030,.F.);
#6055 = ORIENTED_EDGE('',*,*,#4878,.T.);
#6056 = ORIENTED_EDGE('',*,*,#6057,.T.);
#6057 = EDGE_CURVE('',#4879,#4577,#6058,.T.);
#6058 = SURFACE_CURVE('',#6059,(#6063,#6070),.PCURVE_S1.);
#6059 = LINE('',#6060,#6061);
#6060 = CARTESIAN_POINT('',(12.8,13.,2.5));
#6061 = VECTOR('',#6062,1.);
#6062 = DIRECTION('',(0.,0.,1.));
#6063 = PCURVE('',#4620,#6064);
#6064 = DEFINITIONAL_REPRESENTATION('',(#6065),#6069);
#6065 = LINE('',#6066,#6067);
#6066 = CARTESIAN_POINT('',(0.,-1.5));
#6067 = VECTOR('',#6068,1.);
#6068 = DIRECTION('',(1.,0.));
#6069 = ( GEOMETRIC_REPRESENTATION_CONTEXT(2) 
PARAMETRIC_REPRESENTATION_CONTEXT() REPRESENTATION_CONTEXT('2D SPACE',''
  ) );
#6070 = PCURVE('',#4592,#6071);
#6071 = DEFINITIONAL_REPRESENTATION('',(#6072),#6076);
#6072 = LINE('',#6073,#6074);
#6073 = CARTESIAN_POINT('',(0.,0.8));
#6074 = VECTOR('',#6075,1.);
#6075 = DIRECTION('',(1.,0.));
#6076 = ( GEOMETRIC_REPRESENTATION_CONTEXT(2) 
PARAMETRIC_REPRESENTATION_CONTEXT() REPRESENTATION_CONTEXT('2D SPACE',''
  ) );
#6077 = ADVANCED_FACE('',(#6078),#4592,.T.);
#6078 = FACE_BOUND('',#6079,.T.);
#6079 = EDGE_LOOP('',(#6080,#6081,#6082,#6083));
#6080 = ORIENTED_EDGE('',*,*,#4901,.F.);
#6081 = ORIENTED_EDGE('',*,*,#6057,.T.);
#6082 = ORIENTED_EDGE('',*,*,#4576,.T.);
#6083 = ORIENTED_EDGE('',*,*,#5830,.F.);
#6084 = ADVANCED_FACE('',(#6085),#4963,.F.);
#6085 = FACE_BOUND('',#6086,.F.);
#6086 = EDGE_LOOP('',(#6087,#6088,#6109,#6110));
#6087 = ORIENTED_EDGE('',*,*,#4947,.F.);
#6088 = ORIENTED_EDGE('',*,*,#6089,.T.);
#6089 = EDGE_CURVE('',#4948,#5110,#6090,.T.);
#6090 = SURFACE_CURVE('',#6091,(#6095,#6102),.PCURVE_S1.);
#6091 = LINE('',#6092,#6093);
#6092 = CARTESIAN_POINT('',(12.8,27.,2.5));
#6093 = VECTOR('',#6094,1.);
#6094 = DIRECTION('',(0.,0.,1.));
#6095 = PCURVE('',#4963,#6096);
#6096 = DEFINITIONAL_REPRESENTATION('',(#6097),#6101);
#6097 = LINE('',#6098,#6099);
#6098 = CARTESIAN_POINT('',(0.,0.8));
#6099 = VECTOR('',#6100,1.);
#6100 = DIRECTION('',(1.,0.));
#6101 = ( GEOMETRIC_REPRESENTATION_CONTEXT(2) 
PARAMETRIC_REPRESENTATION_CONTEXT() REPRESENTATION_CONTEXT('2D SPACE',''
  ) );
#6102 = PCURVE('',#4991,#6103);
#6103 = DEFINITIONAL_REPRESENTATION('',(#6104),#6108);
#6104 = LINE('',#6105,#6106);
#6105 = CARTESIAN_POINT('',(0.,-15.5));
#6106 = VECTOR('',#6107,1.);
#6107 = DIRECTION('',(1.,0.));
#6108 = ( GEOMETRIC_REPRESENTATION_CONTEXT(2) 
PARAMETRIC_REPRESENTATION_CONTEXT() REPRESENTATION_CONTEXT('2D SPACE',''
  ) );
#6109 = ORIENTED_EDGE('',*,*,#5109,.T.);
#6110 = ORIENTED_EDGE('',*,*,#5808,.F.);
#6111 = ADVANCED_FACE('',(#6112),#4991,.F.);
#6112 = FACE_BOUND('',#6113,.F.);
#6113 = EDGE_LOOP('',(#6114,#6115,#6116,#6117));
#6114 = ORIENTED_EDGE('',*,*,#5288,.F.);
#6115 = ORIENTED_EDGE('',*,*,#6089,.F.);
#6116 = ORIENTED_EDGE('',*,*,#4975,.T.);
#6117 = ORIENTED_EDGE('',*,*,#6118,.T.);
#6118 = EDGE_CURVE('',#4976,#5266,#6119,.T.);
#6119 = SURFACE_CURVE('',#6120,(#6124,#6131),.PCURVE_S1.);
#6120 = LINE('',#6121,#6122);
#6121 = CARTESIAN_POINT('',(12.8,28.5,2.5));
#6122 = VECTOR('',#6123,1.);
#6123 = DIRECTION('',(0.,0.,1.));
#6124 = PCURVE('',#4991,#6125);
#6125 = DEFINITIONAL_REPRESENTATION('',(#6126),#6130);
#6126 = LINE('',#6127,#6128);
#6127 = CARTESIAN_POINT('',(0.,-17.));
#6128 = VECTOR('',#6129,1.);
#6129 = DIRECTION('',(1.,0.));
#6130 = ( GEOMETRIC_REPRESENTATION_CONTEXT(2) 
PARAMETRIC_REPRESENTATION_CONTEXT() REPRESENTATION_CONTEXT('2D SPACE',''
  ) );
#6131 = PCURVE('',#5019,#6132);
#6132 = DEFINITIONAL_REPRESENTATION('',(#6133),#6137);
#6133 = LINE('',#6134,#6135);
#6134 = CARTESIAN_POINT('',(0.,25.6));
#6135 = VECTOR('',#6136,1.);
#6136 = DIRECTION('',(1.,0.));
#6137 = ( GEOMETRIC_REPRESENTATION_CONTEXT(2) 
PARAMETRIC_REPRESENTATION_CONTEXT() REPRESENTATION_CONTEXT('2D SPACE',''
  ) );
#6138 = ADVANCED_FACE('',(#6139),#5019,.F.);
#6139 = FACE_BOUND('',#6140,.F.);
#6140 = EDGE_LOOP('',(#6141,#6142,#6163,#6164));
#6141 = ORIENTED_EDGE('',*,*,#5003,.F.);
#6142 = ORIENTED_EDGE('',*,*,#6143,.T.);
#6143 = EDGE_CURVE('',#5004,#5243,#6144,.T.);
#6144 = SURFACE_CURVE('',#6145,(#6149,#6156),.PCURVE_S1.);
#6145 = LINE('',#6146,#6147);
#6146 = CARTESIAN_POINT('',(-12.8,28.5,2.5));
#6147 = VECTOR('',#6148,1.);
#6148 = DIRECTION('',(0.,0.,1.));
#6149 = PCURVE('',#5019,#6150);
#6150 = DEFINITIONAL_REPRESENTATION('',(#6151),#6155);
#6151 = LINE('',#6152,#6153);
#6152 = CARTESIAN_POINT('',(0.,0.));
#6153 = VECTOR('',#6154,1.);
#6154 = DIRECTION('',(1.,0.));
#6155 = ( GEOMETRIC_REPRESENTATION_CONTEXT(2) 
PARAMETRIC_REPRESENTATION_CONTEXT() REPRESENTATION_CONTEXT('2D SPACE',''
  ) );
#6156 = PCURVE('',#5045,#6157);
#6157 = DEFINITIONAL_REPRESENTATION('',(#6158),#6162);
#6158 = LINE('',#6159,#6160);
#6159 = CARTESIAN_POINT('',(0.,-17.));
#6160 = VECTOR('',#6161,1.);
#6161 = DIRECTION('',(1.,0.));
#6162 = ( GEOMETRIC_REPRESENTATION_CONTEXT(2) 
PARAMETRIC_REPRESENTATION_CONTEXT() REPRESENTATION_CONTEXT('2D SPACE',''
  ) );
#6163 = ORIENTED_EDGE('',*,*,#5265,.T.);
#6164 = ORIENTED_EDGE('',*,*,#6118,.F.);
#6165 = ADVANCED_FACE('',(#6166),#5045,.T.);
#6166 = FACE_BOUND('',#6167,.T.);
#6167 = EDGE_LOOP('',(#6168,#6169,#6170,#6171));
#6168 = ORIENTED_EDGE('',*,*,#5242,.F.);
#6169 = ORIENTED_EDGE('',*,*,#5060,.F.);
#6170 = ORIENTED_EDGE('',*,*,#5031,.T.);
#6171 = ORIENTED_EDGE('',*,*,#6143,.T.);
#6172 = ADVANCED_FACE('',(#6173),#5202,.T.);
#6173 = FACE_BOUND('',#6174,.T.);
#6174 = EDGE_LOOP('',(#6175,#6176,#6177,#6178));
#6175 = ORIENTED_EDGE('',*,*,#5489,.F.);
#6176 = ORIENTED_EDGE('',*,*,#5340,.T.);
#6177 = ORIENTED_EDGE('',*,*,#5186,.T.);
#6178 = ORIENTED_EDGE('',*,*,#6179,.F.);
#6179 = EDGE_CURVE('',#5466,#5158,#6180,.T.);
#6180 = SURFACE_CURVE('',#6181,(#6185,#6192),.PCURVE_S1.);
#6181 = LINE('',#6182,#6183);
#6182 = CARTESIAN_POINT('',(13.5,32.,0.));
#6183 = VECTOR('',#6184,1.);
#6184 = DIRECTION('',(0.,0.,1.));
#6185 = PCURVE('',#5202,#6186);
#6186 = DEFINITIONAL_REPRESENTATION('',(#6187),#6191);
#6187 = LINE('',#6188,#6189);
#6188 = CARTESIAN_POINT('',(0.,29.));
#6189 = VECTOR('',#6190,1.);
#6190 = DIRECTION('',(1.,0.));
#6191 = ( GEOMETRIC_REPRESENTATION_CONTEXT(2) 
PARAMETRIC_REPRESENTATION_CONTEXT() REPRESENTATION_CONTEXT('2D SPACE',''
  ) );
#6192 = PCURVE('',#5174,#6193);
#6193 = DEFINITIONAL_REPRESENTATION('',(#6194),#6198);
#6194 = LINE('',#6195,#6196);
#6195 = CARTESIAN_POINT('',(1.570796326795,0.));
#6196 = VECTOR('',#6197,1.);
#6197 = DIRECTION('',(0.,1.));
#6198 = ( GEOMETRIC_REPRESENTATION_CONTEXT(2) 
PARAMETRIC_REPRESENTATION_CONTEXT() REPRESENTATION_CONTEXT('2D SPACE',''
  ) );
#6199 = ADVANCED_FACE('',(#6200),#5174,.T.);
#6200 = FACE_BOUND('',#6201,.T.);
#6201 = EDGE_LOOP('',(#6202,#6203,#6204,#6205));
#6202 = ORIENTED_EDGE('',*,*,#5465,.T.);
#6203 = ORIENTED_EDGE('',*,*,#6179,.T.);
#6204 = ORIENTED_EDGE('',*,*,#5157,.F.);
#6205 = ORIENTED_EDGE('',*,*,#5786,.F.);
#6206 = ADVANCED_FACE('',(#6207),#5531,.T.);
#6207 = FACE_BOUND('',#6208,.T.);
#6208 = EDGE_LOOP('',(#6209,#6232,#6233,#6256));
#6209 = ORIENTED_EDGE('',*,*,#6210,.F.);
#6210 = EDGE_CURVE('',#5514,#6211,#6213,.T.);
#6211 = VERTEX_POINT('',#6212);
#6212 = CARTESIAN_POINT('',(-9.25,-3.275,0.7));
#6213 = SURFACE_CURVE('',#6214,(#6218,#6225),.PCURVE_S1.);
#6214 = LINE('',#6215,#6216);
#6215 = CARTESIAN_POINT('',(-9.25,-3.275,0.));
#6216 = VECTOR('',#6217,1.);
#6217 = DIRECTION('',(0.,0.,1.));
#6218 = PCURVE('',#5531,#6219);
#6219 = DEFINITIONAL_REPRESENTATION('',(#6220),#6224);
#6220 = LINE('',#6221,#6222);
#6221 = CARTESIAN_POINT('',(0.,0.));
#6222 = VECTOR('',#6223,1.);
#6223 = DIRECTION('',(1.,0.));
#6224 = ( GEOMETRIC_REPRESENTATION_CONTEXT(2) 
PARAMETRIC_REPRESENTATION_CONTEXT() REPRESENTATION_CONTEXT('2D SPACE',''
  ) );
#6225 = PCURVE('',#5613,#6226);
#6226 = DEFINITIONAL_REPRESENTATION('',(#6227),#6231);
#6227 = LINE('',#6228,#6229);
#6228 = CARTESIAN_POINT('',(0.,0.));
#6229 = VECTOR('',#6230,1.);
#6230 = DIRECTION('',(1.,0.));
#6231 = ( GEOMETRIC_REPRESENTATION_CONTEXT(2) 
PARAMETRIC_REPRESENTATION_CONTEXT() REPRESENTATION_CONTEXT('2D SPACE',''
  ) );
#6232 = ORIENTED_EDGE('',*,*,#5513,.T.);
#6233 = ORIENTED_EDGE('',*,*,#6234,.T.);
#6234 = EDGE_CURVE('',#5516,#6235,#6237,.T.);
#6235 = VERTEX_POINT('',#6236);
#6236 = CARTESIAN_POINT('',(-9.25,3.275,0.7));
#6237 = SURFACE_CURVE('',#6238,(#6242,#6249),.PCURVE_S1.);
#6238 = LINE('',#6239,#6240);
#6239 = CARTESIAN_POINT('',(-9.25,3.275,0.));
#6240 = VECTOR('',#6241,1.);
#6241 = DIRECTION('',(0.,0.,1.));
#6242 = PCURVE('',#5531,#6243);
#6243 = DEFINITIONAL_REPRESENTATION('',(#6244),#6248);
#6244 = LINE('',#6245,#6246);
#6245 = CARTESIAN_POINT('',(0.,-6.55));
#6246 = VECTOR('',#6247,1.);
#6247 = DIRECTION('',(1.,0.));
#6248 = ( GEOMETRIC_REPRESENTATION_CONTEXT(2) 
PARAMETRIC_REPRESENTATION_CONTEXT() REPRESENTATION_CONTEXT('2D SPACE',''
  ) );
#6249 = PCURVE('',#5559,#6250);
#6250 = DEFINITIONAL_REPRESENTATION('',(#6251),#6255);
#6251 = LINE('',#6252,#6253);
#6252 = CARTESIAN_POINT('',(0.,0.));
#6253 = VECTOR('',#6254,1.);
#6254 = DIRECTION('',(1.,0.));
#6255 = ( GEOMETRIC_REPRESENTATION_CONTEXT(2) 
PARAMETRIC_REPRESENTATION_CONTEXT() REPRESENTATION_CONTEXT('2D SPACE',''
  ) );
#6256 = ORIENTED_EDGE('',*,*,#6257,.F.);
#6257 = EDGE_CURVE('',#6211,#6235,#6258,.T.);
#6258 = SURFACE_CURVE('',#6259,(#6263,#6270),.PCURVE_S1.);
#6259 = LINE('',#6260,#6261);
#6260 = CARTESIAN_POINT('',(-9.25,-3.275,0.7));
#6261 = VECTOR('',#6262,1.);
#6262 = DIRECTION('',(0.,1.,0.));
#6263 = PCURVE('',#5531,#6264);
#6264 = DEFINITIONAL_REPRESENTATION('',(#6265),#6269);
#6265 = LINE('',#6266,#6267);
#6266 = CARTESIAN_POINT('',(0.7,0.));
#6267 = VECTOR('',#6268,1.);
#6268 = DIRECTION('',(0.,-1.));
#6269 = ( GEOMETRIC_REPRESENTATION_CONTEXT(2) 
PARAMETRIC_REPRESENTATION_CONTEXT() REPRESENTATION_CONTEXT('2D SPACE',''
  ) );
#6270 = PCURVE('',#6271,#6276);
#6271 = PLANE('',#6272);
#6272 = AXIS2_PLACEMENT_3D('',#6273,#6274,#6275);
#6273 = CARTESIAN_POINT('',(-9.25,-3.275,0.7));
#6274 = DIRECTION('',(0.,0.,1.));
#6275 = DIRECTION('',(1.,0.,0.));
#6276 = DEFINITIONAL_REPRESENTATION('',(#6277),#6281);
#6277 = LINE('',#6278,#6279);
#6278 = CARTESIAN_POINT('',(0.,0.));
#6279 = VECTOR('',#6280,1.);
#6280 = DIRECTION('',(0.,1.));
#6281 = ( GEOMETRIC_REPRESENTATION_CONTEXT(2) 
PARAMETRIC_REPRESENTATION_CONTEXT() REPRESENTATION_CONTEXT('2D SPACE',''
  ) );
#6282 = ADVANCED_FACE('',(#6283),#5613,.T.);
#6283 = FACE_BOUND('',#6284,.T.);
#6284 = EDGE_LOOP('',(#6285,#6286,#6287,#6310));
#6285 = ORIENTED_EDGE('',*,*,#5599,.F.);
#6286 = ORIENTED_EDGE('',*,*,#6210,.T.);
#6287 = ORIENTED_EDGE('',*,*,#6288,.T.);
#6288 = EDGE_CURVE('',#6211,#6289,#6291,.T.);
#6289 = VERTEX_POINT('',#6290);
#6290 = CARTESIAN_POINT('',(-4.75,-3.275,0.7));
#6291 = SURFACE_CURVE('',#6292,(#6296,#6303),.PCURVE_S1.);
#6292 = LINE('',#6293,#6294);
#6293 = CARTESIAN_POINT('',(-9.25,-3.275,0.7));
#6294 = VECTOR('',#6295,1.);
#6295 = DIRECTION('',(1.,0.,0.));
#6296 = PCURVE('',#5613,#6297);
#6297 = DEFINITIONAL_REPRESENTATION('',(#6298),#6302);
#6298 = LINE('',#6299,#6300);
#6299 = CARTESIAN_POINT('',(0.7,0.));
#6300 = VECTOR('',#6301,1.);
#6301 = DIRECTION('',(0.,1.));
#6302 = ( GEOMETRIC_REPRESENTATION_CONTEXT(2) 
PARAMETRIC_REPRESENTATION_CONTEXT() REPRESENTATION_CONTEXT('2D SPACE',''
  ) );
#6303 = PCURVE('',#6271,#6304);
#6304 = DEFINITIONAL_REPRESENTATION('',(#6305),#6309);
#6305 = LINE('',#6306,#6307);
#6306 = CARTESIAN_POINT('',(0.,0.));
#6307 = VECTOR('',#6308,1.);
#6308 = DIRECTION('',(1.,0.));
#6309 = ( GEOMETRIC_REPRESENTATION_CONTEXT(2) 
PARAMETRIC_REPRESENTATION_CONTEXT() REPRESENTATION_CONTEXT('2D SPACE',''
  ) );
#6310 = ORIENTED_EDGE('',*,*,#6311,.F.);
#6311 = EDGE_CURVE('',#5572,#6289,#6312,.T.);
#6312 = SURFACE_CURVE('',#6313,(#6317,#6324),.PCURVE_S1.);
#6313 = LINE('',#6314,#6315);
#6314 = CARTESIAN_POINT('',(-4.75,-3.275,0.));
#6315 = VECTOR('',#6316,1.);
#6316 = DIRECTION('',(0.,0.,1.));
#6317 = PCURVE('',#5613,#6318);
#6318 = DEFINITIONAL_REPRESENTATION('',(#6319),#6323);
#6319 = LINE('',#6320,#6321);
#6320 = CARTESIAN_POINT('',(0.,4.5));
#6321 = VECTOR('',#6322,1.);
#6322 = DIRECTION('',(1.,0.));
#6323 = ( GEOMETRIC_REPRESENTATION_CONTEXT(2) 
PARAMETRIC_REPRESENTATION_CONTEXT() REPRESENTATION_CONTEXT('2D SPACE',''
  ) );
#6324 = PCURVE('',#5587,#6325);
#6325 = DEFINITIONAL_REPRESENTATION('',(#6326),#6330);
#6326 = LINE('',#6327,#6328);
#6327 = CARTESIAN_POINT('',(0.,0.));
#6328 = VECTOR('',#6329,1.);
#6329 = DIRECTION('',(1.,0.));
#6330 = ( GEOMETRIC_REPRESENTATION_CONTEXT(2) 
PARAMETRIC_REPRESENTATION_CONTEXT() REPRESENTATION_CONTEXT('2D SPACE',''
  ) );
#6331 = ADVANCED_FACE('',(#6332),#5587,.F.);
#6332 = FACE_BOUND('',#6333,.F.);
#6333 = EDGE_LOOP('',(#6334,#6335,#6336,#6359));
#6334 = ORIENTED_EDGE('',*,*,#6311,.F.);
#6335 = ORIENTED_EDGE('',*,*,#5571,.T.);
#6336 = ORIENTED_EDGE('',*,*,#6337,.T.);
#6337 = EDGE_CURVE('',#5544,#6338,#6340,.T.);
#6338 = VERTEX_POINT('',#6339);
#6339 = CARTESIAN_POINT('',(-4.75,3.275,0.7));
#6340 = SURFACE_CURVE('',#6341,(#6345,#6352),.PCURVE_S1.);
#6341 = LINE('',#6342,#6343);
#6342 = CARTESIAN_POINT('',(-4.75,3.275,0.));
#6343 = VECTOR('',#6344,1.);
#6344 = DIRECTION('',(0.,0.,1.));
#6345 = PCURVE('',#5587,#6346);
#6346 = DEFINITIONAL_REPRESENTATION('',(#6347),#6351);
#6347 = LINE('',#6348,#6349);
#6348 = CARTESIAN_POINT('',(0.,-6.55));
#6349 = VECTOR('',#6350,1.);
#6350 = DIRECTION('',(1.,0.));
#6351 = ( GEOMETRIC_REPRESENTATION_CONTEXT(2) 
PARAMETRIC_REPRESENTATION_CONTEXT() REPRESENTATION_CONTEXT('2D SPACE',''
  ) );
#6352 = PCURVE('',#5559,#6353);
#6353 = DEFINITIONAL_REPRESENTATION('',(#6354),#6358);
#6354 = LINE('',#6355,#6356);
#6355 = CARTESIAN_POINT('',(0.,4.5));
#6356 = VECTOR('',#6357,1.);
#6357 = DIRECTION('',(1.,0.));
#6358 = ( GEOMETRIC_REPRESENTATION_CONTEXT(2) 
PARAMETRIC_REPRESENTATION_CONTEXT() REPRESENTATION_CONTEXT('2D SPACE',''
  ) );
#6359 = ORIENTED_EDGE('',*,*,#6360,.F.);
#6360 = EDGE_CURVE('',#6289,#6338,#6361,.T.);
#6361 = SURFACE_CURVE('',#6362,(#6366,#6373),.PCURVE_S1.);
#6362 = LINE('',#6363,#6364);
#6363 = CARTESIAN_POINT('',(-4.75,-3.275,0.7));
#6364 = VECTOR('',#6365,1.);
#6365 = DIRECTION('',(0.,1.,0.));
#6366 = PCURVE('',#5587,#6367);
#6367 = DEFINITIONAL_REPRESENTATION('',(#6368),#6372);
#6368 = LINE('',#6369,#6370);
#6369 = CARTESIAN_POINT('',(0.7,0.));
#6370 = VECTOR('',#6371,1.);
#6371 = DIRECTION('',(0.,-1.));
#6372 = ( GEOMETRIC_REPRESENTATION_CONTEXT(2) 
PARAMETRIC_REPRESENTATION_CONTEXT() REPRESENTATION_CONTEXT('2D SPACE',''
  ) );
#6373 = PCURVE('',#6271,#6374);
#6374 = DEFINITIONAL_REPRESENTATION('',(#6375),#6379);
#6375 = LINE('',#6376,#6377);
#6376 = CARTESIAN_POINT('',(4.5,0.));
#6377 = VECTOR('',#6378,1.);
#6378 = DIRECTION('',(0.,1.));
#6379 = ( GEOMETRIC_REPRESENTATION_CONTEXT(2) 
PARAMETRIC_REPRESENTATION_CONTEXT() REPRESENTATION_CONTEXT('2D SPACE',''
  ) );
#6380 = ADVANCED_FACE('',(#6381),#5559,.F.);
#6381 = FACE_BOUND('',#6382,.F.);
#6382 = EDGE_LOOP('',(#6383,#6384,#6385,#6406));
#6383 = ORIENTED_EDGE('',*,*,#5543,.F.);
#6384 = ORIENTED_EDGE('',*,*,#6234,.T.);
#6385 = ORIENTED_EDGE('',*,*,#6386,.T.);
#6386 = EDGE_CURVE('',#6235,#6338,#6387,.T.);
#6387 = SURFACE_CURVE('',#6388,(#6392,#6399),.PCURVE_S1.);
#6388 = LINE('',#6389,#6390);
#6389 = CARTESIAN_POINT('',(-9.25,3.275,0.7));
#6390 = VECTOR('',#6391,1.);
#6391 = DIRECTION('',(1.,0.,0.));
#6392 = PCURVE('',#5559,#6393);
#6393 = DEFINITIONAL_REPRESENTATION('',(#6394),#6398);
#6394 = LINE('',#6395,#6396);
#6395 = CARTESIAN_POINT('',(0.7,0.));
#6396 = VECTOR('',#6397,1.);
#6397 = DIRECTION('',(0.,1.));
#6398 = ( GEOMETRIC_REPRESENTATION_CONTEXT(2) 
PARAMETRIC_REPRESENTATION_CONTEXT() REPRESENTATION_CONTEXT('2D SPACE',''
  ) );
#6399 = PCURVE('',#6271,#6400);
#6400 = DEFINITIONAL_REPRESENTATION('',(#6401),#6405);
#6401 = LINE('',#6402,#6403);
#6402 = CARTESIAN_POINT('',(0.,6.55));
#6403 = VECTOR('',#6404,1.);
#6404 = DIRECTION('',(1.,0.));
#6405 = ( GEOMETRIC_REPRESENTATION_CONTEXT(2) 
PARAMETRIC_REPRESENTATION_CONTEXT() REPRESENTATION_CONTEXT('2D SPACE',''
  ) );
#6406 = ORIENTED_EDGE('',*,*,#6337,.F.);
#6407 = ADVANCED_FACE('',(#6408,#6414),#6271,.F.);
#6408 = FACE_BOUND('',#6409,.F.);
#6409 = EDGE_LOOP('',(#6410,#6411,#6412,#6413));
#6410 = ORIENTED_EDGE('',*,*,#6257,.F.);
#6411 = ORIENTED_EDGE('',*,*,#6288,.T.);
#6412 = ORIENTED_EDGE('',*,*,#6360,.T.);
#6413 = ORIENTED_EDGE('',*,*,#6386,.F.);
#6414 = FACE_BOUND('',#6415,.F.);
#6415 = EDGE_LOOP('',(#6416,#6446,#6474,#6502));
#6416 = ORIENTED_EDGE('',*,*,#6417,.F.);
#6417 = EDGE_CURVE('',#6418,#6420,#6422,.T.);
#6418 = VERTEX_POINT('',#6419);
#6419 = CARTESIAN_POINT('',(-9.075,3.1,0.7));
#6420 = VERTEX_POINT('',#6421);
#6421 = CARTESIAN_POINT('',(-9.075,-3.1,0.7));
#6422 = SURFACE_CURVE('',#6423,(#6427,#6434),.PCURVE_S1.);
#6423 = LINE('',#6424,#6425);
#6424 = CARTESIAN_POINT('',(-9.075,-3.1875,0.7));
#6425 = VECTOR('',#6426,1.);
#6426 = DIRECTION('',(0.,-1.,0.));
#6427 = PCURVE('',#6271,#6428);
#6428 = DEFINITIONAL_REPRESENTATION('',(#6429),#6433);
#6429 = LINE('',#6430,#6431);
#6430 = CARTESIAN_POINT('',(0.175,8.75E-02));
#6431 = VECTOR('',#6432,1.);
#6432 = DIRECTION('',(0.,-1.));
#6433 = ( GEOMETRIC_REPRESENTATION_CONTEXT(2) 
PARAMETRIC_REPRESENTATION_CONTEXT() REPRESENTATION_CONTEXT('2D SPACE',''
  ) );
#6434 = PCURVE('',#6435,#6440);
#6435 = PLANE('',#6436);
#6436 = AXIS2_PLACEMENT_3D('',#6437,#6438,#6439);
#6437 = CARTESIAN_POINT('',(-9.075,-3.1,0.));
#6438 = DIRECTION('',(1.,0.,0.));
#6439 = DIRECTION('',(0.,0.,1.));
#6440 = DEFINITIONAL_REPRESENTATION('',(#6441),#6445);
#6441 = LINE('',#6442,#6443);
#6442 = CARTESIAN_POINT('',(0.7,8.75E-02));
#6443 = VECTOR('',#6444,1.);
#6444 = DIRECTION('',(0.,1.));
#6445 = ( GEOMETRIC_REPRESENTATION_CONTEXT(2) 
PARAMETRIC_REPRESENTATION_CONTEXT() REPRESENTATION_CONTEXT('2D SPACE',''
  ) );
#6446 = ORIENTED_EDGE('',*,*,#6447,.T.);
#6447 = EDGE_CURVE('',#6418,#6448,#6450,.T.);
#6448 = VERTEX_POINT('',#6449);
#6449 = CARTESIAN_POINT('',(-4.925,3.1,0.7));
#6450 = SURFACE_CURVE('',#6451,(#6455,#6462),.PCURVE_S1.);
#6451 = LINE('',#6452,#6453);
#6452 = CARTESIAN_POINT('',(-9.1625,3.1,0.7));
#6453 = VECTOR('',#6454,1.);
#6454 = DIRECTION('',(1.,0.,0.));
#6455 = PCURVE('',#6271,#6456);
#6456 = DEFINITIONAL_REPRESENTATION('',(#6457),#6461);
#6457 = LINE('',#6458,#6459);
#6458 = CARTESIAN_POINT('',(8.75E-02,6.375));
#6459 = VECTOR('',#6460,1.);
#6460 = DIRECTION('',(1.,0.));
#6461 = ( GEOMETRIC_REPRESENTATION_CONTEXT(2) 
PARAMETRIC_REPRESENTATION_CONTEXT() REPRESENTATION_CONTEXT('2D SPACE',''
  ) );
#6462 = PCURVE('',#6463,#6468);
#6463 = PLANE('',#6464);
#6464 = AXIS2_PLACEMENT_3D('',#6465,#6466,#6467);
#6465 = CARTESIAN_POINT('',(-9.075,3.1,0.));
#6466 = DIRECTION('',(0.,1.,0.));
#6467 = DIRECTION('',(0.,0.,1.));
#6468 = DEFINITIONAL_REPRESENTATION('',(#6469),#6473);
#6469 = LINE('',#6470,#6471);
#6470 = CARTESIAN_POINT('',(0.7,-8.75E-02));
#6471 = VECTOR('',#6472,1.);
#6472 = DIRECTION('',(0.,1.));
#6473 = ( GEOMETRIC_REPRESENTATION_CONTEXT(2) 
PARAMETRIC_REPRESENTATION_CONTEXT() REPRESENTATION_CONTEXT('2D SPACE',''
  ) );
#6474 = ORIENTED_EDGE('',*,*,#6475,.T.);
#6475 = EDGE_CURVE('',#6448,#6476,#6478,.T.);
#6476 = VERTEX_POINT('',#6477);
#6477 = CARTESIAN_POINT('',(-4.925,-3.1,0.7));
#6478 = SURFACE_CURVE('',#6479,(#6483,#6490),.PCURVE_S1.);
#6479 = LINE('',#6480,#6481);
#6480 = CARTESIAN_POINT('',(-4.925,-3.1875,0.7));
#6481 = VECTOR('',#6482,1.);
#6482 = DIRECTION('',(0.,-1.,0.));
#6483 = PCURVE('',#6271,#6484);
#6484 = DEFINITIONAL_REPRESENTATION('',(#6485),#6489);
#6485 = LINE('',#6486,#6487);
#6486 = CARTESIAN_POINT('',(4.325,8.75E-02));
#6487 = VECTOR('',#6488,1.);
#6488 = DIRECTION('',(0.,-1.));
#6489 = ( GEOMETRIC_REPRESENTATION_CONTEXT(2) 
PARAMETRIC_REPRESENTATION_CONTEXT() REPRESENTATION_CONTEXT('2D SPACE',''
  ) );
#6490 = PCURVE('',#6491,#6496);
#6491 = PLANE('',#6492);
#6492 = AXIS2_PLACEMENT_3D('',#6493,#6494,#6495);
#6493 = CARTESIAN_POINT('',(-4.925,-3.1,0.));
#6494 = DIRECTION('',(1.,0.,0.));
#6495 = DIRECTION('',(0.,0.,1.));
#6496 = DEFINITIONAL_REPRESENTATION('',(#6497),#6501);
#6497 = LINE('',#6498,#6499);
#6498 = CARTESIAN_POINT('',(0.7,8.75E-02));
#6499 = VECTOR('',#6500,1.);
#6500 = DIRECTION('',(0.,1.));
#6501 = ( GEOMETRIC_REPRESENTATION_CONTEXT(2) 
PARAMETRIC_REPRESENTATION_CONTEXT() REPRESENTATION_CONTEXT('2D SPACE',''
  ) );
#6502 = ORIENTED_EDGE('',*,*,#6503,.F.);
#6503 = EDGE_CURVE('',#6420,#6476,#6504,.T.);
#6504 = SURFACE_CURVE('',#6505,(#6509,#6516),.PCURVE_S1.);
#6505 = LINE('',#6506,#6507);
#6506 = CARTESIAN_POINT('',(-9.1625,-3.1,0.7));
#6507 = VECTOR('',#6508,1.);
#6508 = DIRECTION('',(1.,0.,0.));
#6509 = PCURVE('',#6271,#6510);
#6510 = DEFINITIONAL_REPRESENTATION('',(#6511),#6515);
#6511 = LINE('',#6512,#6513);
#6512 = CARTESIAN_POINT('',(8.75E-02,0.175));
#6513 = VECTOR('',#6514,1.);
#6514 = DIRECTION('',(1.,0.));
#6515 = ( GEOMETRIC_REPRESENTATION_CONTEXT(2) 
PARAMETRIC_REPRESENTATION_CONTEXT() REPRESENTATION_CONTEXT('2D SPACE',''
  ) );
#6516 = PCURVE('',#6517,#6522);
#6517 = PLANE('',#6518);
#6518 = AXIS2_PLACEMENT_3D('',#6519,#6520,#6521);
#6519 = CARTESIAN_POINT('',(-9.075,-3.1,0.));
#6520 = DIRECTION('',(0.,1.,0.));
#6521 = DIRECTION('',(0.,0.,1.));
#6522 = DEFINITIONAL_REPRESENTATION('',(#6523),#6527);
#6523 = LINE('',#6524,#6525);
#6524 = CARTESIAN_POINT('',(0.7,-8.75E-02));
#6525 = VECTOR('',#6526,1.);
#6526 = DIRECTION('',(0.,1.));
#6527 = ( GEOMETRIC_REPRESENTATION_CONTEXT(2) 
PARAMETRIC_REPRESENTATION_CONTEXT() REPRESENTATION_CONTEXT('2D SPACE',''
  ) );
#6528 = ADVANCED_FACE('',(#6529),#6435,.T.);
#6529 = FACE_BOUND('',#6530,.T.);
#6530 = EDGE_LOOP('',(#6531,#6554,#6555,#6578));
#6531 = ORIENTED_EDGE('',*,*,#6532,.F.);
#6532 = EDGE_CURVE('',#6420,#6533,#6535,.T.);
#6533 = VERTEX_POINT('',#6534);
#6534 = CARTESIAN_POINT('',(-9.075,-3.1,4.));
#6535 = SURFACE_CURVE('',#6536,(#6540,#6547),.PCURVE_S1.);
#6536 = LINE('',#6537,#6538);
#6537 = CARTESIAN_POINT('',(-9.075,-3.1,0.));
#6538 = VECTOR('',#6539,1.);
#6539 = DIRECTION('',(0.,0.,1.));
#6540 = PCURVE('',#6435,#6541);
#6541 = DEFINITIONAL_REPRESENTATION('',(#6542),#6546);
#6542 = LINE('',#6543,#6544);
#6543 = CARTESIAN_POINT('',(0.,0.));
#6544 = VECTOR('',#6545,1.);
#6545 = DIRECTION('',(1.,0.));
#6546 = ( GEOMETRIC_REPRESENTATION_CONTEXT(2) 
PARAMETRIC_REPRESENTATION_CONTEXT() REPRESENTATION_CONTEXT('2D SPACE',''
  ) );
#6547 = PCURVE('',#6517,#6548);
#6548 = DEFINITIONAL_REPRESENTATION('',(#6549),#6553);
#6549 = LINE('',#6550,#6551);
#6550 = CARTESIAN_POINT('',(0.,0.));
#6551 = VECTOR('',#6552,1.);
#6552 = DIRECTION('',(1.,0.));
#6553 = ( GEOMETRIC_REPRESENTATION_CONTEXT(2) 
PARAMETRIC_REPRESENTATION_CONTEXT() REPRESENTATION_CONTEXT('2D SPACE',''
  ) );
#6554 = ORIENTED_EDGE('',*,*,#6417,.F.);
#6555 = ORIENTED_EDGE('',*,*,#6556,.T.);
#6556 = EDGE_CURVE('',#6418,#6557,#6559,.T.);
#6557 = VERTEX_POINT('',#6558);
#6558 = CARTESIAN_POINT('',(-9.075,3.1,4.));
#6559 = SURFACE_CURVE('',#6560,(#6564,#6571),.PCURVE_S1.);
#6560 = LINE('',#6561,#6562);
#6561 = CARTESIAN_POINT('',(-9.075,3.1,0.));
#6562 = VECTOR('',#6563,1.);
#6563 = DIRECTION('',(0.,0.,1.));
#6564 = PCURVE('',#6435,#6565);
#6565 = DEFINITIONAL_REPRESENTATION('',(#6566),#6570);
#6566 = LINE('',#6567,#6568);
#6567 = CARTESIAN_POINT('',(0.,-6.2));
#6568 = VECTOR('',#6569,1.);
#6569 = DIRECTION('',(1.,0.));
#6570 = ( GEOMETRIC_REPRESENTATION_CONTEXT(2) 
PARAMETRIC_REPRESENTATION_CONTEXT() REPRESENTATION_CONTEXT('2D SPACE',''
  ) );
#6571 = PCURVE('',#6463,#6572);
#6572 = DEFINITIONAL_REPRESENTATION('',(#6573),#6577);
#6573 = LINE('',#6574,#6575);
#6574 = CARTESIAN_POINT('',(0.,0.));
#6575 = VECTOR('',#6576,1.);
#6576 = DIRECTION('',(1.,0.));
#6577 = ( GEOMETRIC_REPRESENTATION_CONTEXT(2) 
PARAMETRIC_REPRESENTATION_CONTEXT() REPRESENTATION_CONTEXT('2D SPACE',''
  ) );
#6578 = ORIENTED_EDGE('',*,*,#6579,.T.);
#6579 = EDGE_CURVE('',#6557,#6533,#6580,.T.);
#6580 = SURFACE_CURVE('',#6581,(#6585,#6592),.PCURVE_S1.);
#6581 = LINE('',#6582,#6583);
#6582 = CARTESIAN_POINT('',(-9.075,-3.1,4.));
#6583 = VECTOR('',#6584,1.);
#6584 = DIRECTION('',(0.,-1.,0.));
#6585 = PCURVE('',#6435,#6586);
#6586 = DEFINITIONAL_REPRESENTATION('',(#6587),#6591);
#6587 = LINE('',#6588,#6589);
#6588 = CARTESIAN_POINT('',(4.,0.));
#6589 = VECTOR('',#6590,1.);
#6590 = DIRECTION('',(0.,1.));
#6591 = ( GEOMETRIC_REPRESENTATION_CONTEXT(2) 
PARAMETRIC_REPRESENTATION_CONTEXT() REPRESENTATION_CONTEXT('2D SPACE',''
  ) );
#6592 = PCURVE('',#6593,#6598);
#6593 = PLANE('',#6594);
#6594 = AXIS2_PLACEMENT_3D('',#6595,#6596,#6597);
#6595 = CARTESIAN_POINT('',(-9.3,-3.1,4.));
#6596 = DIRECTION('',(0.,0.,1.));
#6597 = DIRECTION('',(1.,0.,0.));
#6598 = DEFINITIONAL_REPRESENTATION('',(#6599),#6603);
#6599 = LINE('',#6600,#6601);
#6600 = CARTESIAN_POINT('',(0.225,0.));
#6601 = VECTOR('',#6602,1.);
#6602 = DIRECTION('',(0.,-1.));
#6603 = ( GEOMETRIC_REPRESENTATION_CONTEXT(2) 
PARAMETRIC_REPRESENTATION_CONTEXT() REPRESENTATION_CONTEXT('2D SPACE',''
  ) );
#6604 = ADVANCED_FACE('',(#6605),#6517,.T.);
#6605 = FACE_BOUND('',#6606,.T.);
#6606 = EDGE_LOOP('',(#6607,#6630,#6631,#6632,#6655,#6683,#6711,#6739));
#6607 = ORIENTED_EDGE('',*,*,#6608,.F.);
#6608 = EDGE_CURVE('',#6476,#6609,#6611,.T.);
#6609 = VERTEX_POINT('',#6610);
#6610 = CARTESIAN_POINT('',(-4.925,-3.1,4.));
#6611 = SURFACE_CURVE('',#6612,(#6616,#6623),.PCURVE_S1.);
#6612 = LINE('',#6613,#6614);
#6613 = CARTESIAN_POINT('',(-4.925,-3.1,0.));
#6614 = VECTOR('',#6615,1.);
#6615 = DIRECTION('',(0.,0.,1.));
#6616 = PCURVE('',#6517,#6617);
#6617 = DEFINITIONAL_REPRESENTATION('',(#6618),#6622);
#6618 = LINE('',#6619,#6620);
#6619 = CARTESIAN_POINT('',(0.,4.15));
#6620 = VECTOR('',#6621,1.);
#6621 = DIRECTION('',(1.,0.));
#6622 = ( GEOMETRIC_REPRESENTATION_CONTEXT(2) 
PARAMETRIC_REPRESENTATION_CONTEXT() REPRESENTATION_CONTEXT('2D SPACE',''
  ) );
#6623 = PCURVE('',#6491,#6624);
#6624 = DEFINITIONAL_REPRESENTATION('',(#6625),#6629);
#6625 = LINE('',#6626,#6627);
#6626 = CARTESIAN_POINT('',(0.,0.));
#6627 = VECTOR('',#6628,1.);
#6628 = DIRECTION('',(1.,0.));
#6629 = ( GEOMETRIC_REPRESENTATION_CONTEXT(2) 
PARAMETRIC_REPRESENTATION_CONTEXT() REPRESENTATION_CONTEXT('2D SPACE',''
  ) );
#6630 = ORIENTED_EDGE('',*,*,#6503,.F.);
#6631 = ORIENTED_EDGE('',*,*,#6532,.T.);
#6632 = ORIENTED_EDGE('',*,*,#6633,.F.);
#6633 = EDGE_CURVE('',#6634,#6533,#6636,.T.);
#6634 = VERTEX_POINT('',#6635);
#6635 = CARTESIAN_POINT('',(-9.3,-3.1,4.));
#6636 = SURFACE_CURVE('',#6637,(#6641,#6648),.PCURVE_S1.);
#6637 = LINE('',#6638,#6639);
#6638 = CARTESIAN_POINT('',(-9.3,-3.1,4.));
#6639 = VECTOR('',#6640,1.);
#6640 = DIRECTION('',(1.,0.,0.));
#6641 = PCURVE('',#6517,#6642);
#6642 = DEFINITIONAL_REPRESENTATION('',(#6643),#6647);
#6643 = LINE('',#6644,#6645);
#6644 = CARTESIAN_POINT('',(4.,-0.225));
#6645 = VECTOR('',#6646,1.);
#6646 = DIRECTION('',(0.,1.));
#6647 = ( GEOMETRIC_REPRESENTATION_CONTEXT(2) 
PARAMETRIC_REPRESENTATION_CONTEXT() REPRESENTATION_CONTEXT('2D SPACE',''
  ) );
#6648 = PCURVE('',#6593,#6649);
#6649 = DEFINITIONAL_REPRESENTATION('',(#6650),#6654);
#6650 = LINE('',#6651,#6652);
#6651 = CARTESIAN_POINT('',(0.,0.));
#6652 = VECTOR('',#6653,1.);
#6653 = DIRECTION('',(1.,0.));
#6654 = ( GEOMETRIC_REPRESENTATION_CONTEXT(2) 
PARAMETRIC_REPRESENTATION_CONTEXT() REPRESENTATION_CONTEXT('2D SPACE',''
  ) );
#6655 = ORIENTED_EDGE('',*,*,#6656,.T.);
#6656 = EDGE_CURVE('',#6634,#6657,#6659,.T.);
#6657 = VERTEX_POINT('',#6658);
#6658 = CARTESIAN_POINT('',(-9.3,-3.1,6.2));
#6659 = SURFACE_CURVE('',#6660,(#6664,#6671),.PCURVE_S1.);
#6660 = LINE('',#6661,#6662);
#6661 = CARTESIAN_POINT('',(-9.3,-3.1,4.));
#6662 = VECTOR('',#6663,1.);
#6663 = DIRECTION('',(0.,0.,1.));
#6664 = PCURVE('',#6517,#6665);
#6665 = DEFINITIONAL_REPRESENTATION('',(#6666),#6670);
#6666 = LINE('',#6667,#6668);
#6667 = CARTESIAN_POINT('',(4.,-0.225));
#6668 = VECTOR('',#6669,1.);
#6669 = DIRECTION('',(1.,0.));
#6670 = ( GEOMETRIC_REPRESENTATION_CONTEXT(2) 
PARAMETRIC_REPRESENTATION_CONTEXT() REPRESENTATION_CONTEXT('2D SPACE',''
  ) );
#6671 = PCURVE('',#6672,#6677);
#6672 = PLANE('',#6673);
#6673 = AXIS2_PLACEMENT_3D('',#6674,#6675,#6676);
#6674 = CARTESIAN_POINT('',(-9.3,-3.1,4.));
#6675 = DIRECTION('',(1.,0.,0.));
#6676 = DIRECTION('',(0.,0.,1.));
#6677 = DEFINITIONAL_REPRESENTATION('',(#6678),#6682);
#6678 = LINE('',#6679,#6680);
#6679 = CARTESIAN_POINT('',(0.,0.));
#6680 = VECTOR('',#6681,1.);
#6681 = DIRECTION('',(1.,0.));
#6682 = ( GEOMETRIC_REPRESENTATION_CONTEXT(2) 
PARAMETRIC_REPRESENTATION_CONTEXT() REPRESENTATION_CONTEXT('2D SPACE',''
  ) );
#6683 = ORIENTED_EDGE('',*,*,#6684,.F.);
#6684 = EDGE_CURVE('',#6685,#6657,#6687,.T.);
#6685 = VERTEX_POINT('',#6686);
#6686 = CARTESIAN_POINT('',(-4.7,-3.1,6.2));
#6687 = SURFACE_CURVE('',#6688,(#6692,#6699),.PCURVE_S1.);
#6688 = LINE('',#6689,#6690);
#6689 = CARTESIAN_POINT('',(-4.7,-3.1,6.2));
#6690 = VECTOR('',#6691,1.);
#6691 = DIRECTION('',(-1.,0.,0.));
#6692 = PCURVE('',#6517,#6693);
#6693 = DEFINITIONAL_REPRESENTATION('',(#6694),#6698);
#6694 = LINE('',#6695,#6696);
#6695 = CARTESIAN_POINT('',(6.2,4.375));
#6696 = VECTOR('',#6697,1.);
#6697 = DIRECTION('',(0.,-1.));
#6698 = ( GEOMETRIC_REPRESENTATION_CONTEXT(2) 
PARAMETRIC_REPRESENTATION_CONTEXT() REPRESENTATION_CONTEXT('2D SPACE',''
  ) );
#6699 = PCURVE('',#6700,#6705);
#6700 = PLANE('',#6701);
#6701 = AXIS2_PLACEMENT_3D('',#6702,#6703,#6704);
#6702 = CARTESIAN_POINT('',(-9.075,-3.1,6.2));
#6703 = DIRECTION('',(0.,0.,1.));
#6704 = DIRECTION('',(1.,0.,0.));
#6705 = DEFINITIONAL_REPRESENTATION('',(#6706),#6710);
#6706 = LINE('',#6707,#6708);
#6707 = CARTESIAN_POINT('',(4.375,0.));
#6708 = VECTOR('',#6709,1.);
#6709 = DIRECTION('',(-1.,0.));
#6710 = ( GEOMETRIC_REPRESENTATION_CONTEXT(2) 
PARAMETRIC_REPRESENTATION_CONTEXT() REPRESENTATION_CONTEXT('2D SPACE',''
  ) );
#6711 = ORIENTED_EDGE('',*,*,#6712,.F.);
#6712 = EDGE_CURVE('',#6713,#6685,#6715,.T.);
#6713 = VERTEX_POINT('',#6714);
#6714 = CARTESIAN_POINT('',(-4.7,-3.1,4.));
#6715 = SURFACE_CURVE('',#6716,(#6720,#6727),.PCURVE_S1.);
#6716 = LINE('',#6717,#6718);
#6717 = CARTESIAN_POINT('',(-4.7,-3.1,4.));
#6718 = VECTOR('',#6719,1.);
#6719 = DIRECTION('',(0.,0.,1.));
#6720 = PCURVE('',#6517,#6721);
#6721 = DEFINITIONAL_REPRESENTATION('',(#6722),#6726);
#6722 = LINE('',#6723,#6724);
#6723 = CARTESIAN_POINT('',(4.,4.375));
#6724 = VECTOR('',#6725,1.);
#6725 = DIRECTION('',(1.,0.));
#6726 = ( GEOMETRIC_REPRESENTATION_CONTEXT(2) 
PARAMETRIC_REPRESENTATION_CONTEXT() REPRESENTATION_CONTEXT('2D SPACE',''
  ) );
#6727 = PCURVE('',#6728,#6733);
#6728 = PLANE('',#6729);
#6729 = AXIS2_PLACEMENT_3D('',#6730,#6731,#6732);
#6730 = CARTESIAN_POINT('',(-4.7,-3.1,4.));
#6731 = DIRECTION('',(1.,0.,0.));
#6732 = DIRECTION('',(0.,0.,1.));
#6733 = DEFINITIONAL_REPRESENTATION('',(#6734),#6738);
#6734 = LINE('',#6735,#6736);
#6735 = CARTESIAN_POINT('',(0.,0.));
#6736 = VECTOR('',#6737,1.);
#6737 = DIRECTION('',(1.,0.));
#6738 = ( GEOMETRIC_REPRESENTATION_CONTEXT(2) 
PARAMETRIC_REPRESENTATION_CONTEXT() REPRESENTATION_CONTEXT('2D SPACE',''
  ) );
#6739 = ORIENTED_EDGE('',*,*,#6740,.F.);
#6740 = EDGE_CURVE('',#6609,#6713,#6741,.T.);
#6741 = SURFACE_CURVE('',#6742,(#6746,#6753),.PCURVE_S1.);
#6742 = LINE('',#6743,#6744);
#6743 = CARTESIAN_POINT('',(-9.3,-3.1,4.));
#6744 = VECTOR('',#6745,1.);
#6745 = DIRECTION('',(1.,0.,0.));
#6746 = PCURVE('',#6517,#6747);
#6747 = DEFINITIONAL_REPRESENTATION('',(#6748),#6752);
#6748 = LINE('',#6749,#6750);
#6749 = CARTESIAN_POINT('',(4.,-0.225));
#6750 = VECTOR('',#6751,1.);
#6751 = DIRECTION('',(0.,1.));
#6752 = ( GEOMETRIC_REPRESENTATION_CONTEXT(2) 
PARAMETRIC_REPRESENTATION_CONTEXT() REPRESENTATION_CONTEXT('2D SPACE',''
  ) );
#6753 = PCURVE('',#6754,#6759);
#6754 = PLANE('',#6755);
#6755 = AXIS2_PLACEMENT_3D('',#6756,#6757,#6758);
#6756 = CARTESIAN_POINT('',(-9.3,-3.1,4.));
#6757 = DIRECTION('',(0.,0.,1.));
#6758 = DIRECTION('',(1.,0.,0.));
#6759 = DEFINITIONAL_REPRESENTATION('',(#6760),#6764);
#6760 = LINE('',#6761,#6762);
#6761 = CARTESIAN_POINT('',(0.,0.));
#6762 = VECTOR('',#6763,1.);
#6763 = DIRECTION('',(1.,0.));
#6764 = ( GEOMETRIC_REPRESENTATION_CONTEXT(2) 
PARAMETRIC_REPRESENTATION_CONTEXT() REPRESENTATION_CONTEXT('2D SPACE',''
  ) );
#6765 = ADVANCED_FACE('',(#6766),#6491,.F.);
#6766 = FACE_BOUND('',#6767,.F.);
#6767 = EDGE_LOOP('',(#6768,#6769,#6770,#6793));
#6768 = ORIENTED_EDGE('',*,*,#6608,.F.);
#6769 = ORIENTED_EDGE('',*,*,#6475,.F.);
#6770 = ORIENTED_EDGE('',*,*,#6771,.T.);
#6771 = EDGE_CURVE('',#6448,#6772,#6774,.T.);
#6772 = VERTEX_POINT('',#6773);
#6773 = CARTESIAN_POINT('',(-4.925,3.1,4.));
#6774 = SURFACE_CURVE('',#6775,(#6779,#6786),.PCURVE_S1.);
#6775 = LINE('',#6776,#6777);
#6776 = CARTESIAN_POINT('',(-4.925,3.1,0.));
#6777 = VECTOR('',#6778,1.);
#6778 = DIRECTION('',(0.,0.,1.));
#6779 = PCURVE('',#6491,#6780);
#6780 = DEFINITIONAL_REPRESENTATION('',(#6781),#6785);
#6781 = LINE('',#6782,#6783);
#6782 = CARTESIAN_POINT('',(0.,-6.2));
#6783 = VECTOR('',#6784,1.);
#6784 = DIRECTION('',(1.,0.));
#6785 = ( GEOMETRIC_REPRESENTATION_CONTEXT(2) 
PARAMETRIC_REPRESENTATION_CONTEXT() REPRESENTATION_CONTEXT('2D SPACE',''
  ) );
#6786 = PCURVE('',#6463,#6787);
#6787 = DEFINITIONAL_REPRESENTATION('',(#6788),#6792);
#6788 = LINE('',#6789,#6790);
#6789 = CARTESIAN_POINT('',(0.,4.15));
#6790 = VECTOR('',#6791,1.);
#6791 = DIRECTION('',(1.,0.));
#6792 = ( GEOMETRIC_REPRESENTATION_CONTEXT(2) 
PARAMETRIC_REPRESENTATION_CONTEXT() REPRESENTATION_CONTEXT('2D SPACE',''
  ) );
#6793 = ORIENTED_EDGE('',*,*,#6794,.T.);
#6794 = EDGE_CURVE('',#6772,#6609,#6795,.T.);
#6795 = SURFACE_CURVE('',#6796,(#6800,#6807),.PCURVE_S1.);
#6796 = LINE('',#6797,#6798);
#6797 = CARTESIAN_POINT('',(-4.925,-3.1,4.));
#6798 = VECTOR('',#6799,1.);
#6799 = DIRECTION('',(0.,-1.,0.));
#6800 = PCURVE('',#6491,#6801);
#6801 = DEFINITIONAL_REPRESENTATION('',(#6802),#6806);
#6802 = LINE('',#6803,#6804);
#6803 = CARTESIAN_POINT('',(4.,0.));
#6804 = VECTOR('',#6805,1.);
#6805 = DIRECTION('',(0.,1.));
#6806 = ( GEOMETRIC_REPRESENTATION_CONTEXT(2) 
PARAMETRIC_REPRESENTATION_CONTEXT() REPRESENTATION_CONTEXT('2D SPACE',''
  ) );
#6807 = PCURVE('',#6754,#6808);
#6808 = DEFINITIONAL_REPRESENTATION('',(#6809),#6813);
#6809 = LINE('',#6810,#6811);
#6810 = CARTESIAN_POINT('',(4.375,0.));
#6811 = VECTOR('',#6812,1.);
#6812 = DIRECTION('',(0.,-1.));
#6813 = ( GEOMETRIC_REPRESENTATION_CONTEXT(2) 
PARAMETRIC_REPRESENTATION_CONTEXT() REPRESENTATION_CONTEXT('2D SPACE',''
  ) );
#6814 = ADVANCED_FACE('',(#6815),#6463,.F.);
#6815 = FACE_BOUND('',#6816,.F.);
#6816 = EDGE_LOOP('',(#6817,#6818,#6819,#6820,#6843,#6866,#6889,#6912));
#6817 = ORIENTED_EDGE('',*,*,#6771,.F.);
#6818 = ORIENTED_EDGE('',*,*,#6447,.F.);
#6819 = ORIENTED_EDGE('',*,*,#6556,.T.);
#6820 = ORIENTED_EDGE('',*,*,#6821,.F.);
#6821 = EDGE_CURVE('',#6822,#6557,#6824,.T.);
#6822 = VERTEX_POINT('',#6823);
#6823 = CARTESIAN_POINT('',(-9.3,3.1,4.));
#6824 = SURFACE_CURVE('',#6825,(#6829,#6836),.PCURVE_S1.);
#6825 = LINE('',#6826,#6827);
#6826 = CARTESIAN_POINT('',(-9.3,3.1,4.));
#6827 = VECTOR('',#6828,1.);
#6828 = DIRECTION('',(1.,0.,0.));
#6829 = PCURVE('',#6463,#6830);
#6830 = DEFINITIONAL_REPRESENTATION('',(#6831),#6835);
#6831 = LINE('',#6832,#6833);
#6832 = CARTESIAN_POINT('',(4.,-0.225));
#6833 = VECTOR('',#6834,1.);
#6834 = DIRECTION('',(0.,1.));
#6835 = ( GEOMETRIC_REPRESENTATION_CONTEXT(2) 
PARAMETRIC_REPRESENTATION_CONTEXT() REPRESENTATION_CONTEXT('2D SPACE',''
  ) );
#6836 = PCURVE('',#6593,#6837);
#6837 = DEFINITIONAL_REPRESENTATION('',(#6838),#6842);
#6838 = LINE('',#6839,#6840);
#6839 = CARTESIAN_POINT('',(0.,6.2));
#6840 = VECTOR('',#6841,1.);
#6841 = DIRECTION('',(1.,0.));
#6842 = ( GEOMETRIC_REPRESENTATION_CONTEXT(2) 
PARAMETRIC_REPRESENTATION_CONTEXT() REPRESENTATION_CONTEXT('2D SPACE',''
  ) );
#6843 = ORIENTED_EDGE('',*,*,#6844,.T.);
#6844 = EDGE_CURVE('',#6822,#6845,#6847,.T.);
#6845 = VERTEX_POINT('',#6846);
#6846 = CARTESIAN_POINT('',(-9.3,3.1,6.2));
#6847 = SURFACE_CURVE('',#6848,(#6852,#6859),.PCURVE_S1.);
#6848 = LINE('',#6849,#6850);
#6849 = CARTESIAN_POINT('',(-9.3,3.1,4.));
#6850 = VECTOR('',#6851,1.);
#6851 = DIRECTION('',(0.,0.,1.));
#6852 = PCURVE('',#6463,#6853);
#6853 = DEFINITIONAL_REPRESENTATION('',(#6854),#6858);
#6854 = LINE('',#6855,#6856);
#6855 = CARTESIAN_POINT('',(4.,-0.225));
#6856 = VECTOR('',#6857,1.);
#6857 = DIRECTION('',(1.,0.));
#6858 = ( GEOMETRIC_REPRESENTATION_CONTEXT(2) 
PARAMETRIC_REPRESENTATION_CONTEXT() REPRESENTATION_CONTEXT('2D SPACE',''
  ) );
#6859 = PCURVE('',#6672,#6860);
#6860 = DEFINITIONAL_REPRESENTATION('',(#6861),#6865);
#6861 = LINE('',#6862,#6863);
#6862 = CARTESIAN_POINT('',(0.,-6.2));
#6863 = VECTOR('',#6864,1.);
#6864 = DIRECTION('',(1.,0.));
#6865 = ( GEOMETRIC_REPRESENTATION_CONTEXT(2) 
PARAMETRIC_REPRESENTATION_CONTEXT() REPRESENTATION_CONTEXT('2D SPACE',''
  ) );
#6866 = ORIENTED_EDGE('',*,*,#6867,.T.);
#6867 = EDGE_CURVE('',#6845,#6868,#6870,.T.);
#6868 = VERTEX_POINT('',#6869);
#6869 = CARTESIAN_POINT('',(-4.7,3.1,6.2));
#6870 = SURFACE_CURVE('',#6871,(#6875,#6882),.PCURVE_S1.);
#6871 = LINE('',#6872,#6873);
#6872 = CARTESIAN_POINT('',(-9.3,3.1,6.2));
#6873 = VECTOR('',#6874,1.);
#6874 = DIRECTION('',(1.,0.,0.));
#6875 = PCURVE('',#6463,#6876);
#6876 = DEFINITIONAL_REPRESENTATION('',(#6877),#6881);
#6877 = LINE('',#6878,#6879);
#6878 = CARTESIAN_POINT('',(6.2,-0.225));
#6879 = VECTOR('',#6880,1.);
#6880 = DIRECTION('',(0.,1.));
#6881 = ( GEOMETRIC_REPRESENTATION_CONTEXT(2) 
PARAMETRIC_REPRESENTATION_CONTEXT() REPRESENTATION_CONTEXT('2D SPACE',''
  ) );
#6882 = PCURVE('',#6700,#6883);
#6883 = DEFINITIONAL_REPRESENTATION('',(#6884),#6888);
#6884 = LINE('',#6885,#6886);
#6885 = CARTESIAN_POINT('',(-0.225,6.2));
#6886 = VECTOR('',#6887,1.);
#6887 = DIRECTION('',(1.,0.));
#6888 = ( GEOMETRIC_REPRESENTATION_CONTEXT(2) 
PARAMETRIC_REPRESENTATION_CONTEXT() REPRESENTATION_CONTEXT('2D SPACE',''
  ) );
#6889 = ORIENTED_EDGE('',*,*,#6890,.F.);
#6890 = EDGE_CURVE('',#6891,#6868,#6893,.T.);
#6891 = VERTEX_POINT('',#6892);
#6892 = CARTESIAN_POINT('',(-4.7,3.1,4.));
#6893 = SURFACE_CURVE('',#6894,(#6898,#6905),.PCURVE_S1.);
#6894 = LINE('',#6895,#6896);
#6895 = CARTESIAN_POINT('',(-4.7,3.1,4.));
#6896 = VECTOR('',#6897,1.);
#6897 = DIRECTION('',(0.,0.,1.));
#6898 = PCURVE('',#6463,#6899);
#6899 = DEFINITIONAL_REPRESENTATION('',(#6900),#6904);
#6900 = LINE('',#6901,#6902);
#6901 = CARTESIAN_POINT('',(4.,4.375));
#6902 = VECTOR('',#6903,1.);
#6903 = DIRECTION('',(1.,0.));
#6904 = ( GEOMETRIC_REPRESENTATION_CONTEXT(2) 
PARAMETRIC_REPRESENTATION_CONTEXT() REPRESENTATION_CONTEXT('2D SPACE',''
  ) );
#6905 = PCURVE('',#6728,#6906);
#6906 = DEFINITIONAL_REPRESENTATION('',(#6907),#6911);
#6907 = LINE('',#6908,#6909);
#6908 = CARTESIAN_POINT('',(0.,-6.2));
#6909 = VECTOR('',#6910,1.);
#6910 = DIRECTION('',(1.,0.));
#6911 = ( GEOMETRIC_REPRESENTATION_CONTEXT(2) 
PARAMETRIC_REPRESENTATION_CONTEXT() REPRESENTATION_CONTEXT('2D SPACE',''
  ) );
#6912 = ORIENTED_EDGE('',*,*,#6913,.F.);
#6913 = EDGE_CURVE('',#6772,#6891,#6914,.T.);
#6914 = SURFACE_CURVE('',#6915,(#6919,#6926),.PCURVE_S1.);
#6915 = LINE('',#6916,#6917);
#6916 = CARTESIAN_POINT('',(-9.3,3.1,4.));
#6917 = VECTOR('',#6918,1.);
#6918 = DIRECTION('',(1.,0.,0.));
#6919 = PCURVE('',#6463,#6920);
#6920 = DEFINITIONAL_REPRESENTATION('',(#6921),#6925);
#6921 = LINE('',#6922,#6923);
#6922 = CARTESIAN_POINT('',(4.,-0.225));
#6923 = VECTOR('',#6924,1.);
#6924 = DIRECTION('',(0.,1.));
#6925 = ( GEOMETRIC_REPRESENTATION_CONTEXT(2) 
PARAMETRIC_REPRESENTATION_CONTEXT() REPRESENTATION_CONTEXT('2D SPACE',''
  ) );
#6926 = PCURVE('',#6754,#6927);
#6927 = DEFINITIONAL_REPRESENTATION('',(#6928),#6932);
#6928 = LINE('',#6929,#6930);
#6929 = CARTESIAN_POINT('',(0.,6.2));
#6930 = VECTOR('',#6931,1.);
#6931 = DIRECTION('',(1.,0.));
#6932 = ( GEOMETRIC_REPRESENTATION_CONTEXT(2) 
PARAMETRIC_REPRESENTATION_CONTEXT() REPRESENTATION_CONTEXT('2D SPACE',''
  ) );
#6933 = ADVANCED_FACE('',(#6934),#6593,.T.);
#6934 = FACE_BOUND('',#6935,.T.);
#6935 = EDGE_LOOP('',(#6936,#6937,#6958,#6959));
#6936 = ORIENTED_EDGE('',*,*,#6821,.F.);
#6937 = ORIENTED_EDGE('',*,*,#6938,.F.);
#6938 = EDGE_CURVE('',#6634,#6822,#6939,.T.);
#6939 = SURFACE_CURVE('',#6940,(#6944,#6951),.PCURVE_S1.);
#6940 = LINE('',#6941,#6942);
#6941 = CARTESIAN_POINT('',(-9.3,-3.1,4.));
#6942 = VECTOR('',#6943,1.);
#6943 = DIRECTION('',(0.,1.,0.));
#6944 = PCURVE('',#6593,#6945);
#6945 = DEFINITIONAL_REPRESENTATION('',(#6946),#6950);
#6946 = LINE('',#6947,#6948);
#6947 = CARTESIAN_POINT('',(0.,0.));
#6948 = VECTOR('',#6949,1.);
#6949 = DIRECTION('',(0.,1.));
#6950 = ( GEOMETRIC_REPRESENTATION_CONTEXT(2) 
PARAMETRIC_REPRESENTATION_CONTEXT() REPRESENTATION_CONTEXT('2D SPACE',''
  ) );
#6951 = PCURVE('',#6672,#6952);
#6952 = DEFINITIONAL_REPRESENTATION('',(#6953),#6957);
#6953 = LINE('',#6954,#6955);
#6954 = CARTESIAN_POINT('',(0.,0.));
#6955 = VECTOR('',#6956,1.);
#6956 = DIRECTION('',(0.,-1.));
#6957 = ( GEOMETRIC_REPRESENTATION_CONTEXT(2) 
PARAMETRIC_REPRESENTATION_CONTEXT() REPRESENTATION_CONTEXT('2D SPACE',''
  ) );
#6958 = ORIENTED_EDGE('',*,*,#6633,.T.);
#6959 = ORIENTED_EDGE('',*,*,#6579,.F.);
#6960 = ADVANCED_FACE('',(#6961),#6754,.T.);
#6961 = FACE_BOUND('',#6962,.T.);
#6962 = EDGE_LOOP('',(#6963,#6964,#6965,#6966));
#6963 = ORIENTED_EDGE('',*,*,#6913,.F.);
#6964 = ORIENTED_EDGE('',*,*,#6794,.T.);
#6965 = ORIENTED_EDGE('',*,*,#6740,.T.);
#6966 = ORIENTED_EDGE('',*,*,#6967,.T.);
#6967 = EDGE_CURVE('',#6713,#6891,#6968,.T.);
#6968 = SURFACE_CURVE('',#6969,(#6973,#6980),.PCURVE_S1.);
#6969 = LINE('',#6970,#6971);
#6970 = CARTESIAN_POINT('',(-4.7,-3.1,4.));
#6971 = VECTOR('',#6972,1.);
#6972 = DIRECTION('',(0.,1.,0.));
#6973 = PCURVE('',#6754,#6974);
#6974 = DEFINITIONAL_REPRESENTATION('',(#6975),#6979);
#6975 = LINE('',#6976,#6977);
#6976 = CARTESIAN_POINT('',(4.6,0.));
#6977 = VECTOR('',#6978,1.);
#6978 = DIRECTION('',(0.,1.));
#6979 = ( GEOMETRIC_REPRESENTATION_CONTEXT(2) 
PARAMETRIC_REPRESENTATION_CONTEXT() REPRESENTATION_CONTEXT('2D SPACE',''
  ) );
#6980 = PCURVE('',#6728,#6981);
#6981 = DEFINITIONAL_REPRESENTATION('',(#6982),#6986);
#6982 = LINE('',#6983,#6984);
#6983 = CARTESIAN_POINT('',(0.,0.));
#6984 = VECTOR('',#6985,1.);
#6985 = DIRECTION('',(0.,-1.));
#6986 = ( GEOMETRIC_REPRESENTATION_CONTEXT(2) 
PARAMETRIC_REPRESENTATION_CONTEXT() REPRESENTATION_CONTEXT('2D SPACE',''
  ) );
#6987 = ADVANCED_FACE('',(#6988),#6728,.F.);
#6988 = FACE_BOUND('',#6989,.F.);
#6989 = EDGE_LOOP('',(#6990,#6991,#6992,#6993));
#6990 = ORIENTED_EDGE('',*,*,#6712,.F.);
#6991 = ORIENTED_EDGE('',*,*,#6967,.T.);
#6992 = ORIENTED_EDGE('',*,*,#6890,.T.);
#6993 = ORIENTED_EDGE('',*,*,#6994,.F.);
#6994 = EDGE_CURVE('',#6685,#6868,#6995,.T.);
#6995 = SURFACE_CURVE('',#6996,(#7000,#7007),.PCURVE_S1.);
#6996 = LINE('',#6997,#6998);
#6997 = CARTESIAN_POINT('',(-4.7,-3.1,6.2));
#6998 = VECTOR('',#6999,1.);
#6999 = DIRECTION('',(0.,1.,0.));
#7000 = PCURVE('',#6728,#7001);
#7001 = DEFINITIONAL_REPRESENTATION('',(#7002),#7006);
#7002 = LINE('',#7003,#7004);
#7003 = CARTESIAN_POINT('',(2.2,0.));
#7004 = VECTOR('',#7005,1.);
#7005 = DIRECTION('',(0.,-1.));
#7006 = ( GEOMETRIC_REPRESENTATION_CONTEXT(2) 
PARAMETRIC_REPRESENTATION_CONTEXT() REPRESENTATION_CONTEXT('2D SPACE',''
  ) );
#7007 = PCURVE('',#6700,#7008);
#7008 = DEFINITIONAL_REPRESENTATION('',(#7009),#7013);
#7009 = LINE('',#7010,#7011);
#7010 = CARTESIAN_POINT('',(4.375,0.));
#7011 = VECTOR('',#7012,1.);
#7012 = DIRECTION('',(0.,1.));
#7013 = ( GEOMETRIC_REPRESENTATION_CONTEXT(2) 
PARAMETRIC_REPRESENTATION_CONTEXT() REPRESENTATION_CONTEXT('2D SPACE',''
  ) );
#7014 = ADVANCED_FACE('',(#7015),#6700,.F.);
#7015 = FACE_BOUND('',#7016,.F.);
#7016 = EDGE_LOOP('',(#7017,#7018,#7039,#7040));
#7017 = ORIENTED_EDGE('',*,*,#6867,.F.);
#7018 = ORIENTED_EDGE('',*,*,#7019,.F.);
#7019 = EDGE_CURVE('',#6657,#6845,#7020,.T.);
#7020 = SURFACE_CURVE('',#7021,(#7025,#7032),.PCURVE_S1.);
#7021 = LINE('',#7022,#7023);
#7022 = CARTESIAN_POINT('',(-9.3,-3.1,6.2));
#7023 = VECTOR('',#7024,1.);
#7024 = DIRECTION('',(0.,1.,0.));
#7025 = PCURVE('',#6700,#7026);
#7026 = DEFINITIONAL_REPRESENTATION('',(#7027),#7031);
#7027 = LINE('',#7028,#7029);
#7028 = CARTESIAN_POINT('',(-0.225,0.));
#7029 = VECTOR('',#7030,1.);
#7030 = DIRECTION('',(0.,1.));
#7031 = ( GEOMETRIC_REPRESENTATION_CONTEXT(2) 
PARAMETRIC_REPRESENTATION_CONTEXT() REPRESENTATION_CONTEXT('2D SPACE',''
  ) );
#7032 = PCURVE('',#6672,#7033);
#7033 = DEFINITIONAL_REPRESENTATION('',(#7034),#7038);
#7034 = LINE('',#7035,#7036);
#7035 = CARTESIAN_POINT('',(2.2,0.));
#7036 = VECTOR('',#7037,1.);
#7037 = DIRECTION('',(0.,-1.));
#7038 = ( GEOMETRIC_REPRESENTATION_CONTEXT(2) 
PARAMETRIC_REPRESENTATION_CONTEXT() REPRESENTATION_CONTEXT('2D SPACE',''
  ) );
#7039 = ORIENTED_EDGE('',*,*,#6684,.F.);
#7040 = ORIENTED_EDGE('',*,*,#6994,.T.);
#7041 = ADVANCED_FACE('',(#7042),#6672,.T.);
#7042 = FACE_BOUND('',#7043,.T.);
#7043 = EDGE_LOOP('',(#7044,#7045,#7046,#7047));
#7044 = ORIENTED_EDGE('',*,*,#6656,.F.);
#7045 = ORIENTED_EDGE('',*,*,#6938,.T.);
#7046 = ORIENTED_EDGE('',*,*,#6844,.T.);
#7047 = ORIENTED_EDGE('',*,*,#7019,.F.);
#7048 = ( GEOMETRIC_REPRESENTATION_CONTEXT(3) 
GLOBAL_UNCERTAINTY_ASSIGNED_CONTEXT((#7052)) 
GLOBAL_UNIT_ASSIGNED_CONTEXT((#7049,#7050,#7051)) REPRESENTATION_CONTEXT
('Context #1','3D Context with UNIT and UNCERTAINTY') );
#7049 = ( LENGTH_UNIT() NAMED_UNIT(*) SI_UNIT(.MILLI.,.METRE.) );
#7050 = ( NAMED_UNIT(*) PLANE_ANGLE_UNIT() SI_UNIT($,.RADIAN.) );
#7051 = ( NAMED_UNIT(*) SI_UNIT($,.STERADIAN.) SOLID_ANGLE_UNIT() );
#7052 = UNCERTAINTY_MEASURE_WITH_UNIT(LENGTH_MEASURE(1.E-07),#7049,
  'distance_accuracy_value','confusion accuracy');
#7053 = CONTEXT_DEPENDENT_SHAPE_REPRESENTATION(#7054,#7056);
#7054 = ( REPRESENTATION_RELATIONSHIP('','',#3553,#10) 
REPRESENTATION_RELATIONSHIP_WITH_TRANSFORMATION(#7055) 
SHAPE_REPRESENTATION_RELATIONSHIP() );
#7055 = ITEM_DEFINED_TRANSFORMATION('','',#11,#19);
#7056 = PRODUCT_DEFINITION_SHAPE('Placement','Placement of an item',
  #7057);
#7057 = NEXT_ASSEMBLY_USAGE_OCCURRENCE('5','','',#5,#3548,$);
#7058 = PRODUCT_RELATED_PRODUCT_CATEGORY('part',$,(#3550));
#7059 = SHAPE_DEFINITION_REPRESENTATION(#7060,#7066);
#7060 = PRODUCT_DEFINITION_SHAPE('','',#7061);
#7061 = PRODUCT_DEFINITION('design','',#7062,#7065);
#7062 = PRODUCT_DEFINITION_FORMATION('','',#7063);
#7063 = PRODUCT('Open CASCADE STEP translator 7.8 2.3',
  'Open CASCADE STEP translator 7.8 2.3','',(#7064));
#7064 = PRODUCT_CONTEXT('',#2,'mechanical');
#7065 = PRODUCT_DEFINITION_CONTEXT('part definition',#2,'design');
#7066 = ADVANCED_BREP_SHAPE_REPRESENTATION('',(#11,#7067),#11845);
#7067 = MANIFOLD_SOLID_BREP('',#7068);
#7068 = CLOSED_SHELL('',(#7069,#7897,#8080,#8202,#8251,#8301,#8350,#8404
    ,#8453,#8503,#8552,#8606,#8655,#8705,#8754,#8808,#8964,#9086,#9135,
    #9189,#9238,#9288,#9337,#9391,#9440,#9490,#9539,#9593,#9642,#9670,
    #9701,#10088,#10137,#10442,#10469,#10856,#10905,#11210,#11237,#11284
    ,#11311,#11318,#11345,#11372,#11399,#11426,#11433,#11480,#11507,
    #11534,#11541,#11568,#11595,#11622,#11649,#11676,#11703,#11730,
    #11737,#11784,#11811,#11838));
#7069 = ADVANCED_FACE('',(#7070),#7084,.F.);
#7070 = FACE_BOUND('',#7071,.F.);
#7071 = EDGE_LOOP('',(#7072,#7107,#7135,#7163,#7196,#7224,#7253,#7281,
    #7314,#7342,#7371,#7399,#7432,#7460,#7489,#7517,#7545,#7573,#7602,
    #7630,#7663,#7691,#7720,#7748,#7781,#7809,#7838,#7866));
#7072 = ORIENTED_EDGE('',*,*,#7073,.F.);
#7073 = EDGE_CURVE('',#7074,#7076,#7078,.T.);
#7074 = VERTEX_POINT('',#7075);
#7075 = CARTESIAN_POINT('',(29.,-7.,0.));
#7076 = VERTEX_POINT('',#7077);
#7077 = CARTESIAN_POINT('',(29.,7.,0.));
#7078 = SURFACE_CURVE('',#7079,(#7083,#7095),.PCURVE_S1.);
#7079 = LINE('',#7080,#7081);
#7080 = CARTESIAN_POINT('',(29.,-7.,0.));
#7081 = VECTOR('',#7082,1.);
#7082 = DIRECTION('',(-0.,1.,0.));
#7083 = PCURVE('',#7084,#7089);
#7084 = PLANE('',#7085);
#7085 = AXIS2_PLACEMENT_3D('',#7086,#7087,#7088);
#7086 = CARTESIAN_POINT('',(29.,-7.,0.));
#7087 = DIRECTION('',(0.,0.,1.));
#7088 = DIRECTION('',(1.,0.,-0.));
#7089 = DEFINITIONAL_REPRESENTATION('',(#7090),#7094);
#7090 = LINE('',#7091,#7092);
#7091 = CARTESIAN_POINT('',(0.,0.));
#7092 = VECTOR('',#7093,1.);
#7093 = DIRECTION('',(0.,1.));
#7094 = ( GEOMETRIC_REPRESENTATION_CONTEXT(2) 
PARAMETRIC_REPRESENTATION_CONTEXT() REPRESENTATION_CONTEXT('2D SPACE',''
  ) );
#7095 = PCURVE('',#7096,#7101);
#7096 = PLANE('',#7097);
#7097 = AXIS2_PLACEMENT_3D('',#7098,#7099,#7100);
#7098 = CARTESIAN_POINT('',(29.,-7.,6.));
#7099 = DIRECTION('',(1.,-0.,0.));
#7100 = DIRECTION('',(0.,0.,-1.));
#7101 = DEFINITIONAL_REPRESENTATION('',(#7102),#7106);
#7102 = LINE('',#7103,#7104);
#7103 = CARTESIAN_POINT('',(6.,0.));
#7104 = VECTOR('',#7105,1.);
#7105 = DIRECTION('',(0.,1.));
#7106 = ( GEOMETRIC_REPRESENTATION_CONTEXT(2) 
PARAMETRIC_REPRESENTATION_CONTEXT() REPRESENTATION_CONTEXT('2D SPACE',''
  ) );
#7107 = ORIENTED_EDGE('',*,*,#7108,.T.);
#7108 = EDGE_CURVE('',#7074,#7109,#7111,.T.);
#7109 = VERTEX_POINT('',#7110);
#7110 = CARTESIAN_POINT('',(31.,-7.,0.));
#7111 = SURFACE_CURVE('',#7112,(#7116,#7123),.PCURVE_S1.);
#7112 = LINE('',#7113,#7114);
#7113 = CARTESIAN_POINT('',(29.,-7.,0.));
#7114 = VECTOR('',#7115,1.);
#7115 = DIRECTION('',(1.,0.,-0.));
#7116 = PCURVE('',#7084,#7117);
#7117 = DEFINITIONAL_REPRESENTATION('',(#7118),#7122);
#7118 = LINE('',#7119,#7120);
#7119 = CARTESIAN_POINT('',(0.,0.));
#7120 = VECTOR('',#7121,1.);
#7121 = DIRECTION('',(1.,0.));
#7122 = ( GEOMETRIC_REPRESENTATION_CONTEXT(2) 
PARAMETRIC_REPRESENTATION_CONTEXT() REPRESENTATION_CONTEXT('2D SPACE',''
  ) );
#7123 = PCURVE('',#7124,#7129);
#7124 = PLANE('',#7125);
#7125 = AXIS2_PLACEMENT_3D('',#7126,#7127,#7128);
#7126 = CARTESIAN_POINT('',(30.,-7.,3.));
#7127 = DIRECTION('',(-0.,-1.,-0.));
#7128 = DIRECTION('',(0.,0.,-1.));
#7129 = DEFINITIONAL_REPRESENTATION('',(#7130),#7134);
#7130 = LINE('',#7131,#7132);
#7131 = CARTESIAN_POINT('',(3.,-1.));
#7132 = VECTOR('',#7133,1.);
#7133 = DIRECTION('',(0.,1.));
#7134 = ( GEOMETRIC_REPRESENTATION_CONTEXT(2) 
PARAMETRIC_REPRESENTATION_CONTEXT() REPRESENTATION_CONTEXT('2D SPACE',''
  ) );
#7135 = ORIENTED_EDGE('',*,*,#7136,.T.);
#7136 = EDGE_CURVE('',#7109,#7137,#7139,.T.);
#7137 = VERTEX_POINT('',#7138);
#7138 = CARTESIAN_POINT('',(31.,7.,0.));
#7139 = SURFACE_CURVE('',#7140,(#7144,#7151),.PCURVE_S1.);
#7140 = LINE('',#7141,#7142);
#7141 = CARTESIAN_POINT('',(31.,-7.,0.));
#7142 = VECTOR('',#7143,1.);
#7143 = DIRECTION('',(-0.,1.,0.));
#7144 = PCURVE('',#7084,#7145);
#7145 = DEFINITIONAL_REPRESENTATION('',(#7146),#7150);
#7146 = LINE('',#7147,#7148);
#7147 = CARTESIAN_POINT('',(2.,0.));
#7148 = VECTOR('',#7149,1.);
#7149 = DIRECTION('',(0.,1.));
#7150 = ( GEOMETRIC_REPRESENTATION_CONTEXT(2) 
PARAMETRIC_REPRESENTATION_CONTEXT() REPRESENTATION_CONTEXT('2D SPACE',''
  ) );
#7151 = PCURVE('',#7152,#7157);
#7152 = PLANE('',#7153);
#7153 = AXIS2_PLACEMENT_3D('',#7154,#7155,#7156);
#7154 = CARTESIAN_POINT('',(31.,-7.,0.));
#7155 = DIRECTION('',(-1.,0.,0.));
#7156 = DIRECTION('',(0.,0.,1.));
#7157 = DEFINITIONAL_REPRESENTATION('',(#7158),#7162);
#7158 = LINE('',#7159,#7160);
#7159 = CARTESIAN_POINT('',(0.,0.));
#7160 = VECTOR('',#7161,1.);
#7161 = DIRECTION('',(0.,1.));
#7162 = ( GEOMETRIC_REPRESENTATION_CONTEXT(2) 
PARAMETRIC_REPRESENTATION_CONTEXT() REPRESENTATION_CONTEXT('2D SPACE',''
  ) );
#7163 = ORIENTED_EDGE('',*,*,#7164,.T.);
#7164 = EDGE_CURVE('',#7137,#7165,#7167,.T.);
#7165 = VERTEX_POINT('',#7166);
#7166 = CARTESIAN_POINT('',(33.,7.,0.));
#7167 = SURFACE_CURVE('',#7168,(#7173,#7184),.PCURVE_S1.);
#7168 = CIRCLE('',#7169,1.);
#7169 = AXIS2_PLACEMENT_3D('',#7170,#7171,#7172);
#7170 = CARTESIAN_POINT('',(32.,7.,0.));
#7171 = DIRECTION('',(0.,0.,-1.));
#7172 = DIRECTION('',(-1.,0.,0.));
#7173 = PCURVE('',#7084,#7174);
#7174 = DEFINITIONAL_REPRESENTATION('',(#7175),#7183);
#7175 = ( BOUNDED_CURVE() B_SPLINE_CURVE(2,(#7176,#7177,#7178,#7179,
#7180,#7181,#7182),.UNSPECIFIED.,.T.,.F.) B_SPLINE_CURVE_WITH_KNOTS((1,2
    ,2,2,2,1),(-2.094395102393,0.,2.094395102393,4.188790204786,
6.28318530718,8.377580409573),.UNSPECIFIED.) CURVE() 
GEOMETRIC_REPRESENTATION_ITEM() RATIONAL_B_SPLINE_CURVE((1.,0.5,1.,0.5,
1.,0.5,1.)) REPRESENTATION_ITEM('') );
#7176 = CARTESIAN_POINT('',(2.,14.));
#7177 = CARTESIAN_POINT('',(2.,15.732050807569));
#7178 = CARTESIAN_POINT('',(3.5,14.866025403784));
#7179 = CARTESIAN_POINT('',(5.,14.));
#7180 = CARTESIAN_POINT('',(3.5,13.133974596216));
#7181 = CARTESIAN_POINT('',(2.,12.267949192431));
#7182 = CARTESIAN_POINT('',(2.,14.));
#7183 = ( GEOMETRIC_REPRESENTATION_CONTEXT(2) 
PARAMETRIC_REPRESENTATION_CONTEXT() REPRESENTATION_CONTEXT('2D SPACE',''
  ) );
#7184 = PCURVE('',#7185,#7190);
#7185 = CYLINDRICAL_SURFACE('',#7186,1.);
#7186 = AXIS2_PLACEMENT_3D('',#7187,#7188,#7189);
#7187 = CARTESIAN_POINT('',(32.,7.,0.));
#7188 = DIRECTION('',(-0.,-0.,1.));
#7189 = DIRECTION('',(-1.,0.,0.));
#7190 = DEFINITIONAL_REPRESENTATION('',(#7191),#7195);
#7191 = LINE('',#7192,#7193);
#7192 = CARTESIAN_POINT('',(-0.,0.));
#7193 = VECTOR('',#7194,1.);
#7194 = DIRECTION('',(-1.,0.));
#7195 = ( GEOMETRIC_REPRESENTATION_CONTEXT(2) 
PARAMETRIC_REPRESENTATION_CONTEXT() REPRESENTATION_CONTEXT('2D SPACE',''
  ) );
#7196 = ORIENTED_EDGE('',*,*,#7197,.T.);
#7197 = EDGE_CURVE('',#7165,#7198,#7200,.T.);
#7198 = VERTEX_POINT('',#7199);
#7199 = CARTESIAN_POINT('',(33.,-7.,0.));
#7200 = SURFACE_CURVE('',#7201,(#7205,#7212),.PCURVE_S1.);
#7201 = LINE('',#7202,#7203);
#7202 = CARTESIAN_POINT('',(33.,7.,0.));
#7203 = VECTOR('',#7204,1.);
#7204 = DIRECTION('',(1.224646799147E-16,-1.,0.));
#7205 = PCURVE('',#7084,#7206);
#7206 = DEFINITIONAL_REPRESENTATION('',(#7207),#7211);
#7207 = LINE('',#7208,#7209);
#7208 = CARTESIAN_POINT('',(4.,14.));
#7209 = VECTOR('',#7210,1.);
#7210 = DIRECTION('',(1.224646799147E-16,-1.));
#7211 = ( GEOMETRIC_REPRESENTATION_CONTEXT(2) 
PARAMETRIC_REPRESENTATION_CONTEXT() REPRESENTATION_CONTEXT('2D SPACE',''
  ) );
#7212 = PCURVE('',#7213,#7218);
#7213 = PLANE('',#7214);
#7214 = AXIS2_PLACEMENT_3D('',#7215,#7216,#7217);
#7215 = CARTESIAN_POINT('',(33.,7.,0.));
#7216 = DIRECTION('',(1.,0.,-0.));
#7217 = DIRECTION('',(0.,0.,1.));
#7218 = DEFINITIONAL_REPRESENTATION('',(#7219),#7223);
#7219 = LINE('',#7220,#7221);
#7220 = CARTESIAN_POINT('',(0.,0.));
#7221 = VECTOR('',#7222,1.);
#7222 = DIRECTION('',(0.,1.));
#7223 = ( GEOMETRIC_REPRESENTATION_CONTEXT(2) 
PARAMETRIC_REPRESENTATION_CONTEXT() REPRESENTATION_CONTEXT('2D SPACE',''
  ) );
#7224 = ORIENTED_EDGE('',*,*,#7225,.T.);
#7225 = EDGE_CURVE('',#7198,#7226,#7228,.T.);
#7226 = VERTEX_POINT('',#7227);
#7227 = CARTESIAN_POINT('',(39.,-7.,0.));
#7228 = SURFACE_CURVE('',#7229,(#7234,#7241),.PCURVE_S1.);
#7229 = CIRCLE('',#7230,3.);
#7230 = AXIS2_PLACEMENT_3D('',#7231,#7232,#7233);
#7231 = CARTESIAN_POINT('',(36.,-7.,0.));
#7232 = DIRECTION('',(0.,0.,1.));
#7233 = DIRECTION('',(-1.,0.,0.));
#7234 = PCURVE('',#7084,#7235);
#7235 = DEFINITIONAL_REPRESENTATION('',(#7236),#7240);
#7236 = CIRCLE('',#7237,3.);
#7237 = AXIS2_PLACEMENT_2D('',#7238,#7239);
#7238 = CARTESIAN_POINT('',(7.,0.));
#7239 = DIRECTION('',(-1.,0.));
#7240 = ( GEOMETRIC_REPRESENTATION_CONTEXT(2) 
PARAMETRIC_REPRESENTATION_CONTEXT() REPRESENTATION_CONTEXT('2D SPACE',''
  ) );
#7241 = PCURVE('',#7242,#7247);
#7242 = CYLINDRICAL_SURFACE('',#7243,3.);
#7243 = AXIS2_PLACEMENT_3D('',#7244,#7245,#7246);
#7244 = CARTESIAN_POINT('',(36.,-7.,0.));
#7245 = DIRECTION('',(0.,0.,1.));
#7246 = DIRECTION('',(-1.,0.,0.));
#7247 = DEFINITIONAL_REPRESENTATION('',(#7248),#7252);
#7248 = LINE('',#7249,#7250);
#7249 = CARTESIAN_POINT('',(0.,0.));
#7250 = VECTOR('',#7251,1.);
#7251 = DIRECTION('',(1.,0.));
#7252 = ( GEOMETRIC_REPRESENTATION_CONTEXT(2) 
PARAMETRIC_REPRESENTATION_CONTEXT() REPRESENTATION_CONTEXT('2D SPACE',''
  ) );
#7253 = ORIENTED_EDGE('',*,*,#7254,.T.);
#7254 = EDGE_CURVE('',#7226,#7255,#7257,.T.);
#7255 = VERTEX_POINT('',#7256);
#7256 = CARTESIAN_POINT('',(39.,7.,0.));
#7257 = SURFACE_CURVE('',#7258,(#7262,#7269),.PCURVE_S1.);
#7258 = LINE('',#7259,#7260);
#7259 = CARTESIAN_POINT('',(39.,-7.,0.));
#7260 = VECTOR('',#7261,1.);
#7261 = DIRECTION('',(-0.,1.,0.));
#7262 = PCURVE('',#7084,#7263);
#7263 = DEFINITIONAL_REPRESENTATION('',(#7264),#7268);
#7264 = LINE('',#7265,#7266);
#7265 = CARTESIAN_POINT('',(10.,0.));
#7266 = VECTOR('',#7267,1.);
#7267 = DIRECTION('',(0.,1.));
#7268 = ( GEOMETRIC_REPRESENTATION_CONTEXT(2) 
PARAMETRIC_REPRESENTATION_CONTEXT() REPRESENTATION_CONTEXT('2D SPACE',''
  ) );
#7269 = PCURVE('',#7270,#7275);
#7270 = PLANE('',#7271);
#7271 = AXIS2_PLACEMENT_3D('',#7272,#7273,#7274);
#7272 = CARTESIAN_POINT('',(39.,-7.,0.));
#7273 = DIRECTION('',(-1.,0.,0.));
#7274 = DIRECTION('',(0.,0.,1.));
#7275 = DEFINITIONAL_REPRESENTATION('',(#7276),#7280);
#7276 = LINE('',#7277,#7278);
#7277 = CARTESIAN_POINT('',(0.,0.));
#7278 = VECTOR('',#7279,1.);
#7279 = DIRECTION('',(0.,1.));
#7280 = ( GEOMETRIC_REPRESENTATION_CONTEXT(2) 
PARAMETRIC_REPRESENTATION_CONTEXT() REPRESENTATION_CONTEXT('2D SPACE',''
  ) );
#7281 = ORIENTED_EDGE('',*,*,#7282,.T.);
#7282 = EDGE_CURVE('',#7255,#7283,#7285,.T.);
#7283 = VERTEX_POINT('',#7284);
#7284 = CARTESIAN_POINT('',(41.,7.,0.));
#7285 = SURFACE_CURVE('',#7286,(#7291,#7302),.PCURVE_S1.);
#7286 = CIRCLE('',#7287,1.);
#7287 = AXIS2_PLACEMENT_3D('',#7288,#7289,#7290);
#7288 = CARTESIAN_POINT('',(40.,7.,0.));
#7289 = DIRECTION('',(0.,0.,-1.));
#7290 = DIRECTION('',(-1.,0.,0.));
#7291 = PCURVE('',#7084,#7292);
#7292 = DEFINITIONAL_REPRESENTATION('',(#7293),#7301);
#7293 = ( BOUNDED_CURVE() B_SPLINE_CURVE(2,(#7294,#7295,#7296,#7297,
#7298,#7299,#7300),.UNSPECIFIED.,.T.,.F.) B_SPLINE_CURVE_WITH_KNOTS((1,2
    ,2,2,2,1),(-2.094395102393,0.,2.094395102393,4.188790204786,
6.28318530718,8.377580409573),.UNSPECIFIED.) CURVE() 
GEOMETRIC_REPRESENTATION_ITEM() RATIONAL_B_SPLINE_CURVE((1.,0.5,1.,0.5,
1.,0.5,1.)) REPRESENTATION_ITEM('') );
#7294 = CARTESIAN_POINT('',(10.,14.));
#7295 = CARTESIAN_POINT('',(10.,15.732050807569));
#7296 = CARTESIAN_POINT('',(11.5,14.866025403784));
#7297 = CARTESIAN_POINT('',(13.,14.));
#7298 = CARTESIAN_POINT('',(11.5,13.133974596216));
#7299 = CARTESIAN_POINT('',(10.,12.267949192431));
#7300 = CARTESIAN_POINT('',(10.,14.));
#7301 = ( GEOMETRIC_REPRESENTATION_CONTEXT(2) 
PARAMETRIC_REPRESENTATION_CONTEXT() REPRESENTATION_CONTEXT('2D SPACE',''
  ) );
#7302 = PCURVE('',#7303,#7308);
#7303 = CYLINDRICAL_SURFACE('',#7304,1.);
#7304 = AXIS2_PLACEMENT_3D('',#7305,#7306,#7307);
#7305 = CARTESIAN_POINT('',(40.,7.,0.));
#7306 = DIRECTION('',(-0.,-0.,1.));
#7307 = DIRECTION('',(-1.,0.,0.));
#7308 = DEFINITIONAL_REPRESENTATION('',(#7309),#7313);
#7309 = LINE('',#7310,#7311);
#7310 = CARTESIAN_POINT('',(-0.,0.));
#7311 = VECTOR('',#7312,1.);
#7312 = DIRECTION('',(-1.,0.));
#7313 = ( GEOMETRIC_REPRESENTATION_CONTEXT(2) 
PARAMETRIC_REPRESENTATION_CONTEXT() REPRESENTATION_CONTEXT('2D SPACE',''
  ) );
#7314 = ORIENTED_EDGE('',*,*,#7315,.T.);
#7315 = EDGE_CURVE('',#7283,#7316,#7318,.T.);
#7316 = VERTEX_POINT('',#7317);
#7317 = CARTESIAN_POINT('',(41.,-7.,0.));
#7318 = SURFACE_CURVE('',#7319,(#7323,#7330),.PCURVE_S1.);
#7319 = LINE('',#7320,#7321);
#7320 = CARTESIAN_POINT('',(41.,7.,0.));
#7321 = VECTOR('',#7322,1.);
#7322 = DIRECTION('',(1.224646799147E-16,-1.,0.));
#7323 = PCURVE('',#7084,#7324);
#7324 = DEFINITIONAL_REPRESENTATION('',(#7325),#7329);
#7325 = LINE('',#7326,#7327);
#7326 = CARTESIAN_POINT('',(12.,14.));
#7327 = VECTOR('',#7328,1.);
#7328 = DIRECTION('',(1.224646799147E-16,-1.));
#7329 = ( GEOMETRIC_REPRESENTATION_CONTEXT(2) 
PARAMETRIC_REPRESENTATION_CONTEXT() REPRESENTATION_CONTEXT('2D SPACE',''
  ) );
#7330 = PCURVE('',#7331,#7336);
#7331 = PLANE('',#7332);
#7332 = AXIS2_PLACEMENT_3D('',#7333,#7334,#7335);
#7333 = CARTESIAN_POINT('',(41.,7.,0.));
#7334 = DIRECTION('',(1.,-1.586032892322E-17,0.));
#7335 = DIRECTION('',(0.,0.,1.));
#7336 = DEFINITIONAL_REPRESENTATION('',(#7337),#7341);
#7337 = LINE('',#7338,#7339);
#7338 = CARTESIAN_POINT('',(0.,0.));
#7339 = VECTOR('',#7340,1.);
#7340 = DIRECTION('',(0.,1.));
#7341 = ( GEOMETRIC_REPRESENTATION_CONTEXT(2) 
PARAMETRIC_REPRESENTATION_CONTEXT() REPRESENTATION_CONTEXT('2D SPACE',''
  ) );
#7342 = ORIENTED_EDGE('',*,*,#7343,.T.);
#7343 = EDGE_CURVE('',#7316,#7344,#7346,.T.);
#7344 = VERTEX_POINT('',#7345);
#7345 = CARTESIAN_POINT('',(47.,-7.,0.));
#7346 = SURFACE_CURVE('',#7347,(#7352,#7359),.PCURVE_S1.);
#7347 = CIRCLE('',#7348,3.);
#7348 = AXIS2_PLACEMENT_3D('',#7349,#7350,#7351);
#7349 = CARTESIAN_POINT('',(44.,-7.,0.));
#7350 = DIRECTION('',(0.,0.,1.));
#7351 = DIRECTION('',(-1.,0.,0.));
#7352 = PCURVE('',#7084,#7353);
#7353 = DEFINITIONAL_REPRESENTATION('',(#7354),#7358);
#7354 = CIRCLE('',#7355,3.);
#7355 = AXIS2_PLACEMENT_2D('',#7356,#7357);
#7356 = CARTESIAN_POINT('',(15.,0.));
#7357 = DIRECTION('',(-1.,0.));
#7358 = ( GEOMETRIC_REPRESENTATION_CONTEXT(2) 
PARAMETRIC_REPRESENTATION_CONTEXT() REPRESENTATION_CONTEXT('2D SPACE',''
  ) );
#7359 = PCURVE('',#7360,#7365);
#7360 = CYLINDRICAL_SURFACE('',#7361,3.);
#7361 = AXIS2_PLACEMENT_3D('',#7362,#7363,#7364);
#7362 = CARTESIAN_POINT('',(44.,-7.,0.));
#7363 = DIRECTION('',(0.,0.,1.));
#7364 = DIRECTION('',(-1.,0.,0.));
#7365 = DEFINITIONAL_REPRESENTATION('',(#7366),#7370);
#7366 = LINE('',#7367,#7368);
#7367 = CARTESIAN_POINT('',(0.,0.));
#7368 = VECTOR('',#7369,1.);
#7369 = DIRECTION('',(1.,0.));
#7370 = ( GEOMETRIC_REPRESENTATION_CONTEXT(2) 
PARAMETRIC_REPRESENTATION_CONTEXT() REPRESENTATION_CONTEXT('2D SPACE',''
  ) );
#7371 = ORIENTED_EDGE('',*,*,#7372,.T.);
#7372 = EDGE_CURVE('',#7344,#7373,#7375,.T.);
#7373 = VERTEX_POINT('',#7374);
#7374 = CARTESIAN_POINT('',(47.,7.,0.));
#7375 = SURFACE_CURVE('',#7376,(#7380,#7387),.PCURVE_S1.);
#7376 = LINE('',#7377,#7378);
#7377 = CARTESIAN_POINT('',(47.,-7.,0.));
#7378 = VECTOR('',#7379,1.);
#7379 = DIRECTION('',(-0.,1.,0.));
#7380 = PCURVE('',#7084,#7381);
#7381 = DEFINITIONAL_REPRESENTATION('',(#7382),#7386);
#7382 = LINE('',#7383,#7384);
#7383 = CARTESIAN_POINT('',(18.,0.));
#7384 = VECTOR('',#7385,1.);
#7385 = DIRECTION('',(0.,1.));
#7386 = ( GEOMETRIC_REPRESENTATION_CONTEXT(2) 
PARAMETRIC_REPRESENTATION_CONTEXT() REPRESENTATION_CONTEXT('2D SPACE',''
  ) );
#7387 = PCURVE('',#7388,#7393);
#7388 = PLANE('',#7389);
#7389 = AXIS2_PLACEMENT_3D('',#7390,#7391,#7392);
#7390 = CARTESIAN_POINT('',(47.,-7.,0.));
#7391 = DIRECTION('',(-1.,0.,0.));
#7392 = DIRECTION('',(0.,0.,1.));
#7393 = DEFINITIONAL_REPRESENTATION('',(#7394),#7398);
#7394 = LINE('',#7395,#7396);
#7395 = CARTESIAN_POINT('',(0.,0.));
#7396 = VECTOR('',#7397,1.);
#7397 = DIRECTION('',(0.,1.));
#7398 = ( GEOMETRIC_REPRESENTATION_CONTEXT(2) 
PARAMETRIC_REPRESENTATION_CONTEXT() REPRESENTATION_CONTEXT('2D SPACE',''
  ) );
#7399 = ORIENTED_EDGE('',*,*,#7400,.T.);
#7400 = EDGE_CURVE('',#7373,#7401,#7403,.T.);
#7401 = VERTEX_POINT('',#7402);
#7402 = CARTESIAN_POINT('',(49.,7.,0.));
#7403 = SURFACE_CURVE('',#7404,(#7409,#7420),.PCURVE_S1.);
#7404 = CIRCLE('',#7405,1.);
#7405 = AXIS2_PLACEMENT_3D('',#7406,#7407,#7408);
#7406 = CARTESIAN_POINT('',(48.,7.,0.));
#7407 = DIRECTION('',(0.,0.,-1.));
#7408 = DIRECTION('',(-1.,0.,0.));
#7409 = PCURVE('',#7084,#7410);
#7410 = DEFINITIONAL_REPRESENTATION('',(#7411),#7419);
#7411 = ( BOUNDED_CURVE() B_SPLINE_CURVE(2,(#7412,#7413,#7414,#7415,
#7416,#7417,#7418),.UNSPECIFIED.,.T.,.F.) B_SPLINE_CURVE_WITH_KNOTS((1,2
    ,2,2,2,1),(-2.094395102393,0.,2.094395102393,4.188790204786,
6.28318530718,8.377580409573),.UNSPECIFIED.) CURVE() 
GEOMETRIC_REPRESENTATION_ITEM() RATIONAL_B_SPLINE_CURVE((1.,0.5,1.,0.5,
1.,0.5,1.)) REPRESENTATION_ITEM('') );
#7412 = CARTESIAN_POINT('',(18.,14.));
#7413 = CARTESIAN_POINT('',(18.,15.732050807569));
#7414 = CARTESIAN_POINT('',(19.5,14.866025403784));
#7415 = CARTESIAN_POINT('',(21.,14.));
#7416 = CARTESIAN_POINT('',(19.5,13.133974596216));
#7417 = CARTESIAN_POINT('',(18.,12.267949192431));
#7418 = CARTESIAN_POINT('',(18.,14.));
#7419 = ( GEOMETRIC_REPRESENTATION_CONTEXT(2) 
PARAMETRIC_REPRESENTATION_CONTEXT() REPRESENTATION_CONTEXT('2D SPACE',''
  ) );
#7420 = PCURVE('',#7421,#7426);
#7421 = CYLINDRICAL_SURFACE('',#7422,1.);
#7422 = AXIS2_PLACEMENT_3D('',#7423,#7424,#7425);
#7423 = CARTESIAN_POINT('',(48.,7.,0.));
#7424 = DIRECTION('',(-0.,-0.,1.));
#7425 = DIRECTION('',(-1.,0.,0.));
#7426 = DEFINITIONAL_REPRESENTATION('',(#7427),#7431);
#7427 = LINE('',#7428,#7429);
#7428 = CARTESIAN_POINT('',(-0.,0.));
#7429 = VECTOR('',#7430,1.);
#7430 = DIRECTION('',(-1.,0.));
#7431 = ( GEOMETRIC_REPRESENTATION_CONTEXT(2) 
PARAMETRIC_REPRESENTATION_CONTEXT() REPRESENTATION_CONTEXT('2D SPACE',''
  ) );
#7432 = ORIENTED_EDGE('',*,*,#7433,.T.);
#7433 = EDGE_CURVE('',#7401,#7434,#7436,.T.);
#7434 = VERTEX_POINT('',#7435);
#7435 = CARTESIAN_POINT('',(49.,-7.,0.));
#7436 = SURFACE_CURVE('',#7437,(#7441,#7448),.PCURVE_S1.);
#7437 = LINE('',#7438,#7439);
#7438 = CARTESIAN_POINT('',(49.,7.,0.));
#7439 = VECTOR('',#7440,1.);
#7440 = DIRECTION('',(1.224646799147E-16,-1.,0.));
#7441 = PCURVE('',#7084,#7442);
#7442 = DEFINITIONAL_REPRESENTATION('',(#7443),#7447);
#7443 = LINE('',#7444,#7445);
#7444 = CARTESIAN_POINT('',(20.,14.));
#7445 = VECTOR('',#7446,1.);
#7446 = DIRECTION('',(1.224646799147E-16,-1.));
#7447 = ( GEOMETRIC_REPRESENTATION_CONTEXT(2) 
PARAMETRIC_REPRESENTATION_CONTEXT() REPRESENTATION_CONTEXT('2D SPACE',''
  ) );
#7448 = PCURVE('',#7449,#7454);
#7449 = PLANE('',#7450);
#7450 = AXIS2_PLACEMENT_3D('',#7451,#7452,#7453);
#7451 = CARTESIAN_POINT('',(49.,7.,0.));
#7452 = DIRECTION('',(1.,0.,-0.));
#7453 = DIRECTION('',(0.,0.,1.));
#7454 = DEFINITIONAL_REPRESENTATION('',(#7455),#7459);
#7455 = LINE('',#7456,#7457);
#7456 = CARTESIAN_POINT('',(0.,0.));
#7457 = VECTOR('',#7458,1.);
#7458 = DIRECTION('',(0.,1.));
#7459 = ( GEOMETRIC_REPRESENTATION_CONTEXT(2) 
PARAMETRIC_REPRESENTATION_CONTEXT() REPRESENTATION_CONTEXT('2D SPACE',''
  ) );
#7460 = ORIENTED_EDGE('',*,*,#7461,.T.);
#7461 = EDGE_CURVE('',#7434,#7462,#7464,.T.);
#7462 = VERTEX_POINT('',#7463);
#7463 = CARTESIAN_POINT('',(55.,-7.,0.));
#7464 = SURFACE_CURVE('',#7465,(#7470,#7477),.PCURVE_S1.);
#7465 = CIRCLE('',#7466,3.);
#7466 = AXIS2_PLACEMENT_3D('',#7467,#7468,#7469);
#7467 = CARTESIAN_POINT('',(52.,-7.,0.));
#7468 = DIRECTION('',(0.,0.,1.));
#7469 = DIRECTION('',(-1.,0.,0.));
#7470 = PCURVE('',#7084,#7471);
#7471 = DEFINITIONAL_REPRESENTATION('',(#7472),#7476);
#7472 = CIRCLE('',#7473,3.);
#7473 = AXIS2_PLACEMENT_2D('',#7474,#7475);
#7474 = CARTESIAN_POINT('',(23.,0.));
#7475 = DIRECTION('',(-1.,0.));
#7476 = ( GEOMETRIC_REPRESENTATION_CONTEXT(2) 
PARAMETRIC_REPRESENTATION_CONTEXT() REPRESENTATION_CONTEXT('2D SPACE',''
  ) );
#7477 = PCURVE('',#7478,#7483);
#7478 = CYLINDRICAL_SURFACE('',#7479,3.);
#7479 = AXIS2_PLACEMENT_3D('',#7480,#7481,#7482);
#7480 = CARTESIAN_POINT('',(52.,-7.,0.));
#7481 = DIRECTION('',(0.,0.,1.));
#7482 = DIRECTION('',(-1.,0.,0.));
#7483 = DEFINITIONAL_REPRESENTATION('',(#7484),#7488);
#7484 = LINE('',#7485,#7486);
#7485 = CARTESIAN_POINT('',(0.,0.));
#7486 = VECTOR('',#7487,1.);
#7487 = DIRECTION('',(1.,0.));
#7488 = ( GEOMETRIC_REPRESENTATION_CONTEXT(2) 
PARAMETRIC_REPRESENTATION_CONTEXT() REPRESENTATION_CONTEXT('2D SPACE',''
  ) );
#7489 = ORIENTED_EDGE('',*,*,#7490,.T.);
#7490 = EDGE_CURVE('',#7462,#7491,#7493,.T.);
#7491 = VERTEX_POINT('',#7492);
#7492 = CARTESIAN_POINT('',(55.,7.,0.));
#7493 = SURFACE_CURVE('',#7494,(#7498,#7505),.PCURVE_S1.);
#7494 = LINE('',#7495,#7496);
#7495 = CARTESIAN_POINT('',(55.,-7.,0.));
#7496 = VECTOR('',#7497,1.);
#7497 = DIRECTION('',(-0.,1.,0.));
#7498 = PCURVE('',#7084,#7499);
#7499 = DEFINITIONAL_REPRESENTATION('',(#7500),#7504);
#7500 = LINE('',#7501,#7502);
#7501 = CARTESIAN_POINT('',(26.,0.));
#7502 = VECTOR('',#7503,1.);
#7503 = DIRECTION('',(0.,1.));
#7504 = ( GEOMETRIC_REPRESENTATION_CONTEXT(2) 
PARAMETRIC_REPRESENTATION_CONTEXT() REPRESENTATION_CONTEXT('2D SPACE',''
  ) );
#7505 = PCURVE('',#7506,#7511);
#7506 = PLANE('',#7507);
#7507 = AXIS2_PLACEMENT_3D('',#7508,#7509,#7510);
#7508 = CARTESIAN_POINT('',(55.,-7.,0.));
#7509 = DIRECTION('',(-1.,0.,0.));
#7510 = DIRECTION('',(0.,0.,1.));
#7511 = DEFINITIONAL_REPRESENTATION('',(#7512),#7516);
#7512 = LINE('',#7513,#7514);
#7513 = CARTESIAN_POINT('',(0.,0.));
#7514 = VECTOR('',#7515,1.);
#7515 = DIRECTION('',(0.,1.));
#7516 = ( GEOMETRIC_REPRESENTATION_CONTEXT(2) 
PARAMETRIC_REPRESENTATION_CONTEXT() REPRESENTATION_CONTEXT('2D SPACE',''
  ) );
#7517 = ORIENTED_EDGE('',*,*,#7518,.F.);
#7518 = EDGE_CURVE('',#7519,#7491,#7521,.T.);
#7519 = VERTEX_POINT('',#7520);
#7520 = CARTESIAN_POINT('',(53.,7.,0.));
#7521 = SURFACE_CURVE('',#7522,(#7526,#7533),.PCURVE_S1.);
#7522 = LINE('',#7523,#7524);
#7523 = CARTESIAN_POINT('',(53.,7.,0.));
#7524 = VECTOR('',#7525,1.);
#7525 = DIRECTION('',(1.,0.,-0.));
#7526 = PCURVE('',#7084,#7527);
#7527 = DEFINITIONAL_REPRESENTATION('',(#7528),#7532);
#7528 = LINE('',#7529,#7530);
#7529 = CARTESIAN_POINT('',(24.,14.));
#7530 = VECTOR('',#7531,1.);
#7531 = DIRECTION('',(1.,0.));
#7532 = ( GEOMETRIC_REPRESENTATION_CONTEXT(2) 
PARAMETRIC_REPRESENTATION_CONTEXT() REPRESENTATION_CONTEXT('2D SPACE',''
  ) );
#7533 = PCURVE('',#7534,#7539);
#7534 = PLANE('',#7535);
#7535 = AXIS2_PLACEMENT_3D('',#7536,#7537,#7538);
#7536 = CARTESIAN_POINT('',(54.,7.,3.));
#7537 = DIRECTION('',(-0.,-1.,-0.));
#7538 = DIRECTION('',(0.,0.,-1.));
#7539 = DEFINITIONAL_REPRESENTATION('',(#7540),#7544);
#7540 = LINE('',#7541,#7542);
#7541 = CARTESIAN_POINT('',(3.,-1.));
#7542 = VECTOR('',#7543,1.);
#7543 = DIRECTION('',(0.,1.));
#7544 = ( GEOMETRIC_REPRESENTATION_CONTEXT(2) 
PARAMETRIC_REPRESENTATION_CONTEXT() REPRESENTATION_CONTEXT('2D SPACE',''
  ) );
#7545 = ORIENTED_EDGE('',*,*,#7546,.F.);
#7546 = EDGE_CURVE('',#7547,#7519,#7549,.T.);
#7547 = VERTEX_POINT('',#7548);
#7548 = CARTESIAN_POINT('',(53.,-7.,0.));
#7549 = SURFACE_CURVE('',#7550,(#7554,#7561),.PCURVE_S1.);
#7550 = LINE('',#7551,#7552);
#7551 = CARTESIAN_POINT('',(53.,-7.,0.));
#7552 = VECTOR('',#7553,1.);
#7553 = DIRECTION('',(-0.,1.,0.));
#7554 = PCURVE('',#7084,#7555);
#7555 = DEFINITIONAL_REPRESENTATION('',(#7556),#7560);
#7556 = LINE('',#7557,#7558);
#7557 = CARTESIAN_POINT('',(24.,0.));
#7558 = VECTOR('',#7559,1.);
#7559 = DIRECTION('',(0.,1.));
#7560 = ( GEOMETRIC_REPRESENTATION_CONTEXT(2) 
PARAMETRIC_REPRESENTATION_CONTEXT() REPRESENTATION_CONTEXT('2D SPACE',''
  ) );
#7561 = PCURVE('',#7562,#7567);
#7562 = PLANE('',#7563);
#7563 = AXIS2_PLACEMENT_3D('',#7564,#7565,#7566);
#7564 = CARTESIAN_POINT('',(53.,-7.,6.));
#7565 = DIRECTION('',(1.,-0.,0.));
#7566 = DIRECTION('',(0.,0.,-1.));
#7567 = DEFINITIONAL_REPRESENTATION('',(#7568),#7572);
#7568 = LINE('',#7569,#7570);
#7569 = CARTESIAN_POINT('',(6.,0.));
#7570 = VECTOR('',#7571,1.);
#7571 = DIRECTION('',(0.,1.));
#7572 = ( GEOMETRIC_REPRESENTATION_CONTEXT(2) 
PARAMETRIC_REPRESENTATION_CONTEXT() REPRESENTATION_CONTEXT('2D SPACE',''
  ) );
#7573 = ORIENTED_EDGE('',*,*,#7574,.F.);
#7574 = EDGE_CURVE('',#7575,#7547,#7577,.T.);
#7575 = VERTEX_POINT('',#7576);
#7576 = CARTESIAN_POINT('',(51.,-7.,0.));
#7577 = SURFACE_CURVE('',#7578,(#7583,#7590),.PCURVE_S1.);
#7578 = CIRCLE('',#7579,1.);
#7579 = AXIS2_PLACEMENT_3D('',#7580,#7581,#7582);
#7580 = CARTESIAN_POINT('',(52.,-7.,0.));
#7581 = DIRECTION('',(0.,0.,1.));
#7582 = DIRECTION('',(-1.,0.,0.));
#7583 = PCURVE('',#7084,#7584);
#7584 = DEFINITIONAL_REPRESENTATION('',(#7585),#7589);
#7585 = CIRCLE('',#7586,1.);
#7586 = AXIS2_PLACEMENT_2D('',#7587,#7588);
#7587 = CARTESIAN_POINT('',(23.,0.));
#7588 = DIRECTION('',(-1.,0.));
#7589 = ( GEOMETRIC_REPRESENTATION_CONTEXT(2) 
PARAMETRIC_REPRESENTATION_CONTEXT() REPRESENTATION_CONTEXT('2D SPACE',''
  ) );
#7590 = PCURVE('',#7591,#7596);
#7591 = CYLINDRICAL_SURFACE('',#7592,1.);
#7592 = AXIS2_PLACEMENT_3D('',#7593,#7594,#7595);
#7593 = CARTESIAN_POINT('',(52.,-7.,6.));
#7594 = DIRECTION('',(-0.,-0.,-1.));
#7595 = DIRECTION('',(-1.,0.,0.));
#7596 = DEFINITIONAL_REPRESENTATION('',(#7597),#7601);
#7597 = LINE('',#7598,#7599);
#7598 = CARTESIAN_POINT('',(-0.,6.));
#7599 = VECTOR('',#7600,1.);
#7600 = DIRECTION('',(-1.,0.));
#7601 = ( GEOMETRIC_REPRESENTATION_CONTEXT(2) 
PARAMETRIC_REPRESENTATION_CONTEXT() REPRESENTATION_CONTEXT('2D SPACE',''
  ) );
#7602 = ORIENTED_EDGE('',*,*,#7603,.F.);
#7603 = EDGE_CURVE('',#7604,#7575,#7606,.T.);
#7604 = VERTEX_POINT('',#7605);
#7605 = CARTESIAN_POINT('',(51.,7.,0.));
#7606 = SURFACE_CURVE('',#7607,(#7611,#7618),.PCURVE_S1.);
#7607 = LINE('',#7608,#7609);
#7608 = CARTESIAN_POINT('',(51.,7.,0.));
#7609 = VECTOR('',#7610,1.);
#7610 = DIRECTION('',(1.224646799147E-16,-1.,0.));
#7611 = PCURVE('',#7084,#7612);
#7612 = DEFINITIONAL_REPRESENTATION('',(#7613),#7617);
#7613 = LINE('',#7614,#7615);
#7614 = CARTESIAN_POINT('',(22.,14.));
#7615 = VECTOR('',#7616,1.);
#7616 = DIRECTION('',(1.224646799147E-16,-1.));
#7617 = ( GEOMETRIC_REPRESENTATION_CONTEXT(2) 
PARAMETRIC_REPRESENTATION_CONTEXT() REPRESENTATION_CONTEXT('2D SPACE',''
  ) );
#7618 = PCURVE('',#7619,#7624);
#7619 = PLANE('',#7620);
#7620 = AXIS2_PLACEMENT_3D('',#7621,#7622,#7623);
#7621 = CARTESIAN_POINT('',(51.,7.,6.));
#7622 = DIRECTION('',(-1.,-0.,0.));
#7623 = DIRECTION('',(0.,-0.,-1.));
#7624 = DEFINITIONAL_REPRESENTATION('',(#7625),#7629);
#7625 = LINE('',#7626,#7627);
#7626 = CARTESIAN_POINT('',(6.,0.));
#7627 = VECTOR('',#7628,1.);
#7628 = DIRECTION('',(0.,1.));
#7629 = ( GEOMETRIC_REPRESENTATION_CONTEXT(2) 
PARAMETRIC_REPRESENTATION_CONTEXT() REPRESENTATION_CONTEXT('2D SPACE',''
  ) );
#7630 = ORIENTED_EDGE('',*,*,#7631,.F.);
#7631 = EDGE_CURVE('',#7632,#7604,#7634,.T.);
#7632 = VERTEX_POINT('',#7633);
#7633 = CARTESIAN_POINT('',(45.,7.,0.));
#7634 = SURFACE_CURVE('',#7635,(#7640,#7651),.PCURVE_S1.);
#7635 = CIRCLE('',#7636,3.);
#7636 = AXIS2_PLACEMENT_3D('',#7637,#7638,#7639);
#7637 = CARTESIAN_POINT('',(48.,7.,0.));
#7638 = DIRECTION('',(0.,0.,-1.));
#7639 = DIRECTION('',(-1.,0.,0.));
#7640 = PCURVE('',#7084,#7641);
#7641 = DEFINITIONAL_REPRESENTATION('',(#7642),#7650);
#7642 = ( BOUNDED_CURVE() B_SPLINE_CURVE(2,(#7643,#7644,#7645,#7646,
#7647,#7648,#7649),.UNSPECIFIED.,.T.,.F.) B_SPLINE_CURVE_WITH_KNOTS((1,2
    ,2,2,2,1),(-2.094395102393,0.,2.094395102393,4.188790204786,
6.28318530718,8.377580409573),.UNSPECIFIED.) CURVE() 
GEOMETRIC_REPRESENTATION_ITEM() RATIONAL_B_SPLINE_CURVE((1.,0.5,1.,0.5,
1.,0.5,1.)) REPRESENTATION_ITEM('') );
#7643 = CARTESIAN_POINT('',(16.,14.));
#7644 = CARTESIAN_POINT('',(16.,19.196152422707));
#7645 = CARTESIAN_POINT('',(20.5,16.598076211353));
#7646 = CARTESIAN_POINT('',(25.,14.));
#7647 = CARTESIAN_POINT('',(20.5,11.401923788647));
#7648 = CARTESIAN_POINT('',(16.,8.803847577293));
#7649 = CARTESIAN_POINT('',(16.,14.));
#7650 = ( GEOMETRIC_REPRESENTATION_CONTEXT(2) 
PARAMETRIC_REPRESENTATION_CONTEXT() REPRESENTATION_CONTEXT('2D SPACE',''
  ) );
#7651 = PCURVE('',#7652,#7657);
#7652 = CYLINDRICAL_SURFACE('',#7653,3.);
#7653 = AXIS2_PLACEMENT_3D('',#7654,#7655,#7656);
#7654 = CARTESIAN_POINT('',(48.,7.,6.));
#7655 = DIRECTION('',(0.,0.,-1.));
#7656 = DIRECTION('',(-1.,0.,0.));
#7657 = DEFINITIONAL_REPRESENTATION('',(#7658),#7662);
#7658 = LINE('',#7659,#7660);
#7659 = CARTESIAN_POINT('',(0.,6.));
#7660 = VECTOR('',#7661,1.);
#7661 = DIRECTION('',(1.,0.));
#7662 = ( GEOMETRIC_REPRESENTATION_CONTEXT(2) 
PARAMETRIC_REPRESENTATION_CONTEXT() REPRESENTATION_CONTEXT('2D SPACE',''
  ) );
#7663 = ORIENTED_EDGE('',*,*,#7664,.F.);
#7664 = EDGE_CURVE('',#7665,#7632,#7667,.T.);
#7665 = VERTEX_POINT('',#7666);
#7666 = CARTESIAN_POINT('',(45.,-7.,0.));
#7667 = SURFACE_CURVE('',#7668,(#7672,#7679),.PCURVE_S1.);
#7668 = LINE('',#7669,#7670);
#7669 = CARTESIAN_POINT('',(45.,-7.,0.));
#7670 = VECTOR('',#7671,1.);
#7671 = DIRECTION('',(-0.,1.,0.));
#7672 = PCURVE('',#7084,#7673);
#7673 = DEFINITIONAL_REPRESENTATION('',(#7674),#7678);
#7674 = LINE('',#7675,#7676);
#7675 = CARTESIAN_POINT('',(16.,0.));
#7676 = VECTOR('',#7677,1.);
#7677 = DIRECTION('',(0.,1.));
#7678 = ( GEOMETRIC_REPRESENTATION_CONTEXT(2) 
PARAMETRIC_REPRESENTATION_CONTEXT() REPRESENTATION_CONTEXT('2D SPACE',''
  ) );
#7679 = PCURVE('',#7680,#7685);
#7680 = PLANE('',#7681);
#7681 = AXIS2_PLACEMENT_3D('',#7682,#7683,#7684);
#7682 = CARTESIAN_POINT('',(45.,-7.,6.));
#7683 = DIRECTION('',(1.,-0.,0.));
#7684 = DIRECTION('',(0.,0.,-1.));
#7685 = DEFINITIONAL_REPRESENTATION('',(#7686),#7690);
#7686 = LINE('',#7687,#7688);
#7687 = CARTESIAN_POINT('',(6.,0.));
#7688 = VECTOR('',#7689,1.);
#7689 = DIRECTION('',(0.,1.));
#7690 = ( GEOMETRIC_REPRESENTATION_CONTEXT(2) 
PARAMETRIC_REPRESENTATION_CONTEXT() REPRESENTATION_CONTEXT('2D SPACE',''
  ) );
#7691 = ORIENTED_EDGE('',*,*,#7692,.F.);
#7692 = EDGE_CURVE('',#7693,#7665,#7695,.T.);
#7693 = VERTEX_POINT('',#7694);
#7694 = CARTESIAN_POINT('',(43.,-7.,0.));
#7695 = SURFACE_CURVE('',#7696,(#7701,#7708),.PCURVE_S1.);
#7696 = CIRCLE('',#7697,1.);
#7697 = AXIS2_PLACEMENT_3D('',#7698,#7699,#7700);
#7698 = CARTESIAN_POINT('',(44.,-7.,0.));
#7699 = DIRECTION('',(0.,0.,1.));
#7700 = DIRECTION('',(-1.,0.,0.));
#7701 = PCURVE('',#7084,#7702);
#7702 = DEFINITIONAL_REPRESENTATION('',(#7703),#7707);
#7703 = CIRCLE('',#7704,1.);
#7704 = AXIS2_PLACEMENT_2D('',#7705,#7706);
#7705 = CARTESIAN_POINT('',(15.,0.));
#7706 = DIRECTION('',(-1.,0.));
#7707 = ( GEOMETRIC_REPRESENTATION_CONTEXT(2) 
PARAMETRIC_REPRESENTATION_CONTEXT() REPRESENTATION_CONTEXT('2D SPACE',''
  ) );
#7708 = PCURVE('',#7709,#7714);
#7709 = CYLINDRICAL_SURFACE('',#7710,1.);
#7710 = AXIS2_PLACEMENT_3D('',#7711,#7712,#7713);
#7711 = CARTESIAN_POINT('',(44.,-7.,6.));
#7712 = DIRECTION('',(-0.,-0.,-1.));
#7713 = DIRECTION('',(-1.,0.,0.));
#7714 = DEFINITIONAL_REPRESENTATION('',(#7715),#7719);
#7715 = LINE('',#7716,#7717);
#7716 = CARTESIAN_POINT('',(-0.,6.));
#7717 = VECTOR('',#7718,1.);
#7718 = DIRECTION('',(-1.,0.));
#7719 = ( GEOMETRIC_REPRESENTATION_CONTEXT(2) 
PARAMETRIC_REPRESENTATION_CONTEXT() REPRESENTATION_CONTEXT('2D SPACE',''
  ) );
#7720 = ORIENTED_EDGE('',*,*,#7721,.F.);
#7721 = EDGE_CURVE('',#7722,#7693,#7724,.T.);
#7722 = VERTEX_POINT('',#7723);
#7723 = CARTESIAN_POINT('',(43.,7.,0.));
#7724 = SURFACE_CURVE('',#7725,(#7729,#7736),.PCURVE_S1.);
#7725 = LINE('',#7726,#7727);
#7726 = CARTESIAN_POINT('',(43.,7.,0.));
#7727 = VECTOR('',#7728,1.);
#7728 = DIRECTION('',(1.224646799147E-16,-1.,0.));
#7729 = PCURVE('',#7084,#7730);
#7730 = DEFINITIONAL_REPRESENTATION('',(#7731),#7735);
#7731 = LINE('',#7732,#7733);
#7732 = CARTESIAN_POINT('',(14.,14.));
#7733 = VECTOR('',#7734,1.);
#7734 = DIRECTION('',(1.224646799147E-16,-1.));
#7735 = ( GEOMETRIC_REPRESENTATION_CONTEXT(2) 
PARAMETRIC_REPRESENTATION_CONTEXT() REPRESENTATION_CONTEXT('2D SPACE',''
  ) );
#7736 = PCURVE('',#7737,#7742);
#7737 = PLANE('',#7738);
#7738 = AXIS2_PLACEMENT_3D('',#7739,#7740,#7741);
#7739 = CARTESIAN_POINT('',(43.,7.,6.));
#7740 = DIRECTION('',(-1.,1.586032892322E-17,-0.));
#7741 = DIRECTION('',(0.,0.,-1.));
#7742 = DEFINITIONAL_REPRESENTATION('',(#7743),#7747);
#7743 = LINE('',#7744,#7745);
#7744 = CARTESIAN_POINT('',(6.,0.));
#7745 = VECTOR('',#7746,1.);
#7746 = DIRECTION('',(-0.,1.));
#7747 = ( GEOMETRIC_REPRESENTATION_CONTEXT(2) 
PARAMETRIC_REPRESENTATION_CONTEXT() REPRESENTATION_CONTEXT('2D SPACE',''
  ) );
#7748 = ORIENTED_EDGE('',*,*,#7749,.F.);
#7749 = EDGE_CURVE('',#7750,#7722,#7752,.T.);
#7750 = VERTEX_POINT('',#7751);
#7751 = CARTESIAN_POINT('',(37.,7.,0.));
#7752 = SURFACE_CURVE('',#7753,(#7758,#7769),.PCURVE_S1.);
#7753 = CIRCLE('',#7754,3.);
#7754 = AXIS2_PLACEMENT_3D('',#7755,#7756,#7757);
#7755 = CARTESIAN_POINT('',(40.,7.,0.));
#7756 = DIRECTION('',(0.,0.,-1.));
#7757 = DIRECTION('',(-1.,0.,0.));
#7758 = PCURVE('',#7084,#7759);
#7759 = DEFINITIONAL_REPRESENTATION('',(#7760),#7768);
#7760 = ( BOUNDED_CURVE() B_SPLINE_CURVE(2,(#7761,#7762,#7763,#7764,
#7765,#7766,#7767),.UNSPECIFIED.,.T.,.F.) B_SPLINE_CURVE_WITH_KNOTS((1,2
    ,2,2,2,1),(-2.094395102393,0.,2.094395102393,4.188790204786,
6.28318530718,8.377580409573),.UNSPECIFIED.) CURVE() 
GEOMETRIC_REPRESENTATION_ITEM() RATIONAL_B_SPLINE_CURVE((1.,0.5,1.,0.5,
1.,0.5,1.)) REPRESENTATION_ITEM('') );
#7761 = CARTESIAN_POINT('',(8.,14.));
#7762 = CARTESIAN_POINT('',(8.,19.196152422707));
#7763 = CARTESIAN_POINT('',(12.5,16.598076211353));
#7764 = CARTESIAN_POINT('',(17.,14.));
#7765 = CARTESIAN_POINT('',(12.5,11.401923788647));
#7766 = CARTESIAN_POINT('',(8.,8.803847577293));
#7767 = CARTESIAN_POINT('',(8.,14.));
#7768 = ( GEOMETRIC_REPRESENTATION_CONTEXT(2) 
PARAMETRIC_REPRESENTATION_CONTEXT() REPRESENTATION_CONTEXT('2D SPACE',''
  ) );
#7769 = PCURVE('',#7770,#7775);
#7770 = CYLINDRICAL_SURFACE('',#7771,3.);
#7771 = AXIS2_PLACEMENT_3D('',#7772,#7773,#7774);
#7772 = CARTESIAN_POINT('',(40.,7.,6.));
#7773 = DIRECTION('',(0.,0.,-1.));
#7774 = DIRECTION('',(-1.,0.,0.));
#7775 = DEFINITIONAL_REPRESENTATION('',(#7776),#7780);
#7776 = LINE('',#7777,#7778);
#7777 = CARTESIAN_POINT('',(0.,6.));
#7778 = VECTOR('',#7779,1.);
#7779 = DIRECTION('',(1.,0.));
#7780 = ( GEOMETRIC_REPRESENTATION_CONTEXT(2) 
PARAMETRIC_REPRESENTATION_CONTEXT() REPRESENTATION_CONTEXT('2D SPACE',''
  ) );
#7781 = ORIENTED_EDGE('',*,*,#7782,.F.);
#7782 = EDGE_CURVE('',#7783,#7750,#7785,.T.);
#7783 = VERTEX_POINT('',#7784);
#7784 = CARTESIAN_POINT('',(37.,-7.,0.));
#7785 = SURFACE_CURVE('',#7786,(#7790,#7797),.PCURVE_S1.);
#7786 = LINE('',#7787,#7788);
#7787 = CARTESIAN_POINT('',(37.,-7.,0.));
#7788 = VECTOR('',#7789,1.);
#7789 = DIRECTION('',(-0.,1.,0.));
#7790 = PCURVE('',#7084,#7791);
#7791 = DEFINITIONAL_REPRESENTATION('',(#7792),#7796);
#7792 = LINE('',#7793,#7794);
#7793 = CARTESIAN_POINT('',(8.,0.));
#7794 = VECTOR('',#7795,1.);
#7795 = DIRECTION('',(0.,1.));
#7796 = ( GEOMETRIC_REPRESENTATION_CONTEXT(2) 
PARAMETRIC_REPRESENTATION_CONTEXT() REPRESENTATION_CONTEXT('2D SPACE',''
  ) );
#7797 = PCURVE('',#7798,#7803);
#7798 = PLANE('',#7799);
#7799 = AXIS2_PLACEMENT_3D('',#7800,#7801,#7802);
#7800 = CARTESIAN_POINT('',(37.,-7.,6.));
#7801 = DIRECTION('',(1.,-0.,0.));
#7802 = DIRECTION('',(0.,0.,-1.));
#7803 = DEFINITIONAL_REPRESENTATION('',(#7804),#7808);
#7804 = LINE('',#7805,#7806);
#7805 = CARTESIAN_POINT('',(6.,0.));
#7806 = VECTOR('',#7807,1.);
#7807 = DIRECTION('',(0.,1.));
#7808 = ( GEOMETRIC_REPRESENTATION_CONTEXT(2) 
PARAMETRIC_REPRESENTATION_CONTEXT() REPRESENTATION_CONTEXT('2D SPACE',''
  ) );
#7809 = ORIENTED_EDGE('',*,*,#7810,.F.);
#7810 = EDGE_CURVE('',#7811,#7783,#7813,.T.);
#7811 = VERTEX_POINT('',#7812);
#7812 = CARTESIAN_POINT('',(35.,-7.,0.));
#7813 = SURFACE_CURVE('',#7814,(#7819,#7826),.PCURVE_S1.);
#7814 = CIRCLE('',#7815,1.);
#7815 = AXIS2_PLACEMENT_3D('',#7816,#7817,#7818);
#7816 = CARTESIAN_POINT('',(36.,-7.,0.));
#7817 = DIRECTION('',(0.,0.,1.));
#7818 = DIRECTION('',(-1.,0.,0.));
#7819 = PCURVE('',#7084,#7820);
#7820 = DEFINITIONAL_REPRESENTATION('',(#7821),#7825);
#7821 = CIRCLE('',#7822,1.);
#7822 = AXIS2_PLACEMENT_2D('',#7823,#7824);
#7823 = CARTESIAN_POINT('',(7.,0.));
#7824 = DIRECTION('',(-1.,0.));
#7825 = ( GEOMETRIC_REPRESENTATION_CONTEXT(2) 
PARAMETRIC_REPRESENTATION_CONTEXT() REPRESENTATION_CONTEXT('2D SPACE',''
  ) );
#7826 = PCURVE('',#7827,#7832);
#7827 = CYLINDRICAL_SURFACE('',#7828,1.);
#7828 = AXIS2_PLACEMENT_3D('',#7829,#7830,#7831);
#7829 = CARTESIAN_POINT('',(36.,-7.,6.));
#7830 = DIRECTION('',(-0.,-0.,-1.));
#7831 = DIRECTION('',(-1.,0.,0.));
#7832 = DEFINITIONAL_REPRESENTATION('',(#7833),#7837);
#7833 = LINE('',#7834,#7835);
#7834 = CARTESIAN_POINT('',(-0.,6.));
#7835 = VECTOR('',#7836,1.);
#7836 = DIRECTION('',(-1.,0.));
#7837 = ( GEOMETRIC_REPRESENTATION_CONTEXT(2) 
PARAMETRIC_REPRESENTATION_CONTEXT() REPRESENTATION_CONTEXT('2D SPACE',''
  ) );
#7838 = ORIENTED_EDGE('',*,*,#7839,.F.);
#7839 = EDGE_CURVE('',#7840,#7811,#7842,.T.);
#7840 = VERTEX_POINT('',#7841);
#7841 = CARTESIAN_POINT('',(35.,7.,0.));
#7842 = SURFACE_CURVE('',#7843,(#7847,#7854),.PCURVE_S1.);
#7843 = LINE('',#7844,#7845);
#7844 = CARTESIAN_POINT('',(35.,7.,0.));
#7845 = VECTOR('',#7846,1.);
#7846 = DIRECTION('',(1.224646799147E-16,-1.,0.));
#7847 = PCURVE('',#7084,#7848);
#7848 = DEFINITIONAL_REPRESENTATION('',(#7849),#7853);
#7849 = LINE('',#7850,#7851);
#7850 = CARTESIAN_POINT('',(6.,14.));
#7851 = VECTOR('',#7852,1.);
#7852 = DIRECTION('',(1.224646799147E-16,-1.));
#7853 = ( GEOMETRIC_REPRESENTATION_CONTEXT(2) 
PARAMETRIC_REPRESENTATION_CONTEXT() REPRESENTATION_CONTEXT('2D SPACE',''
  ) );
#7854 = PCURVE('',#7855,#7860);
#7855 = PLANE('',#7856);
#7856 = AXIS2_PLACEMENT_3D('',#7857,#7858,#7859);
#7857 = CARTESIAN_POINT('',(35.,7.,6.));
#7858 = DIRECTION('',(-1.,-0.,0.));
#7859 = DIRECTION('',(0.,-0.,-1.));
#7860 = DEFINITIONAL_REPRESENTATION('',(#7861),#7865);
#7861 = LINE('',#7862,#7863);
#7862 = CARTESIAN_POINT('',(6.,0.));
#7863 = VECTOR('',#7864,1.);
#7864 = DIRECTION('',(0.,1.));
#7865 = ( GEOMETRIC_REPRESENTATION_CONTEXT(2) 
PARAMETRIC_REPRESENTATION_CONTEXT() REPRESENTATION_CONTEXT('2D SPACE',''
  ) );
#7866 = ORIENTED_EDGE('',*,*,#7867,.F.);
#7867 = EDGE_CURVE('',#7076,#7840,#7868,.T.);
#7868 = SURFACE_CURVE('',#7869,(#7874,#7885),.PCURVE_S1.);
#7869 = CIRCLE('',#7870,3.);
#7870 = AXIS2_PLACEMENT_3D('',#7871,#7872,#7873);
#7871 = CARTESIAN_POINT('',(32.,7.,0.));
#7872 = DIRECTION('',(0.,0.,-1.));
#7873 = DIRECTION('',(-1.,0.,0.));
#7874 = PCURVE('',#7084,#7875);
#7875 = DEFINITIONAL_REPRESENTATION('',(#7876),#7884);
#7876 = ( BOUNDED_CURVE() B_SPLINE_CURVE(2,(#7877,#7878,#7879,#7880,
#7881,#7882,#7883),.UNSPECIFIED.,.T.,.F.) B_SPLINE_CURVE_WITH_KNOTS((1,2
    ,2,2,2,1),(-2.094395102393,0.,2.094395102393,4.188790204786,
6.28318530718,8.377580409573),.UNSPECIFIED.) CURVE() 
GEOMETRIC_REPRESENTATION_ITEM() RATIONAL_B_SPLINE_CURVE((1.,0.5,1.,0.5,
1.,0.5,1.)) REPRESENTATION_ITEM('') );
#7877 = CARTESIAN_POINT('',(0.,14.));
#7878 = CARTESIAN_POINT('',(0.,19.196152422707));
#7879 = CARTESIAN_POINT('',(4.5,16.598076211353));
#7880 = CARTESIAN_POINT('',(9.,14.));
#7881 = CARTESIAN_POINT('',(4.5,11.401923788647));
#7882 = CARTESIAN_POINT('',(4.440892098501E-15,8.803847577293));
#7883 = CARTESIAN_POINT('',(0.,14.));
#7884 = ( GEOMETRIC_REPRESENTATION_CONTEXT(2) 
PARAMETRIC_REPRESENTATION_CONTEXT() REPRESENTATION_CONTEXT('2D SPACE',''
  ) );
#7885 = PCURVE('',#7886,#7891);
#7886 = CYLINDRICAL_SURFACE('',#7887,3.);
#7887 = AXIS2_PLACEMENT_3D('',#7888,#7889,#7890);
#7888 = CARTESIAN_POINT('',(32.,7.,6.));
#7889 = DIRECTION('',(0.,0.,-1.));
#7890 = DIRECTION('',(-1.,0.,0.));
#7891 = DEFINITIONAL_REPRESENTATION('',(#7892),#7896);
#7892 = LINE('',#7893,#7894);
#7893 = CARTESIAN_POINT('',(0.,6.));
#7894 = VECTOR('',#7895,1.);
#7895 = DIRECTION('',(1.,0.));
#7896 = ( GEOMETRIC_REPRESENTATION_CONTEXT(2) 
PARAMETRIC_REPRESENTATION_CONTEXT() REPRESENTATION_CONTEXT('2D SPACE',''
  ) );
#7897 = ADVANCED_FACE('',(#7898),#7096,.F.);
#7898 = FACE_BOUND('',#7899,.F.);
#7899 = EDGE_LOOP('',(#7900,#7930,#7953,#7981,#8009,#8037,#8058,#8059));
#7900 = ORIENTED_EDGE('',*,*,#7901,.F.);
#7901 = EDGE_CURVE('',#7902,#7904,#7906,.T.);
#7902 = VERTEX_POINT('',#7903);
#7903 = CARTESIAN_POINT('',(29.,-7.,6.));
#7904 = VERTEX_POINT('',#7905);
#7905 = CARTESIAN_POINT('',(29.,7.,6.));
#7906 = SURFACE_CURVE('',#7907,(#7911,#7918),.PCURVE_S1.);
#7907 = LINE('',#7908,#7909);
#7908 = CARTESIAN_POINT('',(29.,-7.,6.));
#7909 = VECTOR('',#7910,1.);
#7910 = DIRECTION('',(0.,1.,0.));
#7911 = PCURVE('',#7096,#7912);
#7912 = DEFINITIONAL_REPRESENTATION('',(#7913),#7917);
#7913 = LINE('',#7914,#7915);
#7914 = CARTESIAN_POINT('',(0.,0.));
#7915 = VECTOR('',#7916,1.);
#7916 = DIRECTION('',(0.,1.));
#7917 = ( GEOMETRIC_REPRESENTATION_CONTEXT(2) 
PARAMETRIC_REPRESENTATION_CONTEXT() REPRESENTATION_CONTEXT('2D SPACE',''
  ) );
#7918 = PCURVE('',#7919,#7924);
#7919 = PLANE('',#7920);
#7920 = AXIS2_PLACEMENT_3D('',#7921,#7922,#7923);
#7921 = CARTESIAN_POINT('',(31.,-7.,6.));
#7922 = DIRECTION('',(0.,0.,-1.));
#7923 = DIRECTION('',(-1.,0.,0.));
#7924 = DEFINITIONAL_REPRESENTATION('',(#7925),#7929);
#7925 = LINE('',#7926,#7927);
#7926 = CARTESIAN_POINT('',(2.,0.));
#7927 = VECTOR('',#7928,1.);
#7928 = DIRECTION('',(0.,1.));
#7929 = ( GEOMETRIC_REPRESENTATION_CONTEXT(2) 
PARAMETRIC_REPRESENTATION_CONTEXT() REPRESENTATION_CONTEXT('2D SPACE',''
  ) );
#7930 = ORIENTED_EDGE('',*,*,#7931,.T.);
#7931 = EDGE_CURVE('',#7902,#7932,#7934,.T.);
#7932 = VERTEX_POINT('',#7933);
#7933 = CARTESIAN_POINT('',(29.,-7.,5.9));
#7934 = SURFACE_CURVE('',#7935,(#7939,#7946),.PCURVE_S1.);
#7935 = LINE('',#7936,#7937);
#7936 = CARTESIAN_POINT('',(29.,-7.,6.));
#7937 = VECTOR('',#7938,1.);
#7938 = DIRECTION('',(0.,0.,-1.));
#7939 = PCURVE('',#7096,#7940);
#7940 = DEFINITIONAL_REPRESENTATION('',(#7941),#7945);
#7941 = LINE('',#7942,#7943);
#7942 = CARTESIAN_POINT('',(0.,0.));
#7943 = VECTOR('',#7944,1.);
#7944 = DIRECTION('',(1.,0.));
#7945 = ( GEOMETRIC_REPRESENTATION_CONTEXT(2) 
PARAMETRIC_REPRESENTATION_CONTEXT() REPRESENTATION_CONTEXT('2D SPACE',''
  ) );
#7946 = PCURVE('',#7124,#7947);
#7947 = DEFINITIONAL_REPRESENTATION('',(#7948),#7952);
#7948 = LINE('',#7949,#7950);
#7949 = CARTESIAN_POINT('',(-3.,-1.));
#7950 = VECTOR('',#7951,1.);
#7951 = DIRECTION('',(1.,0.));
#7952 = ( GEOMETRIC_REPRESENTATION_CONTEXT(2) 
PARAMETRIC_REPRESENTATION_CONTEXT() REPRESENTATION_CONTEXT('2D SPACE',''
  ) );
#7953 = ORIENTED_EDGE('',*,*,#7954,.F.);
#7954 = EDGE_CURVE('',#7955,#7932,#7957,.T.);
#7955 = VERTEX_POINT('',#7956);
#7956 = CARTESIAN_POINT('',(29.,-5.1,5.9));
#7957 = SURFACE_CURVE('',#7958,(#7962,#7969),.PCURVE_S1.);
#7958 = LINE('',#7959,#7960);
#7959 = CARTESIAN_POINT('',(29.,-7.95,5.9));
#7960 = VECTOR('',#7961,1.);
#7961 = DIRECTION('',(-0.,-1.,0.));
#7962 = PCURVE('',#7096,#7963);
#7963 = DEFINITIONAL_REPRESENTATION('',(#7964),#7968);
#7964 = LINE('',#7965,#7966);
#7965 = CARTESIAN_POINT('',(1.E-01,-0.95));
#7966 = VECTOR('',#7967,1.);
#7967 = DIRECTION('',(-0.,-1.));
#7968 = ( GEOMETRIC_REPRESENTATION_CONTEXT(2) 
PARAMETRIC_REPRESENTATION_CONTEXT() REPRESENTATION_CONTEXT('2D SPACE',''
  ) );
#7969 = PCURVE('',#7970,#7975);
#7970 = PLANE('',#7971);
#7971 = AXIS2_PLACEMENT_3D('',#7972,#7973,#7974);
#7972 = CARTESIAN_POINT('',(27.,-8.9,5.9));
#7973 = DIRECTION('',(0.,0.,1.));
#7974 = DIRECTION('',(1.,0.,0.));
#7975 = DEFINITIONAL_REPRESENTATION('',(#7976),#7980);
#7976 = LINE('',#7977,#7978);
#7977 = CARTESIAN_POINT('',(2.,0.95));
#7978 = VECTOR('',#7979,1.);
#7979 = DIRECTION('',(0.,-1.));
#7980 = ( GEOMETRIC_REPRESENTATION_CONTEXT(2) 
PARAMETRIC_REPRESENTATION_CONTEXT() REPRESENTATION_CONTEXT('2D SPACE',''
  ) );
#7981 = ORIENTED_EDGE('',*,*,#7982,.F.);
#7982 = EDGE_CURVE('',#7983,#7955,#7985,.T.);
#7983 = VERTEX_POINT('',#7984);
#7984 = CARTESIAN_POINT('',(29.,-5.1,0.1));
#7985 = SURFACE_CURVE('',#7986,(#7990,#7997),.PCURVE_S1.);
#7986 = LINE('',#7987,#7988);
#7987 = CARTESIAN_POINT('',(29.,-5.1,3.05));
#7988 = VECTOR('',#7989,1.);
#7989 = DIRECTION('',(-0.,0.,1.));
#7990 = PCURVE('',#7096,#7991);
#7991 = DEFINITIONAL_REPRESENTATION('',(#7992),#7996);
#7992 = LINE('',#7993,#7994);
#7993 = CARTESIAN_POINT('',(2.95,1.9));
#7994 = VECTOR('',#7995,1.);
#7995 = DIRECTION('',(-1.,0.));
#7996 = ( GEOMETRIC_REPRESENTATION_CONTEXT(2) 
PARAMETRIC_REPRESENTATION_CONTEXT() REPRESENTATION_CONTEXT('2D SPACE',''
  ) );
#7997 = PCURVE('',#7998,#8003);
#7998 = PLANE('',#7999);
#7999 = AXIS2_PLACEMENT_3D('',#8000,#8001,#8002);
#8000 = CARTESIAN_POINT('',(27.,-5.1,0.1));
#8001 = DIRECTION('',(0.,1.,0.));
#8002 = DIRECTION('',(0.,0.,1.));
#8003 = DEFINITIONAL_REPRESENTATION('',(#8004),#8008);
#8004 = LINE('',#8005,#8006);
#8005 = CARTESIAN_POINT('',(2.95,2.));
#8006 = VECTOR('',#8007,1.);
#8007 = DIRECTION('',(1.,0.));
#8008 = ( GEOMETRIC_REPRESENTATION_CONTEXT(2) 
PARAMETRIC_REPRESENTATION_CONTEXT() REPRESENTATION_CONTEXT('2D SPACE',''
  ) );
#8009 = ORIENTED_EDGE('',*,*,#8010,.T.);
#8010 = EDGE_CURVE('',#7983,#8011,#8013,.T.);
#8011 = VERTEX_POINT('',#8012);
#8012 = CARTESIAN_POINT('',(29.,-7.,1.E-01));
#8013 = SURFACE_CURVE('',#8014,(#8018,#8025),.PCURVE_S1.);
#8014 = LINE('',#8015,#8016);
#8015 = CARTESIAN_POINT('',(29.,-7.95,1.E-01));
#8016 = VECTOR('',#8017,1.);
#8017 = DIRECTION('',(-0.,-1.,0.));
#8018 = PCURVE('',#7096,#8019);
#8019 = DEFINITIONAL_REPRESENTATION('',(#8020),#8024);
#8020 = LINE('',#8021,#8022);
#8021 = CARTESIAN_POINT('',(5.9,-0.95));
#8022 = VECTOR('',#8023,1.);
#8023 = DIRECTION('',(-0.,-1.));
#8024 = ( GEOMETRIC_REPRESENTATION_CONTEXT(2) 
PARAMETRIC_REPRESENTATION_CONTEXT() REPRESENTATION_CONTEXT('2D SPACE',''
  ) );
#8025 = PCURVE('',#8026,#8031);
#8026 = PLANE('',#8027);
#8027 = AXIS2_PLACEMENT_3D('',#8028,#8029,#8030);
#8028 = CARTESIAN_POINT('',(27.,-8.9,0.1));
#8029 = DIRECTION('',(0.,0.,1.));
#8030 = DIRECTION('',(1.,0.,0.));
#8031 = DEFINITIONAL_REPRESENTATION('',(#8032),#8036);
#8032 = LINE('',#8033,#8034);
#8033 = CARTESIAN_POINT('',(2.,0.95));
#8034 = VECTOR('',#8035,1.);
#8035 = DIRECTION('',(0.,-1.));
#8036 = ( GEOMETRIC_REPRESENTATION_CONTEXT(2) 
PARAMETRIC_REPRESENTATION_CONTEXT() REPRESENTATION_CONTEXT('2D SPACE',''
  ) );
#8037 = ORIENTED_EDGE('',*,*,#8038,.T.);
#8038 = EDGE_CURVE('',#8011,#7074,#8039,.T.);
#8039 = SURFACE_CURVE('',#8040,(#8044,#8051),.PCURVE_S1.);
#8040 = LINE('',#8041,#8042);
#8041 = CARTESIAN_POINT('',(29.,-7.,6.));
#8042 = VECTOR('',#8043,1.);
#8043 = DIRECTION('',(0.,0.,-1.));
#8044 = PCURVE('',#7096,#8045);
#8045 = DEFINITIONAL_REPRESENTATION('',(#8046),#8050);
#8046 = LINE('',#8047,#8048);
#8047 = CARTESIAN_POINT('',(0.,0.));
#8048 = VECTOR('',#8049,1.);
#8049 = DIRECTION('',(1.,0.));
#8050 = ( GEOMETRIC_REPRESENTATION_CONTEXT(2) 
PARAMETRIC_REPRESENTATION_CONTEXT() REPRESENTATION_CONTEXT('2D SPACE',''
  ) );
#8051 = PCURVE('',#7124,#8052);
#8052 = DEFINITIONAL_REPRESENTATION('',(#8053),#8057);
#8053 = LINE('',#8054,#8055);
#8054 = CARTESIAN_POINT('',(-3.,-1.));
#8055 = VECTOR('',#8056,1.);
#8056 = DIRECTION('',(1.,0.));
#8057 = ( GEOMETRIC_REPRESENTATION_CONTEXT(2) 
PARAMETRIC_REPRESENTATION_CONTEXT() REPRESENTATION_CONTEXT('2D SPACE',''
  ) );
#8058 = ORIENTED_EDGE('',*,*,#7073,.T.);
#8059 = ORIENTED_EDGE('',*,*,#8060,.F.);
#8060 = EDGE_CURVE('',#7904,#7076,#8061,.T.);
#8061 = SURFACE_CURVE('',#8062,(#8066,#8073),.PCURVE_S1.);
#8062 = LINE('',#8063,#8064);
#8063 = CARTESIAN_POINT('',(29.,7.,6.));
#8064 = VECTOR('',#8065,1.);
#8065 = DIRECTION('',(0.,0.,-1.));
#8066 = PCURVE('',#7096,#8067);
#8067 = DEFINITIONAL_REPRESENTATION('',(#8068),#8072);
#8068 = LINE('',#8069,#8070);
#8069 = CARTESIAN_POINT('',(0.,14.));
#8070 = VECTOR('',#8071,1.);
#8071 = DIRECTION('',(1.,0.));
#8072 = ( GEOMETRIC_REPRESENTATION_CONTEXT(2) 
PARAMETRIC_REPRESENTATION_CONTEXT() REPRESENTATION_CONTEXT('2D SPACE',''
  ) );
#8073 = PCURVE('',#7886,#8074);
#8074 = DEFINITIONAL_REPRESENTATION('',(#8075),#8079);
#8075 = LINE('',#8076,#8077);
#8076 = CARTESIAN_POINT('',(0.,0.));
#8077 = VECTOR('',#8078,1.);
#8078 = DIRECTION('',(0.,1.));
#8079 = ( GEOMETRIC_REPRESENTATION_CONTEXT(2) 
PARAMETRIC_REPRESENTATION_CONTEXT() REPRESENTATION_CONTEXT('2D SPACE',''
  ) );
#8080 = ADVANCED_FACE('',(#8081),#7124,.T.);
#8081 = FACE_BOUND('',#8082,.T.);
#8082 = EDGE_LOOP('',(#8083,#8084,#8085,#8108,#8129,#8130,#8153,#8181));
#8083 = ORIENTED_EDGE('',*,*,#8038,.T.);
#8084 = ORIENTED_EDGE('',*,*,#7108,.T.);
#8085 = ORIENTED_EDGE('',*,*,#8086,.T.);
#8086 = EDGE_CURVE('',#7109,#8087,#8089,.T.);
#8087 = VERTEX_POINT('',#8088);
#8088 = CARTESIAN_POINT('',(31.,-7.,6.));
#8089 = SURFACE_CURVE('',#8090,(#8094,#8101),.PCURVE_S1.);
#8090 = LINE('',#8091,#8092);
#8091 = CARTESIAN_POINT('',(31.,-7.,0.));
#8092 = VECTOR('',#8093,1.);
#8093 = DIRECTION('',(0.,0.,1.));
#8094 = PCURVE('',#7124,#8095);
#8095 = DEFINITIONAL_REPRESENTATION('',(#8096),#8100);
#8096 = LINE('',#8097,#8098);
#8097 = CARTESIAN_POINT('',(3.,1.));
#8098 = VECTOR('',#8099,1.);
#8099 = DIRECTION('',(-1.,0.));
#8100 = ( GEOMETRIC_REPRESENTATION_CONTEXT(2) 
PARAMETRIC_REPRESENTATION_CONTEXT() REPRESENTATION_CONTEXT('2D SPACE',''
  ) );
#8101 = PCURVE('',#7152,#8102);
#8102 = DEFINITIONAL_REPRESENTATION('',(#8103),#8107);
#8103 = LINE('',#8104,#8105);
#8104 = CARTESIAN_POINT('',(0.,0.));
#8105 = VECTOR('',#8106,1.);
#8106 = DIRECTION('',(1.,0.));
#8107 = ( GEOMETRIC_REPRESENTATION_CONTEXT(2) 
PARAMETRIC_REPRESENTATION_CONTEXT() REPRESENTATION_CONTEXT('2D SPACE',''
  ) );
#8108 = ORIENTED_EDGE('',*,*,#8109,.T.);
#8109 = EDGE_CURVE('',#8087,#7902,#8110,.T.);
#8110 = SURFACE_CURVE('',#8111,(#8115,#8122),.PCURVE_S1.);
#8111 = LINE('',#8112,#8113);
#8112 = CARTESIAN_POINT('',(31.,-7.,6.));
#8113 = VECTOR('',#8114,1.);
#8114 = DIRECTION('',(-1.,0.,0.));
#8115 = PCURVE('',#7124,#8116);
#8116 = DEFINITIONAL_REPRESENTATION('',(#8117),#8121);
#8117 = LINE('',#8118,#8119);
#8118 = CARTESIAN_POINT('',(-3.,1.));
#8119 = VECTOR('',#8120,1.);
#8120 = DIRECTION('',(0.,-1.));
#8121 = ( GEOMETRIC_REPRESENTATION_CONTEXT(2) 
PARAMETRIC_REPRESENTATION_CONTEXT() REPRESENTATION_CONTEXT('2D SPACE',''
  ) );
#8122 = PCURVE('',#7919,#8123);
#8123 = DEFINITIONAL_REPRESENTATION('',(#8124),#8128);
#8124 = LINE('',#8125,#8126);
#8125 = CARTESIAN_POINT('',(0.,0.));
#8126 = VECTOR('',#8127,1.);
#8127 = DIRECTION('',(1.,0.));
#8128 = ( GEOMETRIC_REPRESENTATION_CONTEXT(2) 
PARAMETRIC_REPRESENTATION_CONTEXT() REPRESENTATION_CONTEXT('2D SPACE',''
  ) );
#8129 = ORIENTED_EDGE('',*,*,#7931,.T.);
#8130 = ORIENTED_EDGE('',*,*,#8131,.F.);
#8131 = EDGE_CURVE('',#8132,#7932,#8134,.T.);
#8132 = VERTEX_POINT('',#8133);
#8133 = CARTESIAN_POINT('',(30.5,-7.,5.9));
#8134 = SURFACE_CURVE('',#8135,(#8139,#8146),.PCURVE_S1.);
#8135 = LINE('',#8136,#8137);
#8136 = CARTESIAN_POINT('',(28.5,-7.,5.9));
#8137 = VECTOR('',#8138,1.);
#8138 = DIRECTION('',(-1.,0.,0.));
#8139 = PCURVE('',#7124,#8140);
#8140 = DEFINITIONAL_REPRESENTATION('',(#8141),#8145);
#8141 = LINE('',#8142,#8143);
#8142 = CARTESIAN_POINT('',(-2.9,-1.5));
#8143 = VECTOR('',#8144,1.);
#8144 = DIRECTION('',(0.,-1.));
#8145 = ( GEOMETRIC_REPRESENTATION_CONTEXT(2) 
PARAMETRIC_REPRESENTATION_CONTEXT() REPRESENTATION_CONTEXT('2D SPACE',''
  ) );
#8146 = PCURVE('',#7970,#8147);
#8147 = DEFINITIONAL_REPRESENTATION('',(#8148),#8152);
#8148 = LINE('',#8149,#8150);
#8149 = CARTESIAN_POINT('',(1.5,1.9));
#8150 = VECTOR('',#8151,1.);
#8151 = DIRECTION('',(-1.,0.));
#8152 = ( GEOMETRIC_REPRESENTATION_CONTEXT(2) 
PARAMETRIC_REPRESENTATION_CONTEXT() REPRESENTATION_CONTEXT('2D SPACE',''
  ) );
#8153 = ORIENTED_EDGE('',*,*,#8154,.F.);
#8154 = EDGE_CURVE('',#8155,#8132,#8157,.T.);
#8155 = VERTEX_POINT('',#8156);
#8156 = CARTESIAN_POINT('',(30.5,-7.,0.1));
#8157 = SURFACE_CURVE('',#8158,(#8162,#8169),.PCURVE_S1.);
#8158 = LINE('',#8159,#8160);
#8159 = CARTESIAN_POINT('',(30.5,-7.,1.55));
#8160 = VECTOR('',#8161,1.);
#8161 = DIRECTION('',(0.,0.,1.));
#8162 = PCURVE('',#7124,#8163);
#8163 = DEFINITIONAL_REPRESENTATION('',(#8164),#8168);
#8164 = LINE('',#8165,#8166);
#8165 = CARTESIAN_POINT('',(1.45,0.5));
#8166 = VECTOR('',#8167,1.);
#8167 = DIRECTION('',(-1.,0.));
#8168 = ( GEOMETRIC_REPRESENTATION_CONTEXT(2) 
PARAMETRIC_REPRESENTATION_CONTEXT() REPRESENTATION_CONTEXT('2D SPACE',''
  ) );
#8169 = PCURVE('',#8170,#8175);
#8170 = PLANE('',#8171);
#8171 = AXIS2_PLACEMENT_3D('',#8172,#8173,#8174);
#8172 = CARTESIAN_POINT('',(30.5,-8.9,0.1));
#8173 = DIRECTION('',(1.,0.,0.));
#8174 = DIRECTION('',(0.,0.,1.));
#8175 = DEFINITIONAL_REPRESENTATION('',(#8176),#8180);
#8176 = LINE('',#8177,#8178);
#8177 = CARTESIAN_POINT('',(1.45,-1.9));
#8178 = VECTOR('',#8179,1.);
#8179 = DIRECTION('',(1.,0.));
#8180 = ( GEOMETRIC_REPRESENTATION_CONTEXT(2) 
PARAMETRIC_REPRESENTATION_CONTEXT() REPRESENTATION_CONTEXT('2D SPACE',''
  ) );
#8181 = ORIENTED_EDGE('',*,*,#8182,.T.);
#8182 = EDGE_CURVE('',#8155,#8011,#8183,.T.);
#8183 = SURFACE_CURVE('',#8184,(#8188,#8195),.PCURVE_S1.);
#8184 = LINE('',#8185,#8186);
#8185 = CARTESIAN_POINT('',(28.5,-7.,0.1));
#8186 = VECTOR('',#8187,1.);
#8187 = DIRECTION('',(-1.,0.,0.));
#8188 = PCURVE('',#7124,#8189);
#8189 = DEFINITIONAL_REPRESENTATION('',(#8190),#8194);
#8190 = LINE('',#8191,#8192);
#8191 = CARTESIAN_POINT('',(2.9,-1.5));
#8192 = VECTOR('',#8193,1.);
#8193 = DIRECTION('',(0.,-1.));
#8194 = ( GEOMETRIC_REPRESENTATION_CONTEXT(2) 
PARAMETRIC_REPRESENTATION_CONTEXT() REPRESENTATION_CONTEXT('2D SPACE',''
  ) );
#8195 = PCURVE('',#8026,#8196);
#8196 = DEFINITIONAL_REPRESENTATION('',(#8197),#8201);
#8197 = LINE('',#8198,#8199);
#8198 = CARTESIAN_POINT('',(1.5,1.9));
#8199 = VECTOR('',#8200,1.);
#8200 = DIRECTION('',(-1.,0.));
#8201 = ( GEOMETRIC_REPRESENTATION_CONTEXT(2) 
PARAMETRIC_REPRESENTATION_CONTEXT() REPRESENTATION_CONTEXT('2D SPACE',''
  ) );
#8202 = ADVANCED_FACE('',(#8203),#7152,.F.);
#8203 = FACE_BOUND('',#8204,.F.);
#8204 = EDGE_LOOP('',(#8205,#8206,#8207,#8230));
#8205 = ORIENTED_EDGE('',*,*,#7136,.F.);
#8206 = ORIENTED_EDGE('',*,*,#8086,.T.);
#8207 = ORIENTED_EDGE('',*,*,#8208,.T.);
#8208 = EDGE_CURVE('',#8087,#8209,#8211,.T.);
#8209 = VERTEX_POINT('',#8210);
#8210 = CARTESIAN_POINT('',(31.,7.,6.));
#8211 = SURFACE_CURVE('',#8212,(#8216,#8223),.PCURVE_S1.);
#8212 = LINE('',#8213,#8214);
#8213 = CARTESIAN_POINT('',(31.,-7.,6.));
#8214 = VECTOR('',#8215,1.);
#8215 = DIRECTION('',(0.,1.,-0.));
#8216 = PCURVE('',#7152,#8217);
#8217 = DEFINITIONAL_REPRESENTATION('',(#8218),#8222);
#8218 = LINE('',#8219,#8220);
#8219 = CARTESIAN_POINT('',(6.,0.));
#8220 = VECTOR('',#8221,1.);
#8221 = DIRECTION('',(0.,1.));
#8222 = ( GEOMETRIC_REPRESENTATION_CONTEXT(2) 
PARAMETRIC_REPRESENTATION_CONTEXT() REPRESENTATION_CONTEXT('2D SPACE',''
  ) );
#8223 = PCURVE('',#7919,#8224);
#8224 = DEFINITIONAL_REPRESENTATION('',(#8225),#8229);
#8225 = LINE('',#8226,#8227);
#8226 = CARTESIAN_POINT('',(0.,0.));
#8227 = VECTOR('',#8228,1.);
#8228 = DIRECTION('',(0.,1.));
#8229 = ( GEOMETRIC_REPRESENTATION_CONTEXT(2) 
PARAMETRIC_REPRESENTATION_CONTEXT() REPRESENTATION_CONTEXT('2D SPACE',''
  ) );
#8230 = ORIENTED_EDGE('',*,*,#8231,.F.);
#8231 = EDGE_CURVE('',#7137,#8209,#8232,.T.);
#8232 = SURFACE_CURVE('',#8233,(#8237,#8244),.PCURVE_S1.);
#8233 = LINE('',#8234,#8235);
#8234 = CARTESIAN_POINT('',(31.,7.,0.));
#8235 = VECTOR('',#8236,1.);
#8236 = DIRECTION('',(0.,0.,1.));
#8237 = PCURVE('',#7152,#8238);
#8238 = DEFINITIONAL_REPRESENTATION('',(#8239),#8243);
#8239 = LINE('',#8240,#8241);
#8240 = CARTESIAN_POINT('',(0.,14.));
#8241 = VECTOR('',#8242,1.);
#8242 = DIRECTION('',(1.,0.));
#8243 = ( GEOMETRIC_REPRESENTATION_CONTEXT(2) 
PARAMETRIC_REPRESENTATION_CONTEXT() REPRESENTATION_CONTEXT('2D SPACE',''
  ) );
#8244 = PCURVE('',#7185,#8245);
#8245 = DEFINITIONAL_REPRESENTATION('',(#8246),#8250);
#8246 = LINE('',#8247,#8248);
#8247 = CARTESIAN_POINT('',(-0.,0.));
#8248 = VECTOR('',#8249,1.);
#8249 = DIRECTION('',(-0.,1.));
#8250 = ( GEOMETRIC_REPRESENTATION_CONTEXT(2) 
PARAMETRIC_REPRESENTATION_CONTEXT() REPRESENTATION_CONTEXT('2D SPACE',''
  ) );
#8251 = ADVANCED_FACE('',(#8252),#7185,.F.);
#8252 = FACE_BOUND('',#8253,.T.);
#8253 = EDGE_LOOP('',(#8254,#8255,#8278,#8300));
#8254 = ORIENTED_EDGE('',*,*,#7164,.T.);
#8255 = ORIENTED_EDGE('',*,*,#8256,.T.);
#8256 = EDGE_CURVE('',#7165,#8257,#8259,.T.);
#8257 = VERTEX_POINT('',#8258);
#8258 = CARTESIAN_POINT('',(33.,7.,6.));
#8259 = SURFACE_CURVE('',#8260,(#8264,#8271),.PCURVE_S1.);
#8260 = LINE('',#8261,#8262);
#8261 = CARTESIAN_POINT('',(33.,7.,0.));
#8262 = VECTOR('',#8263,1.);
#8263 = DIRECTION('',(-0.,-0.,1.));
#8264 = PCURVE('',#7185,#8265);
#8265 = DEFINITIONAL_REPRESENTATION('',(#8266),#8270);
#8266 = LINE('',#8267,#8268);
#8267 = CARTESIAN_POINT('',(-3.14159265359,0.));
#8268 = VECTOR('',#8269,1.);
#8269 = DIRECTION('',(-0.,1.));
#8270 = ( GEOMETRIC_REPRESENTATION_CONTEXT(2) 
PARAMETRIC_REPRESENTATION_CONTEXT() REPRESENTATION_CONTEXT('2D SPACE',''
  ) );
#8271 = PCURVE('',#7213,#8272);
#8272 = DEFINITIONAL_REPRESENTATION('',(#8273),#8277);
#8273 = LINE('',#8274,#8275);
#8274 = CARTESIAN_POINT('',(0.,0.));
#8275 = VECTOR('',#8276,1.);
#8276 = DIRECTION('',(1.,0.));
#8277 = ( GEOMETRIC_REPRESENTATION_CONTEXT(2) 
PARAMETRIC_REPRESENTATION_CONTEXT() REPRESENTATION_CONTEXT('2D SPACE',''
  ) );
#8278 = ORIENTED_EDGE('',*,*,#8279,.F.);
#8279 = EDGE_CURVE('',#8209,#8257,#8280,.T.);
#8280 = SURFACE_CURVE('',#8281,(#8286,#8293),.PCURVE_S1.);
#8281 = CIRCLE('',#8282,1.);
#8282 = AXIS2_PLACEMENT_3D('',#8283,#8284,#8285);
#8283 = CARTESIAN_POINT('',(32.,7.,6.));
#8284 = DIRECTION('',(0.,0.,-1.));
#8285 = DIRECTION('',(-1.,0.,0.));
#8286 = PCURVE('',#7185,#8287);
#8287 = DEFINITIONAL_REPRESENTATION('',(#8288),#8292);
#8288 = LINE('',#8289,#8290);
#8289 = CARTESIAN_POINT('',(-0.,6.));
#8290 = VECTOR('',#8291,1.);
#8291 = DIRECTION('',(-1.,0.));
#8292 = ( GEOMETRIC_REPRESENTATION_CONTEXT(2) 
PARAMETRIC_REPRESENTATION_CONTEXT() REPRESENTATION_CONTEXT('2D SPACE',''
  ) );
#8293 = PCURVE('',#7919,#8294);
#8294 = DEFINITIONAL_REPRESENTATION('',(#8295),#8299);
#8295 = CIRCLE('',#8296,1.);
#8296 = AXIS2_PLACEMENT_2D('',#8297,#8298);
#8297 = CARTESIAN_POINT('',(-1.,14.));
#8298 = DIRECTION('',(1.,0.));
#8299 = ( GEOMETRIC_REPRESENTATION_CONTEXT(2) 
PARAMETRIC_REPRESENTATION_CONTEXT() REPRESENTATION_CONTEXT('2D SPACE',''
  ) );
#8300 = ORIENTED_EDGE('',*,*,#8231,.F.);
#8301 = ADVANCED_FACE('',(#8302),#7213,.F.);
#8302 = FACE_BOUND('',#8303,.F.);
#8303 = EDGE_LOOP('',(#8304,#8305,#8306,#8329));
#8304 = ORIENTED_EDGE('',*,*,#7197,.F.);
#8305 = ORIENTED_EDGE('',*,*,#8256,.T.);
#8306 = ORIENTED_EDGE('',*,*,#8307,.T.);
#8307 = EDGE_CURVE('',#8257,#8308,#8310,.T.);
#8308 = VERTEX_POINT('',#8309);
#8309 = CARTESIAN_POINT('',(33.,-7.,6.));
#8310 = SURFACE_CURVE('',#8311,(#8315,#8322),.PCURVE_S1.);
#8311 = LINE('',#8312,#8313);
#8312 = CARTESIAN_POINT('',(33.,7.,6.));
#8313 = VECTOR('',#8314,1.);
#8314 = DIRECTION('',(0.,-1.,0.));
#8315 = PCURVE('',#7213,#8316);
#8316 = DEFINITIONAL_REPRESENTATION('',(#8317),#8321);
#8317 = LINE('',#8318,#8319);
#8318 = CARTESIAN_POINT('',(6.,0.));
#8319 = VECTOR('',#8320,1.);
#8320 = DIRECTION('',(0.,1.));
#8321 = ( GEOMETRIC_REPRESENTATION_CONTEXT(2) 
PARAMETRIC_REPRESENTATION_CONTEXT() REPRESENTATION_CONTEXT('2D SPACE',''
  ) );
#8322 = PCURVE('',#7919,#8323);
#8323 = DEFINITIONAL_REPRESENTATION('',(#8324),#8328);
#8324 = LINE('',#8325,#8326);
#8325 = CARTESIAN_POINT('',(-2.,14.));
#8326 = VECTOR('',#8327,1.);
#8327 = DIRECTION('',(0.,-1.));
#8328 = ( GEOMETRIC_REPRESENTATION_CONTEXT(2) 
PARAMETRIC_REPRESENTATION_CONTEXT() REPRESENTATION_CONTEXT('2D SPACE',''
  ) );
#8329 = ORIENTED_EDGE('',*,*,#8330,.F.);
#8330 = EDGE_CURVE('',#7198,#8308,#8331,.T.);
#8331 = SURFACE_CURVE('',#8332,(#8336,#8343),.PCURVE_S1.);
#8332 = LINE('',#8333,#8334);
#8333 = CARTESIAN_POINT('',(33.,-7.,0.));
#8334 = VECTOR('',#8335,1.);
#8335 = DIRECTION('',(0.,0.,1.));
#8336 = PCURVE('',#7213,#8337);
#8337 = DEFINITIONAL_REPRESENTATION('',(#8338),#8342);
#8338 = LINE('',#8339,#8340);
#8339 = CARTESIAN_POINT('',(0.,14.));
#8340 = VECTOR('',#8341,1.);
#8341 = DIRECTION('',(1.,0.));
#8342 = ( GEOMETRIC_REPRESENTATION_CONTEXT(2) 
PARAMETRIC_REPRESENTATION_CONTEXT() REPRESENTATION_CONTEXT('2D SPACE',''
  ) );
#8343 = PCURVE('',#7242,#8344);
#8344 = DEFINITIONAL_REPRESENTATION('',(#8345),#8349);
#8345 = LINE('',#8346,#8347);
#8346 = CARTESIAN_POINT('',(0.,0.));
#8347 = VECTOR('',#8348,1.);
#8348 = DIRECTION('',(0.,1.));
#8349 = ( GEOMETRIC_REPRESENTATION_CONTEXT(2) 
PARAMETRIC_REPRESENTATION_CONTEXT() REPRESENTATION_CONTEXT('2D SPACE',''
  ) );
#8350 = ADVANCED_FACE('',(#8351),#7242,.T.);
#8351 = FACE_BOUND('',#8352,.T.);
#8352 = EDGE_LOOP('',(#8353,#8354,#8377,#8403));
#8353 = ORIENTED_EDGE('',*,*,#7225,.T.);
#8354 = ORIENTED_EDGE('',*,*,#8355,.T.);
#8355 = EDGE_CURVE('',#7226,#8356,#8358,.T.);
#8356 = VERTEX_POINT('',#8357);
#8357 = CARTESIAN_POINT('',(39.,-7.,6.));
#8358 = SURFACE_CURVE('',#8359,(#8363,#8370),.PCURVE_S1.);
#8359 = LINE('',#8360,#8361);
#8360 = CARTESIAN_POINT('',(39.,-7.,0.));
#8361 = VECTOR('',#8362,1.);
#8362 = DIRECTION('',(0.,0.,1.));
#8363 = PCURVE('',#7242,#8364);
#8364 = DEFINITIONAL_REPRESENTATION('',(#8365),#8369);
#8365 = LINE('',#8366,#8367);
#8366 = CARTESIAN_POINT('',(3.14159265359,0.));
#8367 = VECTOR('',#8368,1.);
#8368 = DIRECTION('',(0.,1.));
#8369 = ( GEOMETRIC_REPRESENTATION_CONTEXT(2) 
PARAMETRIC_REPRESENTATION_CONTEXT() REPRESENTATION_CONTEXT('2D SPACE',''
  ) );
#8370 = PCURVE('',#7270,#8371);
#8371 = DEFINITIONAL_REPRESENTATION('',(#8372),#8376);
#8372 = LINE('',#8373,#8374);
#8373 = CARTESIAN_POINT('',(0.,0.));
#8374 = VECTOR('',#8375,1.);
#8375 = DIRECTION('',(1.,0.));
#8376 = ( GEOMETRIC_REPRESENTATION_CONTEXT(2) 
PARAMETRIC_REPRESENTATION_CONTEXT() REPRESENTATION_CONTEXT('2D SPACE',''
  ) );
#8377 = ORIENTED_EDGE('',*,*,#8378,.F.);
#8378 = EDGE_CURVE('',#8308,#8356,#8379,.T.);
#8379 = SURFACE_CURVE('',#8380,(#8385,#8392),.PCURVE_S1.);
#8380 = CIRCLE('',#8381,3.);
#8381 = AXIS2_PLACEMENT_3D('',#8382,#8383,#8384);
#8382 = CARTESIAN_POINT('',(36.,-7.,6.));
#8383 = DIRECTION('',(0.,0.,1.));
#8384 = DIRECTION('',(-1.,0.,0.));
#8385 = PCURVE('',#7242,#8386);
#8386 = DEFINITIONAL_REPRESENTATION('',(#8387),#8391);
#8387 = LINE('',#8388,#8389);
#8388 = CARTESIAN_POINT('',(0.,6.));
#8389 = VECTOR('',#8390,1.);
#8390 = DIRECTION('',(1.,0.));
#8391 = ( GEOMETRIC_REPRESENTATION_CONTEXT(2) 
PARAMETRIC_REPRESENTATION_CONTEXT() REPRESENTATION_CONTEXT('2D SPACE',''
  ) );
#8392 = PCURVE('',#7919,#8393);
#8393 = DEFINITIONAL_REPRESENTATION('',(#8394),#8402);
#8394 = ( BOUNDED_CURVE() B_SPLINE_CURVE(2,(#8395,#8396,#8397,#8398,
#8399,#8400,#8401),.UNSPECIFIED.,.T.,.F.) B_SPLINE_CURVE_WITH_KNOTS((1,2
    ,2,2,2,1),(-2.094395102393,0.,2.094395102393,4.188790204786,
6.28318530718,8.377580409573),.UNSPECIFIED.) CURVE() 
GEOMETRIC_REPRESENTATION_ITEM() RATIONAL_B_SPLINE_CURVE((1.,0.5,1.,0.5,
1.,0.5,1.)) REPRESENTATION_ITEM('') );
#8395 = CARTESIAN_POINT('',(-2.,0.));
#8396 = CARTESIAN_POINT('',(-2.,-5.196152422707));
#8397 = CARTESIAN_POINT('',(-6.5,-2.598076211353));
#8398 = CARTESIAN_POINT('',(-11.,-7.347880794884E-16));
#8399 = CARTESIAN_POINT('',(-6.5,2.598076211353));
#8400 = CARTESIAN_POINT('',(-2.,5.196152422707));
#8401 = CARTESIAN_POINT('',(-2.,0.));
#8402 = ( GEOMETRIC_REPRESENTATION_CONTEXT(2) 
PARAMETRIC_REPRESENTATION_CONTEXT() REPRESENTATION_CONTEXT('2D SPACE',''
  ) );
#8403 = ORIENTED_EDGE('',*,*,#8330,.F.);
#8404 = ADVANCED_FACE('',(#8405),#7270,.F.);
#8405 = FACE_BOUND('',#8406,.F.);
#8406 = EDGE_LOOP('',(#8407,#8408,#8409,#8432));
#8407 = ORIENTED_EDGE('',*,*,#7254,.F.);
#8408 = ORIENTED_EDGE('',*,*,#8355,.T.);
#8409 = ORIENTED_EDGE('',*,*,#8410,.T.);
#8410 = EDGE_CURVE('',#8356,#8411,#8413,.T.);
#8411 = VERTEX_POINT('',#8412);
#8412 = CARTESIAN_POINT('',(39.,7.,6.));
#8413 = SURFACE_CURVE('',#8414,(#8418,#8425),.PCURVE_S1.);
#8414 = LINE('',#8415,#8416);
#8415 = CARTESIAN_POINT('',(39.,-7.,6.));
#8416 = VECTOR('',#8417,1.);
#8417 = DIRECTION('',(0.,1.,-0.));
#8418 = PCURVE('',#7270,#8419);
#8419 = DEFINITIONAL_REPRESENTATION('',(#8420),#8424);
#8420 = LINE('',#8421,#8422);
#8421 = CARTESIAN_POINT('',(6.,0.));
#8422 = VECTOR('',#8423,1.);
#8423 = DIRECTION('',(0.,1.));
#8424 = ( GEOMETRIC_REPRESENTATION_CONTEXT(2) 
PARAMETRIC_REPRESENTATION_CONTEXT() REPRESENTATION_CONTEXT('2D SPACE',''
  ) );
#8425 = PCURVE('',#7919,#8426);
#8426 = DEFINITIONAL_REPRESENTATION('',(#8427),#8431);
#8427 = LINE('',#8428,#8429);
#8428 = CARTESIAN_POINT('',(-8.,0.));
#8429 = VECTOR('',#8430,1.);
#8430 = DIRECTION('',(0.,1.));
#8431 = ( GEOMETRIC_REPRESENTATION_CONTEXT(2) 
PARAMETRIC_REPRESENTATION_CONTEXT() REPRESENTATION_CONTEXT('2D SPACE',''
  ) );
#8432 = ORIENTED_EDGE('',*,*,#8433,.F.);
#8433 = EDGE_CURVE('',#7255,#8411,#8434,.T.);
#8434 = SURFACE_CURVE('',#8435,(#8439,#8446),.PCURVE_S1.);
#8435 = LINE('',#8436,#8437);
#8436 = CARTESIAN_POINT('',(39.,7.,0.));
#8437 = VECTOR('',#8438,1.);
#8438 = DIRECTION('',(0.,0.,1.));
#8439 = PCURVE('',#7270,#8440);
#8440 = DEFINITIONAL_REPRESENTATION('',(#8441),#8445);
#8441 = LINE('',#8442,#8443);
#8442 = CARTESIAN_POINT('',(0.,14.));
#8443 = VECTOR('',#8444,1.);
#8444 = DIRECTION('',(1.,0.));
#8445 = ( GEOMETRIC_REPRESENTATION_CONTEXT(2) 
PARAMETRIC_REPRESENTATION_CONTEXT() REPRESENTATION_CONTEXT('2D SPACE',''
  ) );
#8446 = PCURVE('',#7303,#8447);
#8447 = DEFINITIONAL_REPRESENTATION('',(#8448),#8452);
#8448 = LINE('',#8449,#8450);
#8449 = CARTESIAN_POINT('',(-0.,0.));
#8450 = VECTOR('',#8451,1.);
#8451 = DIRECTION('',(-0.,1.));
#8452 = ( GEOMETRIC_REPRESENTATION_CONTEXT(2) 
PARAMETRIC_REPRESENTATION_CONTEXT() REPRESENTATION_CONTEXT('2D SPACE',''
  ) );
#8453 = ADVANCED_FACE('',(#8454),#7303,.F.);
#8454 = FACE_BOUND('',#8455,.T.);
#8455 = EDGE_LOOP('',(#8456,#8457,#8480,#8502));
#8456 = ORIENTED_EDGE('',*,*,#7282,.T.);
#8457 = ORIENTED_EDGE('',*,*,#8458,.T.);
#8458 = EDGE_CURVE('',#7283,#8459,#8461,.T.);
#8459 = VERTEX_POINT('',#8460);
#8460 = CARTESIAN_POINT('',(41.,7.,6.));
#8461 = SURFACE_CURVE('',#8462,(#8466,#8473),.PCURVE_S1.);
#8462 = LINE('',#8463,#8464);
#8463 = CARTESIAN_POINT('',(41.,7.,0.));
#8464 = VECTOR('',#8465,1.);
#8465 = DIRECTION('',(-0.,-0.,1.));
#8466 = PCURVE('',#7303,#8467);
#8467 = DEFINITIONAL_REPRESENTATION('',(#8468),#8472);
#8468 = LINE('',#8469,#8470);
#8469 = CARTESIAN_POINT('',(-3.14159265359,0.));
#8470 = VECTOR('',#8471,1.);
#8471 = DIRECTION('',(-0.,1.));
#8472 = ( GEOMETRIC_REPRESENTATION_CONTEXT(2) 
PARAMETRIC_REPRESENTATION_CONTEXT() REPRESENTATION_CONTEXT('2D SPACE',''
  ) );
#8473 = PCURVE('',#7331,#8474);
#8474 = DEFINITIONAL_REPRESENTATION('',(#8475),#8479);
#8475 = LINE('',#8476,#8477);
#8476 = CARTESIAN_POINT('',(0.,0.));
#8477 = VECTOR('',#8478,1.);
#8478 = DIRECTION('',(1.,0.));
#8479 = ( GEOMETRIC_REPRESENTATION_CONTEXT(2) 
PARAMETRIC_REPRESENTATION_CONTEXT() REPRESENTATION_CONTEXT('2D SPACE',''
  ) );
#8480 = ORIENTED_EDGE('',*,*,#8481,.F.);
#8481 = EDGE_CURVE('',#8411,#8459,#8482,.T.);
#8482 = SURFACE_CURVE('',#8483,(#8488,#8495),.PCURVE_S1.);
#8483 = CIRCLE('',#8484,1.);
#8484 = AXIS2_PLACEMENT_3D('',#8485,#8486,#8487);
#8485 = CARTESIAN_POINT('',(40.,7.,6.));
#8486 = DIRECTION('',(0.,0.,-1.));
#8487 = DIRECTION('',(-1.,0.,0.));
#8488 = PCURVE('',#7303,#8489);
#8489 = DEFINITIONAL_REPRESENTATION('',(#8490),#8494);
#8490 = LINE('',#8491,#8492);
#8491 = CARTESIAN_POINT('',(-0.,6.));
#8492 = VECTOR('',#8493,1.);
#8493 = DIRECTION('',(-1.,0.));
#8494 = ( GEOMETRIC_REPRESENTATION_CONTEXT(2) 
PARAMETRIC_REPRESENTATION_CONTEXT() REPRESENTATION_CONTEXT('2D SPACE',''
  ) );
#8495 = PCURVE('',#7919,#8496);
#8496 = DEFINITIONAL_REPRESENTATION('',(#8497),#8501);
#8497 = CIRCLE('',#8498,1.);
#8498 = AXIS2_PLACEMENT_2D('',#8499,#8500);
#8499 = CARTESIAN_POINT('',(-9.,14.));
#8500 = DIRECTION('',(1.,0.));
#8501 = ( GEOMETRIC_REPRESENTATION_CONTEXT(2) 
PARAMETRIC_REPRESENTATION_CONTEXT() REPRESENTATION_CONTEXT('2D SPACE',''
  ) );
#8502 = ORIENTED_EDGE('',*,*,#8433,.F.);
#8503 = ADVANCED_FACE('',(#8504),#7331,.F.);
#8504 = FACE_BOUND('',#8505,.F.);
#8505 = EDGE_LOOP('',(#8506,#8507,#8508,#8531));
#8506 = ORIENTED_EDGE('',*,*,#7315,.F.);
#8507 = ORIENTED_EDGE('',*,*,#8458,.T.);
#8508 = ORIENTED_EDGE('',*,*,#8509,.T.);
#8509 = EDGE_CURVE('',#8459,#8510,#8512,.T.);
#8510 = VERTEX_POINT('',#8511);
#8511 = CARTESIAN_POINT('',(41.,-7.,6.));
#8512 = SURFACE_CURVE('',#8513,(#8517,#8524),.PCURVE_S1.);
#8513 = LINE('',#8514,#8515);
#8514 = CARTESIAN_POINT('',(41.,7.,6.));
#8515 = VECTOR('',#8516,1.);
#8516 = DIRECTION('',(-1.586032892322E-17,-1.,0.));
#8517 = PCURVE('',#7331,#8518);
#8518 = DEFINITIONAL_REPRESENTATION('',(#8519),#8523);
#8519 = LINE('',#8520,#8521);
#8520 = CARTESIAN_POINT('',(6.,0.));
#8521 = VECTOR('',#8522,1.);
#8522 = DIRECTION('',(0.,1.));
#8523 = ( GEOMETRIC_REPRESENTATION_CONTEXT(2) 
PARAMETRIC_REPRESENTATION_CONTEXT() REPRESENTATION_CONTEXT('2D SPACE',''
  ) );
#8524 = PCURVE('',#7919,#8525);
#8525 = DEFINITIONAL_REPRESENTATION('',(#8526),#8530);
#8526 = LINE('',#8527,#8528);
#8527 = CARTESIAN_POINT('',(-10.,14.));
#8528 = VECTOR('',#8529,1.);
#8529 = DIRECTION('',(1.586032892322E-17,-1.));
#8530 = ( GEOMETRIC_REPRESENTATION_CONTEXT(2) 
PARAMETRIC_REPRESENTATION_CONTEXT() REPRESENTATION_CONTEXT('2D SPACE',''
  ) );
#8531 = ORIENTED_EDGE('',*,*,#8532,.F.);
#8532 = EDGE_CURVE('',#7316,#8510,#8533,.T.);
#8533 = SURFACE_CURVE('',#8534,(#8538,#8545),.PCURVE_S1.);
#8534 = LINE('',#8535,#8536);
#8535 = CARTESIAN_POINT('',(41.,-7.,0.));
#8536 = VECTOR('',#8537,1.);
#8537 = DIRECTION('',(0.,0.,1.));
#8538 = PCURVE('',#7331,#8539);
#8539 = DEFINITIONAL_REPRESENTATION('',(#8540),#8544);
#8540 = LINE('',#8541,#8542);
#8541 = CARTESIAN_POINT('',(0.,14.));
#8542 = VECTOR('',#8543,1.);
#8543 = DIRECTION('',(1.,0.));
#8544 = ( GEOMETRIC_REPRESENTATION_CONTEXT(2) 
PARAMETRIC_REPRESENTATION_CONTEXT() REPRESENTATION_CONTEXT('2D SPACE',''
  ) );
#8545 = PCURVE('',#7360,#8546);
#8546 = DEFINITIONAL_REPRESENTATION('',(#8547),#8551);
#8547 = LINE('',#8548,#8549);
#8548 = CARTESIAN_POINT('',(0.,0.));
#8549 = VECTOR('',#8550,1.);
#8550 = DIRECTION('',(0.,1.));
#8551 = ( GEOMETRIC_REPRESENTATION_CONTEXT(2) 
PARAMETRIC_REPRESENTATION_CONTEXT() REPRESENTATION_CONTEXT('2D SPACE',''
  ) );
#8552 = ADVANCED_FACE('',(#8553),#7360,.T.);
#8553 = FACE_BOUND('',#8554,.T.);
#8554 = EDGE_LOOP('',(#8555,#8556,#8579,#8605));
#8555 = ORIENTED_EDGE('',*,*,#7343,.T.);
#8556 = ORIENTED_EDGE('',*,*,#8557,.T.);
#8557 = EDGE_CURVE('',#7344,#8558,#8560,.T.);
#8558 = VERTEX_POINT('',#8559);
#8559 = CARTESIAN_POINT('',(47.,-7.,6.));
#8560 = SURFACE_CURVE('',#8561,(#8565,#8572),.PCURVE_S1.);
#8561 = LINE('',#8562,#8563);
#8562 = CARTESIAN_POINT('',(47.,-7.,0.));
#8563 = VECTOR('',#8564,1.);
#8564 = DIRECTION('',(0.,0.,1.));
#8565 = PCURVE('',#7360,#8566);
#8566 = DEFINITIONAL_REPRESENTATION('',(#8567),#8571);
#8567 = LINE('',#8568,#8569);
#8568 = CARTESIAN_POINT('',(3.14159265359,0.));
#8569 = VECTOR('',#8570,1.);
#8570 = DIRECTION('',(0.,1.));
#8571 = ( GEOMETRIC_REPRESENTATION_CONTEXT(2) 
PARAMETRIC_REPRESENTATION_CONTEXT() REPRESENTATION_CONTEXT('2D SPACE',''
  ) );
#8572 = PCURVE('',#7388,#8573);
#8573 = DEFINITIONAL_REPRESENTATION('',(#8574),#8578);
#8574 = LINE('',#8575,#8576);
#8575 = CARTESIAN_POINT('',(0.,0.));
#8576 = VECTOR('',#8577,1.);
#8577 = DIRECTION('',(1.,0.));
#8578 = ( GEOMETRIC_REPRESENTATION_CONTEXT(2) 
PARAMETRIC_REPRESENTATION_CONTEXT() REPRESENTATION_CONTEXT('2D SPACE',''
  ) );
#8579 = ORIENTED_EDGE('',*,*,#8580,.F.);
#8580 = EDGE_CURVE('',#8510,#8558,#8581,.T.);
#8581 = SURFACE_CURVE('',#8582,(#8587,#8594),.PCURVE_S1.);
#8582 = CIRCLE('',#8583,3.);
#8583 = AXIS2_PLACEMENT_3D('',#8584,#8585,#8586);
#8584 = CARTESIAN_POINT('',(44.,-7.,6.));
#8585 = DIRECTION('',(0.,0.,1.));
#8586 = DIRECTION('',(-1.,0.,0.));
#8587 = PCURVE('',#7360,#8588);
#8588 = DEFINITIONAL_REPRESENTATION('',(#8589),#8593);
#8589 = LINE('',#8590,#8591);
#8590 = CARTESIAN_POINT('',(0.,6.));
#8591 = VECTOR('',#8592,1.);
#8592 = DIRECTION('',(1.,0.));
#8593 = ( GEOMETRIC_REPRESENTATION_CONTEXT(2) 
PARAMETRIC_REPRESENTATION_CONTEXT() REPRESENTATION_CONTEXT('2D SPACE',''
  ) );
#8594 = PCURVE('',#7919,#8595);
#8595 = DEFINITIONAL_REPRESENTATION('',(#8596),#8604);
#8596 = ( BOUNDED_CURVE() B_SPLINE_CURVE(2,(#8597,#8598,#8599,#8600,
#8601,#8602,#8603),.UNSPECIFIED.,.T.,.F.) B_SPLINE_CURVE_WITH_KNOTS((1,2
    ,2,2,2,1),(-2.094395102393,0.,2.094395102393,4.188790204786,
6.28318530718,8.377580409573),.UNSPECIFIED.) CURVE() 
GEOMETRIC_REPRESENTATION_ITEM() RATIONAL_B_SPLINE_CURVE((1.,0.5,1.,0.5,
1.,0.5,1.)) REPRESENTATION_ITEM('') );
#8597 = CARTESIAN_POINT('',(-10.,0.));
#8598 = CARTESIAN_POINT('',(-10.,-5.196152422707));
#8599 = CARTESIAN_POINT('',(-14.5,-2.598076211353));
#8600 = CARTESIAN_POINT('',(-19.,-7.347880794884E-16));
#8601 = CARTESIAN_POINT('',(-14.5,2.598076211353));
#8602 = CARTESIAN_POINT('',(-10.,5.196152422707));
#8603 = CARTESIAN_POINT('',(-10.,0.));
#8604 = ( GEOMETRIC_REPRESENTATION_CONTEXT(2) 
PARAMETRIC_REPRESENTATION_CONTEXT() REPRESENTATION_CONTEXT('2D SPACE',''
  ) );
#8605 = ORIENTED_EDGE('',*,*,#8532,.F.);
#8606 = ADVANCED_FACE('',(#8607),#7388,.F.);
#8607 = FACE_BOUND('',#8608,.F.);
#8608 = EDGE_LOOP('',(#8609,#8610,#8611,#8634));
#8609 = ORIENTED_EDGE('',*,*,#7372,.F.);
#8610 = ORIENTED_EDGE('',*,*,#8557,.T.);
#8611 = ORIENTED_EDGE('',*,*,#8612,.T.);
#8612 = EDGE_CURVE('',#8558,#8613,#8615,.T.);
#8613 = VERTEX_POINT('',#8614);
#8614 = CARTESIAN_POINT('',(47.,7.,6.));
#8615 = SURFACE_CURVE('',#8616,(#8620,#8627),.PCURVE_S1.);
#8616 = LINE('',#8617,#8618);
#8617 = CARTESIAN_POINT('',(47.,-7.,6.));
#8618 = VECTOR('',#8619,1.);
#8619 = DIRECTION('',(0.,1.,-0.));
#8620 = PCURVE('',#7388,#8621);
#8621 = DEFINITIONAL_REPRESENTATION('',(#8622),#8626);
#8622 = LINE('',#8623,#8624);
#8623 = CARTESIAN_POINT('',(6.,0.));
#8624 = VECTOR('',#8625,1.);
#8625 = DIRECTION('',(0.,1.));
#8626 = ( GEOMETRIC_REPRESENTATION_CONTEXT(2) 
PARAMETRIC_REPRESENTATION_CONTEXT() REPRESENTATION_CONTEXT('2D SPACE',''
  ) );
#8627 = PCURVE('',#7919,#8628);
#8628 = DEFINITIONAL_REPRESENTATION('',(#8629),#8633);
#8629 = LINE('',#8630,#8631);
#8630 = CARTESIAN_POINT('',(-16.,0.));
#8631 = VECTOR('',#8632,1.);
#8632 = DIRECTION('',(0.,1.));
#8633 = ( GEOMETRIC_REPRESENTATION_CONTEXT(2) 
PARAMETRIC_REPRESENTATION_CONTEXT() REPRESENTATION_CONTEXT('2D SPACE',''
  ) );
#8634 = ORIENTED_EDGE('',*,*,#8635,.F.);
#8635 = EDGE_CURVE('',#7373,#8613,#8636,.T.);
#8636 = SURFACE_CURVE('',#8637,(#8641,#8648),.PCURVE_S1.);
#8637 = LINE('',#8638,#8639);
#8638 = CARTESIAN_POINT('',(47.,7.,0.));
#8639 = VECTOR('',#8640,1.);
#8640 = DIRECTION('',(0.,0.,1.));
#8641 = PCURVE('',#7388,#8642);
#8642 = DEFINITIONAL_REPRESENTATION('',(#8643),#8647);
#8643 = LINE('',#8644,#8645);
#8644 = CARTESIAN_POINT('',(0.,14.));
#8645 = VECTOR('',#8646,1.);
#8646 = DIRECTION('',(1.,0.));
#8647 = ( GEOMETRIC_REPRESENTATION_CONTEXT(2) 
PARAMETRIC_REPRESENTATION_CONTEXT() REPRESENTATION_CONTEXT('2D SPACE',''
  ) );
#8648 = PCURVE('',#7421,#8649);
#8649 = DEFINITIONAL_REPRESENTATION('',(#8650),#8654);
#8650 = LINE('',#8651,#8652);
#8651 = CARTESIAN_POINT('',(-0.,0.));
#8652 = VECTOR('',#8653,1.);
#8653 = DIRECTION('',(-0.,1.));
#8654 = ( GEOMETRIC_REPRESENTATION_CONTEXT(2) 
PARAMETRIC_REPRESENTATION_CONTEXT() REPRESENTATION_CONTEXT('2D SPACE',''
  ) );
#8655 = ADVANCED_FACE('',(#8656),#7421,.F.);
#8656 = FACE_BOUND('',#8657,.T.);
#8657 = EDGE_LOOP('',(#8658,#8659,#8682,#8704));
#8658 = ORIENTED_EDGE('',*,*,#7400,.T.);
#8659 = ORIENTED_EDGE('',*,*,#8660,.T.);
#8660 = EDGE_CURVE('',#7401,#8661,#8663,.T.);
#8661 = VERTEX_POINT('',#8662);
#8662 = CARTESIAN_POINT('',(49.,7.,6.));
#8663 = SURFACE_CURVE('',#8664,(#8668,#8675),.PCURVE_S1.);
#8664 = LINE('',#8665,#8666);
#8665 = CARTESIAN_POINT('',(49.,7.,0.));
#8666 = VECTOR('',#8667,1.);
#8667 = DIRECTION('',(-0.,-0.,1.));
#8668 = PCURVE('',#7421,#8669);
#8669 = DEFINITIONAL_REPRESENTATION('',(#8670),#8674);
#8670 = LINE('',#8671,#8672);
#8671 = CARTESIAN_POINT('',(-3.14159265359,0.));
#8672 = VECTOR('',#8673,1.);
#8673 = DIRECTION('',(-0.,1.));
#8674 = ( GEOMETRIC_REPRESENTATION_CONTEXT(2) 
PARAMETRIC_REPRESENTATION_CONTEXT() REPRESENTATION_CONTEXT('2D SPACE',''
  ) );
#8675 = PCURVE('',#7449,#8676);
#8676 = DEFINITIONAL_REPRESENTATION('',(#8677),#8681);
#8677 = LINE('',#8678,#8679);
#8678 = CARTESIAN_POINT('',(0.,0.));
#8679 = VECTOR('',#8680,1.);
#8680 = DIRECTION('',(1.,0.));
#8681 = ( GEOMETRIC_REPRESENTATION_CONTEXT(2) 
PARAMETRIC_REPRESENTATION_CONTEXT() REPRESENTATION_CONTEXT('2D SPACE',''
  ) );
#8682 = ORIENTED_EDGE('',*,*,#8683,.F.);
#8683 = EDGE_CURVE('',#8613,#8661,#8684,.T.);
#8684 = SURFACE_CURVE('',#8685,(#8690,#8697),.PCURVE_S1.);
#8685 = CIRCLE('',#8686,1.);
#8686 = AXIS2_PLACEMENT_3D('',#8687,#8688,#8689);
#8687 = CARTESIAN_POINT('',(48.,7.,6.));
#8688 = DIRECTION('',(0.,0.,-1.));
#8689 = DIRECTION('',(-1.,0.,0.));
#8690 = PCURVE('',#7421,#8691);
#8691 = DEFINITIONAL_REPRESENTATION('',(#8692),#8696);
#8692 = LINE('',#8693,#8694);
#8693 = CARTESIAN_POINT('',(-0.,6.));
#8694 = VECTOR('',#8695,1.);
#8695 = DIRECTION('',(-1.,0.));
#8696 = ( GEOMETRIC_REPRESENTATION_CONTEXT(2) 
PARAMETRIC_REPRESENTATION_CONTEXT() REPRESENTATION_CONTEXT('2D SPACE',''
  ) );
#8697 = PCURVE('',#7919,#8698);
#8698 = DEFINITIONAL_REPRESENTATION('',(#8699),#8703);
#8699 = CIRCLE('',#8700,1.);
#8700 = AXIS2_PLACEMENT_2D('',#8701,#8702);
#8701 = CARTESIAN_POINT('',(-17.,14.));
#8702 = DIRECTION('',(1.,0.));
#8703 = ( GEOMETRIC_REPRESENTATION_CONTEXT(2) 
PARAMETRIC_REPRESENTATION_CONTEXT() REPRESENTATION_CONTEXT('2D SPACE',''
  ) );
#8704 = ORIENTED_EDGE('',*,*,#8635,.F.);
#8705 = ADVANCED_FACE('',(#8706),#7449,.F.);
#8706 = FACE_BOUND('',#8707,.F.);
#8707 = EDGE_LOOP('',(#8708,#8709,#8710,#8733));
#8708 = ORIENTED_EDGE('',*,*,#7433,.F.);
#8709 = ORIENTED_EDGE('',*,*,#8660,.T.);
#8710 = ORIENTED_EDGE('',*,*,#8711,.T.);
#8711 = EDGE_CURVE('',#8661,#8712,#8714,.T.);
#8712 = VERTEX_POINT('',#8713);
#8713 = CARTESIAN_POINT('',(49.,-7.,6.));
#8714 = SURFACE_CURVE('',#8715,(#8719,#8726),.PCURVE_S1.);
#8715 = LINE('',#8716,#8717);
#8716 = CARTESIAN_POINT('',(49.,7.,6.));
#8717 = VECTOR('',#8718,1.);
#8718 = DIRECTION('',(0.,-1.,0.));
#8719 = PCURVE('',#7449,#8720);
#8720 = DEFINITIONAL_REPRESENTATION('',(#8721),#8725);
#8721 = LINE('',#8722,#8723);
#8722 = CARTESIAN_POINT('',(6.,0.));
#8723 = VECTOR('',#8724,1.);
#8724 = DIRECTION('',(0.,1.));
#8725 = ( GEOMETRIC_REPRESENTATION_CONTEXT(2) 
PARAMETRIC_REPRESENTATION_CONTEXT() REPRESENTATION_CONTEXT('2D SPACE',''
  ) );
#8726 = PCURVE('',#7919,#8727);
#8727 = DEFINITIONAL_REPRESENTATION('',(#8728),#8732);
#8728 = LINE('',#8729,#8730);
#8729 = CARTESIAN_POINT('',(-18.,14.));
#8730 = VECTOR('',#8731,1.);
#8731 = DIRECTION('',(0.,-1.));
#8732 = ( GEOMETRIC_REPRESENTATION_CONTEXT(2) 
PARAMETRIC_REPRESENTATION_CONTEXT() REPRESENTATION_CONTEXT('2D SPACE',''
  ) );
#8733 = ORIENTED_EDGE('',*,*,#8734,.F.);
#8734 = EDGE_CURVE('',#7434,#8712,#8735,.T.);
#8735 = SURFACE_CURVE('',#8736,(#8740,#8747),.PCURVE_S1.);
#8736 = LINE('',#8737,#8738);
#8737 = CARTESIAN_POINT('',(49.,-7.,0.));
#8738 = VECTOR('',#8739,1.);
#8739 = DIRECTION('',(0.,0.,1.));
#8740 = PCURVE('',#7449,#8741);
#8741 = DEFINITIONAL_REPRESENTATION('',(#8742),#8746);
#8742 = LINE('',#8743,#8744);
#8743 = CARTESIAN_POINT('',(0.,14.));
#8744 = VECTOR('',#8745,1.);
#8745 = DIRECTION('',(1.,0.));
#8746 = ( GEOMETRIC_REPRESENTATION_CONTEXT(2) 
PARAMETRIC_REPRESENTATION_CONTEXT() REPRESENTATION_CONTEXT('2D SPACE',''
  ) );
#8747 = PCURVE('',#7478,#8748);
#8748 = DEFINITIONAL_REPRESENTATION('',(#8749),#8753);
#8749 = LINE('',#8750,#8751);
#8750 = CARTESIAN_POINT('',(0.,0.));
#8751 = VECTOR('',#8752,1.);
#8752 = DIRECTION('',(0.,1.));
#8753 = ( GEOMETRIC_REPRESENTATION_CONTEXT(2) 
PARAMETRIC_REPRESENTATION_CONTEXT() REPRESENTATION_CONTEXT('2D SPACE',''
  ) );
#8754 = ADVANCED_FACE('',(#8755),#7478,.T.);
#8755 = FACE_BOUND('',#8756,.T.);
#8756 = EDGE_LOOP('',(#8757,#8758,#8781,#8807));
#8757 = ORIENTED_EDGE('',*,*,#7461,.T.);
#8758 = ORIENTED_EDGE('',*,*,#8759,.T.);
#8759 = EDGE_CURVE('',#7462,#8760,#8762,.T.);
#8760 = VERTEX_POINT('',#8761);
#8761 = CARTESIAN_POINT('',(55.,-7.,6.));
#8762 = SURFACE_CURVE('',#8763,(#8767,#8774),.PCURVE_S1.);
#8763 = LINE('',#8764,#8765);
#8764 = CARTESIAN_POINT('',(55.,-7.,0.));
#8765 = VECTOR('',#8766,1.);
#8766 = DIRECTION('',(0.,0.,1.));
#8767 = PCURVE('',#7478,#8768);
#8768 = DEFINITIONAL_REPRESENTATION('',(#8769),#8773);
#8769 = LINE('',#8770,#8771);
#8770 = CARTESIAN_POINT('',(3.14159265359,0.));
#8771 = VECTOR('',#8772,1.);
#8772 = DIRECTION('',(0.,1.));
#8773 = ( GEOMETRIC_REPRESENTATION_CONTEXT(2) 
PARAMETRIC_REPRESENTATION_CONTEXT() REPRESENTATION_CONTEXT('2D SPACE',''
  ) );
#8774 = PCURVE('',#7506,#8775);
#8775 = DEFINITIONAL_REPRESENTATION('',(#8776),#8780);
#8776 = LINE('',#8777,#8778);
#8777 = CARTESIAN_POINT('',(0.,0.));
#8778 = VECTOR('',#8779,1.);
#8779 = DIRECTION('',(1.,0.));
#8780 = ( GEOMETRIC_REPRESENTATION_CONTEXT(2) 
PARAMETRIC_REPRESENTATION_CONTEXT() REPRESENTATION_CONTEXT('2D SPACE',''
  ) );
#8781 = ORIENTED_EDGE('',*,*,#8782,.F.);
#8782 = EDGE_CURVE('',#8712,#8760,#8783,.T.);
#8783 = SURFACE_CURVE('',#8784,(#8789,#8796),.PCURVE_S1.);
#8784 = CIRCLE('',#8785,3.);
#8785 = AXIS2_PLACEMENT_3D('',#8786,#8787,#8788);
#8786 = CARTESIAN_POINT('',(52.,-7.,6.));
#8787 = DIRECTION('',(0.,0.,1.));
#8788 = DIRECTION('',(-1.,0.,0.));
#8789 = PCURVE('',#7478,#8790);
#8790 = DEFINITIONAL_REPRESENTATION('',(#8791),#8795);
#8791 = LINE('',#8792,#8793);
#8792 = CARTESIAN_POINT('',(0.,6.));
#8793 = VECTOR('',#8794,1.);
#8794 = DIRECTION('',(1.,0.));
#8795 = ( GEOMETRIC_REPRESENTATION_CONTEXT(2) 
PARAMETRIC_REPRESENTATION_CONTEXT() REPRESENTATION_CONTEXT('2D SPACE',''
  ) );
#8796 = PCURVE('',#7919,#8797);
#8797 = DEFINITIONAL_REPRESENTATION('',(#8798),#8806);
#8798 = ( BOUNDED_CURVE() B_SPLINE_CURVE(2,(#8799,#8800,#8801,#8802,
#8803,#8804,#8805),.UNSPECIFIED.,.T.,.F.) B_SPLINE_CURVE_WITH_KNOTS((1,2
    ,2,2,2,1),(-2.094395102393,0.,2.094395102393,4.188790204786,
6.28318530718,8.377580409573),.UNSPECIFIED.) CURVE() 
GEOMETRIC_REPRESENTATION_ITEM() RATIONAL_B_SPLINE_CURVE((1.,0.5,1.,0.5,
1.,0.5,1.)) REPRESENTATION_ITEM('') );
#8799 = CARTESIAN_POINT('',(-18.,0.));
#8800 = CARTESIAN_POINT('',(-18.,-5.196152422707));
#8801 = CARTESIAN_POINT('',(-22.5,-2.598076211353));
#8802 = CARTESIAN_POINT('',(-27.,-7.347880794884E-16));
#8803 = CARTESIAN_POINT('',(-22.5,2.598076211353));
#8804 = CARTESIAN_POINT('',(-18.,5.196152422707));
#8805 = CARTESIAN_POINT('',(-18.,0.));
#8806 = ( GEOMETRIC_REPRESENTATION_CONTEXT(2) 
PARAMETRIC_REPRESENTATION_CONTEXT() REPRESENTATION_CONTEXT('2D SPACE',''
  ) );
#8807 = ORIENTED_EDGE('',*,*,#8734,.F.);
#8808 = ADVANCED_FACE('',(#8809),#7506,.F.);
#8809 = FACE_BOUND('',#8810,.F.);
#8810 = EDGE_LOOP('',(#8811,#8812,#8813,#8836,#8859,#8887,#8915,#8943));
#8811 = ORIENTED_EDGE('',*,*,#7490,.F.);
#8812 = ORIENTED_EDGE('',*,*,#8759,.T.);
#8813 = ORIENTED_EDGE('',*,*,#8814,.T.);
#8814 = EDGE_CURVE('',#8760,#8815,#8817,.T.);
#8815 = VERTEX_POINT('',#8816);
#8816 = CARTESIAN_POINT('',(55.,7.,6.));
#8817 = SURFACE_CURVE('',#8818,(#8822,#8829),.PCURVE_S1.);
#8818 = LINE('',#8819,#8820);
#8819 = CARTESIAN_POINT('',(55.,-7.,6.));
#8820 = VECTOR('',#8821,1.);
#8821 = DIRECTION('',(0.,1.,-0.));
#8822 = PCURVE('',#7506,#8823);
#8823 = DEFINITIONAL_REPRESENTATION('',(#8824),#8828);
#8824 = LINE('',#8825,#8826);
#8825 = CARTESIAN_POINT('',(6.,0.));
#8826 = VECTOR('',#8827,1.);
#8827 = DIRECTION('',(0.,1.));
#8828 = ( GEOMETRIC_REPRESENTATION_CONTEXT(2) 
PARAMETRIC_REPRESENTATION_CONTEXT() REPRESENTATION_CONTEXT('2D SPACE',''
  ) );
#8829 = PCURVE('',#7919,#8830);
#8830 = DEFINITIONAL_REPRESENTATION('',(#8831),#8835);
#8831 = LINE('',#8832,#8833);
#8832 = CARTESIAN_POINT('',(-24.,0.));
#8833 = VECTOR('',#8834,1.);
#8834 = DIRECTION('',(0.,1.));
#8835 = ( GEOMETRIC_REPRESENTATION_CONTEXT(2) 
PARAMETRIC_REPRESENTATION_CONTEXT() REPRESENTATION_CONTEXT('2D SPACE',''
  ) );
#8836 = ORIENTED_EDGE('',*,*,#8837,.F.);
#8837 = EDGE_CURVE('',#8838,#8815,#8840,.T.);
#8838 = VERTEX_POINT('',#8839);
#8839 = CARTESIAN_POINT('',(55.,7.,5.9));
#8840 = SURFACE_CURVE('',#8841,(#8845,#8852),.PCURVE_S1.);
#8841 = LINE('',#8842,#8843);
#8842 = CARTESIAN_POINT('',(55.,7.,0.));
#8843 = VECTOR('',#8844,1.);
#8844 = DIRECTION('',(0.,0.,1.));
#8845 = PCURVE('',#7506,#8846);
#8846 = DEFINITIONAL_REPRESENTATION('',(#8847),#8851);
#8847 = LINE('',#8848,#8849);
#8848 = CARTESIAN_POINT('',(0.,14.));
#8849 = VECTOR('',#8850,1.);
#8850 = DIRECTION('',(1.,0.));
#8851 = ( GEOMETRIC_REPRESENTATION_CONTEXT(2) 
PARAMETRIC_REPRESENTATION_CONTEXT() REPRESENTATION_CONTEXT('2D SPACE',''
  ) );
#8852 = PCURVE('',#7534,#8853);
#8853 = DEFINITIONAL_REPRESENTATION('',(#8854),#8858);
#8854 = LINE('',#8855,#8856);
#8855 = CARTESIAN_POINT('',(3.,1.));
#8856 = VECTOR('',#8857,1.);
#8857 = DIRECTION('',(-1.,0.));
#8858 = ( GEOMETRIC_REPRESENTATION_CONTEXT(2) 
PARAMETRIC_REPRESENTATION_CONTEXT() REPRESENTATION_CONTEXT('2D SPACE',''
  ) );
#8859 = ORIENTED_EDGE('',*,*,#8860,.F.);
#8860 = EDGE_CURVE('',#8861,#8838,#8863,.T.);
#8861 = VERTEX_POINT('',#8862);
#8862 = CARTESIAN_POINT('',(55.,5.1,5.9));
#8863 = SURFACE_CURVE('',#8864,(#8868,#8875),.PCURVE_S1.);
#8864 = LINE('',#8865,#8866);
#8865 = CARTESIAN_POINT('',(55.,-0.95,5.9));
#8866 = VECTOR('',#8867,1.);
#8867 = DIRECTION('',(0.,1.,-0.));
#8868 = PCURVE('',#7506,#8869);
#8869 = DEFINITIONAL_REPRESENTATION('',(#8870),#8874);
#8870 = LINE('',#8871,#8872);
#8871 = CARTESIAN_POINT('',(5.9,6.05));
#8872 = VECTOR('',#8873,1.);
#8873 = DIRECTION('',(0.,1.));
#8874 = ( GEOMETRIC_REPRESENTATION_CONTEXT(2) 
PARAMETRIC_REPRESENTATION_CONTEXT() REPRESENTATION_CONTEXT('2D SPACE',''
  ) );
#8875 = PCURVE('',#8876,#8881);
#8876 = PLANE('',#8877);
#8877 = AXIS2_PLACEMENT_3D('',#8878,#8879,#8880);
#8878 = CARTESIAN_POINT('',(53.5,5.1,5.9));
#8879 = DIRECTION('',(0.,0.,1.));
#8880 = DIRECTION('',(1.,0.,0.));
#8881 = DEFINITIONAL_REPRESENTATION('',(#8882),#8886);
#8882 = LINE('',#8883,#8884);
#8883 = CARTESIAN_POINT('',(1.5,-6.05));
#8884 = VECTOR('',#8885,1.);
#8885 = DIRECTION('',(0.,1.));
#8886 = ( GEOMETRIC_REPRESENTATION_CONTEXT(2) 
PARAMETRIC_REPRESENTATION_CONTEXT() REPRESENTATION_CONTEXT('2D SPACE',''
  ) );
#8887 = ORIENTED_EDGE('',*,*,#8888,.T.);
#8888 = EDGE_CURVE('',#8861,#8889,#8891,.T.);
#8889 = VERTEX_POINT('',#8890);
#8890 = CARTESIAN_POINT('',(55.,5.1,0.1));
#8891 = SURFACE_CURVE('',#8892,(#8896,#8903),.PCURVE_S1.);
#8892 = LINE('',#8893,#8894);
#8893 = CARTESIAN_POINT('',(55.,5.1,5.E-02));
#8894 = VECTOR('',#8895,1.);
#8895 = DIRECTION('',(0.,0.,-1.));
#8896 = PCURVE('',#7506,#8897);
#8897 = DEFINITIONAL_REPRESENTATION('',(#8898),#8902);
#8898 = LINE('',#8899,#8900);
#8899 = CARTESIAN_POINT('',(5.E-02,12.1));
#8900 = VECTOR('',#8901,1.);
#8901 = DIRECTION('',(-1.,0.));
#8902 = ( GEOMETRIC_REPRESENTATION_CONTEXT(2) 
PARAMETRIC_REPRESENTATION_CONTEXT() REPRESENTATION_CONTEXT('2D SPACE',''
  ) );
#8903 = PCURVE('',#8904,#8909);
#8904 = PLANE('',#8905);
#8905 = AXIS2_PLACEMENT_3D('',#8906,#8907,#8908);
#8906 = CARTESIAN_POINT('',(53.5,5.1,0.1));
#8907 = DIRECTION('',(0.,1.,0.));
#8908 = DIRECTION('',(0.,0.,1.));
#8909 = DEFINITIONAL_REPRESENTATION('',(#8910),#8914);
#8910 = LINE('',#8911,#8912);
#8911 = CARTESIAN_POINT('',(-5.E-02,1.5));
#8912 = VECTOR('',#8913,1.);
#8913 = DIRECTION('',(-1.,0.));
#8914 = ( GEOMETRIC_REPRESENTATION_CONTEXT(2) 
PARAMETRIC_REPRESENTATION_CONTEXT() REPRESENTATION_CONTEXT('2D SPACE',''
  ) );
#8915 = ORIENTED_EDGE('',*,*,#8916,.T.);
#8916 = EDGE_CURVE('',#8889,#8917,#8919,.T.);
#8917 = VERTEX_POINT('',#8918);
#8918 = CARTESIAN_POINT('',(55.,7.,0.1));
#8919 = SURFACE_CURVE('',#8920,(#8924,#8931),.PCURVE_S1.);
#8920 = LINE('',#8921,#8922);
#8921 = CARTESIAN_POINT('',(55.,-0.95,0.1));
#8922 = VECTOR('',#8923,1.);
#8923 = DIRECTION('',(0.,1.,-0.));
#8924 = PCURVE('',#7506,#8925);
#8925 = DEFINITIONAL_REPRESENTATION('',(#8926),#8930);
#8926 = LINE('',#8927,#8928);
#8927 = CARTESIAN_POINT('',(0.1,6.05));
#8928 = VECTOR('',#8929,1.);
#8929 = DIRECTION('',(0.,1.));
#8930 = ( GEOMETRIC_REPRESENTATION_CONTEXT(2) 
PARAMETRIC_REPRESENTATION_CONTEXT() REPRESENTATION_CONTEXT('2D SPACE',''
  ) );
#8931 = PCURVE('',#8932,#8937);
#8932 = PLANE('',#8933);
#8933 = AXIS2_PLACEMENT_3D('',#8934,#8935,#8936);
#8934 = CARTESIAN_POINT('',(53.5,5.1,0.1));
#8935 = DIRECTION('',(0.,0.,1.));
#8936 = DIRECTION('',(1.,0.,0.));
#8937 = DEFINITIONAL_REPRESENTATION('',(#8938),#8942);
#8938 = LINE('',#8939,#8940);
#8939 = CARTESIAN_POINT('',(1.5,-6.05));
#8940 = VECTOR('',#8941,1.);
#8941 = DIRECTION('',(0.,1.));
#8942 = ( GEOMETRIC_REPRESENTATION_CONTEXT(2) 
PARAMETRIC_REPRESENTATION_CONTEXT() REPRESENTATION_CONTEXT('2D SPACE',''
  ) );
#8943 = ORIENTED_EDGE('',*,*,#8944,.F.);
#8944 = EDGE_CURVE('',#7491,#8917,#8945,.T.);
#8945 = SURFACE_CURVE('',#8946,(#8950,#8957),.PCURVE_S1.);
#8946 = LINE('',#8947,#8948);
#8947 = CARTESIAN_POINT('',(55.,7.,0.));
#8948 = VECTOR('',#8949,1.);
#8949 = DIRECTION('',(0.,0.,1.));
#8950 = PCURVE('',#7506,#8951);
#8951 = DEFINITIONAL_REPRESENTATION('',(#8952),#8956);
#8952 = LINE('',#8953,#8954);
#8953 = CARTESIAN_POINT('',(0.,14.));
#8954 = VECTOR('',#8955,1.);
#8955 = DIRECTION('',(1.,0.));
#8956 = ( GEOMETRIC_REPRESENTATION_CONTEXT(2) 
PARAMETRIC_REPRESENTATION_CONTEXT() REPRESENTATION_CONTEXT('2D SPACE',''
  ) );
#8957 = PCURVE('',#7534,#8958);
#8958 = DEFINITIONAL_REPRESENTATION('',(#8959),#8963);
#8959 = LINE('',#8960,#8961);
#8960 = CARTESIAN_POINT('',(3.,1.));
#8961 = VECTOR('',#8962,1.);
#8962 = DIRECTION('',(-1.,0.));
#8963 = ( GEOMETRIC_REPRESENTATION_CONTEXT(2) 
PARAMETRIC_REPRESENTATION_CONTEXT() REPRESENTATION_CONTEXT('2D SPACE',''
  ) );
#8964 = ADVANCED_FACE('',(#8965),#7534,.F.);
#8965 = FACE_BOUND('',#8966,.F.);
#8966 = EDGE_LOOP('',(#8967,#8990,#8991,#8992,#9015,#9043,#9064,#9065));
#8967 = ORIENTED_EDGE('',*,*,#8968,.T.);
#8968 = EDGE_CURVE('',#8969,#7519,#8971,.T.);
#8969 = VERTEX_POINT('',#8970);
#8970 = CARTESIAN_POINT('',(53.,7.,6.));
#8971 = SURFACE_CURVE('',#8972,(#8976,#8983),.PCURVE_S1.);
#8972 = LINE('',#8973,#8974);
#8973 = CARTESIAN_POINT('',(53.,7.,6.));
#8974 = VECTOR('',#8975,1.);
#8975 = DIRECTION('',(0.,0.,-1.));
#8976 = PCURVE('',#7534,#8977);
#8977 = DEFINITIONAL_REPRESENTATION('',(#8978),#8982);
#8978 = LINE('',#8979,#8980);
#8979 = CARTESIAN_POINT('',(-3.,-1.));
#8980 = VECTOR('',#8981,1.);
#8981 = DIRECTION('',(1.,0.));
#8982 = ( GEOMETRIC_REPRESENTATION_CONTEXT(2) 
PARAMETRIC_REPRESENTATION_CONTEXT() REPRESENTATION_CONTEXT('2D SPACE',''
  ) );
#8983 = PCURVE('',#7562,#8984);
#8984 = DEFINITIONAL_REPRESENTATION('',(#8985),#8989);
#8985 = LINE('',#8986,#8987);
#8986 = CARTESIAN_POINT('',(0.,14.));
#8987 = VECTOR('',#8988,1.);
#8988 = DIRECTION('',(1.,0.));
#8989 = ( GEOMETRIC_REPRESENTATION_CONTEXT(2) 
PARAMETRIC_REPRESENTATION_CONTEXT() REPRESENTATION_CONTEXT('2D SPACE',''
  ) );
#8990 = ORIENTED_EDGE('',*,*,#7518,.T.);
#8991 = ORIENTED_EDGE('',*,*,#8944,.T.);
#8992 = ORIENTED_EDGE('',*,*,#8993,.T.);
#8993 = EDGE_CURVE('',#8917,#8994,#8996,.T.);
#8994 = VERTEX_POINT('',#8995);
#8995 = CARTESIAN_POINT('',(53.5,7.,0.1));
#8996 = SURFACE_CURVE('',#8997,(#9001,#9008),.PCURVE_S1.);
#8997 = LINE('',#8998,#8999);
#8998 = CARTESIAN_POINT('',(53.75,7.,0.1));
#8999 = VECTOR('',#9000,1.);
#9000 = DIRECTION('',(-1.,0.,0.));
#9001 = PCURVE('',#7534,#9002);
#9002 = DEFINITIONAL_REPRESENTATION('',(#9003),#9007);
#9003 = LINE('',#9004,#9005);
#9004 = CARTESIAN_POINT('',(2.9,-0.25));
#9005 = VECTOR('',#9006,1.);
#9006 = DIRECTION('',(0.,-1.));
#9007 = ( GEOMETRIC_REPRESENTATION_CONTEXT(2) 
PARAMETRIC_REPRESENTATION_CONTEXT() REPRESENTATION_CONTEXT('2D SPACE',''
  ) );
#9008 = PCURVE('',#8932,#9009);
#9009 = DEFINITIONAL_REPRESENTATION('',(#9010),#9014);
#9010 = LINE('',#9011,#9012);
#9011 = CARTESIAN_POINT('',(0.25,1.9));
#9012 = VECTOR('',#9013,1.);
#9013 = DIRECTION('',(-1.,0.));
#9014 = ( GEOMETRIC_REPRESENTATION_CONTEXT(2) 
PARAMETRIC_REPRESENTATION_CONTEXT() REPRESENTATION_CONTEXT('2D SPACE',''
  ) );
#9015 = ORIENTED_EDGE('',*,*,#9016,.T.);
#9016 = EDGE_CURVE('',#8994,#9017,#9019,.T.);
#9017 = VERTEX_POINT('',#9018);
#9018 = CARTESIAN_POINT('',(53.5,7.,5.9));
#9019 = SURFACE_CURVE('',#9020,(#9024,#9031),.PCURVE_S1.);
#9020 = LINE('',#9021,#9022);
#9021 = CARTESIAN_POINT('',(53.5,7.,1.55));
#9022 = VECTOR('',#9023,1.);
#9023 = DIRECTION('',(0.,0.,1.));
#9024 = PCURVE('',#7534,#9025);
#9025 = DEFINITIONAL_REPRESENTATION('',(#9026),#9030);
#9026 = LINE('',#9027,#9028);
#9027 = CARTESIAN_POINT('',(1.45,-0.5));
#9028 = VECTOR('',#9029,1.);
#9029 = DIRECTION('',(-1.,0.));
#9030 = ( GEOMETRIC_REPRESENTATION_CONTEXT(2) 
PARAMETRIC_REPRESENTATION_CONTEXT() REPRESENTATION_CONTEXT('2D SPACE',''
  ) );
#9031 = PCURVE('',#9032,#9037);
#9032 = PLANE('',#9033);
#9033 = AXIS2_PLACEMENT_3D('',#9034,#9035,#9036);
#9034 = CARTESIAN_POINT('',(53.5,5.1,0.1));
#9035 = DIRECTION('',(1.,0.,0.));
#9036 = DIRECTION('',(0.,0.,1.));
#9037 = DEFINITIONAL_REPRESENTATION('',(#9038),#9042);
#9038 = LINE('',#9039,#9040);
#9039 = CARTESIAN_POINT('',(1.45,-1.9));
#9040 = VECTOR('',#9041,1.);
#9041 = DIRECTION('',(1.,0.));
#9042 = ( GEOMETRIC_REPRESENTATION_CONTEXT(2) 
PARAMETRIC_REPRESENTATION_CONTEXT() REPRESENTATION_CONTEXT('2D SPACE',''
  ) );
#9043 = ORIENTED_EDGE('',*,*,#9044,.F.);
#9044 = EDGE_CURVE('',#8838,#9017,#9045,.T.);
#9045 = SURFACE_CURVE('',#9046,(#9050,#9057),.PCURVE_S1.);
#9046 = LINE('',#9047,#9048);
#9047 = CARTESIAN_POINT('',(53.75,7.,5.9));
#9048 = VECTOR('',#9049,1.);
#9049 = DIRECTION('',(-1.,0.,0.));
#9050 = PCURVE('',#7534,#9051);
#9051 = DEFINITIONAL_REPRESENTATION('',(#9052),#9056);
#9052 = LINE('',#9053,#9054);
#9053 = CARTESIAN_POINT('',(-2.9,-0.25));
#9054 = VECTOR('',#9055,1.);
#9055 = DIRECTION('',(0.,-1.));
#9056 = ( GEOMETRIC_REPRESENTATION_CONTEXT(2) 
PARAMETRIC_REPRESENTATION_CONTEXT() REPRESENTATION_CONTEXT('2D SPACE',''
  ) );
#9057 = PCURVE('',#8876,#9058);
#9058 = DEFINITIONAL_REPRESENTATION('',(#9059),#9063);
#9059 = LINE('',#9060,#9061);
#9060 = CARTESIAN_POINT('',(0.25,1.9));
#9061 = VECTOR('',#9062,1.);
#9062 = DIRECTION('',(-1.,0.));
#9063 = ( GEOMETRIC_REPRESENTATION_CONTEXT(2) 
PARAMETRIC_REPRESENTATION_CONTEXT() REPRESENTATION_CONTEXT('2D SPACE',''
  ) );
#9064 = ORIENTED_EDGE('',*,*,#8837,.T.);
#9065 = ORIENTED_EDGE('',*,*,#9066,.T.);
#9066 = EDGE_CURVE('',#8815,#8969,#9067,.T.);
#9067 = SURFACE_CURVE('',#9068,(#9072,#9079),.PCURVE_S1.);
#9068 = LINE('',#9069,#9070);
#9069 = CARTESIAN_POINT('',(55.,7.,6.));
#9070 = VECTOR('',#9071,1.);
#9071 = DIRECTION('',(-1.,0.,0.));
#9072 = PCURVE('',#7534,#9073);
#9073 = DEFINITIONAL_REPRESENTATION('',(#9074),#9078);
#9074 = LINE('',#9075,#9076);
#9075 = CARTESIAN_POINT('',(-3.,1.));
#9076 = VECTOR('',#9077,1.);
#9077 = DIRECTION('',(0.,-1.));
#9078 = ( GEOMETRIC_REPRESENTATION_CONTEXT(2) 
PARAMETRIC_REPRESENTATION_CONTEXT() REPRESENTATION_CONTEXT('2D SPACE',''
  ) );
#9079 = PCURVE('',#7919,#9080);
#9080 = DEFINITIONAL_REPRESENTATION('',(#9081),#9085);
#9081 = LINE('',#9082,#9083);
#9082 = CARTESIAN_POINT('',(-24.,14.));
#9083 = VECTOR('',#9084,1.);
#9084 = DIRECTION('',(1.,0.));
#9085 = ( GEOMETRIC_REPRESENTATION_CONTEXT(2) 
PARAMETRIC_REPRESENTATION_CONTEXT() REPRESENTATION_CONTEXT('2D SPACE',''
  ) );
#9086 = ADVANCED_FACE('',(#9087),#7562,.F.);
#9087 = FACE_BOUND('',#9088,.F.);
#9088 = EDGE_LOOP('',(#9089,#9112,#9133,#9134));
#9089 = ORIENTED_EDGE('',*,*,#9090,.F.);
#9090 = EDGE_CURVE('',#9091,#8969,#9093,.T.);
#9091 = VERTEX_POINT('',#9092);
#9092 = CARTESIAN_POINT('',(53.,-7.,6.));
#9093 = SURFACE_CURVE('',#9094,(#9098,#9105),.PCURVE_S1.);
#9094 = LINE('',#9095,#9096);
#9095 = CARTESIAN_POINT('',(53.,-7.,6.));
#9096 = VECTOR('',#9097,1.);
#9097 = DIRECTION('',(0.,1.,0.));
#9098 = PCURVE('',#7562,#9099);
#9099 = DEFINITIONAL_REPRESENTATION('',(#9100),#9104);
#9100 = LINE('',#9101,#9102);
#9101 = CARTESIAN_POINT('',(0.,0.));
#9102 = VECTOR('',#9103,1.);
#9103 = DIRECTION('',(0.,1.));
#9104 = ( GEOMETRIC_REPRESENTATION_CONTEXT(2) 
PARAMETRIC_REPRESENTATION_CONTEXT() REPRESENTATION_CONTEXT('2D SPACE',''
  ) );
#9105 = PCURVE('',#7919,#9106);
#9106 = DEFINITIONAL_REPRESENTATION('',(#9107),#9111);
#9107 = LINE('',#9108,#9109);
#9108 = CARTESIAN_POINT('',(-22.,0.));
#9109 = VECTOR('',#9110,1.);
#9110 = DIRECTION('',(0.,1.));
#9111 = ( GEOMETRIC_REPRESENTATION_CONTEXT(2) 
PARAMETRIC_REPRESENTATION_CONTEXT() REPRESENTATION_CONTEXT('2D SPACE',''
  ) );
#9112 = ORIENTED_EDGE('',*,*,#9113,.T.);
#9113 = EDGE_CURVE('',#9091,#7547,#9114,.T.);
#9114 = SURFACE_CURVE('',#9115,(#9119,#9126),.PCURVE_S1.);
#9115 = LINE('',#9116,#9117);
#9116 = CARTESIAN_POINT('',(53.,-7.,6.));
#9117 = VECTOR('',#9118,1.);
#9118 = DIRECTION('',(-0.,-0.,-1.));
#9119 = PCURVE('',#7562,#9120);
#9120 = DEFINITIONAL_REPRESENTATION('',(#9121),#9125);
#9121 = LINE('',#9122,#9123);
#9122 = CARTESIAN_POINT('',(0.,0.));
#9123 = VECTOR('',#9124,1.);
#9124 = DIRECTION('',(1.,0.));
#9125 = ( GEOMETRIC_REPRESENTATION_CONTEXT(2) 
PARAMETRIC_REPRESENTATION_CONTEXT() REPRESENTATION_CONTEXT('2D SPACE',''
  ) );
#9126 = PCURVE('',#7591,#9127);
#9127 = DEFINITIONAL_REPRESENTATION('',(#9128),#9132);
#9128 = LINE('',#9129,#9130);
#9129 = CARTESIAN_POINT('',(-3.14159265359,0.));
#9130 = VECTOR('',#9131,1.);
#9131 = DIRECTION('',(-0.,1.));
#9132 = ( GEOMETRIC_REPRESENTATION_CONTEXT(2) 
PARAMETRIC_REPRESENTATION_CONTEXT() REPRESENTATION_CONTEXT('2D SPACE',''
  ) );
#9133 = ORIENTED_EDGE('',*,*,#7546,.T.);
#9134 = ORIENTED_EDGE('',*,*,#8968,.F.);
#9135 = ADVANCED_FACE('',(#9136),#7591,.F.);
#9136 = FACE_BOUND('',#9137,.T.);
#9137 = EDGE_LOOP('',(#9138,#9166,#9167,#9168));
#9138 = ORIENTED_EDGE('',*,*,#9139,.T.);
#9139 = EDGE_CURVE('',#9140,#9091,#9142,.T.);
#9140 = VERTEX_POINT('',#9141);
#9141 = CARTESIAN_POINT('',(51.,-7.,6.));
#9142 = SURFACE_CURVE('',#9143,(#9148,#9155),.PCURVE_S1.);
#9143 = CIRCLE('',#9144,1.);
#9144 = AXIS2_PLACEMENT_3D('',#9145,#9146,#9147);
#9145 = CARTESIAN_POINT('',(52.,-7.,6.));
#9146 = DIRECTION('',(0.,0.,1.));
#9147 = DIRECTION('',(-1.,0.,0.));
#9148 = PCURVE('',#7591,#9149);
#9149 = DEFINITIONAL_REPRESENTATION('',(#9150),#9154);
#9150 = LINE('',#9151,#9152);
#9151 = CARTESIAN_POINT('',(-0.,0.));
#9152 = VECTOR('',#9153,1.);
#9153 = DIRECTION('',(-1.,0.));
#9154 = ( GEOMETRIC_REPRESENTATION_CONTEXT(2) 
PARAMETRIC_REPRESENTATION_CONTEXT() REPRESENTATION_CONTEXT('2D SPACE',''
  ) );
#9155 = PCURVE('',#7919,#9156);
#9156 = DEFINITIONAL_REPRESENTATION('',(#9157),#9165);
#9157 = ( BOUNDED_CURVE() B_SPLINE_CURVE(2,(#9158,#9159,#9160,#9161,
#9162,#9163,#9164),.UNSPECIFIED.,.T.,.F.) B_SPLINE_CURVE_WITH_KNOTS((1,2
    ,2,2,2,1),(-2.094395102393,0.,2.094395102393,4.188790204786,
6.28318530718,8.377580409573),.UNSPECIFIED.) CURVE() 
GEOMETRIC_REPRESENTATION_ITEM() RATIONAL_B_SPLINE_CURVE((1.,0.5,1.,0.5,
1.,0.5,1.)) REPRESENTATION_ITEM('') );
#9158 = CARTESIAN_POINT('',(-20.,0.));
#9159 = CARTESIAN_POINT('',(-20.,-1.732050807569));
#9160 = CARTESIAN_POINT('',(-21.5,-0.866025403784));
#9161 = CARTESIAN_POINT('',(-23.,-2.449293598295E-16));
#9162 = CARTESIAN_POINT('',(-21.5,0.866025403784));
#9163 = CARTESIAN_POINT('',(-20.,1.732050807569));
#9164 = CARTESIAN_POINT('',(-20.,0.));
#9165 = ( GEOMETRIC_REPRESENTATION_CONTEXT(2) 
PARAMETRIC_REPRESENTATION_CONTEXT() REPRESENTATION_CONTEXT('2D SPACE',''
  ) );
#9166 = ORIENTED_EDGE('',*,*,#9113,.T.);
#9167 = ORIENTED_EDGE('',*,*,#7574,.F.);
#9168 = ORIENTED_EDGE('',*,*,#9169,.F.);
#9169 = EDGE_CURVE('',#9140,#7575,#9170,.T.);
#9170 = SURFACE_CURVE('',#9171,(#9175,#9182),.PCURVE_S1.);
#9171 = LINE('',#9172,#9173);
#9172 = CARTESIAN_POINT('',(51.,-7.,6.));
#9173 = VECTOR('',#9174,1.);
#9174 = DIRECTION('',(0.,-0.,-1.));
#9175 = PCURVE('',#7591,#9176);
#9176 = DEFINITIONAL_REPRESENTATION('',(#9177),#9181);
#9177 = LINE('',#9178,#9179);
#9178 = CARTESIAN_POINT('',(-0.,0.));
#9179 = VECTOR('',#9180,1.);
#9180 = DIRECTION('',(-0.,1.));
#9181 = ( GEOMETRIC_REPRESENTATION_CONTEXT(2) 
PARAMETRIC_REPRESENTATION_CONTEXT() REPRESENTATION_CONTEXT('2D SPACE',''
  ) );
#9182 = PCURVE('',#7619,#9183);
#9183 = DEFINITIONAL_REPRESENTATION('',(#9184),#9188);
#9184 = LINE('',#9185,#9186);
#9185 = CARTESIAN_POINT('',(0.,14.));
#9186 = VECTOR('',#9187,1.);
#9187 = DIRECTION('',(1.,0.));
#9188 = ( GEOMETRIC_REPRESENTATION_CONTEXT(2) 
PARAMETRIC_REPRESENTATION_CONTEXT() REPRESENTATION_CONTEXT('2D SPACE',''
  ) );
#9189 = ADVANCED_FACE('',(#9190),#7619,.F.);
#9190 = FACE_BOUND('',#9191,.F.);
#9191 = EDGE_LOOP('',(#9192,#9215,#9236,#9237));
#9192 = ORIENTED_EDGE('',*,*,#9193,.F.);
#9193 = EDGE_CURVE('',#9194,#9140,#9196,.T.);
#9194 = VERTEX_POINT('',#9195);
#9195 = CARTESIAN_POINT('',(51.,7.,6.));
#9196 = SURFACE_CURVE('',#9197,(#9201,#9208),.PCURVE_S1.);
#9197 = LINE('',#9198,#9199);
#9198 = CARTESIAN_POINT('',(51.,7.,6.));
#9199 = VECTOR('',#9200,1.);
#9200 = DIRECTION('',(1.224646799147E-16,-1.,0.));
#9201 = PCURVE('',#7619,#9202);
#9202 = DEFINITIONAL_REPRESENTATION('',(#9203),#9207);
#9203 = LINE('',#9204,#9205);
#9204 = CARTESIAN_POINT('',(0.,0.));
#9205 = VECTOR('',#9206,1.);
#9206 = DIRECTION('',(0.,1.));
#9207 = ( GEOMETRIC_REPRESENTATION_CONTEXT(2) 
PARAMETRIC_REPRESENTATION_CONTEXT() REPRESENTATION_CONTEXT('2D SPACE',''
  ) );
#9208 = PCURVE('',#7919,#9209);
#9209 = DEFINITIONAL_REPRESENTATION('',(#9210),#9214);
#9210 = LINE('',#9211,#9212);
#9211 = CARTESIAN_POINT('',(-20.,14.));
#9212 = VECTOR('',#9213,1.);
#9213 = DIRECTION('',(-1.224646799147E-16,-1.));
#9214 = ( GEOMETRIC_REPRESENTATION_CONTEXT(2) 
PARAMETRIC_REPRESENTATION_CONTEXT() REPRESENTATION_CONTEXT('2D SPACE',''
  ) );
#9215 = ORIENTED_EDGE('',*,*,#9216,.T.);
#9216 = EDGE_CURVE('',#9194,#7604,#9217,.T.);
#9217 = SURFACE_CURVE('',#9218,(#9222,#9229),.PCURVE_S1.);
#9218 = LINE('',#9219,#9220);
#9219 = CARTESIAN_POINT('',(51.,7.,6.));
#9220 = VECTOR('',#9221,1.);
#9221 = DIRECTION('',(0.,0.,-1.));
#9222 = PCURVE('',#7619,#9223);
#9223 = DEFINITIONAL_REPRESENTATION('',(#9224),#9228);
#9224 = LINE('',#9225,#9226);
#9225 = CARTESIAN_POINT('',(0.,0.));
#9226 = VECTOR('',#9227,1.);
#9227 = DIRECTION('',(1.,0.));
#9228 = ( GEOMETRIC_REPRESENTATION_CONTEXT(2) 
PARAMETRIC_REPRESENTATION_CONTEXT() REPRESENTATION_CONTEXT('2D SPACE',''
  ) );
#9229 = PCURVE('',#7652,#9230);
#9230 = DEFINITIONAL_REPRESENTATION('',(#9231),#9235);
#9231 = LINE('',#9232,#9233);
#9232 = CARTESIAN_POINT('',(3.14159265359,0.));
#9233 = VECTOR('',#9234,1.);
#9234 = DIRECTION('',(0.,1.));
#9235 = ( GEOMETRIC_REPRESENTATION_CONTEXT(2) 
PARAMETRIC_REPRESENTATION_CONTEXT() REPRESENTATION_CONTEXT('2D SPACE',''
  ) );
#9236 = ORIENTED_EDGE('',*,*,#7603,.T.);
#9237 = ORIENTED_EDGE('',*,*,#9169,.F.);
#9238 = ADVANCED_FACE('',(#9239),#7652,.T.);
#9239 = FACE_BOUND('',#9240,.T.);
#9240 = EDGE_LOOP('',(#9241,#9265,#9266,#9267));
#9241 = ORIENTED_EDGE('',*,*,#9242,.T.);
#9242 = EDGE_CURVE('',#9243,#9194,#9245,.T.);
#9243 = VERTEX_POINT('',#9244);
#9244 = CARTESIAN_POINT('',(45.,7.,6.));
#9245 = SURFACE_CURVE('',#9246,(#9251,#9258),.PCURVE_S1.);
#9246 = CIRCLE('',#9247,3.);
#9247 = AXIS2_PLACEMENT_3D('',#9248,#9249,#9250);
#9248 = CARTESIAN_POINT('',(48.,7.,6.));
#9249 = DIRECTION('',(0.,0.,-1.));
#9250 = DIRECTION('',(-1.,0.,0.));
#9251 = PCURVE('',#7652,#9252);
#9252 = DEFINITIONAL_REPRESENTATION('',(#9253),#9257);
#9253 = LINE('',#9254,#9255);
#9254 = CARTESIAN_POINT('',(0.,0.));
#9255 = VECTOR('',#9256,1.);
#9256 = DIRECTION('',(1.,0.));
#9257 = ( GEOMETRIC_REPRESENTATION_CONTEXT(2) 
PARAMETRIC_REPRESENTATION_CONTEXT() REPRESENTATION_CONTEXT('2D SPACE',''
  ) );
#9258 = PCURVE('',#7919,#9259);
#9259 = DEFINITIONAL_REPRESENTATION('',(#9260),#9264);
#9260 = CIRCLE('',#9261,3.);
#9261 = AXIS2_PLACEMENT_2D('',#9262,#9263);
#9262 = CARTESIAN_POINT('',(-17.,14.));
#9263 = DIRECTION('',(1.,0.));
#9264 = ( GEOMETRIC_REPRESENTATION_CONTEXT(2) 
PARAMETRIC_REPRESENTATION_CONTEXT() REPRESENTATION_CONTEXT('2D SPACE',''
  ) );
#9265 = ORIENTED_EDGE('',*,*,#9216,.T.);
#9266 = ORIENTED_EDGE('',*,*,#7631,.F.);
#9267 = ORIENTED_EDGE('',*,*,#9268,.F.);
#9268 = EDGE_CURVE('',#9243,#7632,#9269,.T.);
#9269 = SURFACE_CURVE('',#9270,(#9274,#9281),.PCURVE_S1.);
#9270 = LINE('',#9271,#9272);
#9271 = CARTESIAN_POINT('',(45.,7.,6.));
#9272 = VECTOR('',#9273,1.);
#9273 = DIRECTION('',(0.,0.,-1.));
#9274 = PCURVE('',#7652,#9275);
#9275 = DEFINITIONAL_REPRESENTATION('',(#9276),#9280);
#9276 = LINE('',#9277,#9278);
#9277 = CARTESIAN_POINT('',(0.,0.));
#9278 = VECTOR('',#9279,1.);
#9279 = DIRECTION('',(0.,1.));
#9280 = ( GEOMETRIC_REPRESENTATION_CONTEXT(2) 
PARAMETRIC_REPRESENTATION_CONTEXT() REPRESENTATION_CONTEXT('2D SPACE',''
  ) );
#9281 = PCURVE('',#7680,#9282);
#9282 = DEFINITIONAL_REPRESENTATION('',(#9283),#9287);
#9283 = LINE('',#9284,#9285);
#9284 = CARTESIAN_POINT('',(0.,14.));
#9285 = VECTOR('',#9286,1.);
#9286 = DIRECTION('',(1.,0.));
#9287 = ( GEOMETRIC_REPRESENTATION_CONTEXT(2) 
PARAMETRIC_REPRESENTATION_CONTEXT() REPRESENTATION_CONTEXT('2D SPACE',''
  ) );
#9288 = ADVANCED_FACE('',(#9289),#7680,.F.);
#9289 = FACE_BOUND('',#9290,.F.);
#9290 = EDGE_LOOP('',(#9291,#9314,#9335,#9336));
#9291 = ORIENTED_EDGE('',*,*,#9292,.F.);
#9292 = EDGE_CURVE('',#9293,#9243,#9295,.T.);
#9293 = VERTEX_POINT('',#9294);
#9294 = CARTESIAN_POINT('',(45.,-7.,6.));
#9295 = SURFACE_CURVE('',#9296,(#9300,#9307),.PCURVE_S1.);
#9296 = LINE('',#9297,#9298);
#9297 = CARTESIAN_POINT('',(45.,-7.,6.));
#9298 = VECTOR('',#9299,1.);
#9299 = DIRECTION('',(0.,1.,0.));
#9300 = PCURVE('',#7680,#9301);
#9301 = DEFINITIONAL_REPRESENTATION('',(#9302),#9306);
#9302 = LINE('',#9303,#9304);
#9303 = CARTESIAN_POINT('',(0.,0.));
#9304 = VECTOR('',#9305,1.);
#9305 = DIRECTION('',(0.,1.));
#9306 = ( GEOMETRIC_REPRESENTATION_CONTEXT(2) 
PARAMETRIC_REPRESENTATION_CONTEXT() REPRESENTATION_CONTEXT('2D SPACE',''
  ) );
#9307 = PCURVE('',#7919,#9308);
#9308 = DEFINITIONAL_REPRESENTATION('',(#9309),#9313);
#9309 = LINE('',#9310,#9311);
#9310 = CARTESIAN_POINT('',(-14.,0.));
#9311 = VECTOR('',#9312,1.);
#9312 = DIRECTION('',(0.,1.));
#9313 = ( GEOMETRIC_REPRESENTATION_CONTEXT(2) 
PARAMETRIC_REPRESENTATION_CONTEXT() REPRESENTATION_CONTEXT('2D SPACE',''
  ) );
#9314 = ORIENTED_EDGE('',*,*,#9315,.T.);
#9315 = EDGE_CURVE('',#9293,#7665,#9316,.T.);
#9316 = SURFACE_CURVE('',#9317,(#9321,#9328),.PCURVE_S1.);
#9317 = LINE('',#9318,#9319);
#9318 = CARTESIAN_POINT('',(45.,-7.,6.));
#9319 = VECTOR('',#9320,1.);
#9320 = DIRECTION('',(-0.,-0.,-1.));
#9321 = PCURVE('',#7680,#9322);
#9322 = DEFINITIONAL_REPRESENTATION('',(#9323),#9327);
#9323 = LINE('',#9324,#9325);
#9324 = CARTESIAN_POINT('',(0.,0.));
#9325 = VECTOR('',#9326,1.);
#9326 = DIRECTION('',(1.,0.));
#9327 = ( GEOMETRIC_REPRESENTATION_CONTEXT(2) 
PARAMETRIC_REPRESENTATION_CONTEXT() REPRESENTATION_CONTEXT('2D SPACE',''
  ) );
#9328 = PCURVE('',#7709,#9329);
#9329 = DEFINITIONAL_REPRESENTATION('',(#9330),#9334);
#9330 = LINE('',#9331,#9332);
#9331 = CARTESIAN_POINT('',(-3.14159265359,0.));
#9332 = VECTOR('',#9333,1.);
#9333 = DIRECTION('',(-0.,1.));
#9334 = ( GEOMETRIC_REPRESENTATION_CONTEXT(2) 
PARAMETRIC_REPRESENTATION_CONTEXT() REPRESENTATION_CONTEXT('2D SPACE',''
  ) );
#9335 = ORIENTED_EDGE('',*,*,#7664,.T.);
#9336 = ORIENTED_EDGE('',*,*,#9268,.F.);
#9337 = ADVANCED_FACE('',(#9338),#7709,.F.);
#9338 = FACE_BOUND('',#9339,.T.);
#9339 = EDGE_LOOP('',(#9340,#9368,#9369,#9370));
#9340 = ORIENTED_EDGE('',*,*,#9341,.T.);
#9341 = EDGE_CURVE('',#9342,#9293,#9344,.T.);
#9342 = VERTEX_POINT('',#9343);
#9343 = CARTESIAN_POINT('',(43.,-7.,6.));
#9344 = SURFACE_CURVE('',#9345,(#9350,#9357),.PCURVE_S1.);
#9345 = CIRCLE('',#9346,1.);
#9346 = AXIS2_PLACEMENT_3D('',#9347,#9348,#9349);
#9347 = CARTESIAN_POINT('',(44.,-7.,6.));
#9348 = DIRECTION('',(0.,0.,1.));
#9349 = DIRECTION('',(-1.,0.,0.));
#9350 = PCURVE('',#7709,#9351);
#9351 = DEFINITIONAL_REPRESENTATION('',(#9352),#9356);
#9352 = LINE('',#9353,#9354);
#9353 = CARTESIAN_POINT('',(-0.,0.));
#9354 = VECTOR('',#9355,1.);
#9355 = DIRECTION('',(-1.,0.));
#9356 = ( GEOMETRIC_REPRESENTATION_CONTEXT(2) 
PARAMETRIC_REPRESENTATION_CONTEXT() REPRESENTATION_CONTEXT('2D SPACE',''
  ) );
#9357 = PCURVE('',#7919,#9358);
#9358 = DEFINITIONAL_REPRESENTATION('',(#9359),#9367);
#9359 = ( BOUNDED_CURVE() B_SPLINE_CURVE(2,(#9360,#9361,#9362,#9363,
#9364,#9365,#9366),.UNSPECIFIED.,.T.,.F.) B_SPLINE_CURVE_WITH_KNOTS((1,2
    ,2,2,2,1),(-2.094395102393,0.,2.094395102393,4.188790204786,
6.28318530718,8.377580409573),.UNSPECIFIED.) CURVE() 
GEOMETRIC_REPRESENTATION_ITEM() RATIONAL_B_SPLINE_CURVE((1.,0.5,1.,0.5,
1.,0.5,1.)) REPRESENTATION_ITEM('') );
#9360 = CARTESIAN_POINT('',(-12.,0.));
#9361 = CARTESIAN_POINT('',(-12.,-1.732050807569));
#9362 = CARTESIAN_POINT('',(-13.5,-0.866025403784));
#9363 = CARTESIAN_POINT('',(-15.,-2.449293598295E-16));
#9364 = CARTESIAN_POINT('',(-13.5,0.866025403784));
#9365 = CARTESIAN_POINT('',(-12.,1.732050807569));
#9366 = CARTESIAN_POINT('',(-12.,0.));
#9367 = ( GEOMETRIC_REPRESENTATION_CONTEXT(2) 
PARAMETRIC_REPRESENTATION_CONTEXT() REPRESENTATION_CONTEXT('2D SPACE',''
  ) );
#9368 = ORIENTED_EDGE('',*,*,#9315,.T.);
#9369 = ORIENTED_EDGE('',*,*,#7692,.F.);
#9370 = ORIENTED_EDGE('',*,*,#9371,.F.);
#9371 = EDGE_CURVE('',#9342,#7693,#9372,.T.);
#9372 = SURFACE_CURVE('',#9373,(#9377,#9384),.PCURVE_S1.);
#9373 = LINE('',#9374,#9375);
#9374 = CARTESIAN_POINT('',(43.,-7.,6.));
#9375 = VECTOR('',#9376,1.);
#9376 = DIRECTION('',(0.,0.,-1.));
#9377 = PCURVE('',#7709,#9378);
#9378 = DEFINITIONAL_REPRESENTATION('',(#9379),#9383);
#9379 = LINE('',#9380,#9381);
#9380 = CARTESIAN_POINT('',(-0.,0.));
#9381 = VECTOR('',#9382,1.);
#9382 = DIRECTION('',(-0.,1.));
#9383 = ( GEOMETRIC_REPRESENTATION_CONTEXT(2) 
PARAMETRIC_REPRESENTATION_CONTEXT() REPRESENTATION_CONTEXT('2D SPACE',''
  ) );
#9384 = PCURVE('',#7737,#9385);
#9385 = DEFINITIONAL_REPRESENTATION('',(#9386),#9390);
#9386 = LINE('',#9387,#9388);
#9387 = CARTESIAN_POINT('',(0.,14.));
#9388 = VECTOR('',#9389,1.);
#9389 = DIRECTION('',(1.,0.));
#9390 = ( GEOMETRIC_REPRESENTATION_CONTEXT(2) 
PARAMETRIC_REPRESENTATION_CONTEXT() REPRESENTATION_CONTEXT('2D SPACE',''
  ) );
#9391 = ADVANCED_FACE('',(#9392),#7737,.F.);
#9392 = FACE_BOUND('',#9393,.F.);
#9393 = EDGE_LOOP('',(#9394,#9417,#9438,#9439));
#9394 = ORIENTED_EDGE('',*,*,#9395,.F.);
#9395 = EDGE_CURVE('',#9396,#9342,#9398,.T.);
#9396 = VERTEX_POINT('',#9397);
#9397 = CARTESIAN_POINT('',(43.,7.,6.));
#9398 = SURFACE_CURVE('',#9399,(#9403,#9410),.PCURVE_S1.);
#9399 = LINE('',#9400,#9401);
#9400 = CARTESIAN_POINT('',(43.,7.,6.));
#9401 = VECTOR('',#9402,1.);
#9402 = DIRECTION('',(1.224646799147E-16,-1.,0.));
#9403 = PCURVE('',#7737,#9404);
#9404 = DEFINITIONAL_REPRESENTATION('',(#9405),#9409);
#9405 = LINE('',#9406,#9407);
#9406 = CARTESIAN_POINT('',(0.,-0.));
#9407 = VECTOR('',#9408,1.);
#9408 = DIRECTION('',(-0.,1.));
#9409 = ( GEOMETRIC_REPRESENTATION_CONTEXT(2) 
PARAMETRIC_REPRESENTATION_CONTEXT() REPRESENTATION_CONTEXT('2D SPACE',''
  ) );
#9410 = PCURVE('',#7919,#9411);
#9411 = DEFINITIONAL_REPRESENTATION('',(#9412),#9416);
#9412 = LINE('',#9413,#9414);
#9413 = CARTESIAN_POINT('',(-12.,14.));
#9414 = VECTOR('',#9415,1.);
#9415 = DIRECTION('',(-1.224646799147E-16,-1.));
#9416 = ( GEOMETRIC_REPRESENTATION_CONTEXT(2) 
PARAMETRIC_REPRESENTATION_CONTEXT() REPRESENTATION_CONTEXT('2D SPACE',''
  ) );
#9417 = ORIENTED_EDGE('',*,*,#9418,.T.);
#9418 = EDGE_CURVE('',#9396,#7722,#9419,.T.);
#9419 = SURFACE_CURVE('',#9420,(#9424,#9431),.PCURVE_S1.);
#9420 = LINE('',#9421,#9422);
#9421 = CARTESIAN_POINT('',(43.,7.,6.));
#9422 = VECTOR('',#9423,1.);
#9423 = DIRECTION('',(0.,0.,-1.));
#9424 = PCURVE('',#7737,#9425);
#9425 = DEFINITIONAL_REPRESENTATION('',(#9426),#9430);
#9426 = LINE('',#9427,#9428);
#9427 = CARTESIAN_POINT('',(0.,-0.));
#9428 = VECTOR('',#9429,1.);
#9429 = DIRECTION('',(1.,0.));
#9430 = ( GEOMETRIC_REPRESENTATION_CONTEXT(2) 
PARAMETRIC_REPRESENTATION_CONTEXT() REPRESENTATION_CONTEXT('2D SPACE',''
  ) );
#9431 = PCURVE('',#7770,#9432);
#9432 = DEFINITIONAL_REPRESENTATION('',(#9433),#9437);
#9433 = LINE('',#9434,#9435);
#9434 = CARTESIAN_POINT('',(3.14159265359,0.));
#9435 = VECTOR('',#9436,1.);
#9436 = DIRECTION('',(0.,1.));
#9437 = ( GEOMETRIC_REPRESENTATION_CONTEXT(2) 
PARAMETRIC_REPRESENTATION_CONTEXT() REPRESENTATION_CONTEXT('2D SPACE',''
  ) );
#9438 = ORIENTED_EDGE('',*,*,#7721,.T.);
#9439 = ORIENTED_EDGE('',*,*,#9371,.F.);
#9440 = ADVANCED_FACE('',(#9441),#7770,.T.);
#9441 = FACE_BOUND('',#9442,.T.);
#9442 = EDGE_LOOP('',(#9443,#9467,#9468,#9469));
#9443 = ORIENTED_EDGE('',*,*,#9444,.T.);
#9444 = EDGE_CURVE('',#9445,#9396,#9447,.T.);
#9445 = VERTEX_POINT('',#9446);
#9446 = CARTESIAN_POINT('',(37.,7.,6.));
#9447 = SURFACE_CURVE('',#9448,(#9453,#9460),.PCURVE_S1.);
#9448 = CIRCLE('',#9449,3.);
#9449 = AXIS2_PLACEMENT_3D('',#9450,#9451,#9452);
#9450 = CARTESIAN_POINT('',(40.,7.,6.));
#9451 = DIRECTION('',(0.,0.,-1.));
#9452 = DIRECTION('',(-1.,0.,0.));
#9453 = PCURVE('',#7770,#9454);
#9454 = DEFINITIONAL_REPRESENTATION('',(#9455),#9459);
#9455 = LINE('',#9456,#9457);
#9456 = CARTESIAN_POINT('',(0.,0.));
#9457 = VECTOR('',#9458,1.);
#9458 = DIRECTION('',(1.,0.));
#9459 = ( GEOMETRIC_REPRESENTATION_CONTEXT(2) 
PARAMETRIC_REPRESENTATION_CONTEXT() REPRESENTATION_CONTEXT('2D SPACE',''
  ) );
#9460 = PCURVE('',#7919,#9461);
#9461 = DEFINITIONAL_REPRESENTATION('',(#9462),#9466);
#9462 = CIRCLE('',#9463,3.);
#9463 = AXIS2_PLACEMENT_2D('',#9464,#9465);
#9464 = CARTESIAN_POINT('',(-9.,14.));
#9465 = DIRECTION('',(1.,0.));
#9466 = ( GEOMETRIC_REPRESENTATION_CONTEXT(2) 
PARAMETRIC_REPRESENTATION_CONTEXT() REPRESENTATION_CONTEXT('2D SPACE',''
  ) );
#9467 = ORIENTED_EDGE('',*,*,#9418,.T.);
#9468 = ORIENTED_EDGE('',*,*,#7749,.F.);
#9469 = ORIENTED_EDGE('',*,*,#9470,.F.);
#9470 = EDGE_CURVE('',#9445,#7750,#9471,.T.);
#9471 = SURFACE_CURVE('',#9472,(#9476,#9483),.PCURVE_S1.);
#9472 = LINE('',#9473,#9474);
#9473 = CARTESIAN_POINT('',(37.,7.,6.));
#9474 = VECTOR('',#9475,1.);
#9475 = DIRECTION('',(0.,0.,-1.));
#9476 = PCURVE('',#7770,#9477);
#9477 = DEFINITIONAL_REPRESENTATION('',(#9478),#9482);
#9478 = LINE('',#9479,#9480);
#9479 = CARTESIAN_POINT('',(0.,0.));
#9480 = VECTOR('',#9481,1.);
#9481 = DIRECTION('',(0.,1.));
#9482 = ( GEOMETRIC_REPRESENTATION_CONTEXT(2) 
PARAMETRIC_REPRESENTATION_CONTEXT() REPRESENTATION_CONTEXT('2D SPACE',''
  ) );
#9483 = PCURVE('',#7798,#9484);
#9484 = DEFINITIONAL_REPRESENTATION('',(#9485),#9489);
#9485 = LINE('',#9486,#9487);
#9486 = CARTESIAN_POINT('',(0.,14.));
#9487 = VECTOR('',#9488,1.);
#9488 = DIRECTION('',(1.,0.));
#9489 = ( GEOMETRIC_REPRESENTATION_CONTEXT(2) 
PARAMETRIC_REPRESENTATION_CONTEXT() REPRESENTATION_CONTEXT('2D SPACE',''
  ) );
#9490 = ADVANCED_FACE('',(#9491),#7798,.F.);
#9491 = FACE_BOUND('',#9492,.F.);
#9492 = EDGE_LOOP('',(#9493,#9516,#9537,#9538));
#9493 = ORIENTED_EDGE('',*,*,#9494,.F.);
#9494 = EDGE_CURVE('',#9495,#9445,#9497,.T.);
#9495 = VERTEX_POINT('',#9496);
#9496 = CARTESIAN_POINT('',(37.,-7.,6.));
#9497 = SURFACE_CURVE('',#9498,(#9502,#9509),.PCURVE_S1.);
#9498 = LINE('',#9499,#9500);
#9499 = CARTESIAN_POINT('',(37.,-7.,6.));
#9500 = VECTOR('',#9501,1.);
#9501 = DIRECTION('',(0.,1.,0.));
#9502 = PCURVE('',#7798,#9503);
#9503 = DEFINITIONAL_REPRESENTATION('',(#9504),#9508);
#9504 = LINE('',#9505,#9506);
#9505 = CARTESIAN_POINT('',(0.,0.));
#9506 = VECTOR('',#9507,1.);
#9507 = DIRECTION('',(0.,1.));
#9508 = ( GEOMETRIC_REPRESENTATION_CONTEXT(2) 
PARAMETRIC_REPRESENTATION_CONTEXT() REPRESENTATION_CONTEXT('2D SPACE',''
  ) );
#9509 = PCURVE('',#7919,#9510);
#9510 = DEFINITIONAL_REPRESENTATION('',(#9511),#9515);
#9511 = LINE('',#9512,#9513);
#9512 = CARTESIAN_POINT('',(-6.,0.));
#9513 = VECTOR('',#9514,1.);
#9514 = DIRECTION('',(0.,1.));
#9515 = ( GEOMETRIC_REPRESENTATION_CONTEXT(2) 
PARAMETRIC_REPRESENTATION_CONTEXT() REPRESENTATION_CONTEXT('2D SPACE',''
  ) );
#9516 = ORIENTED_EDGE('',*,*,#9517,.T.);
#9517 = EDGE_CURVE('',#9495,#7783,#9518,.T.);
#9518 = SURFACE_CURVE('',#9519,(#9523,#9530),.PCURVE_S1.);
#9519 = LINE('',#9520,#9521);
#9520 = CARTESIAN_POINT('',(37.,-7.,6.));
#9521 = VECTOR('',#9522,1.);
#9522 = DIRECTION('',(-0.,-0.,-1.));
#9523 = PCURVE('',#7798,#9524);
#9524 = DEFINITIONAL_REPRESENTATION('',(#9525),#9529);
#9525 = LINE('',#9526,#9527);
#9526 = CARTESIAN_POINT('',(0.,0.));
#9527 = VECTOR('',#9528,1.);
#9528 = DIRECTION('',(1.,0.));
#9529 = ( GEOMETRIC_REPRESENTATION_CONTEXT(2) 
PARAMETRIC_REPRESENTATION_CONTEXT() REPRESENTATION_CONTEXT('2D SPACE',''
  ) );
#9530 = PCURVE('',#7827,#9531);
#9531 = DEFINITIONAL_REPRESENTATION('',(#9532),#9536);
#9532 = LINE('',#9533,#9534);
#9533 = CARTESIAN_POINT('',(-3.14159265359,0.));
#9534 = VECTOR('',#9535,1.);
#9535 = DIRECTION('',(-0.,1.));
#9536 = ( GEOMETRIC_REPRESENTATION_CONTEXT(2) 
PARAMETRIC_REPRESENTATION_CONTEXT() REPRESENTATION_CONTEXT('2D SPACE',''
  ) );
#9537 = ORIENTED_EDGE('',*,*,#7782,.T.);
#9538 = ORIENTED_EDGE('',*,*,#9470,.F.);
#9539 = ADVANCED_FACE('',(#9540),#7827,.F.);
#9540 = FACE_BOUND('',#9541,.T.);
#9541 = EDGE_LOOP('',(#9542,#9570,#9571,#9572));
#9542 = ORIENTED_EDGE('',*,*,#9543,.T.);
#9543 = EDGE_CURVE('',#9544,#9495,#9546,.T.);
#9544 = VERTEX_POINT('',#9545);
#9545 = CARTESIAN_POINT('',(35.,-7.,6.));
#9546 = SURFACE_CURVE('',#9547,(#9552,#9559),.PCURVE_S1.);
#9547 = CIRCLE('',#9548,1.);
#9548 = AXIS2_PLACEMENT_3D('',#9549,#9550,#9551);
#9549 = CARTESIAN_POINT('',(36.,-7.,6.));
#9550 = DIRECTION('',(0.,0.,1.));
#9551 = DIRECTION('',(-1.,0.,0.));
#9552 = PCURVE('',#7827,#9553);
#9553 = DEFINITIONAL_REPRESENTATION('',(#9554),#9558);
#9554 = LINE('',#9555,#9556);
#9555 = CARTESIAN_POINT('',(-0.,0.));
#9556 = VECTOR('',#9557,1.);
#9557 = DIRECTION('',(-1.,0.));
#9558 = ( GEOMETRIC_REPRESENTATION_CONTEXT(2) 
PARAMETRIC_REPRESENTATION_CONTEXT() REPRESENTATION_CONTEXT('2D SPACE',''
  ) );
#9559 = PCURVE('',#7919,#9560);
#9560 = DEFINITIONAL_REPRESENTATION('',(#9561),#9569);
#9561 = ( BOUNDED_CURVE() B_SPLINE_CURVE(2,(#9562,#9563,#9564,#9565,
#9566,#9567,#9568),.UNSPECIFIED.,.T.,.F.) B_SPLINE_CURVE_WITH_KNOTS((1,2
    ,2,2,2,1),(-2.094395102393,0.,2.094395102393,4.188790204786,
6.28318530718,8.377580409573),.UNSPECIFIED.) CURVE() 
GEOMETRIC_REPRESENTATION_ITEM() RATIONAL_B_SPLINE_CURVE((1.,0.5,1.,0.5,
1.,0.5,1.)) REPRESENTATION_ITEM('') );
#9562 = CARTESIAN_POINT('',(-4.,0.));
#9563 = CARTESIAN_POINT('',(-4.,-1.732050807569));
#9564 = CARTESIAN_POINT('',(-5.5,-0.866025403784));
#9565 = CARTESIAN_POINT('',(-7.,-2.449293598295E-16));
#9566 = CARTESIAN_POINT('',(-5.5,0.866025403784));
#9567 = CARTESIAN_POINT('',(-4.,1.732050807569));
#9568 = CARTESIAN_POINT('',(-4.,0.));
#9569 = ( GEOMETRIC_REPRESENTATION_CONTEXT(2) 
PARAMETRIC_REPRESENTATION_CONTEXT() REPRESENTATION_CONTEXT('2D SPACE',''
  ) );
#9570 = ORIENTED_EDGE('',*,*,#9517,.T.);
#9571 = ORIENTED_EDGE('',*,*,#7810,.F.);
#9572 = ORIENTED_EDGE('',*,*,#9573,.F.);
#9573 = EDGE_CURVE('',#9544,#7811,#9574,.T.);
#9574 = SURFACE_CURVE('',#9575,(#9579,#9586),.PCURVE_S1.);
#9575 = LINE('',#9576,#9577);
#9576 = CARTESIAN_POINT('',(35.,-7.,6.));
#9577 = VECTOR('',#9578,1.);
#9578 = DIRECTION('',(0.,-0.,-1.));
#9579 = PCURVE('',#7827,#9580);
#9580 = DEFINITIONAL_REPRESENTATION('',(#9581),#9585);
#9581 = LINE('',#9582,#9583);
#9582 = CARTESIAN_POINT('',(-0.,0.));
#9583 = VECTOR('',#9584,1.);
#9584 = DIRECTION('',(-0.,1.));
#9585 = ( GEOMETRIC_REPRESENTATION_CONTEXT(2) 
PARAMETRIC_REPRESENTATION_CONTEXT() REPRESENTATION_CONTEXT('2D SPACE',''
  ) );
#9586 = PCURVE('',#7855,#9587);
#9587 = DEFINITIONAL_REPRESENTATION('',(#9588),#9592);
#9588 = LINE('',#9589,#9590);
#9589 = CARTESIAN_POINT('',(0.,14.));
#9590 = VECTOR('',#9591,1.);
#9591 = DIRECTION('',(1.,0.));
#9592 = ( GEOMETRIC_REPRESENTATION_CONTEXT(2) 
PARAMETRIC_REPRESENTATION_CONTEXT() REPRESENTATION_CONTEXT('2D SPACE',''
  ) );
#9593 = ADVANCED_FACE('',(#9594),#7855,.F.);
#9594 = FACE_BOUND('',#9595,.F.);
#9595 = EDGE_LOOP('',(#9596,#9619,#9640,#9641));
#9596 = ORIENTED_EDGE('',*,*,#9597,.F.);
#9597 = EDGE_CURVE('',#9598,#9544,#9600,.T.);
#9598 = VERTEX_POINT('',#9599);
#9599 = CARTESIAN_POINT('',(35.,7.,6.));
#9600 = SURFACE_CURVE('',#9601,(#9605,#9612),.PCURVE_S1.);
#9601 = LINE('',#9602,#9603);
#9602 = CARTESIAN_POINT('',(35.,7.,6.));
#9603 = VECTOR('',#9604,1.);
#9604 = DIRECTION('',(1.224646799147E-16,-1.,0.));
#9605 = PCURVE('',#7855,#9606);
#9606 = DEFINITIONAL_REPRESENTATION('',(#9607),#9611);
#9607 = LINE('',#9608,#9609);
#9608 = CARTESIAN_POINT('',(0.,0.));
#9609 = VECTOR('',#9610,1.);
#9610 = DIRECTION('',(0.,1.));
#9611 = ( GEOMETRIC_REPRESENTATION_CONTEXT(2) 
PARAMETRIC_REPRESENTATION_CONTEXT() REPRESENTATION_CONTEXT('2D SPACE',''
  ) );
#9612 = PCURVE('',#7919,#9613);
#9613 = DEFINITIONAL_REPRESENTATION('',(#9614),#9618);
#9614 = LINE('',#9615,#9616);
#9615 = CARTESIAN_POINT('',(-4.,14.));
#9616 = VECTOR('',#9617,1.);
#9617 = DIRECTION('',(-1.224646799147E-16,-1.));
#9618 = ( GEOMETRIC_REPRESENTATION_CONTEXT(2) 
PARAMETRIC_REPRESENTATION_CONTEXT() REPRESENTATION_CONTEXT('2D SPACE',''
  ) );
#9619 = ORIENTED_EDGE('',*,*,#9620,.T.);
#9620 = EDGE_CURVE('',#9598,#7840,#9621,.T.);
#9621 = SURFACE_CURVE('',#9622,(#9626,#9633),.PCURVE_S1.);
#9622 = LINE('',#9623,#9624);
#9623 = CARTESIAN_POINT('',(35.,7.,6.));
#9624 = VECTOR('',#9625,1.);
#9625 = DIRECTION('',(0.,0.,-1.));
#9626 = PCURVE('',#7855,#9627);
#9627 = DEFINITIONAL_REPRESENTATION('',(#9628),#9632);
#9628 = LINE('',#9629,#9630);
#9629 = CARTESIAN_POINT('',(0.,0.));
#9630 = VECTOR('',#9631,1.);
#9631 = DIRECTION('',(1.,0.));
#9632 = ( GEOMETRIC_REPRESENTATION_CONTEXT(2) 
PARAMETRIC_REPRESENTATION_CONTEXT() REPRESENTATION_CONTEXT('2D SPACE',''
  ) );
#9633 = PCURVE('',#7886,#9634);
#9634 = DEFINITIONAL_REPRESENTATION('',(#9635),#9639);
#9635 = LINE('',#9636,#9637);
#9636 = CARTESIAN_POINT('',(3.14159265359,0.));
#9637 = VECTOR('',#9638,1.);
#9638 = DIRECTION('',(0.,1.));
#9639 = ( GEOMETRIC_REPRESENTATION_CONTEXT(2) 
PARAMETRIC_REPRESENTATION_CONTEXT() REPRESENTATION_CONTEXT('2D SPACE',''
  ) );
#9640 = ORIENTED_EDGE('',*,*,#7839,.T.);
#9641 = ORIENTED_EDGE('',*,*,#9573,.F.);
#9642 = ADVANCED_FACE('',(#9643),#7886,.T.);
#9643 = FACE_BOUND('',#9644,.T.);
#9644 = EDGE_LOOP('',(#9645,#9667,#9668,#9669));
#9645 = ORIENTED_EDGE('',*,*,#9646,.T.);
#9646 = EDGE_CURVE('',#7904,#9598,#9647,.T.);
#9647 = SURFACE_CURVE('',#9648,(#9653,#9660),.PCURVE_S1.);
#9648 = CIRCLE('',#9649,3.);
#9649 = AXIS2_PLACEMENT_3D('',#9650,#9651,#9652);
#9650 = CARTESIAN_POINT('',(32.,7.,6.));
#9651 = DIRECTION('',(0.,0.,-1.));
#9652 = DIRECTION('',(-1.,0.,0.));
#9653 = PCURVE('',#7886,#9654);
#9654 = DEFINITIONAL_REPRESENTATION('',(#9655),#9659);
#9655 = LINE('',#9656,#9657);
#9656 = CARTESIAN_POINT('',(0.,0.));
#9657 = VECTOR('',#9658,1.);
#9658 = DIRECTION('',(1.,0.));
#9659 = ( GEOMETRIC_REPRESENTATION_CONTEXT(2) 
PARAMETRIC_REPRESENTATION_CONTEXT() REPRESENTATION_CONTEXT('2D SPACE',''
  ) );
#9660 = PCURVE('',#7919,#9661);
#9661 = DEFINITIONAL_REPRESENTATION('',(#9662),#9666);
#9662 = CIRCLE('',#9663,3.);
#9663 = AXIS2_PLACEMENT_2D('',#9664,#9665);
#9664 = CARTESIAN_POINT('',(-1.,14.));
#9665 = DIRECTION('',(1.,0.));
#9666 = ( GEOMETRIC_REPRESENTATION_CONTEXT(2) 
PARAMETRIC_REPRESENTATION_CONTEXT() REPRESENTATION_CONTEXT('2D SPACE',''
  ) );
#9667 = ORIENTED_EDGE('',*,*,#9620,.T.);
#9668 = ORIENTED_EDGE('',*,*,#7867,.F.);
#9669 = ORIENTED_EDGE('',*,*,#8060,.F.);
#9670 = ADVANCED_FACE('',(#9671),#7919,.F.);
#9671 = FACE_BOUND('',#9672,.F.);
#9672 = EDGE_LOOP('',(#9673,#9674,#9675,#9676,#9677,#9678,#9679,#9680,
    #9681,#9682,#9683,#9684,#9685,#9686,#9687,#9688,#9689,#9690,#9691,
    #9692,#9693,#9694,#9695,#9696,#9697,#9698,#9699,#9700));
#9673 = ORIENTED_EDGE('',*,*,#8208,.F.);
#9674 = ORIENTED_EDGE('',*,*,#8109,.T.);
#9675 = ORIENTED_EDGE('',*,*,#7901,.T.);
#9676 = ORIENTED_EDGE('',*,*,#9646,.T.);
#9677 = ORIENTED_EDGE('',*,*,#9597,.T.);
#9678 = ORIENTED_EDGE('',*,*,#9543,.T.);
#9679 = ORIENTED_EDGE('',*,*,#9494,.T.);
#9680 = ORIENTED_EDGE('',*,*,#9444,.T.);
#9681 = ORIENTED_EDGE('',*,*,#9395,.T.);
#9682 = ORIENTED_EDGE('',*,*,#9341,.T.);
#9683 = ORIENTED_EDGE('',*,*,#9292,.T.);
#9684 = ORIENTED_EDGE('',*,*,#9242,.T.);
#9685 = ORIENTED_EDGE('',*,*,#9193,.T.);
#9686 = ORIENTED_EDGE('',*,*,#9139,.T.);
#9687 = ORIENTED_EDGE('',*,*,#9090,.T.);
#9688 = ORIENTED_EDGE('',*,*,#9066,.F.);
#9689 = ORIENTED_EDGE('',*,*,#8814,.F.);
#9690 = ORIENTED_EDGE('',*,*,#8782,.F.);
#9691 = ORIENTED_EDGE('',*,*,#8711,.F.);
#9692 = ORIENTED_EDGE('',*,*,#8683,.F.);
#9693 = ORIENTED_EDGE('',*,*,#8612,.F.);
#9694 = ORIENTED_EDGE('',*,*,#8580,.F.);
#9695 = ORIENTED_EDGE('',*,*,#8509,.F.);
#9696 = ORIENTED_EDGE('',*,*,#8481,.F.);
#9697 = ORIENTED_EDGE('',*,*,#8410,.F.);
#9698 = ORIENTED_EDGE('',*,*,#8378,.F.);
#9699 = ORIENTED_EDGE('',*,*,#8307,.F.);
#9700 = ORIENTED_EDGE('',*,*,#8279,.F.);
#9701 = ADVANCED_FACE('',(#9702,#9974),#8026,.F.);
#9702 = FACE_BOUND('',#9703,.F.);
#9703 = EDGE_LOOP('',(#9704,#9734,#9762,#9790,#9818,#9846,#9874,#9895,
    #9896,#9897,#9920,#9948));
#9704 = ORIENTED_EDGE('',*,*,#9705,.F.);
#9705 = EDGE_CURVE('',#9706,#9708,#9710,.T.);
#9706 = VERTEX_POINT('',#9707);
#9707 = CARTESIAN_POINT('',(20.8,-5.1,0.1));
#9708 = VERTEX_POINT('',#9709);
#9709 = CARTESIAN_POINT('',(21.,-5.1,0.1));
#9710 = SURFACE_CURVE('',#9711,(#9715,#9722),.PCURVE_S1.);
#9711 = LINE('',#9712,#9713);
#9712 = CARTESIAN_POINT('',(20.8,-5.1,0.1));
#9713 = VECTOR('',#9714,1.);
#9714 = DIRECTION('',(1.,0.,0.));
#9715 = PCURVE('',#8026,#9716);
#9716 = DEFINITIONAL_REPRESENTATION('',(#9717),#9721);
#9717 = LINE('',#9718,#9719);
#9718 = CARTESIAN_POINT('',(-6.2,3.8));
#9719 = VECTOR('',#9720,1.);
#9720 = DIRECTION('',(1.,0.));
#9721 = ( GEOMETRIC_REPRESENTATION_CONTEXT(2) 
PARAMETRIC_REPRESENTATION_CONTEXT() REPRESENTATION_CONTEXT('2D SPACE',''
  ) );
#9722 = PCURVE('',#9723,#9728);
#9723 = PLANE('',#9724);
#9724 = AXIS2_PLACEMENT_3D('',#9725,#9726,#9727);
#9725 = CARTESIAN_POINT('',(27.,-5.1,0.1));
#9726 = DIRECTION('',(0.,1.,0.));
#9727 = DIRECTION('',(0.,0.,1.));
#9728 = DEFINITIONAL_REPRESENTATION('',(#9729),#9733);
#9729 = LINE('',#9730,#9731);
#9730 = CARTESIAN_POINT('',(0.,-6.2));
#9731 = VECTOR('',#9732,1.);
#9732 = DIRECTION('',(0.,1.));
#9733 = ( GEOMETRIC_REPRESENTATION_CONTEXT(2) 
PARAMETRIC_REPRESENTATION_CONTEXT() REPRESENTATION_CONTEXT('2D SPACE',''
  ) );
#9734 = ORIENTED_EDGE('',*,*,#9735,.F.);
#9735 = EDGE_CURVE('',#9736,#9706,#9738,.T.);
#9736 = VERTEX_POINT('',#9737);
#9737 = CARTESIAN_POINT('',(20.8,-8.9,0.1));
#9738 = SURFACE_CURVE('',#9739,(#9743,#9750),.PCURVE_S1.);
#9739 = LINE('',#9740,#9741);
#9740 = CARTESIAN_POINT('',(20.8,-8.9,0.1));
#9741 = VECTOR('',#9742,1.);
#9742 = DIRECTION('',(0.,1.,0.));
#9743 = PCURVE('',#8026,#9744);
#9744 = DEFINITIONAL_REPRESENTATION('',(#9745),#9749);
#9745 = LINE('',#9746,#9747);
#9746 = CARTESIAN_POINT('',(-6.2,0.));
#9747 = VECTOR('',#9748,1.);
#9748 = DIRECTION('',(0.,1.));
#9749 = ( GEOMETRIC_REPRESENTATION_CONTEXT(2) 
PARAMETRIC_REPRESENTATION_CONTEXT() REPRESENTATION_CONTEXT('2D SPACE',''
  ) );
#9750 = PCURVE('',#9751,#9756);
#9751 = PLANE('',#9752);
#9752 = AXIS2_PLACEMENT_3D('',#9753,#9754,#9755);
#9753 = CARTESIAN_POINT('',(20.8,-8.9,0.1));
#9754 = DIRECTION('',(1.,0.,0.));
#9755 = DIRECTION('',(0.,0.,1.));
#9756 = DEFINITIONAL_REPRESENTATION('',(#9757),#9761);
#9757 = LINE('',#9758,#9759);
#9758 = CARTESIAN_POINT('',(0.,0.));
#9759 = VECTOR('',#9760,1.);
#9760 = DIRECTION('',(0.,-1.));
#9761 = ( GEOMETRIC_REPRESENTATION_CONTEXT(2) 
PARAMETRIC_REPRESENTATION_CONTEXT() REPRESENTATION_CONTEXT('2D SPACE',''
  ) );
#9762 = ORIENTED_EDGE('',*,*,#9763,.T.);
#9763 = EDGE_CURVE('',#9736,#9764,#9766,.T.);
#9764 = VERTEX_POINT('',#9765);
#9765 = CARTESIAN_POINT('',(21.,-8.9,0.1));
#9766 = SURFACE_CURVE('',#9767,(#9771,#9778),.PCURVE_S1.);
#9767 = LINE('',#9768,#9769);
#9768 = CARTESIAN_POINT('',(20.8,-8.9,0.1));
#9769 = VECTOR('',#9770,1.);
#9770 = DIRECTION('',(1.,0.,0.));
#9771 = PCURVE('',#8026,#9772);
#9772 = DEFINITIONAL_REPRESENTATION('',(#9773),#9777);
#9773 = LINE('',#9774,#9775);
#9774 = CARTESIAN_POINT('',(-6.2,0.));
#9775 = VECTOR('',#9776,1.);
#9776 = DIRECTION('',(1.,0.));
#9777 = ( GEOMETRIC_REPRESENTATION_CONTEXT(2) 
PARAMETRIC_REPRESENTATION_CONTEXT() REPRESENTATION_CONTEXT('2D SPACE',''
  ) );
#9778 = PCURVE('',#9779,#9784);
#9779 = PLANE('',#9780);
#9780 = AXIS2_PLACEMENT_3D('',#9781,#9782,#9783);
#9781 = CARTESIAN_POINT('',(27.,-8.9,0.1));
#9782 = DIRECTION('',(0.,1.,0.));
#9783 = DIRECTION('',(0.,0.,1.));
#9784 = DEFINITIONAL_REPRESENTATION('',(#9785),#9789);
#9785 = LINE('',#9786,#9787);
#9786 = CARTESIAN_POINT('',(0.,-6.2));
#9787 = VECTOR('',#9788,1.);
#9788 = DIRECTION('',(0.,1.));
#9789 = ( GEOMETRIC_REPRESENTATION_CONTEXT(2) 
PARAMETRIC_REPRESENTATION_CONTEXT() REPRESENTATION_CONTEXT('2D SPACE',''
  ) );
#9790 = ORIENTED_EDGE('',*,*,#9791,.T.);
#9791 = EDGE_CURVE('',#9764,#9792,#9794,.T.);
#9792 = VERTEX_POINT('',#9793);
#9793 = CARTESIAN_POINT('',(22.2,-9.2,0.1));
#9794 = SURFACE_CURVE('',#9795,(#9799,#9806),.PCURVE_S1.);
#9795 = LINE('',#9796,#9797);
#9796 = CARTESIAN_POINT('',(21.,-8.9,0.1));
#9797 = VECTOR('',#9798,1.);
#9798 = DIRECTION('',(0.970142500145,-0.242535625036,0.));
#9799 = PCURVE('',#8026,#9800);
#9800 = DEFINITIONAL_REPRESENTATION('',(#9801),#9805);
#9801 = LINE('',#9802,#9803);
#9802 = CARTESIAN_POINT('',(-6.,0.));
#9803 = VECTOR('',#9804,1.);
#9804 = DIRECTION('',(0.970142500145,-0.242535625036));
#9805 = ( GEOMETRIC_REPRESENTATION_CONTEXT(2) 
PARAMETRIC_REPRESENTATION_CONTEXT() REPRESENTATION_CONTEXT('2D SPACE',''
  ) );
#9806 = PCURVE('',#9807,#9812);
#9807 = PLANE('',#9808);
#9808 = AXIS2_PLACEMENT_3D('',#9809,#9810,#9811);
#9809 = CARTESIAN_POINT('',(21.,-8.9,3.));
#9810 = DIRECTION('',(0.242535625036,0.970142500145,-0.));
#9811 = DIRECTION('',(0.970142500145,-0.242535625036,0.));
#9812 = DEFINITIONAL_REPRESENTATION('',(#9813),#9817);
#9813 = LINE('',#9814,#9815);
#9814 = CARTESIAN_POINT('',(0.,2.9));
#9815 = VECTOR('',#9816,1.);
#9816 = DIRECTION('',(1.,0.));
#9817 = ( GEOMETRIC_REPRESENTATION_CONTEXT(2) 
PARAMETRIC_REPRESENTATION_CONTEXT() REPRESENTATION_CONTEXT('2D SPACE',''
  ) );
#9818 = ORIENTED_EDGE('',*,*,#9819,.T.);
#9819 = EDGE_CURVE('',#9792,#9820,#9822,.T.);
#9820 = VERTEX_POINT('',#9821);
#9821 = CARTESIAN_POINT('',(23.4,-8.9,0.1));
#9822 = SURFACE_CURVE('',#9823,(#9827,#9834),.PCURVE_S1.);
#9823 = LINE('',#9824,#9825);
#9824 = CARTESIAN_POINT('',(22.2,-9.2,0.1));
#9825 = VECTOR('',#9826,1.);
#9826 = DIRECTION('',(0.970142500145,0.242535625036,0.));
#9827 = PCURVE('',#8026,#9828);
#9828 = DEFINITIONAL_REPRESENTATION('',(#9829),#9833);
#9829 = LINE('',#9830,#9831);
#9830 = CARTESIAN_POINT('',(-4.8,-0.3));
#9831 = VECTOR('',#9832,1.);
#9832 = DIRECTION('',(0.970142500145,0.242535625036));
#9833 = ( GEOMETRIC_REPRESENTATION_CONTEXT(2) 
PARAMETRIC_REPRESENTATION_CONTEXT() REPRESENTATION_CONTEXT('2D SPACE',''
  ) );
#9834 = PCURVE('',#9835,#9840);
#9835 = PLANE('',#9836);
#9836 = AXIS2_PLACEMENT_3D('',#9837,#9838,#9839);
#9837 = CARTESIAN_POINT('',(22.2,-9.2,3.));
#9838 = DIRECTION('',(-0.242535625036,0.970142500145,0.));
#9839 = DIRECTION('',(0.970142500145,0.242535625036,0.));
#9840 = DEFINITIONAL_REPRESENTATION('',(#9841),#9845);
#9841 = LINE('',#9842,#9843);
#9842 = CARTESIAN_POINT('',(0.,2.9));
#9843 = VECTOR('',#9844,1.);
#9844 = DIRECTION('',(1.,0.));
#9845 = ( GEOMETRIC_REPRESENTATION_CONTEXT(2) 
PARAMETRIC_REPRESENTATION_CONTEXT() REPRESENTATION_CONTEXT('2D SPACE',''
  ) );
#9846 = ORIENTED_EDGE('',*,*,#9847,.T.);
#9847 = EDGE_CURVE('',#9820,#9848,#9850,.T.);
#9848 = VERTEX_POINT('',#9849);
#9849 = CARTESIAN_POINT('',(30.5,-8.9,0.1));
#9850 = SURFACE_CURVE('',#9851,(#9855,#9862),.PCURVE_S1.);
#9851 = LINE('',#9852,#9853);
#9852 = CARTESIAN_POINT('',(20.8,-8.9,0.1));
#9853 = VECTOR('',#9854,1.);
#9854 = DIRECTION('',(1.,0.,0.));
#9855 = PCURVE('',#8026,#9856);
#9856 = DEFINITIONAL_REPRESENTATION('',(#9857),#9861);
#9857 = LINE('',#9858,#9859);
#9858 = CARTESIAN_POINT('',(-6.2,0.));
#9859 = VECTOR('',#9860,1.);
#9860 = DIRECTION('',(1.,0.));
#9861 = ( GEOMETRIC_REPRESENTATION_CONTEXT(2) 
PARAMETRIC_REPRESENTATION_CONTEXT() REPRESENTATION_CONTEXT('2D SPACE',''
  ) );
#9862 = PCURVE('',#9863,#9868);
#9863 = PLANE('',#9864);
#9864 = AXIS2_PLACEMENT_3D('',#9865,#9866,#9867);
#9865 = CARTESIAN_POINT('',(27.,-8.9,0.1));
#9866 = DIRECTION('',(0.,1.,0.));
#9867 = DIRECTION('',(0.,0.,1.));
#9868 = DEFINITIONAL_REPRESENTATION('',(#9869),#9873);
#9869 = LINE('',#9870,#9871);
#9870 = CARTESIAN_POINT('',(0.,-6.2));
#9871 = VECTOR('',#9872,1.);
#9872 = DIRECTION('',(0.,1.));
#9873 = ( GEOMETRIC_REPRESENTATION_CONTEXT(2) 
PARAMETRIC_REPRESENTATION_CONTEXT() REPRESENTATION_CONTEXT('2D SPACE',''
  ) );
#9874 = ORIENTED_EDGE('',*,*,#9875,.T.);
#9875 = EDGE_CURVE('',#9848,#8155,#9876,.T.);
#9876 = SURFACE_CURVE('',#9877,(#9881,#9888),.PCURVE_S1.);
#9877 = LINE('',#9878,#9879);
#9878 = CARTESIAN_POINT('',(30.5,-8.9,0.1));
#9879 = VECTOR('',#9880,1.);
#9880 = DIRECTION('',(0.,1.,0.));
#9881 = PCURVE('',#8026,#9882);
#9882 = DEFINITIONAL_REPRESENTATION('',(#9883),#9887);
#9883 = LINE('',#9884,#9885);
#9884 = CARTESIAN_POINT('',(3.5,0.));
#9885 = VECTOR('',#9886,1.);
#9886 = DIRECTION('',(0.,1.));
#9887 = ( GEOMETRIC_REPRESENTATION_CONTEXT(2) 
PARAMETRIC_REPRESENTATION_CONTEXT() REPRESENTATION_CONTEXT('2D SPACE',''
  ) );
#9888 = PCURVE('',#8170,#9889);
#9889 = DEFINITIONAL_REPRESENTATION('',(#9890),#9894);
#9890 = LINE('',#9891,#9892);
#9891 = CARTESIAN_POINT('',(0.,0.));
#9892 = VECTOR('',#9893,1.);
#9893 = DIRECTION('',(0.,-1.));
#9894 = ( GEOMETRIC_REPRESENTATION_CONTEXT(2) 
PARAMETRIC_REPRESENTATION_CONTEXT() REPRESENTATION_CONTEXT('2D SPACE',''
  ) );
#9895 = ORIENTED_EDGE('',*,*,#8182,.T.);
#9896 = ORIENTED_EDGE('',*,*,#8010,.F.);
#9897 = ORIENTED_EDGE('',*,*,#9898,.F.);
#9898 = EDGE_CURVE('',#9899,#7983,#9901,.T.);
#9899 = VERTEX_POINT('',#9900);
#9900 = CARTESIAN_POINT('',(23.4,-5.1,0.1));
#9901 = SURFACE_CURVE('',#9902,(#9906,#9913),.PCURVE_S1.);
#9902 = LINE('',#9903,#9904);
#9903 = CARTESIAN_POINT('',(20.8,-5.1,0.1));
#9904 = VECTOR('',#9905,1.);
#9905 = DIRECTION('',(1.,0.,0.));
#9906 = PCURVE('',#8026,#9907);
#9907 = DEFINITIONAL_REPRESENTATION('',(#9908),#9912);
#9908 = LINE('',#9909,#9910);
#9909 = CARTESIAN_POINT('',(-6.2,3.8));
#9910 = VECTOR('',#9911,1.);
#9911 = DIRECTION('',(1.,0.));
#9912 = ( GEOMETRIC_REPRESENTATION_CONTEXT(2) 
PARAMETRIC_REPRESENTATION_CONTEXT() REPRESENTATION_CONTEXT('2D SPACE',''
  ) );
#9913 = PCURVE('',#7998,#9914);
#9914 = DEFINITIONAL_REPRESENTATION('',(#9915),#9919);
#9915 = LINE('',#9916,#9917);
#9916 = CARTESIAN_POINT('',(0.,-6.2));
#9917 = VECTOR('',#9918,1.);
#9918 = DIRECTION('',(0.,1.));
#9919 = ( GEOMETRIC_REPRESENTATION_CONTEXT(2) 
PARAMETRIC_REPRESENTATION_CONTEXT() REPRESENTATION_CONTEXT('2D SPACE',''
  ) );
#9920 = ORIENTED_EDGE('',*,*,#9921,.F.);
#9921 = EDGE_CURVE('',#9922,#9899,#9924,.T.);
#9922 = VERTEX_POINT('',#9923);
#9923 = CARTESIAN_POINT('',(22.2,-4.8,0.1));
#9924 = SURFACE_CURVE('',#9925,(#9929,#9936),.PCURVE_S1.);
#9925 = LINE('',#9926,#9927);
#9926 = CARTESIAN_POINT('',(22.2,-4.8,0.1));
#9927 = VECTOR('',#9928,1.);
#9928 = DIRECTION('',(0.970142500145,-0.242535625036,0.));
#9929 = PCURVE('',#8026,#9930);
#9930 = DEFINITIONAL_REPRESENTATION('',(#9931),#9935);
#9931 = LINE('',#9932,#9933);
#9932 = CARTESIAN_POINT('',(-4.8,4.1));
#9933 = VECTOR('',#9934,1.);
#9934 = DIRECTION('',(0.970142500145,-0.242535625036));
#9935 = ( GEOMETRIC_REPRESENTATION_CONTEXT(2) 
PARAMETRIC_REPRESENTATION_CONTEXT() REPRESENTATION_CONTEXT('2D SPACE',''
  ) );
#9936 = PCURVE('',#9937,#9942);
#9937 = PLANE('',#9938);
#9938 = AXIS2_PLACEMENT_3D('',#9939,#9940,#9941);
#9939 = CARTESIAN_POINT('',(22.2,-4.8,3.));
#9940 = DIRECTION('',(0.242535625036,0.970142500145,-0.));
#9941 = DIRECTION('',(0.970142500145,-0.242535625036,0.));
#9942 = DEFINITIONAL_REPRESENTATION('',(#9943),#9947);
#9943 = LINE('',#9944,#9945);
#9944 = CARTESIAN_POINT('',(0.,2.9));
#9945 = VECTOR('',#9946,1.);
#9946 = DIRECTION('',(1.,0.));
#9947 = ( GEOMETRIC_REPRESENTATION_CONTEXT(2) 
PARAMETRIC_REPRESENTATION_CONTEXT() REPRESENTATION_CONTEXT('2D SPACE',''
  ) );
#9948 = ORIENTED_EDGE('',*,*,#9949,.F.);
#9949 = EDGE_CURVE('',#9708,#9922,#9950,.T.);
#9950 = SURFACE_CURVE('',#9951,(#9955,#9962),.PCURVE_S1.);
#9951 = LINE('',#9952,#9953);
#9952 = CARTESIAN_POINT('',(21.,-5.1,0.1));
#9953 = VECTOR('',#9954,1.);
#9954 = DIRECTION('',(0.970142500145,0.242535625036,0.));
#9955 = PCURVE('',#8026,#9956);
#9956 = DEFINITIONAL_REPRESENTATION('',(#9957),#9961);
#9957 = LINE('',#9958,#9959);
#9958 = CARTESIAN_POINT('',(-6.,3.8));
#9959 = VECTOR('',#9960,1.);
#9960 = DIRECTION('',(0.970142500145,0.242535625036));
#9961 = ( GEOMETRIC_REPRESENTATION_CONTEXT(2) 
PARAMETRIC_REPRESENTATION_CONTEXT() REPRESENTATION_CONTEXT('2D SPACE',''
  ) );
#9962 = PCURVE('',#9963,#9968);
#9963 = PLANE('',#9964);
#9964 = AXIS2_PLACEMENT_3D('',#9965,#9966,#9967);
#9965 = CARTESIAN_POINT('',(21.,-5.1,3.));
#9966 = DIRECTION('',(-0.242535625036,0.970142500145,0.));
#9967 = DIRECTION('',(0.970142500145,0.242535625036,0.));
#9968 = DEFINITIONAL_REPRESENTATION('',(#9969),#9973);
#9969 = LINE('',#9970,#9971);
#9970 = CARTESIAN_POINT('',(0.,2.9));
#9971 = VECTOR('',#9972,1.);
#9972 = DIRECTION('',(1.,0.));
#9973 = ( GEOMETRIC_REPRESENTATION_CONTEXT(2) 
PARAMETRIC_REPRESENTATION_CONTEXT() REPRESENTATION_CONTEXT('2D SPACE',''
  ) );
#9974 = FACE_BOUND('',#9975,.F.);
#9975 = EDGE_LOOP('',(#9976,#10006,#10034,#10062));
#9976 = ORIENTED_EDGE('',*,*,#9977,.F.);
#9977 = EDGE_CURVE('',#9978,#9980,#9982,.T.);
#9978 = VERTEX_POINT('',#9979);
#9979 = CARTESIAN_POINT('',(25.9,-6.3,0.1));
#9980 = VERTEX_POINT('',#9981);
#9981 = CARTESIAN_POINT('',(20.9,-6.3,0.1));
#9982 = SURFACE_CURVE('',#9983,(#9987,#9994),.PCURVE_S1.);
#9983 = LINE('',#9984,#9985);
#9984 = CARTESIAN_POINT('',(20.85,-6.3,0.1));
#9985 = VECTOR('',#9986,1.);
#9986 = DIRECTION('',(-1.,0.,0.));
#9987 = PCURVE('',#8026,#9988);
#9988 = DEFINITIONAL_REPRESENTATION('',(#9989),#9993);
#9989 = LINE('',#9990,#9991);
#9990 = CARTESIAN_POINT('',(-6.15,2.6));
#9991 = VECTOR('',#9992,1.);
#9992 = DIRECTION('',(-1.,0.));
#9993 = ( GEOMETRIC_REPRESENTATION_CONTEXT(2) 
PARAMETRIC_REPRESENTATION_CONTEXT() REPRESENTATION_CONTEXT('2D SPACE',''
  ) );
#9994 = PCURVE('',#9995,#10000);
#9995 = PLANE('',#9996);
#9996 = AXIS2_PLACEMENT_3D('',#9997,#9998,#9999);
#9997 = CARTESIAN_POINT('',(20.9,-6.3,-0.1));
#9998 = DIRECTION('',(0.,1.,0.));
#9999 = DIRECTION('',(0.,0.,1.));
#10000 = DEFINITIONAL_REPRESENTATION('',(#10001),#10005);
#10001 = LINE('',#10002,#10003);
#10002 = CARTESIAN_POINT('',(0.2,-5.E-02));
#10003 = VECTOR('',#10004,1.);
#10004 = DIRECTION('',(0.,-1.));
#10005 = ( GEOMETRIC_REPRESENTATION_CONTEXT(2) 
PARAMETRIC_REPRESENTATION_CONTEXT() REPRESENTATION_CONTEXT('2D SPACE',''
  ) );
#10006 = ORIENTED_EDGE('',*,*,#10007,.F.);
#10007 = EDGE_CURVE('',#10008,#9978,#10010,.T.);
#10008 = VERTEX_POINT('',#10009);
#10009 = CARTESIAN_POINT('',(25.9,-7.7,0.1));
#10010 = SURFACE_CURVE('',#10011,(#10015,#10022),.PCURVE_S1.);
#10011 = LINE('',#10012,#10013);
#10012 = CARTESIAN_POINT('',(25.9,-8.3,0.1));
#10013 = VECTOR('',#10014,1.);
#10014 = DIRECTION('',(0.,1.,0.));
#10015 = PCURVE('',#8026,#10016);
#10016 = DEFINITIONAL_REPRESENTATION('',(#10017),#10021);
#10017 = LINE('',#10018,#10019);
#10018 = CARTESIAN_POINT('',(-1.1,0.6));
#10019 = VECTOR('',#10020,1.);
#10020 = DIRECTION('',(0.,1.));
#10021 = ( GEOMETRIC_REPRESENTATION_CONTEXT(2) 
PARAMETRIC_REPRESENTATION_CONTEXT() REPRESENTATION_CONTEXT('2D SPACE',''
  ) );
#10022 = PCURVE('',#10023,#10028);
#10023 = PLANE('',#10024);
#10024 = AXIS2_PLACEMENT_3D('',#10025,#10026,#10027);
#10025 = CARTESIAN_POINT('',(25.9,-7.7,-0.1));
#10026 = DIRECTION('',(1.,0.,0.));
#10027 = DIRECTION('',(0.,0.,1.));
#10028 = DEFINITIONAL_REPRESENTATION('',(#10029),#10033);
#10029 = LINE('',#10030,#10031);
#10030 = CARTESIAN_POINT('',(0.2,0.6));
#10031 = VECTOR('',#10032,1.);
#10032 = DIRECTION('',(0.,-1.));
#10033 = ( GEOMETRIC_REPRESENTATION_CONTEXT(2) 
PARAMETRIC_REPRESENTATION_CONTEXT() REPRESENTATION_CONTEXT('2D SPACE',''
  ) );
#10034 = ORIENTED_EDGE('',*,*,#10035,.T.);
#10035 = EDGE_CURVE('',#10008,#10036,#10038,.T.);
#10036 = VERTEX_POINT('',#10037);
#10037 = CARTESIAN_POINT('',(20.9,-7.7,0.1));
#10038 = SURFACE_CURVE('',#10039,(#10043,#10050),.PCURVE_S1.);
#10039 = LINE('',#10040,#10041);
#10040 = CARTESIAN_POINT('',(20.85,-7.7,0.1));
#10041 = VECTOR('',#10042,1.);
#10042 = DIRECTION('',(-1.,0.,0.));
#10043 = PCURVE('',#8026,#10044);
#10044 = DEFINITIONAL_REPRESENTATION('',(#10045),#10049);
#10045 = LINE('',#10046,#10047);
#10046 = CARTESIAN_POINT('',(-6.15,1.2));
#10047 = VECTOR('',#10048,1.);
#10048 = DIRECTION('',(-1.,0.));
#10049 = ( GEOMETRIC_REPRESENTATION_CONTEXT(2) 
PARAMETRIC_REPRESENTATION_CONTEXT() REPRESENTATION_CONTEXT('2D SPACE',''
  ) );
#10050 = PCURVE('',#10051,#10056);
#10051 = PLANE('',#10052);
#10052 = AXIS2_PLACEMENT_3D('',#10053,#10054,#10055);
#10053 = CARTESIAN_POINT('',(20.9,-7.7,-0.1));
#10054 = DIRECTION('',(0.,1.,0.));
#10055 = DIRECTION('',(0.,0.,1.));
#10056 = DEFINITIONAL_REPRESENTATION('',(#10057),#10061);
#10057 = LINE('',#10058,#10059);
#10058 = CARTESIAN_POINT('',(0.2,-5.E-02));
#10059 = VECTOR('',#10060,1.);
#10060 = DIRECTION('',(0.,-1.));
#10061 = ( GEOMETRIC_REPRESENTATION_CONTEXT(2) 
PARAMETRIC_REPRESENTATION_CONTEXT() REPRESENTATION_CONTEXT('2D SPACE',''
  ) );
#10062 = ORIENTED_EDGE('',*,*,#10063,.T.);
#10063 = EDGE_CURVE('',#10036,#9980,#10064,.T.);
#10064 = SURFACE_CURVE('',#10065,(#10069,#10076),.PCURVE_S1.);
#10065 = LINE('',#10066,#10067);
#10066 = CARTESIAN_POINT('',(20.9,-8.3,0.1));
#10067 = VECTOR('',#10068,1.);
#10068 = DIRECTION('',(0.,1.,0.));
#10069 = PCURVE('',#8026,#10070);
#10070 = DEFINITIONAL_REPRESENTATION('',(#10071),#10075);
#10071 = LINE('',#10072,#10073);
#10072 = CARTESIAN_POINT('',(-6.1,0.6));
#10073 = VECTOR('',#10074,1.);
#10074 = DIRECTION('',(0.,1.));
#10075 = ( GEOMETRIC_REPRESENTATION_CONTEXT(2) 
PARAMETRIC_REPRESENTATION_CONTEXT() REPRESENTATION_CONTEXT('2D SPACE',''
  ) );
#10076 = PCURVE('',#10077,#10082);
#10077 = PLANE('',#10078);
#10078 = AXIS2_PLACEMENT_3D('',#10079,#10080,#10081);
#10079 = CARTESIAN_POINT('',(20.9,-7.7,-0.1));
#10080 = DIRECTION('',(1.,0.,0.));
#10081 = DIRECTION('',(0.,0.,1.));
#10082 = DEFINITIONAL_REPRESENTATION('',(#10083),#10087);
#10083 = LINE('',#10084,#10085);
#10084 = CARTESIAN_POINT('',(0.2,0.6));
#10085 = VECTOR('',#10086,1.);
#10086 = DIRECTION('',(0.,-1.));
#10087 = ( GEOMETRIC_REPRESENTATION_CONTEXT(2) 
PARAMETRIC_REPRESENTATION_CONTEXT() REPRESENTATION_CONTEXT('2D SPACE',''
  ) );
#10088 = ADVANCED_FACE('',(#10089),#7998,.T.);
#10089 = FACE_BOUND('',#10090,.T.);
#10090 = EDGE_LOOP('',(#10091,#10092,#10115,#10136));
#10091 = ORIENTED_EDGE('',*,*,#9898,.F.);
#10092 = ORIENTED_EDGE('',*,*,#10093,.T.);
#10093 = EDGE_CURVE('',#9899,#10094,#10096,.T.);
#10094 = VERTEX_POINT('',#10095);
#10095 = CARTESIAN_POINT('',(23.4,-5.1,5.9));
#10096 = SURFACE_CURVE('',#10097,(#10101,#10108),.PCURVE_S1.);
#10097 = LINE('',#10098,#10099);
#10098 = CARTESIAN_POINT('',(23.4,-5.1,0.1));
#10099 = VECTOR('',#10100,1.);
#10100 = DIRECTION('',(0.,0.,1.));
#10101 = PCURVE('',#7998,#10102);
#10102 = DEFINITIONAL_REPRESENTATION('',(#10103),#10107);
#10103 = LINE('',#10104,#10105);
#10104 = CARTESIAN_POINT('',(0.,-3.6));
#10105 = VECTOR('',#10106,1.);
#10106 = DIRECTION('',(1.,0.));
#10107 = ( GEOMETRIC_REPRESENTATION_CONTEXT(2) 
PARAMETRIC_REPRESENTATION_CONTEXT() REPRESENTATION_CONTEXT('2D SPACE',''
  ) );
#10108 = PCURVE('',#9937,#10109);
#10109 = DEFINITIONAL_REPRESENTATION('',(#10110),#10114);
#10110 = LINE('',#10111,#10112);
#10111 = CARTESIAN_POINT('',(1.236931687685,2.9));
#10112 = VECTOR('',#10113,1.);
#10113 = DIRECTION('',(0.,-1.));
#10114 = ( GEOMETRIC_REPRESENTATION_CONTEXT(2) 
PARAMETRIC_REPRESENTATION_CONTEXT() REPRESENTATION_CONTEXT('2D SPACE',''
  ) );
#10115 = ORIENTED_EDGE('',*,*,#10116,.F.);
#10116 = EDGE_CURVE('',#7955,#10094,#10117,.T.);
#10117 = SURFACE_CURVE('',#10118,(#10122,#10129),.PCURVE_S1.);
#10118 = LINE('',#10119,#10120);
#10119 = CARTESIAN_POINT('',(30.5,-5.1,5.9));
#10120 = VECTOR('',#10121,1.);
#10121 = DIRECTION('',(-1.,0.,0.));
#10122 = PCURVE('',#7998,#10123);
#10123 = DEFINITIONAL_REPRESENTATION('',(#10124),#10128);
#10124 = LINE('',#10125,#10126);
#10125 = CARTESIAN_POINT('',(5.8,3.5));
#10126 = VECTOR('',#10127,1.);
#10127 = DIRECTION('',(0.,-1.));
#10128 = ( GEOMETRIC_REPRESENTATION_CONTEXT(2) 
PARAMETRIC_REPRESENTATION_CONTEXT() REPRESENTATION_CONTEXT('2D SPACE',''
  ) );
#10129 = PCURVE('',#7970,#10130);
#10130 = DEFINITIONAL_REPRESENTATION('',(#10131),#10135);
#10131 = LINE('',#10132,#10133);
#10132 = CARTESIAN_POINT('',(3.5,3.8));
#10133 = VECTOR('',#10134,1.);
#10134 = DIRECTION('',(-1.,0.));
#10135 = ( GEOMETRIC_REPRESENTATION_CONTEXT(2) 
PARAMETRIC_REPRESENTATION_CONTEXT() REPRESENTATION_CONTEXT('2D SPACE',''
  ) );
#10136 = ORIENTED_EDGE('',*,*,#7982,.F.);
#10137 = ADVANCED_FACE('',(#10138,#10348),#7970,.T.);
#10138 = FACE_BOUND('',#10139,.T.);
#10139 = EDGE_LOOP('',(#10140,#10165,#10188,#10211,#10234,#10257,#10280,
    #10301,#10302,#10303,#10304,#10327));
#10140 = ORIENTED_EDGE('',*,*,#10141,.T.);
#10141 = EDGE_CURVE('',#10142,#10144,#10146,.T.);
#10142 = VERTEX_POINT('',#10143);
#10143 = CARTESIAN_POINT('',(21.,-5.1,5.9));
#10144 = VERTEX_POINT('',#10145);
#10145 = CARTESIAN_POINT('',(20.8,-5.1,5.9));
#10146 = SURFACE_CURVE('',#10147,(#10151,#10158),.PCURVE_S1.);
#10147 = LINE('',#10148,#10149);
#10148 = CARTESIAN_POINT('',(30.5,-5.1,5.9));
#10149 = VECTOR('',#10150,1.);
#10150 = DIRECTION('',(-1.,0.,0.));
#10151 = PCURVE('',#7970,#10152);
#10152 = DEFINITIONAL_REPRESENTATION('',(#10153),#10157);
#10153 = LINE('',#10154,#10155);
#10154 = CARTESIAN_POINT('',(3.5,3.8));
#10155 = VECTOR('',#10156,1.);
#10156 = DIRECTION('',(-1.,0.));
#10157 = ( GEOMETRIC_REPRESENTATION_CONTEXT(2) 
PARAMETRIC_REPRESENTATION_CONTEXT() REPRESENTATION_CONTEXT('2D SPACE',''
  ) );
#10158 = PCURVE('',#9723,#10159);
#10159 = DEFINITIONAL_REPRESENTATION('',(#10160),#10164);
#10160 = LINE('',#10161,#10162);
#10161 = CARTESIAN_POINT('',(5.8,3.5));
#10162 = VECTOR('',#10163,1.);
#10163 = DIRECTION('',(0.,-1.));
#10164 = ( GEOMETRIC_REPRESENTATION_CONTEXT(2) 
PARAMETRIC_REPRESENTATION_CONTEXT() REPRESENTATION_CONTEXT('2D SPACE',''
  ) );
#10165 = ORIENTED_EDGE('',*,*,#10166,.F.);
#10166 = EDGE_CURVE('',#10167,#10144,#10169,.T.);
#10167 = VERTEX_POINT('',#10168);
#10168 = CARTESIAN_POINT('',(20.8,-8.9,5.9));
#10169 = SURFACE_CURVE('',#10170,(#10174,#10181),.PCURVE_S1.);
#10170 = LINE('',#10171,#10172);
#10171 = CARTESIAN_POINT('',(20.8,-8.9,5.9));
#10172 = VECTOR('',#10173,1.);
#10173 = DIRECTION('',(0.,1.,0.));
#10174 = PCURVE('',#7970,#10175);
#10175 = DEFINITIONAL_REPRESENTATION('',(#10176),#10180);
#10176 = LINE('',#10177,#10178);
#10177 = CARTESIAN_POINT('',(-6.2,0.));
#10178 = VECTOR('',#10179,1.);
#10179 = DIRECTION('',(0.,1.));
#10180 = ( GEOMETRIC_REPRESENTATION_CONTEXT(2) 
PARAMETRIC_REPRESENTATION_CONTEXT() REPRESENTATION_CONTEXT('2D SPACE',''
  ) );
#10181 = PCURVE('',#9751,#10182);
#10182 = DEFINITIONAL_REPRESENTATION('',(#10183),#10187);
#10183 = LINE('',#10184,#10185);
#10184 = CARTESIAN_POINT('',(5.8,0.));
#10185 = VECTOR('',#10186,1.);
#10186 = DIRECTION('',(0.,-1.));
#10187 = ( GEOMETRIC_REPRESENTATION_CONTEXT(2) 
PARAMETRIC_REPRESENTATION_CONTEXT() REPRESENTATION_CONTEXT('2D SPACE',''
  ) );
#10188 = ORIENTED_EDGE('',*,*,#10189,.F.);
#10189 = EDGE_CURVE('',#10190,#10167,#10192,.T.);
#10190 = VERTEX_POINT('',#10191);
#10191 = CARTESIAN_POINT('',(21.,-8.9,5.9));
#10192 = SURFACE_CURVE('',#10193,(#10197,#10204),.PCURVE_S1.);
#10193 = LINE('',#10194,#10195);
#10194 = CARTESIAN_POINT('',(30.5,-8.9,5.9));
#10195 = VECTOR('',#10196,1.);
#10196 = DIRECTION('',(-1.,0.,0.));
#10197 = PCURVE('',#7970,#10198);
#10198 = DEFINITIONAL_REPRESENTATION('',(#10199),#10203);
#10199 = LINE('',#10200,#10201);
#10200 = CARTESIAN_POINT('',(3.5,0.));
#10201 = VECTOR('',#10202,1.);
#10202 = DIRECTION('',(-1.,0.));
#10203 = ( GEOMETRIC_REPRESENTATION_CONTEXT(2) 
PARAMETRIC_REPRESENTATION_CONTEXT() REPRESENTATION_CONTEXT('2D SPACE',''
  ) );
#10204 = PCURVE('',#9779,#10205);
#10205 = DEFINITIONAL_REPRESENTATION('',(#10206),#10210);
#10206 = LINE('',#10207,#10208);
#10207 = CARTESIAN_POINT('',(5.8,3.5));
#10208 = VECTOR('',#10209,1.);
#10209 = DIRECTION('',(0.,-1.));
#10210 = ( GEOMETRIC_REPRESENTATION_CONTEXT(2) 
PARAMETRIC_REPRESENTATION_CONTEXT() REPRESENTATION_CONTEXT('2D SPACE',''
  ) );
#10211 = ORIENTED_EDGE('',*,*,#10212,.T.);
#10212 = EDGE_CURVE('',#10190,#10213,#10215,.T.);
#10213 = VERTEX_POINT('',#10214);
#10214 = CARTESIAN_POINT('',(22.2,-9.2,5.9));
#10215 = SURFACE_CURVE('',#10216,(#10220,#10227),.PCURVE_S1.);
#10216 = LINE('',#10217,#10218);
#10217 = CARTESIAN_POINT('',(21.,-8.9,5.9));
#10218 = VECTOR('',#10219,1.);
#10219 = DIRECTION('',(0.970142500145,-0.242535625036,0.));
#10220 = PCURVE('',#7970,#10221);
#10221 = DEFINITIONAL_REPRESENTATION('',(#10222),#10226);
#10222 = LINE('',#10223,#10224);
#10223 = CARTESIAN_POINT('',(-6.,0.));
#10224 = VECTOR('',#10225,1.);
#10225 = DIRECTION('',(0.970142500145,-0.242535625036));
#10226 = ( GEOMETRIC_REPRESENTATION_CONTEXT(2) 
PARAMETRIC_REPRESENTATION_CONTEXT() REPRESENTATION_CONTEXT('2D SPACE',''
  ) );
#10227 = PCURVE('',#9807,#10228);
#10228 = DEFINITIONAL_REPRESENTATION('',(#10229),#10233);
#10229 = LINE('',#10230,#10231);
#10230 = CARTESIAN_POINT('',(0.,-2.9));
#10231 = VECTOR('',#10232,1.);
#10232 = DIRECTION('',(1.,0.));
#10233 = ( GEOMETRIC_REPRESENTATION_CONTEXT(2) 
PARAMETRIC_REPRESENTATION_CONTEXT() REPRESENTATION_CONTEXT('2D SPACE',''
  ) );
#10234 = ORIENTED_EDGE('',*,*,#10235,.T.);
#10235 = EDGE_CURVE('',#10213,#10236,#10238,.T.);
#10236 = VERTEX_POINT('',#10237);
#10237 = CARTESIAN_POINT('',(23.4,-8.9,5.9));
#10238 = SURFACE_CURVE('',#10239,(#10243,#10250),.PCURVE_S1.);
#10239 = LINE('',#10240,#10241);
#10240 = CARTESIAN_POINT('',(22.2,-9.2,5.9));
#10241 = VECTOR('',#10242,1.);
#10242 = DIRECTION('',(0.970142500145,0.242535625036,0.));
#10243 = PCURVE('',#7970,#10244);
#10244 = DEFINITIONAL_REPRESENTATION('',(#10245),#10249);
#10245 = LINE('',#10246,#10247);
#10246 = CARTESIAN_POINT('',(-4.8,-0.3));
#10247 = VECTOR('',#10248,1.);
#10248 = DIRECTION('',(0.970142500145,0.242535625036));
#10249 = ( GEOMETRIC_REPRESENTATION_CONTEXT(2) 
PARAMETRIC_REPRESENTATION_CONTEXT() REPRESENTATION_CONTEXT('2D SPACE',''
  ) );
#10250 = PCURVE('',#9835,#10251);
#10251 = DEFINITIONAL_REPRESENTATION('',(#10252),#10256);
#10252 = LINE('',#10253,#10254);
#10253 = CARTESIAN_POINT('',(0.,-2.9));
#10254 = VECTOR('',#10255,1.);
#10255 = DIRECTION('',(1.,0.));
#10256 = ( GEOMETRIC_REPRESENTATION_CONTEXT(2) 
PARAMETRIC_REPRESENTATION_CONTEXT() REPRESENTATION_CONTEXT('2D SPACE',''
  ) );
#10257 = ORIENTED_EDGE('',*,*,#10258,.F.);
#10258 = EDGE_CURVE('',#10259,#10236,#10261,.T.);
#10259 = VERTEX_POINT('',#10260);
#10260 = CARTESIAN_POINT('',(30.5,-8.9,5.9));
#10261 = SURFACE_CURVE('',#10262,(#10266,#10273),.PCURVE_S1.);
#10262 = LINE('',#10263,#10264);
#10263 = CARTESIAN_POINT('',(30.5,-8.9,5.9));
#10264 = VECTOR('',#10265,1.);
#10265 = DIRECTION('',(-1.,0.,0.));
#10266 = PCURVE('',#7970,#10267);
#10267 = DEFINITIONAL_REPRESENTATION('',(#10268),#10272);
#10268 = LINE('',#10269,#10270);
#10269 = CARTESIAN_POINT('',(3.5,0.));
#10270 = VECTOR('',#10271,1.);
#10271 = DIRECTION('',(-1.,0.));
#10272 = ( GEOMETRIC_REPRESENTATION_CONTEXT(2) 
PARAMETRIC_REPRESENTATION_CONTEXT() REPRESENTATION_CONTEXT('2D SPACE',''
  ) );
#10273 = PCURVE('',#9863,#10274);
#10274 = DEFINITIONAL_REPRESENTATION('',(#10275),#10279);
#10275 = LINE('',#10276,#10277);
#10276 = CARTESIAN_POINT('',(5.8,3.5));
#10277 = VECTOR('',#10278,1.);
#10278 = DIRECTION('',(0.,-1.));
#10279 = ( GEOMETRIC_REPRESENTATION_CONTEXT(2) 
PARAMETRIC_REPRESENTATION_CONTEXT() REPRESENTATION_CONTEXT('2D SPACE',''
  ) );
#10280 = ORIENTED_EDGE('',*,*,#10281,.T.);
#10281 = EDGE_CURVE('',#10259,#8132,#10282,.T.);
#10282 = SURFACE_CURVE('',#10283,(#10287,#10294),.PCURVE_S1.);
#10283 = LINE('',#10284,#10285);
#10284 = CARTESIAN_POINT('',(30.5,-8.9,5.9));
#10285 = VECTOR('',#10286,1.);
#10286 = DIRECTION('',(0.,1.,0.));
#10287 = PCURVE('',#7970,#10288);
#10288 = DEFINITIONAL_REPRESENTATION('',(#10289),#10293);
#10289 = LINE('',#10290,#10291);
#10290 = CARTESIAN_POINT('',(3.5,0.));
#10291 = VECTOR('',#10292,1.);
#10292 = DIRECTION('',(0.,1.));
#10293 = ( GEOMETRIC_REPRESENTATION_CONTEXT(2) 
PARAMETRIC_REPRESENTATION_CONTEXT() REPRESENTATION_CONTEXT('2D SPACE',''
  ) );
#10294 = PCURVE('',#8170,#10295);
#10295 = DEFINITIONAL_REPRESENTATION('',(#10296),#10300);
#10296 = LINE('',#10297,#10298);
#10297 = CARTESIAN_POINT('',(5.8,0.));
#10298 = VECTOR('',#10299,1.);
#10299 = DIRECTION('',(0.,-1.));
#10300 = ( GEOMETRIC_REPRESENTATION_CONTEXT(2) 
PARAMETRIC_REPRESENTATION_CONTEXT() REPRESENTATION_CONTEXT('2D SPACE',''
  ) );
#10301 = ORIENTED_EDGE('',*,*,#8131,.T.);
#10302 = ORIENTED_EDGE('',*,*,#7954,.F.);
#10303 = ORIENTED_EDGE('',*,*,#10116,.T.);
#10304 = ORIENTED_EDGE('',*,*,#10305,.F.);
#10305 = EDGE_CURVE('',#10306,#10094,#10308,.T.);
#10306 = VERTEX_POINT('',#10307);
#10307 = CARTESIAN_POINT('',(22.2,-4.8,5.9));
#10308 = SURFACE_CURVE('',#10309,(#10313,#10320),.PCURVE_S1.);
#10309 = LINE('',#10310,#10311);
#10310 = CARTESIAN_POINT('',(22.2,-4.8,5.9));
#10311 = VECTOR('',#10312,1.);
#10312 = DIRECTION('',(0.970142500145,-0.242535625036,0.));
#10313 = PCURVE('',#7970,#10314);
#10314 = DEFINITIONAL_REPRESENTATION('',(#10315),#10319);
#10315 = LINE('',#10316,#10317);
#10316 = CARTESIAN_POINT('',(-4.8,4.1));
#10317 = VECTOR('',#10318,1.);
#10318 = DIRECTION('',(0.970142500145,-0.242535625036));
#10319 = ( GEOMETRIC_REPRESENTATION_CONTEXT(2) 
PARAMETRIC_REPRESENTATION_CONTEXT() REPRESENTATION_CONTEXT('2D SPACE',''
  ) );
#10320 = PCURVE('',#9937,#10321);
#10321 = DEFINITIONAL_REPRESENTATION('',(#10322),#10326);
#10322 = LINE('',#10323,#10324);
#10323 = CARTESIAN_POINT('',(0.,-2.9));
#10324 = VECTOR('',#10325,1.);
#10325 = DIRECTION('',(1.,0.));
#10326 = ( GEOMETRIC_REPRESENTATION_CONTEXT(2) 
PARAMETRIC_REPRESENTATION_CONTEXT() REPRESENTATION_CONTEXT('2D SPACE',''
  ) );
#10327 = ORIENTED_EDGE('',*,*,#10328,.F.);
#10328 = EDGE_CURVE('',#10142,#10306,#10329,.T.);
#10329 = SURFACE_CURVE('',#10330,(#10334,#10341),.PCURVE_S1.);
#10330 = LINE('',#10331,#10332);
#10331 = CARTESIAN_POINT('',(21.,-5.1,5.9));
#10332 = VECTOR('',#10333,1.);
#10333 = DIRECTION('',(0.970142500145,0.242535625036,0.));
#10334 = PCURVE('',#7970,#10335);
#10335 = DEFINITIONAL_REPRESENTATION('',(#10336),#10340);
#10336 = LINE('',#10337,#10338);
#10337 = CARTESIAN_POINT('',(-6.,3.8));
#10338 = VECTOR('',#10339,1.);
#10339 = DIRECTION('',(0.970142500145,0.242535625036));
#10340 = ( GEOMETRIC_REPRESENTATION_CONTEXT(2) 
PARAMETRIC_REPRESENTATION_CONTEXT() REPRESENTATION_CONTEXT('2D SPACE',''
  ) );
#10341 = PCURVE('',#9963,#10342);
#10342 = DEFINITIONAL_REPRESENTATION('',(#10343),#10347);
#10343 = LINE('',#10344,#10345);
#10344 = CARTESIAN_POINT('',(0.,-2.9));
#10345 = VECTOR('',#10346,1.);
#10346 = DIRECTION('',(1.,0.));
#10347 = ( GEOMETRIC_REPRESENTATION_CONTEXT(2) 
PARAMETRIC_REPRESENTATION_CONTEXT() REPRESENTATION_CONTEXT('2D SPACE',''
  ) );
#10348 = FACE_BOUND('',#10349,.T.);
#10349 = EDGE_LOOP('',(#10350,#10375,#10398,#10421));
#10350 = ORIENTED_EDGE('',*,*,#10351,.F.);
#10351 = EDGE_CURVE('',#10352,#10354,#10356,.T.);
#10352 = VERTEX_POINT('',#10353);
#10353 = CARTESIAN_POINT('',(25.9,-6.3,5.9));
#10354 = VERTEX_POINT('',#10355);
#10355 = CARTESIAN_POINT('',(20.9,-6.3,5.9));
#10356 = SURFACE_CURVE('',#10357,(#10361,#10368),.PCURVE_S1.);
#10357 = LINE('',#10358,#10359);
#10358 = CARTESIAN_POINT('',(20.85,-6.3,5.9));
#10359 = VECTOR('',#10360,1.);
#10360 = DIRECTION('',(-1.,0.,0.));
#10361 = PCURVE('',#7970,#10362);
#10362 = DEFINITIONAL_REPRESENTATION('',(#10363),#10367);
#10363 = LINE('',#10364,#10365);
#10364 = CARTESIAN_POINT('',(-6.15,2.6));
#10365 = VECTOR('',#10366,1.);
#10366 = DIRECTION('',(-1.,0.));
#10367 = ( GEOMETRIC_REPRESENTATION_CONTEXT(2) 
PARAMETRIC_REPRESENTATION_CONTEXT() REPRESENTATION_CONTEXT('2D SPACE',''
  ) );
#10368 = PCURVE('',#9995,#10369);
#10369 = DEFINITIONAL_REPRESENTATION('',(#10370),#10374);
#10370 = LINE('',#10371,#10372);
#10371 = CARTESIAN_POINT('',(6.,-5.E-02));
#10372 = VECTOR('',#10373,1.);
#10373 = DIRECTION('',(0.,-1.));
#10374 = ( GEOMETRIC_REPRESENTATION_CONTEXT(2) 
PARAMETRIC_REPRESENTATION_CONTEXT() REPRESENTATION_CONTEXT('2D SPACE',''
  ) );
#10375 = ORIENTED_EDGE('',*,*,#10376,.F.);
#10376 = EDGE_CURVE('',#10377,#10352,#10379,.T.);
#10377 = VERTEX_POINT('',#10378);
#10378 = CARTESIAN_POINT('',(25.9,-7.7,5.9));
#10379 = SURFACE_CURVE('',#10380,(#10384,#10391),.PCURVE_S1.);
#10380 = LINE('',#10381,#10382);
#10381 = CARTESIAN_POINT('',(25.9,-8.3,5.9));
#10382 = VECTOR('',#10383,1.);
#10383 = DIRECTION('',(0.,1.,0.));
#10384 = PCURVE('',#7970,#10385);
#10385 = DEFINITIONAL_REPRESENTATION('',(#10386),#10390);
#10386 = LINE('',#10387,#10388);
#10387 = CARTESIAN_POINT('',(-1.1,0.6));
#10388 = VECTOR('',#10389,1.);
#10389 = DIRECTION('',(0.,1.));
#10390 = ( GEOMETRIC_REPRESENTATION_CONTEXT(2) 
PARAMETRIC_REPRESENTATION_CONTEXT() REPRESENTATION_CONTEXT('2D SPACE',''
  ) );
#10391 = PCURVE('',#10023,#10392);
#10392 = DEFINITIONAL_REPRESENTATION('',(#10393),#10397);
#10393 = LINE('',#10394,#10395);
#10394 = CARTESIAN_POINT('',(6.,0.6));
#10395 = VECTOR('',#10396,1.);
#10396 = DIRECTION('',(0.,-1.));
#10397 = ( GEOMETRIC_REPRESENTATION_CONTEXT(2) 
PARAMETRIC_REPRESENTATION_CONTEXT() REPRESENTATION_CONTEXT('2D SPACE',''
  ) );
#10398 = ORIENTED_EDGE('',*,*,#10399,.T.);
#10399 = EDGE_CURVE('',#10377,#10400,#10402,.T.);
#10400 = VERTEX_POINT('',#10401);
#10401 = CARTESIAN_POINT('',(20.9,-7.7,5.9));
#10402 = SURFACE_CURVE('',#10403,(#10407,#10414),.PCURVE_S1.);
#10403 = LINE('',#10404,#10405);
#10404 = CARTESIAN_POINT('',(20.85,-7.7,5.9));
#10405 = VECTOR('',#10406,1.);
#10406 = DIRECTION('',(-1.,0.,0.));
#10407 = PCURVE('',#7970,#10408);
#10408 = DEFINITIONAL_REPRESENTATION('',(#10409),#10413);
#10409 = LINE('',#10410,#10411);
#10410 = CARTESIAN_POINT('',(-6.15,1.2));
#10411 = VECTOR('',#10412,1.);
#10412 = DIRECTION('',(-1.,0.));
#10413 = ( GEOMETRIC_REPRESENTATION_CONTEXT(2) 
PARAMETRIC_REPRESENTATION_CONTEXT() REPRESENTATION_CONTEXT('2D SPACE',''
  ) );
#10414 = PCURVE('',#10051,#10415);
#10415 = DEFINITIONAL_REPRESENTATION('',(#10416),#10420);
#10416 = LINE('',#10417,#10418);
#10417 = CARTESIAN_POINT('',(6.,-5.E-02));
#10418 = VECTOR('',#10419,1.);
#10419 = DIRECTION('',(0.,-1.));
#10420 = ( GEOMETRIC_REPRESENTATION_CONTEXT(2) 
PARAMETRIC_REPRESENTATION_CONTEXT() REPRESENTATION_CONTEXT('2D SPACE',''
  ) );
#10421 = ORIENTED_EDGE('',*,*,#10422,.T.);
#10422 = EDGE_CURVE('',#10400,#10354,#10423,.T.);
#10423 = SURFACE_CURVE('',#10424,(#10428,#10435),.PCURVE_S1.);
#10424 = LINE('',#10425,#10426);
#10425 = CARTESIAN_POINT('',(20.9,-8.3,5.9));
#10426 = VECTOR('',#10427,1.);
#10427 = DIRECTION('',(0.,1.,0.));
#10428 = PCURVE('',#7970,#10429);
#10429 = DEFINITIONAL_REPRESENTATION('',(#10430),#10434);
#10430 = LINE('',#10431,#10432);
#10431 = CARTESIAN_POINT('',(-6.1,0.6));
#10432 = VECTOR('',#10433,1.);
#10433 = DIRECTION('',(0.,1.));
#10434 = ( GEOMETRIC_REPRESENTATION_CONTEXT(2) 
PARAMETRIC_REPRESENTATION_CONTEXT() REPRESENTATION_CONTEXT('2D SPACE',''
  ) );
#10435 = PCURVE('',#10077,#10436);
#10436 = DEFINITIONAL_REPRESENTATION('',(#10437),#10441);
#10437 = LINE('',#10438,#10439);
#10438 = CARTESIAN_POINT('',(6.,0.6));
#10439 = VECTOR('',#10440,1.);
#10440 = DIRECTION('',(0.,-1.));
#10441 = ( GEOMETRIC_REPRESENTATION_CONTEXT(2) 
PARAMETRIC_REPRESENTATION_CONTEXT() REPRESENTATION_CONTEXT('2D SPACE',''
  ) );
#10442 = ADVANCED_FACE('',(#10443),#8170,.T.);
#10443 = FACE_BOUND('',#10444,.T.);
#10444 = EDGE_LOOP('',(#10445,#10446,#10467,#10468));
#10445 = ORIENTED_EDGE('',*,*,#10281,.F.);
#10446 = ORIENTED_EDGE('',*,*,#10447,.F.);
#10447 = EDGE_CURVE('',#9848,#10259,#10448,.T.);
#10448 = SURFACE_CURVE('',#10449,(#10453,#10460),.PCURVE_S1.);
#10449 = LINE('',#10450,#10451);
#10450 = CARTESIAN_POINT('',(30.5,-8.9,0.1));
#10451 = VECTOR('',#10452,1.);
#10452 = DIRECTION('',(0.,0.,1.));
#10453 = PCURVE('',#8170,#10454);
#10454 = DEFINITIONAL_REPRESENTATION('',(#10455),#10459);
#10455 = LINE('',#10456,#10457);
#10456 = CARTESIAN_POINT('',(0.,0.));
#10457 = VECTOR('',#10458,1.);
#10458 = DIRECTION('',(1.,0.));
#10459 = ( GEOMETRIC_REPRESENTATION_CONTEXT(2) 
PARAMETRIC_REPRESENTATION_CONTEXT() REPRESENTATION_CONTEXT('2D SPACE',''
  ) );
#10460 = PCURVE('',#9863,#10461);
#10461 = DEFINITIONAL_REPRESENTATION('',(#10462),#10466);
#10462 = LINE('',#10463,#10464);
#10463 = CARTESIAN_POINT('',(0.,3.5));
#10464 = VECTOR('',#10465,1.);
#10465 = DIRECTION('',(1.,0.));
#10466 = ( GEOMETRIC_REPRESENTATION_CONTEXT(2) 
PARAMETRIC_REPRESENTATION_CONTEXT() REPRESENTATION_CONTEXT('2D SPACE',''
  ) );
#10467 = ORIENTED_EDGE('',*,*,#9875,.T.);
#10468 = ORIENTED_EDGE('',*,*,#8154,.T.);
#10469 = ADVANCED_FACE('',(#10470,#10742),#8932,.F.);
#10470 = FACE_BOUND('',#10471,.F.);
#10471 = EDGE_LOOP('',(#10472,#10495,#10496,#10497,#10520,#10548,#10576,
    #10604,#10632,#10660,#10688,#10716));
#10472 = ORIENTED_EDGE('',*,*,#10473,.F.);
#10473 = EDGE_CURVE('',#8994,#10474,#10476,.T.);
#10474 = VERTEX_POINT('',#10475);
#10475 = CARTESIAN_POINT('',(53.5,8.9,0.1));
#10476 = SURFACE_CURVE('',#10477,(#10481,#10488),.PCURVE_S1.);
#10477 = LINE('',#10478,#10479);
#10478 = CARTESIAN_POINT('',(53.5,5.1,0.1));
#10479 = VECTOR('',#10480,1.);
#10480 = DIRECTION('',(0.,1.,0.));
#10481 = PCURVE('',#8932,#10482);
#10482 = DEFINITIONAL_REPRESENTATION('',(#10483),#10487);
#10483 = LINE('',#10484,#10485);
#10484 = CARTESIAN_POINT('',(0.,0.));
#10485 = VECTOR('',#10486,1.);
#10486 = DIRECTION('',(0.,1.));
#10487 = ( GEOMETRIC_REPRESENTATION_CONTEXT(2) 
PARAMETRIC_REPRESENTATION_CONTEXT() REPRESENTATION_CONTEXT('2D SPACE',''
  ) );
#10488 = PCURVE('',#9032,#10489);
#10489 = DEFINITIONAL_REPRESENTATION('',(#10490),#10494);
#10490 = LINE('',#10491,#10492);
#10491 = CARTESIAN_POINT('',(0.,0.));
#10492 = VECTOR('',#10493,1.);
#10493 = DIRECTION('',(0.,-1.));
#10494 = ( GEOMETRIC_REPRESENTATION_CONTEXT(2) 
PARAMETRIC_REPRESENTATION_CONTEXT() REPRESENTATION_CONTEXT('2D SPACE',''
  ) );
#10495 = ORIENTED_EDGE('',*,*,#8993,.F.);
#10496 = ORIENTED_EDGE('',*,*,#8916,.F.);
#10497 = ORIENTED_EDGE('',*,*,#10498,.T.);
#10498 = EDGE_CURVE('',#8889,#10499,#10501,.T.);
#10499 = VERTEX_POINT('',#10500);
#10500 = CARTESIAN_POINT('',(60.6,5.1,0.1));
#10501 = SURFACE_CURVE('',#10502,(#10506,#10513),.PCURVE_S1.);
#10502 = LINE('',#10503,#10504);
#10503 = CARTESIAN_POINT('',(53.5,5.1,0.1));
#10504 = VECTOR('',#10505,1.);
#10505 = DIRECTION('',(1.,0.,0.));
#10506 = PCURVE('',#8932,#10507);
#10507 = DEFINITIONAL_REPRESENTATION('',(#10508),#10512);
#10508 = LINE('',#10509,#10510);
#10509 = CARTESIAN_POINT('',(0.,0.));
#10510 = VECTOR('',#10511,1.);
#10511 = DIRECTION('',(1.,0.));
#10512 = ( GEOMETRIC_REPRESENTATION_CONTEXT(2) 
PARAMETRIC_REPRESENTATION_CONTEXT() REPRESENTATION_CONTEXT('2D SPACE',''
  ) );
#10513 = PCURVE('',#8904,#10514);
#10514 = DEFINITIONAL_REPRESENTATION('',(#10515),#10519);
#10515 = LINE('',#10516,#10517);
#10516 = CARTESIAN_POINT('',(0.,0.));
#10517 = VECTOR('',#10518,1.);
#10518 = DIRECTION('',(0.,1.));
#10519 = ( GEOMETRIC_REPRESENTATION_CONTEXT(2) 
PARAMETRIC_REPRESENTATION_CONTEXT() REPRESENTATION_CONTEXT('2D SPACE',''
  ) );
#10520 = ORIENTED_EDGE('',*,*,#10521,.F.);
#10521 = EDGE_CURVE('',#10522,#10499,#10524,.T.);
#10522 = VERTEX_POINT('',#10523);
#10523 = CARTESIAN_POINT('',(61.8,4.8,0.1));
#10524 = SURFACE_CURVE('',#10525,(#10529,#10536),.PCURVE_S1.);
#10525 = LINE('',#10526,#10527);
#10526 = CARTESIAN_POINT('',(61.8,4.8,0.1));
#10527 = VECTOR('',#10528,1.);
#10528 = DIRECTION('',(-0.970142500145,0.242535625036,0.));
#10529 = PCURVE('',#8932,#10530);
#10530 = DEFINITIONAL_REPRESENTATION('',(#10531),#10535);
#10531 = LINE('',#10532,#10533);
#10532 = CARTESIAN_POINT('',(8.3,-0.3));
#10533 = VECTOR('',#10534,1.);
#10534 = DIRECTION('',(-0.970142500145,0.242535625036));
#10535 = ( GEOMETRIC_REPRESENTATION_CONTEXT(2) 
PARAMETRIC_REPRESENTATION_CONTEXT() REPRESENTATION_CONTEXT('2D SPACE',''
  ) );
#10536 = PCURVE('',#10537,#10542);
#10537 = PLANE('',#10538);
#10538 = AXIS2_PLACEMENT_3D('',#10539,#10540,#10541);
#10539 = CARTESIAN_POINT('',(61.8,4.8,3.));
#10540 = DIRECTION('',(-0.242535625036,-0.970142500145,0.));
#10541 = DIRECTION('',(-0.970142500145,0.242535625036,0.));
#10542 = DEFINITIONAL_REPRESENTATION('',(#10543),#10547);
#10543 = LINE('',#10544,#10545);
#10544 = CARTESIAN_POINT('',(0.,2.9));
#10545 = VECTOR('',#10546,1.);
#10546 = DIRECTION('',(1.,0.));
#10547 = ( GEOMETRIC_REPRESENTATION_CONTEXT(2) 
PARAMETRIC_REPRESENTATION_CONTEXT() REPRESENTATION_CONTEXT('2D SPACE',''
  ) );
#10548 = ORIENTED_EDGE('',*,*,#10549,.F.);
#10549 = EDGE_CURVE('',#10550,#10522,#10552,.T.);
#10550 = VERTEX_POINT('',#10551);
#10551 = CARTESIAN_POINT('',(63.,5.1,0.1));
#10552 = SURFACE_CURVE('',#10553,(#10557,#10564),.PCURVE_S1.);
#10553 = LINE('',#10554,#10555);
#10554 = CARTESIAN_POINT('',(63.,5.1,0.1));
#10555 = VECTOR('',#10556,1.);
#10556 = DIRECTION('',(-0.970142500145,-0.242535625036,0.));
#10557 = PCURVE('',#8932,#10558);
#10558 = DEFINITIONAL_REPRESENTATION('',(#10559),#10563);
#10559 = LINE('',#10560,#10561);
#10560 = CARTESIAN_POINT('',(9.5,0.));
#10561 = VECTOR('',#10562,1.);
#10562 = DIRECTION('',(-0.970142500145,-0.242535625036));
#10563 = ( GEOMETRIC_REPRESENTATION_CONTEXT(2) 
PARAMETRIC_REPRESENTATION_CONTEXT() REPRESENTATION_CONTEXT('2D SPACE',''
  ) );
#10564 = PCURVE('',#10565,#10570);
#10565 = PLANE('',#10566);
#10566 = AXIS2_PLACEMENT_3D('',#10567,#10568,#10569);
#10567 = CARTESIAN_POINT('',(63.,5.1,3.));
#10568 = DIRECTION('',(0.242535625036,-0.970142500145,0.));
#10569 = DIRECTION('',(-0.970142500145,-0.242535625036,0.));
#10570 = DEFINITIONAL_REPRESENTATION('',(#10571),#10575);
#10571 = LINE('',#10572,#10573);
#10572 = CARTESIAN_POINT('',(-0.,2.9));
#10573 = VECTOR('',#10574,1.);
#10574 = DIRECTION('',(1.,0.));
#10575 = ( GEOMETRIC_REPRESENTATION_CONTEXT(2) 
PARAMETRIC_REPRESENTATION_CONTEXT() REPRESENTATION_CONTEXT('2D SPACE',''
  ) );
#10576 = ORIENTED_EDGE('',*,*,#10577,.T.);
#10577 = EDGE_CURVE('',#10550,#10578,#10580,.T.);
#10578 = VERTEX_POINT('',#10579);
#10579 = CARTESIAN_POINT('',(63.2,5.1,0.1));
#10580 = SURFACE_CURVE('',#10581,(#10585,#10592),.PCURVE_S1.);
#10581 = LINE('',#10582,#10583);
#10582 = CARTESIAN_POINT('',(53.5,5.1,0.1));
#10583 = VECTOR('',#10584,1.);
#10584 = DIRECTION('',(1.,0.,0.));
#10585 = PCURVE('',#8932,#10586);
#10586 = DEFINITIONAL_REPRESENTATION('',(#10587),#10591);
#10587 = LINE('',#10588,#10589);
#10588 = CARTESIAN_POINT('',(0.,0.));
#10589 = VECTOR('',#10590,1.);
#10590 = DIRECTION('',(1.,0.));
#10591 = ( GEOMETRIC_REPRESENTATION_CONTEXT(2) 
PARAMETRIC_REPRESENTATION_CONTEXT() REPRESENTATION_CONTEXT('2D SPACE',''
  ) );
#10592 = PCURVE('',#10593,#10598);
#10593 = PLANE('',#10594);
#10594 = AXIS2_PLACEMENT_3D('',#10595,#10596,#10597);
#10595 = CARTESIAN_POINT('',(53.5,5.1,0.1));
#10596 = DIRECTION('',(0.,1.,0.));
#10597 = DIRECTION('',(0.,0.,1.));
#10598 = DEFINITIONAL_REPRESENTATION('',(#10599),#10603);
#10599 = LINE('',#10600,#10601);
#10600 = CARTESIAN_POINT('',(0.,0.));
#10601 = VECTOR('',#10602,1.);
#10602 = DIRECTION('',(0.,1.));
#10603 = ( GEOMETRIC_REPRESENTATION_CONTEXT(2) 
PARAMETRIC_REPRESENTATION_CONTEXT() REPRESENTATION_CONTEXT('2D SPACE',''
  ) );
#10604 = ORIENTED_EDGE('',*,*,#10605,.T.);
#10605 = EDGE_CURVE('',#10578,#10606,#10608,.T.);
#10606 = VERTEX_POINT('',#10607);
#10607 = CARTESIAN_POINT('',(63.2,8.9,0.1));
#10608 = SURFACE_CURVE('',#10609,(#10613,#10620),.PCURVE_S1.);
#10609 = LINE('',#10610,#10611);
#10610 = CARTESIAN_POINT('',(63.2,5.1,0.1));
#10611 = VECTOR('',#10612,1.);
#10612 = DIRECTION('',(0.,1.,0.));
#10613 = PCURVE('',#8932,#10614);
#10614 = DEFINITIONAL_REPRESENTATION('',(#10615),#10619);
#10615 = LINE('',#10616,#10617);
#10616 = CARTESIAN_POINT('',(9.7,0.));
#10617 = VECTOR('',#10618,1.);
#10618 = DIRECTION('',(0.,1.));
#10619 = ( GEOMETRIC_REPRESENTATION_CONTEXT(2) 
PARAMETRIC_REPRESENTATION_CONTEXT() REPRESENTATION_CONTEXT('2D SPACE',''
  ) );
#10620 = PCURVE('',#10621,#10626);
#10621 = PLANE('',#10622);
#10622 = AXIS2_PLACEMENT_3D('',#10623,#10624,#10625);
#10623 = CARTESIAN_POINT('',(63.2,5.1,0.1));
#10624 = DIRECTION('',(1.,0.,0.));
#10625 = DIRECTION('',(0.,0.,1.));
#10626 = DEFINITIONAL_REPRESENTATION('',(#10627),#10631);
#10627 = LINE('',#10628,#10629);
#10628 = CARTESIAN_POINT('',(0.,0.));
#10629 = VECTOR('',#10630,1.);
#10630 = DIRECTION('',(0.,-1.));
#10631 = ( GEOMETRIC_REPRESENTATION_CONTEXT(2) 
PARAMETRIC_REPRESENTATION_CONTEXT() REPRESENTATION_CONTEXT('2D SPACE',''
  ) );
#10632 = ORIENTED_EDGE('',*,*,#10633,.T.);
#10633 = EDGE_CURVE('',#10606,#10634,#10636,.T.);
#10634 = VERTEX_POINT('',#10635);
#10635 = CARTESIAN_POINT('',(63.,8.9,0.1));
#10636 = SURFACE_CURVE('',#10637,(#10641,#10648),.PCURVE_S1.);
#10637 = LINE('',#10638,#10639);
#10638 = CARTESIAN_POINT('',(63.2,8.9,0.1));
#10639 = VECTOR('',#10640,1.);
#10640 = DIRECTION('',(-1.,0.,0.));
#10641 = PCURVE('',#8932,#10642);
#10642 = DEFINITIONAL_REPRESENTATION('',(#10643),#10647);
#10643 = LINE('',#10644,#10645);
#10644 = CARTESIAN_POINT('',(9.7,3.8));
#10645 = VECTOR('',#10646,1.);
#10646 = DIRECTION('',(-1.,0.));
#10647 = ( GEOMETRIC_REPRESENTATION_CONTEXT(2) 
PARAMETRIC_REPRESENTATION_CONTEXT() REPRESENTATION_CONTEXT('2D SPACE',''
  ) );
#10648 = PCURVE('',#10649,#10654);
#10649 = PLANE('',#10650);
#10650 = AXIS2_PLACEMENT_3D('',#10651,#10652,#10653);
#10651 = CARTESIAN_POINT('',(53.5,8.9,0.1));
#10652 = DIRECTION('',(0.,1.,0.));
#10653 = DIRECTION('',(0.,0.,1.));
#10654 = DEFINITIONAL_REPRESENTATION('',(#10655),#10659);
#10655 = LINE('',#10656,#10657);
#10656 = CARTESIAN_POINT('',(0.,9.7));
#10657 = VECTOR('',#10658,1.);
#10658 = DIRECTION('',(0.,-1.));
#10659 = ( GEOMETRIC_REPRESENTATION_CONTEXT(2) 
PARAMETRIC_REPRESENTATION_CONTEXT() REPRESENTATION_CONTEXT('2D SPACE',''
  ) );
#10660 = ORIENTED_EDGE('',*,*,#10661,.T.);
#10661 = EDGE_CURVE('',#10634,#10662,#10664,.T.);
#10662 = VERTEX_POINT('',#10663);
#10663 = CARTESIAN_POINT('',(61.8,9.2,0.1));
#10664 = SURFACE_CURVE('',#10665,(#10669,#10676),.PCURVE_S1.);
#10665 = LINE('',#10666,#10667);
#10666 = CARTESIAN_POINT('',(63.,8.9,0.1));
#10667 = VECTOR('',#10668,1.);
#10668 = DIRECTION('',(-0.970142500145,0.242535625036,0.));
#10669 = PCURVE('',#8932,#10670);
#10670 = DEFINITIONAL_REPRESENTATION('',(#10671),#10675);
#10671 = LINE('',#10672,#10673);
#10672 = CARTESIAN_POINT('',(9.5,3.8));
#10673 = VECTOR('',#10674,1.);
#10674 = DIRECTION('',(-0.970142500145,0.242535625036));
#10675 = ( GEOMETRIC_REPRESENTATION_CONTEXT(2) 
PARAMETRIC_REPRESENTATION_CONTEXT() REPRESENTATION_CONTEXT('2D SPACE',''
  ) );
#10676 = PCURVE('',#10677,#10682);
#10677 = PLANE('',#10678);
#10678 = AXIS2_PLACEMENT_3D('',#10679,#10680,#10681);
#10679 = CARTESIAN_POINT('',(63.,8.9,3.));
#10680 = DIRECTION('',(-0.242535625036,-0.970142500145,0.));
#10681 = DIRECTION('',(-0.970142500145,0.242535625036,0.));
#10682 = DEFINITIONAL_REPRESENTATION('',(#10683),#10687);
#10683 = LINE('',#10684,#10685);
#10684 = CARTESIAN_POINT('',(0.,2.9));
#10685 = VECTOR('',#10686,1.);
#10686 = DIRECTION('',(1.,0.));
#10687 = ( GEOMETRIC_REPRESENTATION_CONTEXT(2) 
PARAMETRIC_REPRESENTATION_CONTEXT() REPRESENTATION_CONTEXT('2D SPACE',''
  ) );
#10688 = ORIENTED_EDGE('',*,*,#10689,.T.);
#10689 = EDGE_CURVE('',#10662,#10690,#10692,.T.);
#10690 = VERTEX_POINT('',#10691);
#10691 = CARTESIAN_POINT('',(60.6,8.9,0.1));
#10692 = SURFACE_CURVE('',#10693,(#10697,#10704),.PCURVE_S1.);
#10693 = LINE('',#10694,#10695);
#10694 = CARTESIAN_POINT('',(61.8,9.2,0.1));
#10695 = VECTOR('',#10696,1.);
#10696 = DIRECTION('',(-0.970142500145,-0.242535625036,0.));
#10697 = PCURVE('',#8932,#10698);
#10698 = DEFINITIONAL_REPRESENTATION('',(#10699),#10703);
#10699 = LINE('',#10700,#10701);
#10700 = CARTESIAN_POINT('',(8.3,4.1));
#10701 = VECTOR('',#10702,1.);
#10702 = DIRECTION('',(-0.970142500145,-0.242535625036));
#10703 = ( GEOMETRIC_REPRESENTATION_CONTEXT(2) 
PARAMETRIC_REPRESENTATION_CONTEXT() REPRESENTATION_CONTEXT('2D SPACE',''
  ) );
#10704 = PCURVE('',#10705,#10710);
#10705 = PLANE('',#10706);
#10706 = AXIS2_PLACEMENT_3D('',#10707,#10708,#10709);
#10707 = CARTESIAN_POINT('',(61.8,9.2,3.));
#10708 = DIRECTION('',(0.242535625036,-0.970142500145,0.));
#10709 = DIRECTION('',(-0.970142500145,-0.242535625036,0.));
#10710 = DEFINITIONAL_REPRESENTATION('',(#10711),#10715);
#10711 = LINE('',#10712,#10713);
#10712 = CARTESIAN_POINT('',(-0.,2.9));
#10713 = VECTOR('',#10714,1.);
#10714 = DIRECTION('',(1.,0.));
#10715 = ( GEOMETRIC_REPRESENTATION_CONTEXT(2) 
PARAMETRIC_REPRESENTATION_CONTEXT() REPRESENTATION_CONTEXT('2D SPACE',''
  ) );
#10716 = ORIENTED_EDGE('',*,*,#10717,.T.);
#10717 = EDGE_CURVE('',#10690,#10474,#10718,.T.);
#10718 = SURFACE_CURVE('',#10719,(#10723,#10730),.PCURVE_S1.);
#10719 = LINE('',#10720,#10721);
#10720 = CARTESIAN_POINT('',(63.2,8.9,0.1));
#10721 = VECTOR('',#10722,1.);
#10722 = DIRECTION('',(-1.,0.,0.));
#10723 = PCURVE('',#8932,#10724);
#10724 = DEFINITIONAL_REPRESENTATION('',(#10725),#10729);
#10725 = LINE('',#10726,#10727);
#10726 = CARTESIAN_POINT('',(9.7,3.8));
#10727 = VECTOR('',#10728,1.);
#10728 = DIRECTION('',(-1.,0.));
#10729 = ( GEOMETRIC_REPRESENTATION_CONTEXT(2) 
PARAMETRIC_REPRESENTATION_CONTEXT() REPRESENTATION_CONTEXT('2D SPACE',''
  ) );
#10730 = PCURVE('',#10731,#10736);
#10731 = PLANE('',#10732);
#10732 = AXIS2_PLACEMENT_3D('',#10733,#10734,#10735);
#10733 = CARTESIAN_POINT('',(53.5,8.9,0.1));
#10734 = DIRECTION('',(0.,1.,0.));
#10735 = DIRECTION('',(0.,0.,1.));
#10736 = DEFINITIONAL_REPRESENTATION('',(#10737),#10741);
#10737 = LINE('',#10738,#10739);
#10738 = CARTESIAN_POINT('',(0.,9.7));
#10739 = VECTOR('',#10740,1.);
#10740 = DIRECTION('',(0.,-1.));
#10741 = ( GEOMETRIC_REPRESENTATION_CONTEXT(2) 
PARAMETRIC_REPRESENTATION_CONTEXT() REPRESENTATION_CONTEXT('2D SPACE',''
  ) );
#10742 = FACE_BOUND('',#10743,.F.);
#10743 = EDGE_LOOP('',(#10744,#10774,#10802,#10830));
#10744 = ORIENTED_EDGE('',*,*,#10745,.F.);
#10745 = EDGE_CURVE('',#10746,#10748,#10750,.T.);
#10746 = VERTEX_POINT('',#10747);
#10747 = CARTESIAN_POINT('',(63.1,7.7,0.1));
#10748 = VERTEX_POINT('',#10749);
#10749 = CARTESIAN_POINT('',(58.1,7.7,0.1));
#10750 = SURFACE_CURVE('',#10751,(#10755,#10762),.PCURVE_S1.);
#10751 = LINE('',#10752,#10753);
#10752 = CARTESIAN_POINT('',(57.45,7.7,0.1));
#10753 = VECTOR('',#10754,1.);
#10754 = DIRECTION('',(-1.,0.,0.));
#10755 = PCURVE('',#8932,#10756);
#10756 = DEFINITIONAL_REPRESENTATION('',(#10757),#10761);
#10757 = LINE('',#10758,#10759);
#10758 = CARTESIAN_POINT('',(3.95,2.6));
#10759 = VECTOR('',#10760,1.);
#10760 = DIRECTION('',(-1.,0.));
#10761 = ( GEOMETRIC_REPRESENTATION_CONTEXT(2) 
PARAMETRIC_REPRESENTATION_CONTEXT() REPRESENTATION_CONTEXT('2D SPACE',''
  ) );
#10762 = PCURVE('',#10763,#10768);
#10763 = PLANE('',#10764);
#10764 = AXIS2_PLACEMENT_3D('',#10765,#10766,#10767);
#10765 = CARTESIAN_POINT('',(58.1,7.7,-0.1));
#10766 = DIRECTION('',(0.,1.,0.));
#10767 = DIRECTION('',(0.,0.,1.));
#10768 = DEFINITIONAL_REPRESENTATION('',(#10769),#10773);
#10769 = LINE('',#10770,#10771);
#10770 = CARTESIAN_POINT('',(0.2,-0.65));
#10771 = VECTOR('',#10772,1.);
#10772 = DIRECTION('',(0.,-1.));
#10773 = ( GEOMETRIC_REPRESENTATION_CONTEXT(2) 
PARAMETRIC_REPRESENTATION_CONTEXT() REPRESENTATION_CONTEXT('2D SPACE',''
  ) );
#10774 = ORIENTED_EDGE('',*,*,#10775,.F.);
#10775 = EDGE_CURVE('',#10776,#10746,#10778,.T.);
#10776 = VERTEX_POINT('',#10777);
#10777 = CARTESIAN_POINT('',(63.1,6.3,0.1));
#10778 = SURFACE_CURVE('',#10779,(#10783,#10790),.PCURVE_S1.);
#10779 = LINE('',#10780,#10781);
#10780 = CARTESIAN_POINT('',(63.1,5.7,0.1));
#10781 = VECTOR('',#10782,1.);
#10782 = DIRECTION('',(0.,1.,0.));
#10783 = PCURVE('',#8932,#10784);
#10784 = DEFINITIONAL_REPRESENTATION('',(#10785),#10789);
#10785 = LINE('',#10786,#10787);
#10786 = CARTESIAN_POINT('',(9.6,0.6));
#10787 = VECTOR('',#10788,1.);
#10788 = DIRECTION('',(0.,1.));
#10789 = ( GEOMETRIC_REPRESENTATION_CONTEXT(2) 
PARAMETRIC_REPRESENTATION_CONTEXT() REPRESENTATION_CONTEXT('2D SPACE',''
  ) );
#10790 = PCURVE('',#10791,#10796);
#10791 = PLANE('',#10792);
#10792 = AXIS2_PLACEMENT_3D('',#10793,#10794,#10795);
#10793 = CARTESIAN_POINT('',(63.1,6.3,-0.1));
#10794 = DIRECTION('',(1.,0.,0.));
#10795 = DIRECTION('',(0.,0.,1.));
#10796 = DEFINITIONAL_REPRESENTATION('',(#10797),#10801);
#10797 = LINE('',#10798,#10799);
#10798 = CARTESIAN_POINT('',(0.2,0.6));
#10799 = VECTOR('',#10800,1.);
#10800 = DIRECTION('',(0.,-1.));
#10801 = ( GEOMETRIC_REPRESENTATION_CONTEXT(2) 
PARAMETRIC_REPRESENTATION_CONTEXT() REPRESENTATION_CONTEXT('2D SPACE',''
  ) );
#10802 = ORIENTED_EDGE('',*,*,#10803,.T.);
#10803 = EDGE_CURVE('',#10776,#10804,#10806,.T.);
#10804 = VERTEX_POINT('',#10805);
#10805 = CARTESIAN_POINT('',(58.1,6.3,0.1));
#10806 = SURFACE_CURVE('',#10807,(#10811,#10818),.PCURVE_S1.);
#10807 = LINE('',#10808,#10809);
#10808 = CARTESIAN_POINT('',(57.45,6.3,0.1));
#10809 = VECTOR('',#10810,1.);
#10810 = DIRECTION('',(-1.,0.,0.));
#10811 = PCURVE('',#8932,#10812);
#10812 = DEFINITIONAL_REPRESENTATION('',(#10813),#10817);
#10813 = LINE('',#10814,#10815);
#10814 = CARTESIAN_POINT('',(3.95,1.2));
#10815 = VECTOR('',#10816,1.);
#10816 = DIRECTION('',(-1.,0.));
#10817 = ( GEOMETRIC_REPRESENTATION_CONTEXT(2) 
PARAMETRIC_REPRESENTATION_CONTEXT() REPRESENTATION_CONTEXT('2D SPACE',''
  ) );
#10818 = PCURVE('',#10819,#10824);
#10819 = PLANE('',#10820);
#10820 = AXIS2_PLACEMENT_3D('',#10821,#10822,#10823);
#10821 = CARTESIAN_POINT('',(58.1,6.3,-0.1));
#10822 = DIRECTION('',(0.,1.,0.));
#10823 = DIRECTION('',(0.,0.,1.));
#10824 = DEFINITIONAL_REPRESENTATION('',(#10825),#10829);
#10825 = LINE('',#10826,#10827);
#10826 = CARTESIAN_POINT('',(0.2,-0.65));
#10827 = VECTOR('',#10828,1.);
#10828 = DIRECTION('',(0.,-1.));
#10829 = ( GEOMETRIC_REPRESENTATION_CONTEXT(2) 
PARAMETRIC_REPRESENTATION_CONTEXT() REPRESENTATION_CONTEXT('2D SPACE',''
  ) );
#10830 = ORIENTED_EDGE('',*,*,#10831,.T.);
#10831 = EDGE_CURVE('',#10804,#10748,#10832,.T.);
#10832 = SURFACE_CURVE('',#10833,(#10837,#10844),.PCURVE_S1.);
#10833 = LINE('',#10834,#10835);
#10834 = CARTESIAN_POINT('',(58.1,5.7,0.1));
#10835 = VECTOR('',#10836,1.);
#10836 = DIRECTION('',(0.,1.,0.));
#10837 = PCURVE('',#8932,#10838);
#10838 = DEFINITIONAL_REPRESENTATION('',(#10839),#10843);
#10839 = LINE('',#10840,#10841);
#10840 = CARTESIAN_POINT('',(4.6,0.6));
#10841 = VECTOR('',#10842,1.);
#10842 = DIRECTION('',(0.,1.));
#10843 = ( GEOMETRIC_REPRESENTATION_CONTEXT(2) 
PARAMETRIC_REPRESENTATION_CONTEXT() REPRESENTATION_CONTEXT('2D SPACE',''
  ) );
#10844 = PCURVE('',#10845,#10850);
#10845 = PLANE('',#10846);
#10846 = AXIS2_PLACEMENT_3D('',#10847,#10848,#10849);
#10847 = CARTESIAN_POINT('',(58.1,6.3,-0.1));
#10848 = DIRECTION('',(1.,0.,0.));
#10849 = DIRECTION('',(0.,0.,1.));
#10850 = DEFINITIONAL_REPRESENTATION('',(#10851),#10855);
#10851 = LINE('',#10852,#10853);
#10852 = CARTESIAN_POINT('',(0.2,0.6));
#10853 = VECTOR('',#10854,1.);
#10854 = DIRECTION('',(0.,-1.));
#10855 = ( GEOMETRIC_REPRESENTATION_CONTEXT(2) 
PARAMETRIC_REPRESENTATION_CONTEXT() REPRESENTATION_CONTEXT('2D SPACE',''
  ) );
#10856 = ADVANCED_FACE('',(#10857),#8904,.F.);
#10857 = FACE_BOUND('',#10858,.F.);
#10858 = EDGE_LOOP('',(#10859,#10860,#10861,#10884));
#10859 = ORIENTED_EDGE('',*,*,#10498,.F.);
#10860 = ORIENTED_EDGE('',*,*,#8888,.F.);
#10861 = ORIENTED_EDGE('',*,*,#10862,.F.);
#10862 = EDGE_CURVE('',#10863,#8861,#10865,.T.);
#10863 = VERTEX_POINT('',#10864);
#10864 = CARTESIAN_POINT('',(60.6,5.1,5.9));
#10865 = SURFACE_CURVE('',#10866,(#10870,#10877),.PCURVE_S1.);
#10866 = LINE('',#10867,#10868);
#10867 = CARTESIAN_POINT('',(63.2,5.1,5.9));
#10868 = VECTOR('',#10869,1.);
#10869 = DIRECTION('',(-1.,0.,0.));
#10870 = PCURVE('',#8904,#10871);
#10871 = DEFINITIONAL_REPRESENTATION('',(#10872),#10876);
#10872 = LINE('',#10873,#10874);
#10873 = CARTESIAN_POINT('',(5.8,9.7));
#10874 = VECTOR('',#10875,1.);
#10875 = DIRECTION('',(0.,-1.));
#10876 = ( GEOMETRIC_REPRESENTATION_CONTEXT(2) 
PARAMETRIC_REPRESENTATION_CONTEXT() REPRESENTATION_CONTEXT('2D SPACE',''
  ) );
#10877 = PCURVE('',#8876,#10878);
#10878 = DEFINITIONAL_REPRESENTATION('',(#10879),#10883);
#10879 = LINE('',#10880,#10881);
#10880 = CARTESIAN_POINT('',(9.7,0.));
#10881 = VECTOR('',#10882,1.);
#10882 = DIRECTION('',(-1.,0.));
#10883 = ( GEOMETRIC_REPRESENTATION_CONTEXT(2) 
PARAMETRIC_REPRESENTATION_CONTEXT() REPRESENTATION_CONTEXT('2D SPACE',''
  ) );
#10884 = ORIENTED_EDGE('',*,*,#10885,.F.);
#10885 = EDGE_CURVE('',#10499,#10863,#10886,.T.);
#10886 = SURFACE_CURVE('',#10887,(#10891,#10898),.PCURVE_S1.);
#10887 = LINE('',#10888,#10889);
#10888 = CARTESIAN_POINT('',(60.6,5.1,0.1));
#10889 = VECTOR('',#10890,1.);
#10890 = DIRECTION('',(0.,0.,1.));
#10891 = PCURVE('',#8904,#10892);
#10892 = DEFINITIONAL_REPRESENTATION('',(#10893),#10897);
#10893 = LINE('',#10894,#10895);
#10894 = CARTESIAN_POINT('',(0.,7.1));
#10895 = VECTOR('',#10896,1.);
#10896 = DIRECTION('',(1.,0.));
#10897 = ( GEOMETRIC_REPRESENTATION_CONTEXT(2) 
PARAMETRIC_REPRESENTATION_CONTEXT() REPRESENTATION_CONTEXT('2D SPACE',''
  ) );
#10898 = PCURVE('',#10537,#10899);
#10899 = DEFINITIONAL_REPRESENTATION('',(#10900),#10904);
#10900 = LINE('',#10901,#10902);
#10901 = CARTESIAN_POINT('',(1.236931687685,2.9));
#10902 = VECTOR('',#10903,1.);
#10903 = DIRECTION('',(0.,-1.));
#10904 = ( GEOMETRIC_REPRESENTATION_CONTEXT(2) 
PARAMETRIC_REPRESENTATION_CONTEXT() REPRESENTATION_CONTEXT('2D SPACE',''
  ) );
#10905 = ADVANCED_FACE('',(#10906,#11116),#8876,.T.);
#10906 = FACE_BOUND('',#10907,.T.);
#10907 = EDGE_LOOP('',(#10908,#10931,#10932,#10933,#10934,#10957,#10980,
    #11003,#11026,#11049,#11072,#11095));
#10908 = ORIENTED_EDGE('',*,*,#10909,.F.);
#10909 = EDGE_CURVE('',#9017,#10910,#10912,.T.);
#10910 = VERTEX_POINT('',#10911);
#10911 = CARTESIAN_POINT('',(53.5,8.9,5.9));
#10912 = SURFACE_CURVE('',#10913,(#10917,#10924),.PCURVE_S1.);
#10913 = LINE('',#10914,#10915);
#10914 = CARTESIAN_POINT('',(53.5,5.1,5.9));
#10915 = VECTOR('',#10916,1.);
#10916 = DIRECTION('',(0.,1.,0.));
#10917 = PCURVE('',#8876,#10918);
#10918 = DEFINITIONAL_REPRESENTATION('',(#10919),#10923);
#10919 = LINE('',#10920,#10921);
#10920 = CARTESIAN_POINT('',(0.,0.));
#10921 = VECTOR('',#10922,1.);
#10922 = DIRECTION('',(0.,1.));
#10923 = ( GEOMETRIC_REPRESENTATION_CONTEXT(2) 
PARAMETRIC_REPRESENTATION_CONTEXT() REPRESENTATION_CONTEXT('2D SPACE',''
  ) );
#10924 = PCURVE('',#9032,#10925);
#10925 = DEFINITIONAL_REPRESENTATION('',(#10926),#10930);
#10926 = LINE('',#10927,#10928);
#10927 = CARTESIAN_POINT('',(5.8,0.));
#10928 = VECTOR('',#10929,1.);
#10929 = DIRECTION('',(0.,-1.));
#10930 = ( GEOMETRIC_REPRESENTATION_CONTEXT(2) 
PARAMETRIC_REPRESENTATION_CONTEXT() REPRESENTATION_CONTEXT('2D SPACE',''
  ) );
#10931 = ORIENTED_EDGE('',*,*,#9044,.F.);
#10932 = ORIENTED_EDGE('',*,*,#8860,.F.);
#10933 = ORIENTED_EDGE('',*,*,#10862,.F.);
#10934 = ORIENTED_EDGE('',*,*,#10935,.F.);
#10935 = EDGE_CURVE('',#10936,#10863,#10938,.T.);
#10936 = VERTEX_POINT('',#10937);
#10937 = CARTESIAN_POINT('',(61.8,4.8,5.9));
#10938 = SURFACE_CURVE('',#10939,(#10943,#10950),.PCURVE_S1.);
#10939 = LINE('',#10940,#10941);
#10940 = CARTESIAN_POINT('',(61.8,4.8,5.9));
#10941 = VECTOR('',#10942,1.);
#10942 = DIRECTION('',(-0.970142500145,0.242535625036,0.));
#10943 = PCURVE('',#8876,#10944);
#10944 = DEFINITIONAL_REPRESENTATION('',(#10945),#10949);
#10945 = LINE('',#10946,#10947);
#10946 = CARTESIAN_POINT('',(8.3,-0.3));
#10947 = VECTOR('',#10948,1.);
#10948 = DIRECTION('',(-0.970142500145,0.242535625036));
#10949 = ( GEOMETRIC_REPRESENTATION_CONTEXT(2) 
PARAMETRIC_REPRESENTATION_CONTEXT() REPRESENTATION_CONTEXT('2D SPACE',''
  ) );
#10950 = PCURVE('',#10537,#10951);
#10951 = DEFINITIONAL_REPRESENTATION('',(#10952),#10956);
#10952 = LINE('',#10953,#10954);
#10953 = CARTESIAN_POINT('',(0.,-2.9));
#10954 = VECTOR('',#10955,1.);
#10955 = DIRECTION('',(1.,0.));
#10956 = ( GEOMETRIC_REPRESENTATION_CONTEXT(2) 
PARAMETRIC_REPRESENTATION_CONTEXT() REPRESENTATION_CONTEXT('2D SPACE',''
  ) );
#10957 = ORIENTED_EDGE('',*,*,#10958,.F.);
#10958 = EDGE_CURVE('',#10959,#10936,#10961,.T.);
#10959 = VERTEX_POINT('',#10960);
#10960 = CARTESIAN_POINT('',(63.,5.1,5.9));
#10961 = SURFACE_CURVE('',#10962,(#10966,#10973),.PCURVE_S1.);
#10962 = LINE('',#10963,#10964);
#10963 = CARTESIAN_POINT('',(63.,5.1,5.9));
#10964 = VECTOR('',#10965,1.);
#10965 = DIRECTION('',(-0.970142500145,-0.242535625036,0.));
#10966 = PCURVE('',#8876,#10967);
#10967 = DEFINITIONAL_REPRESENTATION('',(#10968),#10972);
#10968 = LINE('',#10969,#10970);
#10969 = CARTESIAN_POINT('',(9.5,0.));
#10970 = VECTOR('',#10971,1.);
#10971 = DIRECTION('',(-0.970142500145,-0.242535625036));
#10972 = ( GEOMETRIC_REPRESENTATION_CONTEXT(2) 
PARAMETRIC_REPRESENTATION_CONTEXT() REPRESENTATION_CONTEXT('2D SPACE',''
  ) );
#10973 = PCURVE('',#10565,#10974);
#10974 = DEFINITIONAL_REPRESENTATION('',(#10975),#10979);
#10975 = LINE('',#10976,#10977);
#10976 = CARTESIAN_POINT('',(0.,-2.9));
#10977 = VECTOR('',#10978,1.);
#10978 = DIRECTION('',(1.,0.));
#10979 = ( GEOMETRIC_REPRESENTATION_CONTEXT(2) 
PARAMETRIC_REPRESENTATION_CONTEXT() REPRESENTATION_CONTEXT('2D SPACE',''
  ) );
#10980 = ORIENTED_EDGE('',*,*,#10981,.F.);
#10981 = EDGE_CURVE('',#10982,#10959,#10984,.T.);
#10982 = VERTEX_POINT('',#10983);
#10983 = CARTESIAN_POINT('',(63.2,5.1,5.9));
#10984 = SURFACE_CURVE('',#10985,(#10989,#10996),.PCURVE_S1.);
#10985 = LINE('',#10986,#10987);
#10986 = CARTESIAN_POINT('',(63.2,5.1,5.9));
#10987 = VECTOR('',#10988,1.);
#10988 = DIRECTION('',(-1.,0.,0.));
#10989 = PCURVE('',#8876,#10990);
#10990 = DEFINITIONAL_REPRESENTATION('',(#10991),#10995);
#10991 = LINE('',#10992,#10993);
#10992 = CARTESIAN_POINT('',(9.7,0.));
#10993 = VECTOR('',#10994,1.);
#10994 = DIRECTION('',(-1.,0.));
#10995 = ( GEOMETRIC_REPRESENTATION_CONTEXT(2) 
PARAMETRIC_REPRESENTATION_CONTEXT() REPRESENTATION_CONTEXT('2D SPACE',''
  ) );
#10996 = PCURVE('',#10593,#10997);
#10997 = DEFINITIONAL_REPRESENTATION('',(#10998),#11002);
#10998 = LINE('',#10999,#11000);
#10999 = CARTESIAN_POINT('',(5.8,9.7));
#11000 = VECTOR('',#11001,1.);
#11001 = DIRECTION('',(0.,-1.));
#11002 = ( GEOMETRIC_REPRESENTATION_CONTEXT(2) 
PARAMETRIC_REPRESENTATION_CONTEXT() REPRESENTATION_CONTEXT('2D SPACE',''
  ) );
#11003 = ORIENTED_EDGE('',*,*,#11004,.T.);
#11004 = EDGE_CURVE('',#10982,#11005,#11007,.T.);
#11005 = VERTEX_POINT('',#11006);
#11006 = CARTESIAN_POINT('',(63.2,8.9,5.9));
#11007 = SURFACE_CURVE('',#11008,(#11012,#11019),.PCURVE_S1.);
#11008 = LINE('',#11009,#11010);
#11009 = CARTESIAN_POINT('',(63.2,5.1,5.9));
#11010 = VECTOR('',#11011,1.);
#11011 = DIRECTION('',(0.,1.,0.));
#11012 = PCURVE('',#8876,#11013);
#11013 = DEFINITIONAL_REPRESENTATION('',(#11014),#11018);
#11014 = LINE('',#11015,#11016);
#11015 = CARTESIAN_POINT('',(9.7,0.));
#11016 = VECTOR('',#11017,1.);
#11017 = DIRECTION('',(0.,1.));
#11018 = ( GEOMETRIC_REPRESENTATION_CONTEXT(2) 
PARAMETRIC_REPRESENTATION_CONTEXT() REPRESENTATION_CONTEXT('2D SPACE',''
  ) );
#11019 = PCURVE('',#10621,#11020);
#11020 = DEFINITIONAL_REPRESENTATION('',(#11021),#11025);
#11021 = LINE('',#11022,#11023);
#11022 = CARTESIAN_POINT('',(5.8,0.));
#11023 = VECTOR('',#11024,1.);
#11024 = DIRECTION('',(0.,-1.));
#11025 = ( GEOMETRIC_REPRESENTATION_CONTEXT(2) 
PARAMETRIC_REPRESENTATION_CONTEXT() REPRESENTATION_CONTEXT('2D SPACE',''
  ) );
#11026 = ORIENTED_EDGE('',*,*,#11027,.T.);
#11027 = EDGE_CURVE('',#11005,#11028,#11030,.T.);
#11028 = VERTEX_POINT('',#11029);
#11029 = CARTESIAN_POINT('',(63.,8.9,5.9));
#11030 = SURFACE_CURVE('',#11031,(#11035,#11042),.PCURVE_S1.);
#11031 = LINE('',#11032,#11033);
#11032 = CARTESIAN_POINT('',(63.2,8.9,5.9));
#11033 = VECTOR('',#11034,1.);
#11034 = DIRECTION('',(-1.,0.,0.));
#11035 = PCURVE('',#8876,#11036);
#11036 = DEFINITIONAL_REPRESENTATION('',(#11037),#11041);
#11037 = LINE('',#11038,#11039);
#11038 = CARTESIAN_POINT('',(9.7,3.8));
#11039 = VECTOR('',#11040,1.);
#11040 = DIRECTION('',(-1.,0.));
#11041 = ( GEOMETRIC_REPRESENTATION_CONTEXT(2) 
PARAMETRIC_REPRESENTATION_CONTEXT() REPRESENTATION_CONTEXT('2D SPACE',''
  ) );
#11042 = PCURVE('',#10649,#11043);
#11043 = DEFINITIONAL_REPRESENTATION('',(#11044),#11048);
#11044 = LINE('',#11045,#11046);
#11045 = CARTESIAN_POINT('',(5.8,9.7));
#11046 = VECTOR('',#11047,1.);
#11047 = DIRECTION('',(0.,-1.));
#11048 = ( GEOMETRIC_REPRESENTATION_CONTEXT(2) 
PARAMETRIC_REPRESENTATION_CONTEXT() REPRESENTATION_CONTEXT('2D SPACE',''
  ) );
#11049 = ORIENTED_EDGE('',*,*,#11050,.T.);
#11050 = EDGE_CURVE('',#11028,#11051,#11053,.T.);
#11051 = VERTEX_POINT('',#11052);
#11052 = CARTESIAN_POINT('',(61.8,9.2,5.9));
#11053 = SURFACE_CURVE('',#11054,(#11058,#11065),.PCURVE_S1.);
#11054 = LINE('',#11055,#11056);
#11055 = CARTESIAN_POINT('',(63.,8.9,5.9));
#11056 = VECTOR('',#11057,1.);
#11057 = DIRECTION('',(-0.970142500145,0.242535625036,0.));
#11058 = PCURVE('',#8876,#11059);
#11059 = DEFINITIONAL_REPRESENTATION('',(#11060),#11064);
#11060 = LINE('',#11061,#11062);
#11061 = CARTESIAN_POINT('',(9.5,3.8));
#11062 = VECTOR('',#11063,1.);
#11063 = DIRECTION('',(-0.970142500145,0.242535625036));
#11064 = ( GEOMETRIC_REPRESENTATION_CONTEXT(2) 
PARAMETRIC_REPRESENTATION_CONTEXT() REPRESENTATION_CONTEXT('2D SPACE',''
  ) );
#11065 = PCURVE('',#10677,#11066);
#11066 = DEFINITIONAL_REPRESENTATION('',(#11067),#11071);
#11067 = LINE('',#11068,#11069);
#11068 = CARTESIAN_POINT('',(0.,-2.9));
#11069 = VECTOR('',#11070,1.);
#11070 = DIRECTION('',(1.,0.));
#11071 = ( GEOMETRIC_REPRESENTATION_CONTEXT(2) 
PARAMETRIC_REPRESENTATION_CONTEXT() REPRESENTATION_CONTEXT('2D SPACE',''
  ) );
#11072 = ORIENTED_EDGE('',*,*,#11073,.T.);
#11073 = EDGE_CURVE('',#11051,#11074,#11076,.T.);
#11074 = VERTEX_POINT('',#11075);
#11075 = CARTESIAN_POINT('',(60.6,8.9,5.9));
#11076 = SURFACE_CURVE('',#11077,(#11081,#11088),.PCURVE_S1.);
#11077 = LINE('',#11078,#11079);
#11078 = CARTESIAN_POINT('',(61.8,9.2,5.9));
#11079 = VECTOR('',#11080,1.);
#11080 = DIRECTION('',(-0.970142500145,-0.242535625036,0.));
#11081 = PCURVE('',#8876,#11082);
#11082 = DEFINITIONAL_REPRESENTATION('',(#11083),#11087);
#11083 = LINE('',#11084,#11085);
#11084 = CARTESIAN_POINT('',(8.3,4.1));
#11085 = VECTOR('',#11086,1.);
#11086 = DIRECTION('',(-0.970142500145,-0.242535625036));
#11087 = ( GEOMETRIC_REPRESENTATION_CONTEXT(2) 
PARAMETRIC_REPRESENTATION_CONTEXT() REPRESENTATION_CONTEXT('2D SPACE',''
  ) );
#11088 = PCURVE('',#10705,#11089);
#11089 = DEFINITIONAL_REPRESENTATION('',(#11090),#11094);
#11090 = LINE('',#11091,#11092);
#11091 = CARTESIAN_POINT('',(0.,-2.9));
#11092 = VECTOR('',#11093,1.);
#11093 = DIRECTION('',(1.,0.));
#11094 = ( GEOMETRIC_REPRESENTATION_CONTEXT(2) 
PARAMETRIC_REPRESENTATION_CONTEXT() REPRESENTATION_CONTEXT('2D SPACE',''
  ) );
#11095 = ORIENTED_EDGE('',*,*,#11096,.T.);
#11096 = EDGE_CURVE('',#11074,#10910,#11097,.T.);
#11097 = SURFACE_CURVE('',#11098,(#11102,#11109),.PCURVE_S1.);
#11098 = LINE('',#11099,#11100);
#11099 = CARTESIAN_POINT('',(63.2,8.9,5.9));
#11100 = VECTOR('',#11101,1.);
#11101 = DIRECTION('',(-1.,0.,0.));
#11102 = PCURVE('',#8876,#11103);
#11103 = DEFINITIONAL_REPRESENTATION('',(#11104),#11108);
#11104 = LINE('',#11105,#11106);
#11105 = CARTESIAN_POINT('',(9.7,3.8));
#11106 = VECTOR('',#11107,1.);
#11107 = DIRECTION('',(-1.,0.));
#11108 = ( GEOMETRIC_REPRESENTATION_CONTEXT(2) 
PARAMETRIC_REPRESENTATION_CONTEXT() REPRESENTATION_CONTEXT('2D SPACE',''
  ) );
#11109 = PCURVE('',#10731,#11110);
#11110 = DEFINITIONAL_REPRESENTATION('',(#11111),#11115);
#11111 = LINE('',#11112,#11113);
#11112 = CARTESIAN_POINT('',(5.8,9.7));
#11113 = VECTOR('',#11114,1.);
#11114 = DIRECTION('',(0.,-1.));
#11115 = ( GEOMETRIC_REPRESENTATION_CONTEXT(2) 
PARAMETRIC_REPRESENTATION_CONTEXT() REPRESENTATION_CONTEXT('2D SPACE',''
  ) );
#11116 = FACE_BOUND('',#11117,.T.);
#11117 = EDGE_LOOP('',(#11118,#11143,#11166,#11189));
#11118 = ORIENTED_EDGE('',*,*,#11119,.F.);
#11119 = EDGE_CURVE('',#11120,#11122,#11124,.T.);
#11120 = VERTEX_POINT('',#11121);
#11121 = CARTESIAN_POINT('',(63.1,7.7,5.9));
#11122 = VERTEX_POINT('',#11123);
#11123 = CARTESIAN_POINT('',(58.1,7.7,5.9));
#11124 = SURFACE_CURVE('',#11125,(#11129,#11136),.PCURVE_S1.);
#11125 = LINE('',#11126,#11127);
#11126 = CARTESIAN_POINT('',(57.45,7.7,5.9));
#11127 = VECTOR('',#11128,1.);
#11128 = DIRECTION('',(-1.,0.,0.));
#11129 = PCURVE('',#8876,#11130);
#11130 = DEFINITIONAL_REPRESENTATION('',(#11131),#11135);
#11131 = LINE('',#11132,#11133);
#11132 = CARTESIAN_POINT('',(3.95,2.6));
#11133 = VECTOR('',#11134,1.);
#11134 = DIRECTION('',(-1.,0.));
#11135 = ( GEOMETRIC_REPRESENTATION_CONTEXT(2) 
PARAMETRIC_REPRESENTATION_CONTEXT() REPRESENTATION_CONTEXT('2D SPACE',''
  ) );
#11136 = PCURVE('',#10763,#11137);
#11137 = DEFINITIONAL_REPRESENTATION('',(#11138),#11142);
#11138 = LINE('',#11139,#11140);
#11139 = CARTESIAN_POINT('',(6.,-0.65));
#11140 = VECTOR('',#11141,1.);
#11141 = DIRECTION('',(0.,-1.));
#11142 = ( GEOMETRIC_REPRESENTATION_CONTEXT(2) 
PARAMETRIC_REPRESENTATION_CONTEXT() REPRESENTATION_CONTEXT('2D SPACE',''
  ) );
#11143 = ORIENTED_EDGE('',*,*,#11144,.F.);
#11144 = EDGE_CURVE('',#11145,#11120,#11147,.T.);
#11145 = VERTEX_POINT('',#11146);
#11146 = CARTESIAN_POINT('',(63.1,6.3,5.9));
#11147 = SURFACE_CURVE('',#11148,(#11152,#11159),.PCURVE_S1.);
#11148 = LINE('',#11149,#11150);
#11149 = CARTESIAN_POINT('',(63.1,5.7,5.9));
#11150 = VECTOR('',#11151,1.);
#11151 = DIRECTION('',(0.,1.,0.));
#11152 = PCURVE('',#8876,#11153);
#11153 = DEFINITIONAL_REPRESENTATION('',(#11154),#11158);
#11154 = LINE('',#11155,#11156);
#11155 = CARTESIAN_POINT('',(9.6,0.6));
#11156 = VECTOR('',#11157,1.);
#11157 = DIRECTION('',(0.,1.));
#11158 = ( GEOMETRIC_REPRESENTATION_CONTEXT(2) 
PARAMETRIC_REPRESENTATION_CONTEXT() REPRESENTATION_CONTEXT('2D SPACE',''
  ) );
#11159 = PCURVE('',#10791,#11160);
#11160 = DEFINITIONAL_REPRESENTATION('',(#11161),#11165);
#11161 = LINE('',#11162,#11163);
#11162 = CARTESIAN_POINT('',(6.,0.6));
#11163 = VECTOR('',#11164,1.);
#11164 = DIRECTION('',(0.,-1.));
#11165 = ( GEOMETRIC_REPRESENTATION_CONTEXT(2) 
PARAMETRIC_REPRESENTATION_CONTEXT() REPRESENTATION_CONTEXT('2D SPACE',''
  ) );
#11166 = ORIENTED_EDGE('',*,*,#11167,.T.);
#11167 = EDGE_CURVE('',#11145,#11168,#11170,.T.);
#11168 = VERTEX_POINT('',#11169);
#11169 = CARTESIAN_POINT('',(58.1,6.3,5.9));
#11170 = SURFACE_CURVE('',#11171,(#11175,#11182),.PCURVE_S1.);
#11171 = LINE('',#11172,#11173);
#11172 = CARTESIAN_POINT('',(57.45,6.3,5.9));
#11173 = VECTOR('',#11174,1.);
#11174 = DIRECTION('',(-1.,0.,0.));
#11175 = PCURVE('',#8876,#11176);
#11176 = DEFINITIONAL_REPRESENTATION('',(#11177),#11181);
#11177 = LINE('',#11178,#11179);
#11178 = CARTESIAN_POINT('',(3.95,1.2));
#11179 = VECTOR('',#11180,1.);
#11180 = DIRECTION('',(-1.,0.));
#11181 = ( GEOMETRIC_REPRESENTATION_CONTEXT(2) 
PARAMETRIC_REPRESENTATION_CONTEXT() REPRESENTATION_CONTEXT('2D SPACE',''
  ) );
#11182 = PCURVE('',#10819,#11183);
#11183 = DEFINITIONAL_REPRESENTATION('',(#11184),#11188);
#11184 = LINE('',#11185,#11186);
#11185 = CARTESIAN_POINT('',(6.,-0.65));
#11186 = VECTOR('',#11187,1.);
#11187 = DIRECTION('',(0.,-1.));
#11188 = ( GEOMETRIC_REPRESENTATION_CONTEXT(2) 
PARAMETRIC_REPRESENTATION_CONTEXT() REPRESENTATION_CONTEXT('2D SPACE',''
  ) );
#11189 = ORIENTED_EDGE('',*,*,#11190,.T.);
#11190 = EDGE_CURVE('',#11168,#11122,#11191,.T.);
#11191 = SURFACE_CURVE('',#11192,(#11196,#11203),.PCURVE_S1.);
#11192 = LINE('',#11193,#11194);
#11193 = CARTESIAN_POINT('',(58.1,5.7,5.9));
#11194 = VECTOR('',#11195,1.);
#11195 = DIRECTION('',(0.,1.,0.));
#11196 = PCURVE('',#8876,#11197);
#11197 = DEFINITIONAL_REPRESENTATION('',(#11198),#11202);
#11198 = LINE('',#11199,#11200);
#11199 = CARTESIAN_POINT('',(4.6,0.6));
#11200 = VECTOR('',#11201,1.);
#11201 = DIRECTION('',(0.,1.));
#11202 = ( GEOMETRIC_REPRESENTATION_CONTEXT(2) 
PARAMETRIC_REPRESENTATION_CONTEXT() REPRESENTATION_CONTEXT('2D SPACE',''
  ) );
#11203 = PCURVE('',#10845,#11204);
#11204 = DEFINITIONAL_REPRESENTATION('',(#11205),#11209);
#11205 = LINE('',#11206,#11207);
#11206 = CARTESIAN_POINT('',(6.,0.6));
#11207 = VECTOR('',#11208,1.);
#11208 = DIRECTION('',(0.,-1.));
#11209 = ( GEOMETRIC_REPRESENTATION_CONTEXT(2) 
PARAMETRIC_REPRESENTATION_CONTEXT() REPRESENTATION_CONTEXT('2D SPACE',''
  ) );
#11210 = ADVANCED_FACE('',(#11211),#9032,.F.);
#11211 = FACE_BOUND('',#11212,.F.);
#11212 = EDGE_LOOP('',(#11213,#11214,#11215,#11216));
#11213 = ORIENTED_EDGE('',*,*,#10909,.F.);
#11214 = ORIENTED_EDGE('',*,*,#9016,.F.);
#11215 = ORIENTED_EDGE('',*,*,#10473,.T.);
#11216 = ORIENTED_EDGE('',*,*,#11217,.T.);
#11217 = EDGE_CURVE('',#10474,#10910,#11218,.T.);
#11218 = SURFACE_CURVE('',#11219,(#11223,#11230),.PCURVE_S1.);
#11219 = LINE('',#11220,#11221);
#11220 = CARTESIAN_POINT('',(53.5,8.9,0.1));
#11221 = VECTOR('',#11222,1.);
#11222 = DIRECTION('',(0.,0.,1.));
#11223 = PCURVE('',#9032,#11224);
#11224 = DEFINITIONAL_REPRESENTATION('',(#11225),#11229);
#11225 = LINE('',#11226,#11227);
#11226 = CARTESIAN_POINT('',(0.,-3.8));
#11227 = VECTOR('',#11228,1.);
#11228 = DIRECTION('',(1.,0.));
#11229 = ( GEOMETRIC_REPRESENTATION_CONTEXT(2) 
PARAMETRIC_REPRESENTATION_CONTEXT() REPRESENTATION_CONTEXT('2D SPACE',''
  ) );
#11230 = PCURVE('',#10731,#11231);
#11231 = DEFINITIONAL_REPRESENTATION('',(#11232),#11236);
#11232 = LINE('',#11233,#11234);
#11233 = CARTESIAN_POINT('',(0.,0.));
#11234 = VECTOR('',#11235,1.);
#11235 = DIRECTION('',(1.,0.));
#11236 = ( GEOMETRIC_REPRESENTATION_CONTEXT(2) 
PARAMETRIC_REPRESENTATION_CONTEXT() REPRESENTATION_CONTEXT('2D SPACE',''
  ) );
#11237 = ADVANCED_FACE('',(#11238),#9723,.T.);
#11238 = FACE_BOUND('',#11239,.T.);
#11239 = EDGE_LOOP('',(#11240,#11241,#11262,#11263));
#11240 = ORIENTED_EDGE('',*,*,#9705,.F.);
#11241 = ORIENTED_EDGE('',*,*,#11242,.T.);
#11242 = EDGE_CURVE('',#9706,#10144,#11243,.T.);
#11243 = SURFACE_CURVE('',#11244,(#11248,#11255),.PCURVE_S1.);
#11244 = LINE('',#11245,#11246);
#11245 = CARTESIAN_POINT('',(20.8,-5.1,0.1));
#11246 = VECTOR('',#11247,1.);
#11247 = DIRECTION('',(0.,0.,1.));
#11248 = PCURVE('',#9723,#11249);
#11249 = DEFINITIONAL_REPRESENTATION('',(#11250),#11254);
#11250 = LINE('',#11251,#11252);
#11251 = CARTESIAN_POINT('',(0.,-6.2));
#11252 = VECTOR('',#11253,1.);
#11253 = DIRECTION('',(1.,0.));
#11254 = ( GEOMETRIC_REPRESENTATION_CONTEXT(2) 
PARAMETRIC_REPRESENTATION_CONTEXT() REPRESENTATION_CONTEXT('2D SPACE',''
  ) );
#11255 = PCURVE('',#9751,#11256);
#11256 = DEFINITIONAL_REPRESENTATION('',(#11257),#11261);
#11257 = LINE('',#11258,#11259);
#11258 = CARTESIAN_POINT('',(0.,-3.8));
#11259 = VECTOR('',#11260,1.);
#11260 = DIRECTION('',(1.,0.));
#11261 = ( GEOMETRIC_REPRESENTATION_CONTEXT(2) 
PARAMETRIC_REPRESENTATION_CONTEXT() REPRESENTATION_CONTEXT('2D SPACE',''
  ) );
#11262 = ORIENTED_EDGE('',*,*,#10141,.F.);
#11263 = ORIENTED_EDGE('',*,*,#11264,.F.);
#11264 = EDGE_CURVE('',#9708,#10142,#11265,.T.);
#11265 = SURFACE_CURVE('',#11266,(#11270,#11277),.PCURVE_S1.);
#11266 = LINE('',#11267,#11268);
#11267 = CARTESIAN_POINT('',(21.,-5.1,0.1));
#11268 = VECTOR('',#11269,1.);
#11269 = DIRECTION('',(0.,0.,1.));
#11270 = PCURVE('',#9723,#11271);
#11271 = DEFINITIONAL_REPRESENTATION('',(#11272),#11276);
#11272 = LINE('',#11273,#11274);
#11273 = CARTESIAN_POINT('',(0.,-6.));
#11274 = VECTOR('',#11275,1.);
#11275 = DIRECTION('',(1.,0.));
#11276 = ( GEOMETRIC_REPRESENTATION_CONTEXT(2) 
PARAMETRIC_REPRESENTATION_CONTEXT() REPRESENTATION_CONTEXT('2D SPACE',''
  ) );
#11277 = PCURVE('',#9963,#11278);
#11278 = DEFINITIONAL_REPRESENTATION('',(#11279),#11283);
#11279 = LINE('',#11280,#11281);
#11280 = CARTESIAN_POINT('',(0.,2.9));
#11281 = VECTOR('',#11282,1.);
#11282 = DIRECTION('',(0.,-1.));
#11283 = ( GEOMETRIC_REPRESENTATION_CONTEXT(2) 
PARAMETRIC_REPRESENTATION_CONTEXT() REPRESENTATION_CONTEXT('2D SPACE',''
  ) );
#11284 = ADVANCED_FACE('',(#11285),#9963,.T.);
#11285 = FACE_BOUND('',#11286,.T.);
#11286 = EDGE_LOOP('',(#11287,#11288,#11309,#11310));
#11287 = ORIENTED_EDGE('',*,*,#10328,.T.);
#11288 = ORIENTED_EDGE('',*,*,#11289,.T.);
#11289 = EDGE_CURVE('',#10306,#9922,#11290,.T.);
#11290 = SURFACE_CURVE('',#11291,(#11295,#11302),.PCURVE_S1.);
#11291 = LINE('',#11292,#11293);
#11292 = CARTESIAN_POINT('',(22.2,-4.8,5.9));
#11293 = VECTOR('',#11294,1.);
#11294 = DIRECTION('',(0.,0.,-1.));
#11295 = PCURVE('',#9963,#11296);
#11296 = DEFINITIONAL_REPRESENTATION('',(#11297),#11301);
#11297 = LINE('',#11298,#11299);
#11298 = CARTESIAN_POINT('',(1.236931687685,-2.9));
#11299 = VECTOR('',#11300,1.);
#11300 = DIRECTION('',(0.,1.));
#11301 = ( GEOMETRIC_REPRESENTATION_CONTEXT(2) 
PARAMETRIC_REPRESENTATION_CONTEXT() REPRESENTATION_CONTEXT('2D SPACE',''
  ) );
#11302 = PCURVE('',#9937,#11303);
#11303 = DEFINITIONAL_REPRESENTATION('',(#11304),#11308);
#11304 = LINE('',#11305,#11306);
#11305 = CARTESIAN_POINT('',(0.,-2.9));
#11306 = VECTOR('',#11307,1.);
#11307 = DIRECTION('',(0.,1.));
#11308 = ( GEOMETRIC_REPRESENTATION_CONTEXT(2) 
PARAMETRIC_REPRESENTATION_CONTEXT() REPRESENTATION_CONTEXT('2D SPACE',''
  ) );
#11309 = ORIENTED_EDGE('',*,*,#9949,.F.);
#11310 = ORIENTED_EDGE('',*,*,#11264,.T.);
#11311 = ADVANCED_FACE('',(#11312),#9937,.T.);
#11312 = FACE_BOUND('',#11313,.T.);
#11313 = EDGE_LOOP('',(#11314,#11315,#11316,#11317));
#11314 = ORIENTED_EDGE('',*,*,#11289,.F.);
#11315 = ORIENTED_EDGE('',*,*,#10305,.T.);
#11316 = ORIENTED_EDGE('',*,*,#10093,.F.);
#11317 = ORIENTED_EDGE('',*,*,#9921,.F.);
#11318 = ADVANCED_FACE('',(#11319),#9863,.F.);
#11319 = FACE_BOUND('',#11320,.F.);
#11320 = EDGE_LOOP('',(#11321,#11322,#11343,#11344));
#11321 = ORIENTED_EDGE('',*,*,#9847,.F.);
#11322 = ORIENTED_EDGE('',*,*,#11323,.F.);
#11323 = EDGE_CURVE('',#10236,#9820,#11324,.T.);
#11324 = SURFACE_CURVE('',#11325,(#11329,#11336),.PCURVE_S1.);
#11325 = LINE('',#11326,#11327);
#11326 = CARTESIAN_POINT('',(23.4,-8.9,5.9));
#11327 = VECTOR('',#11328,1.);
#11328 = DIRECTION('',(0.,0.,-1.));
#11329 = PCURVE('',#9863,#11330);
#11330 = DEFINITIONAL_REPRESENTATION('',(#11331),#11335);
#11331 = LINE('',#11332,#11333);
#11332 = CARTESIAN_POINT('',(5.8,-3.6));
#11333 = VECTOR('',#11334,1.);
#11334 = DIRECTION('',(-1.,0.));
#11335 = ( GEOMETRIC_REPRESENTATION_CONTEXT(2) 
PARAMETRIC_REPRESENTATION_CONTEXT() REPRESENTATION_CONTEXT('2D SPACE',''
  ) );
#11336 = PCURVE('',#9835,#11337);
#11337 = DEFINITIONAL_REPRESENTATION('',(#11338),#11342);
#11338 = LINE('',#11339,#11340);
#11339 = CARTESIAN_POINT('',(1.236931687685,-2.9));
#11340 = VECTOR('',#11341,1.);
#11341 = DIRECTION('',(0.,1.));
#11342 = ( GEOMETRIC_REPRESENTATION_CONTEXT(2) 
PARAMETRIC_REPRESENTATION_CONTEXT() REPRESENTATION_CONTEXT('2D SPACE',''
  ) );
#11343 = ORIENTED_EDGE('',*,*,#10258,.F.);
#11344 = ORIENTED_EDGE('',*,*,#10447,.F.);
#11345 = ADVANCED_FACE('',(#11346),#9835,.F.);
#11346 = FACE_BOUND('',#11347,.F.);
#11347 = EDGE_LOOP('',(#11348,#11349,#11350,#11351));
#11348 = ORIENTED_EDGE('',*,*,#10235,.T.);
#11349 = ORIENTED_EDGE('',*,*,#11323,.T.);
#11350 = ORIENTED_EDGE('',*,*,#9819,.F.);
#11351 = ORIENTED_EDGE('',*,*,#11352,.T.);
#11352 = EDGE_CURVE('',#9792,#10213,#11353,.T.);
#11353 = SURFACE_CURVE('',#11354,(#11358,#11365),.PCURVE_S1.);
#11354 = LINE('',#11355,#11356);
#11355 = CARTESIAN_POINT('',(22.2,-9.2,0.1));
#11356 = VECTOR('',#11357,1.);
#11357 = DIRECTION('',(0.,0.,1.));
#11358 = PCURVE('',#9835,#11359);
#11359 = DEFINITIONAL_REPRESENTATION('',(#11360),#11364);
#11360 = LINE('',#11361,#11362);
#11361 = CARTESIAN_POINT('',(0.,2.9));
#11362 = VECTOR('',#11363,1.);
#11363 = DIRECTION('',(0.,-1.));
#11364 = ( GEOMETRIC_REPRESENTATION_CONTEXT(2) 
PARAMETRIC_REPRESENTATION_CONTEXT() REPRESENTATION_CONTEXT('2D SPACE',''
  ) );
#11365 = PCURVE('',#9807,#11366);
#11366 = DEFINITIONAL_REPRESENTATION('',(#11367),#11371);
#11367 = LINE('',#11368,#11369);
#11368 = CARTESIAN_POINT('',(1.236931687685,2.9));
#11369 = VECTOR('',#11370,1.);
#11370 = DIRECTION('',(0.,-1.));
#11371 = ( GEOMETRIC_REPRESENTATION_CONTEXT(2) 
PARAMETRIC_REPRESENTATION_CONTEXT() REPRESENTATION_CONTEXT('2D SPACE',''
  ) );
#11372 = ADVANCED_FACE('',(#11373),#9807,.F.);
#11373 = FACE_BOUND('',#11374,.F.);
#11374 = EDGE_LOOP('',(#11375,#11396,#11397,#11398));
#11375 = ORIENTED_EDGE('',*,*,#11376,.F.);
#11376 = EDGE_CURVE('',#10190,#9764,#11377,.T.);
#11377 = SURFACE_CURVE('',#11378,(#11382,#11389),.PCURVE_S1.);
#11378 = LINE('',#11379,#11380);
#11379 = CARTESIAN_POINT('',(21.,-8.9,5.9));
#11380 = VECTOR('',#11381,1.);
#11381 = DIRECTION('',(0.,0.,-1.));
#11382 = PCURVE('',#9807,#11383);
#11383 = DEFINITIONAL_REPRESENTATION('',(#11384),#11388);
#11384 = LINE('',#11385,#11386);
#11385 = CARTESIAN_POINT('',(0.,-2.9));
#11386 = VECTOR('',#11387,1.);
#11387 = DIRECTION('',(0.,1.));
#11388 = ( GEOMETRIC_REPRESENTATION_CONTEXT(2) 
PARAMETRIC_REPRESENTATION_CONTEXT() REPRESENTATION_CONTEXT('2D SPACE',''
  ) );
#11389 = PCURVE('',#9779,#11390);
#11390 = DEFINITIONAL_REPRESENTATION('',(#11391),#11395);
#11391 = LINE('',#11392,#11393);
#11392 = CARTESIAN_POINT('',(5.8,-6.));
#11393 = VECTOR('',#11394,1.);
#11394 = DIRECTION('',(-1.,0.));
#11395 = ( GEOMETRIC_REPRESENTATION_CONTEXT(2) 
PARAMETRIC_REPRESENTATION_CONTEXT() REPRESENTATION_CONTEXT('2D SPACE',''
  ) );
#11396 = ORIENTED_EDGE('',*,*,#10212,.T.);
#11397 = ORIENTED_EDGE('',*,*,#11352,.F.);
#11398 = ORIENTED_EDGE('',*,*,#9791,.F.);
#11399 = ADVANCED_FACE('',(#11400),#9779,.F.);
#11400 = FACE_BOUND('',#11401,.F.);
#11401 = EDGE_LOOP('',(#11402,#11403,#11424,#11425));
#11402 = ORIENTED_EDGE('',*,*,#9763,.F.);
#11403 = ORIENTED_EDGE('',*,*,#11404,.T.);
#11404 = EDGE_CURVE('',#9736,#10167,#11405,.T.);
#11405 = SURFACE_CURVE('',#11406,(#11410,#11417),.PCURVE_S1.);
#11406 = LINE('',#11407,#11408);
#11407 = CARTESIAN_POINT('',(20.8,-8.9,0.1));
#11408 = VECTOR('',#11409,1.);
#11409 = DIRECTION('',(0.,0.,1.));
#11410 = PCURVE('',#9779,#11411);
#11411 = DEFINITIONAL_REPRESENTATION('',(#11412),#11416);
#11412 = LINE('',#11413,#11414);
#11413 = CARTESIAN_POINT('',(0.,-6.2));
#11414 = VECTOR('',#11415,1.);
#11415 = DIRECTION('',(1.,0.));
#11416 = ( GEOMETRIC_REPRESENTATION_CONTEXT(2) 
PARAMETRIC_REPRESENTATION_CONTEXT() REPRESENTATION_CONTEXT('2D SPACE',''
  ) );
#11417 = PCURVE('',#9751,#11418);
#11418 = DEFINITIONAL_REPRESENTATION('',(#11419),#11423);
#11419 = LINE('',#11420,#11421);
#11420 = CARTESIAN_POINT('',(0.,0.));
#11421 = VECTOR('',#11422,1.);
#11422 = DIRECTION('',(1.,0.));
#11423 = ( GEOMETRIC_REPRESENTATION_CONTEXT(2) 
PARAMETRIC_REPRESENTATION_CONTEXT() REPRESENTATION_CONTEXT('2D SPACE',''
  ) );
#11424 = ORIENTED_EDGE('',*,*,#10189,.F.);
#11425 = ORIENTED_EDGE('',*,*,#11376,.T.);
#11426 = ADVANCED_FACE('',(#11427),#9751,.F.);
#11427 = FACE_BOUND('',#11428,.F.);
#11428 = EDGE_LOOP('',(#11429,#11430,#11431,#11432));
#11429 = ORIENTED_EDGE('',*,*,#11404,.F.);
#11430 = ORIENTED_EDGE('',*,*,#9735,.T.);
#11431 = ORIENTED_EDGE('',*,*,#11242,.T.);
#11432 = ORIENTED_EDGE('',*,*,#10166,.F.);
#11433 = ADVANCED_FACE('',(#11434),#9995,.F.);
#11434 = FACE_BOUND('',#11435,.F.);
#11435 = EDGE_LOOP('',(#11436,#11457,#11458,#11479));
#11436 = ORIENTED_EDGE('',*,*,#11437,.F.);
#11437 = EDGE_CURVE('',#9978,#10352,#11438,.T.);
#11438 = SURFACE_CURVE('',#11439,(#11443,#11450),.PCURVE_S1.);
#11439 = LINE('',#11440,#11441);
#11440 = CARTESIAN_POINT('',(25.9,-6.3,-0.1));
#11441 = VECTOR('',#11442,1.);
#11442 = DIRECTION('',(0.,0.,1.));
#11443 = PCURVE('',#9995,#11444);
#11444 = DEFINITIONAL_REPRESENTATION('',(#11445),#11449);
#11445 = LINE('',#11446,#11447);
#11446 = CARTESIAN_POINT('',(0.,5.));
#11447 = VECTOR('',#11448,1.);
#11448 = DIRECTION('',(1.,0.));
#11449 = ( GEOMETRIC_REPRESENTATION_CONTEXT(2) 
PARAMETRIC_REPRESENTATION_CONTEXT() REPRESENTATION_CONTEXT('2D SPACE',''
  ) );
#11450 = PCURVE('',#10023,#11451);
#11451 = DEFINITIONAL_REPRESENTATION('',(#11452),#11456);
#11452 = LINE('',#11453,#11454);
#11453 = CARTESIAN_POINT('',(0.,-1.4));
#11454 = VECTOR('',#11455,1.);
#11455 = DIRECTION('',(1.,0.));
#11456 = ( GEOMETRIC_REPRESENTATION_CONTEXT(2) 
PARAMETRIC_REPRESENTATION_CONTEXT() REPRESENTATION_CONTEXT('2D SPACE',''
  ) );
#11457 = ORIENTED_EDGE('',*,*,#9977,.T.);
#11458 = ORIENTED_EDGE('',*,*,#11459,.T.);
#11459 = EDGE_CURVE('',#9980,#10354,#11460,.T.);
#11460 = SURFACE_CURVE('',#11461,(#11465,#11472),.PCURVE_S1.);
#11461 = LINE('',#11462,#11463);
#11462 = CARTESIAN_POINT('',(20.9,-6.3,-0.1));
#11463 = VECTOR('',#11464,1.);
#11464 = DIRECTION('',(0.,0.,1.));
#11465 = PCURVE('',#9995,#11466);
#11466 = DEFINITIONAL_REPRESENTATION('',(#11467),#11471);
#11467 = LINE('',#11468,#11469);
#11468 = CARTESIAN_POINT('',(0.,0.));
#11469 = VECTOR('',#11470,1.);
#11470 = DIRECTION('',(1.,0.));
#11471 = ( GEOMETRIC_REPRESENTATION_CONTEXT(2) 
PARAMETRIC_REPRESENTATION_CONTEXT() REPRESENTATION_CONTEXT('2D SPACE',''
  ) );
#11472 = PCURVE('',#10077,#11473);
#11473 = DEFINITIONAL_REPRESENTATION('',(#11474),#11478);
#11474 = LINE('',#11475,#11476);
#11475 = CARTESIAN_POINT('',(0.,-1.4));
#11476 = VECTOR('',#11477,1.);
#11477 = DIRECTION('',(1.,0.));
#11478 = ( GEOMETRIC_REPRESENTATION_CONTEXT(2) 
PARAMETRIC_REPRESENTATION_CONTEXT() REPRESENTATION_CONTEXT('2D SPACE',''
  ) );
#11479 = ORIENTED_EDGE('',*,*,#10351,.F.);
#11480 = ADVANCED_FACE('',(#11481),#10023,.F.);
#11481 = FACE_BOUND('',#11482,.F.);
#11482 = EDGE_LOOP('',(#11483,#11504,#11505,#11506));
#11483 = ORIENTED_EDGE('',*,*,#11484,.F.);
#11484 = EDGE_CURVE('',#10008,#10377,#11485,.T.);
#11485 = SURFACE_CURVE('',#11486,(#11490,#11497),.PCURVE_S1.);
#11486 = LINE('',#11487,#11488);
#11487 = CARTESIAN_POINT('',(25.9,-7.7,-0.1));
#11488 = VECTOR('',#11489,1.);
#11489 = DIRECTION('',(0.,0.,1.));
#11490 = PCURVE('',#10023,#11491);
#11491 = DEFINITIONAL_REPRESENTATION('',(#11492),#11496);
#11492 = LINE('',#11493,#11494);
#11493 = CARTESIAN_POINT('',(0.,0.));
#11494 = VECTOR('',#11495,1.);
#11495 = DIRECTION('',(1.,0.));
#11496 = ( GEOMETRIC_REPRESENTATION_CONTEXT(2) 
PARAMETRIC_REPRESENTATION_CONTEXT() REPRESENTATION_CONTEXT('2D SPACE',''
  ) );
#11497 = PCURVE('',#10051,#11498);
#11498 = DEFINITIONAL_REPRESENTATION('',(#11499),#11503);
#11499 = LINE('',#11500,#11501);
#11500 = CARTESIAN_POINT('',(0.,5.));
#11501 = VECTOR('',#11502,1.);
#11502 = DIRECTION('',(1.,0.));
#11503 = ( GEOMETRIC_REPRESENTATION_CONTEXT(2) 
PARAMETRIC_REPRESENTATION_CONTEXT() REPRESENTATION_CONTEXT('2D SPACE',''
  ) );
#11504 = ORIENTED_EDGE('',*,*,#10007,.T.);
#11505 = ORIENTED_EDGE('',*,*,#11437,.T.);
#11506 = ORIENTED_EDGE('',*,*,#10376,.F.);
#11507 = ADVANCED_FACE('',(#11508),#10077,.T.);
#11508 = FACE_BOUND('',#11509,.T.);
#11509 = EDGE_LOOP('',(#11510,#11531,#11532,#11533));
#11510 = ORIENTED_EDGE('',*,*,#11511,.F.);
#11511 = EDGE_CURVE('',#10036,#10400,#11512,.T.);
#11512 = SURFACE_CURVE('',#11513,(#11517,#11524),.PCURVE_S1.);
#11513 = LINE('',#11514,#11515);
#11514 = CARTESIAN_POINT('',(20.9,-7.7,-0.1));
#11515 = VECTOR('',#11516,1.);
#11516 = DIRECTION('',(0.,0.,1.));
#11517 = PCURVE('',#10077,#11518);
#11518 = DEFINITIONAL_REPRESENTATION('',(#11519),#11523);
#11519 = LINE('',#11520,#11521);
#11520 = CARTESIAN_POINT('',(0.,0.));
#11521 = VECTOR('',#11522,1.);
#11522 = DIRECTION('',(1.,0.));
#11523 = ( GEOMETRIC_REPRESENTATION_CONTEXT(2) 
PARAMETRIC_REPRESENTATION_CONTEXT() REPRESENTATION_CONTEXT('2D SPACE',''
  ) );
#11524 = PCURVE('',#10051,#11525);
#11525 = DEFINITIONAL_REPRESENTATION('',(#11526),#11530);
#11526 = LINE('',#11527,#11528);
#11527 = CARTESIAN_POINT('',(0.,0.));
#11528 = VECTOR('',#11529,1.);
#11529 = DIRECTION('',(1.,0.));
#11530 = ( GEOMETRIC_REPRESENTATION_CONTEXT(2) 
PARAMETRIC_REPRESENTATION_CONTEXT() REPRESENTATION_CONTEXT('2D SPACE',''
  ) );
#11531 = ORIENTED_EDGE('',*,*,#10063,.T.);
#11532 = ORIENTED_EDGE('',*,*,#11459,.T.);
#11533 = ORIENTED_EDGE('',*,*,#10422,.F.);
#11534 = ADVANCED_FACE('',(#11535),#10051,.T.);
#11535 = FACE_BOUND('',#11536,.T.);
#11536 = EDGE_LOOP('',(#11537,#11538,#11539,#11540));
#11537 = ORIENTED_EDGE('',*,*,#11484,.F.);
#11538 = ORIENTED_EDGE('',*,*,#10035,.T.);
#11539 = ORIENTED_EDGE('',*,*,#11511,.T.);
#11540 = ORIENTED_EDGE('',*,*,#10399,.F.);
#11541 = ADVANCED_FACE('',(#11542),#10731,.T.);
#11542 = FACE_BOUND('',#11543,.T.);
#11543 = EDGE_LOOP('',(#11544,#11545,#11546,#11567));
#11544 = ORIENTED_EDGE('',*,*,#11217,.T.);
#11545 = ORIENTED_EDGE('',*,*,#11096,.F.);
#11546 = ORIENTED_EDGE('',*,*,#11547,.T.);
#11547 = EDGE_CURVE('',#11074,#10690,#11548,.T.);
#11548 = SURFACE_CURVE('',#11549,(#11553,#11560),.PCURVE_S1.);
#11549 = LINE('',#11550,#11551);
#11550 = CARTESIAN_POINT('',(60.6,8.9,5.9));
#11551 = VECTOR('',#11552,1.);
#11552 = DIRECTION('',(0.,0.,-1.));
#11553 = PCURVE('',#10731,#11554);
#11554 = DEFINITIONAL_REPRESENTATION('',(#11555),#11559);
#11555 = LINE('',#11556,#11557);
#11556 = CARTESIAN_POINT('',(5.8,7.1));
#11557 = VECTOR('',#11558,1.);
#11558 = DIRECTION('',(-1.,0.));
#11559 = ( GEOMETRIC_REPRESENTATION_CONTEXT(2) 
PARAMETRIC_REPRESENTATION_CONTEXT() REPRESENTATION_CONTEXT('2D SPACE',''
  ) );
#11560 = PCURVE('',#10705,#11561);
#11561 = DEFINITIONAL_REPRESENTATION('',(#11562),#11566);
#11562 = LINE('',#11563,#11564);
#11563 = CARTESIAN_POINT('',(1.236931687685,-2.9));
#11564 = VECTOR('',#11565,1.);
#11565 = DIRECTION('',(-0.,1.));
#11566 = ( GEOMETRIC_REPRESENTATION_CONTEXT(2) 
PARAMETRIC_REPRESENTATION_CONTEXT() REPRESENTATION_CONTEXT('2D SPACE',''
  ) );
#11567 = ORIENTED_EDGE('',*,*,#10717,.T.);
#11568 = ADVANCED_FACE('',(#11569),#10705,.F.);
#11569 = FACE_BOUND('',#11570,.F.);
#11570 = EDGE_LOOP('',(#11571,#11572,#11573,#11574));
#11571 = ORIENTED_EDGE('',*,*,#11073,.T.);
#11572 = ORIENTED_EDGE('',*,*,#11547,.T.);
#11573 = ORIENTED_EDGE('',*,*,#10689,.F.);
#11574 = ORIENTED_EDGE('',*,*,#11575,.T.);
#11575 = EDGE_CURVE('',#10662,#11051,#11576,.T.);
#11576 = SURFACE_CURVE('',#11577,(#11581,#11588),.PCURVE_S1.);
#11577 = LINE('',#11578,#11579);
#11578 = CARTESIAN_POINT('',(61.8,9.2,0.1));
#11579 = VECTOR('',#11580,1.);
#11580 = DIRECTION('',(0.,0.,1.));
#11581 = PCURVE('',#10705,#11582);
#11582 = DEFINITIONAL_REPRESENTATION('',(#11583),#11587);
#11583 = LINE('',#11584,#11585);
#11584 = CARTESIAN_POINT('',(-0.,2.9));
#11585 = VECTOR('',#11586,1.);
#11586 = DIRECTION('',(0.,-1.));
#11587 = ( GEOMETRIC_REPRESENTATION_CONTEXT(2) 
PARAMETRIC_REPRESENTATION_CONTEXT() REPRESENTATION_CONTEXT('2D SPACE',''
  ) );
#11588 = PCURVE('',#10677,#11589);
#11589 = DEFINITIONAL_REPRESENTATION('',(#11590),#11594);
#11590 = LINE('',#11591,#11592);
#11591 = CARTESIAN_POINT('',(1.236931687685,2.9));
#11592 = VECTOR('',#11593,1.);
#11593 = DIRECTION('',(0.,-1.));
#11594 = ( GEOMETRIC_REPRESENTATION_CONTEXT(2) 
PARAMETRIC_REPRESENTATION_CONTEXT() REPRESENTATION_CONTEXT('2D SPACE',''
  ) );
#11595 = ADVANCED_FACE('',(#11596),#10677,.F.);
#11596 = FACE_BOUND('',#11597,.F.);
#11597 = EDGE_LOOP('',(#11598,#11619,#11620,#11621));
#11598 = ORIENTED_EDGE('',*,*,#11599,.F.);
#11599 = EDGE_CURVE('',#11028,#10634,#11600,.T.);
#11600 = SURFACE_CURVE('',#11601,(#11605,#11612),.PCURVE_S1.);
#11601 = LINE('',#11602,#11603);
#11602 = CARTESIAN_POINT('',(63.,8.9,5.9));
#11603 = VECTOR('',#11604,1.);
#11604 = DIRECTION('',(0.,0.,-1.));
#11605 = PCURVE('',#10677,#11606);
#11606 = DEFINITIONAL_REPRESENTATION('',(#11607),#11611);
#11607 = LINE('',#11608,#11609);
#11608 = CARTESIAN_POINT('',(0.,-2.9));
#11609 = VECTOR('',#11610,1.);
#11610 = DIRECTION('',(0.,1.));
#11611 = ( GEOMETRIC_REPRESENTATION_CONTEXT(2) 
PARAMETRIC_REPRESENTATION_CONTEXT() REPRESENTATION_CONTEXT('2D SPACE',''
  ) );
#11612 = PCURVE('',#10649,#11613);
#11613 = DEFINITIONAL_REPRESENTATION('',(#11614),#11618);
#11614 = LINE('',#11615,#11616);
#11615 = CARTESIAN_POINT('',(5.8,9.5));
#11616 = VECTOR('',#11617,1.);
#11617 = DIRECTION('',(-1.,0.));
#11618 = ( GEOMETRIC_REPRESENTATION_CONTEXT(2) 
PARAMETRIC_REPRESENTATION_CONTEXT() REPRESENTATION_CONTEXT('2D SPACE',''
  ) );
#11619 = ORIENTED_EDGE('',*,*,#11050,.T.);
#11620 = ORIENTED_EDGE('',*,*,#11575,.F.);
#11621 = ORIENTED_EDGE('',*,*,#10661,.F.);
#11622 = ADVANCED_FACE('',(#11623),#10649,.T.);
#11623 = FACE_BOUND('',#11624,.T.);
#11624 = EDGE_LOOP('',(#11625,#11626,#11627,#11648));
#11625 = ORIENTED_EDGE('',*,*,#11599,.F.);
#11626 = ORIENTED_EDGE('',*,*,#11027,.F.);
#11627 = ORIENTED_EDGE('',*,*,#11628,.F.);
#11628 = EDGE_CURVE('',#10606,#11005,#11629,.T.);
#11629 = SURFACE_CURVE('',#11630,(#11634,#11641),.PCURVE_S1.);
#11630 = LINE('',#11631,#11632);
#11631 = CARTESIAN_POINT('',(63.2,8.9,0.1));
#11632 = VECTOR('',#11633,1.);
#11633 = DIRECTION('',(0.,0.,1.));
#11634 = PCURVE('',#10649,#11635);
#11635 = DEFINITIONAL_REPRESENTATION('',(#11636),#11640);
#11636 = LINE('',#11637,#11638);
#11637 = CARTESIAN_POINT('',(0.,9.7));
#11638 = VECTOR('',#11639,1.);
#11639 = DIRECTION('',(1.,0.));
#11640 = ( GEOMETRIC_REPRESENTATION_CONTEXT(2) 
PARAMETRIC_REPRESENTATION_CONTEXT() REPRESENTATION_CONTEXT('2D SPACE',''
  ) );
#11641 = PCURVE('',#10621,#11642);
#11642 = DEFINITIONAL_REPRESENTATION('',(#11643),#11647);
#11643 = LINE('',#11644,#11645);
#11644 = CARTESIAN_POINT('',(0.,-3.8));
#11645 = VECTOR('',#11646,1.);
#11646 = DIRECTION('',(1.,0.));
#11647 = ( GEOMETRIC_REPRESENTATION_CONTEXT(2) 
PARAMETRIC_REPRESENTATION_CONTEXT() REPRESENTATION_CONTEXT('2D SPACE',''
  ) );
#11648 = ORIENTED_EDGE('',*,*,#10633,.T.);
#11649 = ADVANCED_FACE('',(#11650),#10621,.T.);
#11650 = FACE_BOUND('',#11651,.T.);
#11651 = EDGE_LOOP('',(#11652,#11673,#11674,#11675));
#11652 = ORIENTED_EDGE('',*,*,#11653,.F.);
#11653 = EDGE_CURVE('',#10578,#10982,#11654,.T.);
#11654 = SURFACE_CURVE('',#11655,(#11659,#11666),.PCURVE_S1.);
#11655 = LINE('',#11656,#11657);
#11656 = CARTESIAN_POINT('',(63.2,5.1,0.1));
#11657 = VECTOR('',#11658,1.);
#11658 = DIRECTION('',(0.,0.,1.));
#11659 = PCURVE('',#10621,#11660);
#11660 = DEFINITIONAL_REPRESENTATION('',(#11661),#11665);
#11661 = LINE('',#11662,#11663);
#11662 = CARTESIAN_POINT('',(0.,0.));
#11663 = VECTOR('',#11664,1.);
#11664 = DIRECTION('',(1.,0.));
#11665 = ( GEOMETRIC_REPRESENTATION_CONTEXT(2) 
PARAMETRIC_REPRESENTATION_CONTEXT() REPRESENTATION_CONTEXT('2D SPACE',''
  ) );
#11666 = PCURVE('',#10593,#11667);
#11667 = DEFINITIONAL_REPRESENTATION('',(#11668),#11672);
#11668 = LINE('',#11669,#11670);
#11669 = CARTESIAN_POINT('',(0.,9.7));
#11670 = VECTOR('',#11671,1.);
#11671 = DIRECTION('',(1.,0.));
#11672 = ( GEOMETRIC_REPRESENTATION_CONTEXT(2) 
PARAMETRIC_REPRESENTATION_CONTEXT() REPRESENTATION_CONTEXT('2D SPACE',''
  ) );
#11673 = ORIENTED_EDGE('',*,*,#10605,.T.);
#11674 = ORIENTED_EDGE('',*,*,#11628,.T.);
#11675 = ORIENTED_EDGE('',*,*,#11004,.F.);
#11676 = ADVANCED_FACE('',(#11677),#10593,.F.);
#11677 = FACE_BOUND('',#11678,.F.);
#11678 = EDGE_LOOP('',(#11679,#11680,#11701,#11702));
#11679 = ORIENTED_EDGE('',*,*,#10577,.F.);
#11680 = ORIENTED_EDGE('',*,*,#11681,.T.);
#11681 = EDGE_CURVE('',#10550,#10959,#11682,.T.);
#11682 = SURFACE_CURVE('',#11683,(#11687,#11694),.PCURVE_S1.);
#11683 = LINE('',#11684,#11685);
#11684 = CARTESIAN_POINT('',(63.,5.1,0.1));
#11685 = VECTOR('',#11686,1.);
#11686 = DIRECTION('',(0.,0.,1.));
#11687 = PCURVE('',#10593,#11688);
#11688 = DEFINITIONAL_REPRESENTATION('',(#11689),#11693);
#11689 = LINE('',#11690,#11691);
#11690 = CARTESIAN_POINT('',(0.,9.5));
#11691 = VECTOR('',#11692,1.);
#11692 = DIRECTION('',(1.,0.));
#11693 = ( GEOMETRIC_REPRESENTATION_CONTEXT(2) 
PARAMETRIC_REPRESENTATION_CONTEXT() REPRESENTATION_CONTEXT('2D SPACE',''
  ) );
#11694 = PCURVE('',#10565,#11695);
#11695 = DEFINITIONAL_REPRESENTATION('',(#11696),#11700);
#11696 = LINE('',#11697,#11698);
#11697 = CARTESIAN_POINT('',(-0.,2.9));
#11698 = VECTOR('',#11699,1.);
#11699 = DIRECTION('',(0.,-1.));
#11700 = ( GEOMETRIC_REPRESENTATION_CONTEXT(2) 
PARAMETRIC_REPRESENTATION_CONTEXT() REPRESENTATION_CONTEXT('2D SPACE',''
  ) );
#11701 = ORIENTED_EDGE('',*,*,#10981,.F.);
#11702 = ORIENTED_EDGE('',*,*,#11653,.F.);
#11703 = ADVANCED_FACE('',(#11704),#10565,.T.);
#11704 = FACE_BOUND('',#11705,.T.);
#11705 = EDGE_LOOP('',(#11706,#11707,#11728,#11729));
#11706 = ORIENTED_EDGE('',*,*,#10958,.T.);
#11707 = ORIENTED_EDGE('',*,*,#11708,.T.);
#11708 = EDGE_CURVE('',#10936,#10522,#11709,.T.);
#11709 = SURFACE_CURVE('',#11710,(#11714,#11721),.PCURVE_S1.);
#11710 = LINE('',#11711,#11712);
#11711 = CARTESIAN_POINT('',(61.8,4.8,5.9));
#11712 = VECTOR('',#11713,1.);
#11713 = DIRECTION('',(0.,0.,-1.));
#11714 = PCURVE('',#10565,#11715);
#11715 = DEFINITIONAL_REPRESENTATION('',(#11716),#11720);
#11716 = LINE('',#11717,#11718);
#11717 = CARTESIAN_POINT('',(1.236931687685,-2.9));
#11718 = VECTOR('',#11719,1.);
#11719 = DIRECTION('',(-0.,1.));
#11720 = ( GEOMETRIC_REPRESENTATION_CONTEXT(2) 
PARAMETRIC_REPRESENTATION_CONTEXT() REPRESENTATION_CONTEXT('2D SPACE',''
  ) );
#11721 = PCURVE('',#10537,#11722);
#11722 = DEFINITIONAL_REPRESENTATION('',(#11723),#11727);
#11723 = LINE('',#11724,#11725);
#11724 = CARTESIAN_POINT('',(0.,-2.9));
#11725 = VECTOR('',#11726,1.);
#11726 = DIRECTION('',(0.,1.));
#11727 = ( GEOMETRIC_REPRESENTATION_CONTEXT(2) 
PARAMETRIC_REPRESENTATION_CONTEXT() REPRESENTATION_CONTEXT('2D SPACE',''
  ) );
#11728 = ORIENTED_EDGE('',*,*,#10549,.F.);
#11729 = ORIENTED_EDGE('',*,*,#11681,.T.);
#11730 = ADVANCED_FACE('',(#11731),#10537,.T.);
#11731 = FACE_BOUND('',#11732,.T.);
#11732 = EDGE_LOOP('',(#11733,#11734,#11735,#11736));
#11733 = ORIENTED_EDGE('',*,*,#11708,.F.);
#11734 = ORIENTED_EDGE('',*,*,#10935,.T.);
#11735 = ORIENTED_EDGE('',*,*,#10885,.F.);
#11736 = ORIENTED_EDGE('',*,*,#10521,.F.);
#11737 = ADVANCED_FACE('',(#11738),#10763,.F.);
#11738 = FACE_BOUND('',#11739,.F.);
#11739 = EDGE_LOOP('',(#11740,#11761,#11762,#11783));
#11740 = ORIENTED_EDGE('',*,*,#11741,.F.);
#11741 = EDGE_CURVE('',#10746,#11120,#11742,.T.);
#11742 = SURFACE_CURVE('',#11743,(#11747,#11754),.PCURVE_S1.);
#11743 = LINE('',#11744,#11745);
#11744 = CARTESIAN_POINT('',(63.1,7.7,-0.1));
#11745 = VECTOR('',#11746,1.);
#11746 = DIRECTION('',(0.,0.,1.));
#11747 = PCURVE('',#10763,#11748);
#11748 = DEFINITIONAL_REPRESENTATION('',(#11749),#11753);
#11749 = LINE('',#11750,#11751);
#11750 = CARTESIAN_POINT('',(0.,5.));
#11751 = VECTOR('',#11752,1.);
#11752 = DIRECTION('',(1.,0.));
#11753 = ( GEOMETRIC_REPRESENTATION_CONTEXT(2) 
PARAMETRIC_REPRESENTATION_CONTEXT() REPRESENTATION_CONTEXT('2D SPACE',''
  ) );
#11754 = PCURVE('',#10791,#11755);
#11755 = DEFINITIONAL_REPRESENTATION('',(#11756),#11760);
#11756 = LINE('',#11757,#11758);
#11757 = CARTESIAN_POINT('',(0.,-1.4));
#11758 = VECTOR('',#11759,1.);
#11759 = DIRECTION('',(1.,0.));
#11760 = ( GEOMETRIC_REPRESENTATION_CONTEXT(2) 
PARAMETRIC_REPRESENTATION_CONTEXT() REPRESENTATION_CONTEXT('2D SPACE',''
  ) );
#11761 = ORIENTED_EDGE('',*,*,#10745,.T.);
#11762 = ORIENTED_EDGE('',*,*,#11763,.T.);
#11763 = EDGE_CURVE('',#10748,#11122,#11764,.T.);
#11764 = SURFACE_CURVE('',#11765,(#11769,#11776),.PCURVE_S1.);
#11765 = LINE('',#11766,#11767);
#11766 = CARTESIAN_POINT('',(58.1,7.7,-0.1));
#11767 = VECTOR('',#11768,1.);
#11768 = DIRECTION('',(0.,0.,1.));
#11769 = PCURVE('',#10763,#11770);
#11770 = DEFINITIONAL_REPRESENTATION('',(#11771),#11775);
#11771 = LINE('',#11772,#11773);
#11772 = CARTESIAN_POINT('',(0.,0.));
#11773 = VECTOR('',#11774,1.);
#11774 = DIRECTION('',(1.,0.));
#11775 = ( GEOMETRIC_REPRESENTATION_CONTEXT(2) 
PARAMETRIC_REPRESENTATION_CONTEXT() REPRESENTATION_CONTEXT('2D SPACE',''
  ) );
#11776 = PCURVE('',#10845,#11777);
#11777 = DEFINITIONAL_REPRESENTATION('',(#11778),#11782);
#11778 = LINE('',#11779,#11780);
#11779 = CARTESIAN_POINT('',(0.,-1.4));
#11780 = VECTOR('',#11781,1.);
#11781 = DIRECTION('',(1.,0.));
#11782 = ( GEOMETRIC_REPRESENTATION_CONTEXT(2) 
PARAMETRIC_REPRESENTATION_CONTEXT() REPRESENTATION_CONTEXT('2D SPACE',''
  ) );
#11783 = ORIENTED_EDGE('',*,*,#11119,.F.);
#11784 = ADVANCED_FACE('',(#11785),#10791,.F.);
#11785 = FACE_BOUND('',#11786,.F.);
#11786 = EDGE_LOOP('',(#11787,#11808,#11809,#11810));
#11787 = ORIENTED_EDGE('',*,*,#11788,.F.);
#11788 = EDGE_CURVE('',#10776,#11145,#11789,.T.);
#11789 = SURFACE_CURVE('',#11790,(#11794,#11801),.PCURVE_S1.);
#11790 = LINE('',#11791,#11792);
#11791 = CARTESIAN_POINT('',(63.1,6.3,-0.1));
#11792 = VECTOR('',#11793,1.);
#11793 = DIRECTION('',(0.,0.,1.));
#11794 = PCURVE('',#10791,#11795);
#11795 = DEFINITIONAL_REPRESENTATION('',(#11796),#11800);
#11796 = LINE('',#11797,#11798);
#11797 = CARTESIAN_POINT('',(0.,0.));
#11798 = VECTOR('',#11799,1.);
#11799 = DIRECTION('',(1.,0.));
#11800 = ( GEOMETRIC_REPRESENTATION_CONTEXT(2) 
PARAMETRIC_REPRESENTATION_CONTEXT() REPRESENTATION_CONTEXT('2D SPACE',''
  ) );
#11801 = PCURVE('',#10819,#11802);
#11802 = DEFINITIONAL_REPRESENTATION('',(#11803),#11807);
#11803 = LINE('',#11804,#11805);
#11804 = CARTESIAN_POINT('',(0.,5.));
#11805 = VECTOR('',#11806,1.);
#11806 = DIRECTION('',(1.,0.));
#11807 = ( GEOMETRIC_REPRESENTATION_CONTEXT(2) 
PARAMETRIC_REPRESENTATION_CONTEXT() REPRESENTATION_CONTEXT('2D SPACE',''
  ) );
#11808 = ORIENTED_EDGE('',*,*,#10775,.T.);
#11809 = ORIENTED_EDGE('',*,*,#11741,.T.);
#11810 = ORIENTED_EDGE('',*,*,#11144,.F.);
#11811 = ADVANCED_FACE('',(#11812),#10845,.T.);
#11812 = FACE_BOUND('',#11813,.T.);
#11813 = EDGE_LOOP('',(#11814,#11835,#11836,#11837));
#11814 = ORIENTED_EDGE('',*,*,#11815,.F.);
#11815 = EDGE_CURVE('',#10804,#11168,#11816,.T.);
#11816 = SURFACE_CURVE('',#11817,(#11821,#11828),.PCURVE_S1.);
#11817 = LINE('',#11818,#11819);
#11818 = CARTESIAN_POINT('',(58.1,6.3,-0.1));
#11819 = VECTOR('',#11820,1.);
#11820 = DIRECTION('',(0.,0.,1.));
#11821 = PCURVE('',#10845,#11822);
#11822 = DEFINITIONAL_REPRESENTATION('',(#11823),#11827);
#11823 = LINE('',#11824,#11825);
#11824 = CARTESIAN_POINT('',(0.,0.));
#11825 = VECTOR('',#11826,1.);
#11826 = DIRECTION('',(1.,0.));
#11827 = ( GEOMETRIC_REPRESENTATION_CONTEXT(2) 
PARAMETRIC_REPRESENTATION_CONTEXT() REPRESENTATION_CONTEXT('2D SPACE',''
  ) );
#11828 = PCURVE('',#10819,#11829);
#11829 = DEFINITIONAL_REPRESENTATION('',(#11830),#11834);
#11830 = LINE('',#11831,#11832);
#11831 = CARTESIAN_POINT('',(0.,0.));
#11832 = VECTOR('',#11833,1.);
#11833 = DIRECTION('',(1.,0.));
#11834 = ( GEOMETRIC_REPRESENTATION_CONTEXT(2) 
PARAMETRIC_REPRESENTATION_CONTEXT() REPRESENTATION_CONTEXT('2D SPACE',''
  ) );
#11835 = ORIENTED_EDGE('',*,*,#10831,.T.);
#11836 = ORIENTED_EDGE('',*,*,#11763,.T.);
#11837 = ORIENTED_EDGE('',*,*,#11190,.F.);
#11838 = ADVANCED_FACE('',(#11839),#10819,.T.);
#11839 = FACE_BOUND('',#11840,.T.);
#11840 = EDGE_LOOP('',(#11841,#11842,#11843,#11844));
#11841 = ORIENTED_EDGE('',*,*,#11788,.F.);
#11842 = ORIENTED_EDGE('',*,*,#10803,.T.);
#11843 = ORIENTED_EDGE('',*,*,#11815,.T.);
#11844 = ORIENTED_EDGE('',*,*,#11167,.F.);
#11845 = ( GEOMETRIC_REPRESENTATION_CONTEXT(3) 
GLOBAL_UNCERTAINTY_ASSIGNED_CONTEXT((#11849)) 
GLOBAL_UNIT_ASSIGNED_CONTEXT((#11846,#11847,#11848)) 
REPRESENTATION_CONTEXT('Context #1',
  '3D Context with UNIT and UNCERTAINTY') );
#11846 = ( LENGTH_UNIT() NAMED_UNIT(*) SI_UNIT(.MILLI.,.METRE.) );
#11847 = ( NAMED_UNIT(*) PLANE_ANGLE_UNIT() SI_UNIT($,.RADIAN.) );
#11848 = ( NAMED_UNIT(*) SI_UNIT($,.STERADIAN.) SOLID_ANGLE_UNIT() );
#11849 = UNCERTAINTY_MEASURE_WITH_UNIT(LENGTH_MEASURE(1.E-07),#11846,
  'distance_accuracy_value','confusion accuracy');
#11850 = CONTEXT_DEPENDENT_SHAPE_REPRESENTATION(#11851,#11853);
#11851 = ( REPRESENTATION_RELATIONSHIP('','',#7066,#10) 
REPRESENTATION_RELATIONSHIP_WITH_TRANSFORMATION(#11852) 
SHAPE_REPRESENTATION_RELATIONSHIP() );
#11852 = ITEM_DEFINED_TRANSFORMATION('','',#11,#23);
#11853 = PRODUCT_DEFINITION_SHAPE('Placement','Placement of an item',
  #11854);
#11854 = NEXT_ASSEMBLY_USAGE_OCCURRENCE('6','','',#5,#7061,$);
#11855 = PRODUCT_RELATED_PRODUCT_CATEGORY('part',$,(#7063));
ENDSEC;
END-ISO-10303-21;
