ISO-10303-21;
HEADER;
FILE_DESCRIPTION(('Open CASCADE Model'),'2;1');
FILE_NAME('Open CASCADE Shape Model','2026-09-27T20:45:53',('Author'),(
    'Open CASCADE'),'Open CASCADE STEP processor 7.8','Open CASCADE 7.8'
  ,'Unknown');
FILE_SCHEMA(('AUTOMOTIVE_DESIGN { 1 0 10303 214 1 1 1 1 }'));
ENDSEC;
DATA;
#1 = APPLICATION_PROTOCOL_DEFINITION('international standard',
  'automotive_design',2000,#2);
#2 = APPLICATION_CONTEXT(
  'core data for automotive mechanical design processes');
#3 = SHAPE_DEFINITION_REPRESENTATION(#4,#10);
#4 = PRODUCT_DEFINITION_SHAPE('','',#5);
#5 = PRODUCT_DEFINITION('design','',#6,#9);
#6 = PRODUCT_DEFINITION_FORMATION('','',#7);
#7 = PRODUCT('Open CASCADE STEP translator 7.8 5',
  'Open CASCADE STEP translator 7.8 5','',(#8));
#8 = PRODUCT_CONTEXT('',#2,'mechanical');
#9 = PRODUCT_DEFINITION_CONTEXT('part definition',#2,'design');
#10 = ADVANCED_BREP_SHAPE_REPRESENTATION('',(#11,#15),#4793);
#11 = AXIS2_PLACEMENT_3D('',#12,#13,#14);
#12 = CARTESIAN_POINT('',(0.,0.,0.));
#13 = DIRECTION('',(0.,0.,1.));
#14 = DIRECTION('',(1.,0.,-0.));
#15 = MANIFOLD_SOLID_BREP('',#16);
#16 = CLOSED_SHELL('',(#17,#845,#1028,#1150,#1199,#1249,#1298,#1352,
    #1401,#1451,#1500,#1554,#1603,#1653,#1702,#1756,#1912,#2034,#2083,
    #2137,#2186,#2236,#2285,#2339,#2388,#2438,#2487,#2541,#2590,#2618,
    #2649,#3036,#3085,#3390,#3417,#3804,#3853,#4158,#4185,#4232,#4259,
    #4266,#4293,#4320,#4347,#4374,#4381,#4428,#4455,#4482,#4489,#4516,
    #4543,#4570,#4597,#4624,#4651,#4678,#4685,#4732,#4759,#4786));
#17 = ADVANCED_FACE('',(#18),#32,.F.);
#18 = FACE_BOUND('',#19,.F.);
#19 = EDGE_LOOP('',(#20,#55,#83,#111,#144,#172,#201,#229,#262,#290,#319,
    #347,#380,#408,#437,#465,#493,#521,#550,#578,#611,#639,#668,#696,
    #729,#757,#786,#814));
#20 = ORIENTED_EDGE('',*,*,#21,.F.);
#21 = EDGE_CURVE('',#22,#24,#26,.T.);
#22 = VERTEX_POINT('',#23);
#23 = CARTESIAN_POINT('',(-13.1,-7.,0.));
#24 = VERTEX_POINT('',#25);
#25 = CARTESIAN_POINT('',(-13.1,7.,0.));
#26 = SURFACE_CURVE('',#27,(#31,#43),.PCURVE_S1.);
#27 = LINE('',#28,#29);
#28 = CARTESIAN_POINT('',(-13.1,-7.,0.));
#29 = VECTOR('',#30,1.);
#30 = DIRECTION('',(-0.,1.,0.));
#31 = PCURVE('',#32,#37);
#32 = PLANE('',#33);
#33 = AXIS2_PLACEMENT_3D('',#34,#35,#36);
#34 = CARTESIAN_POINT('',(-13.1,-7.,0.));
#35 = DIRECTION('',(0.,0.,1.));
#36 = DIRECTION('',(1.,0.,-0.));
#37 = DEFINITIONAL_REPRESENTATION('',(#38),#42);
#38 = LINE('',#39,#40);
#39 = CARTESIAN_POINT('',(0.,0.));
#40 = VECTOR('',#41,1.);
#41 = DIRECTION('',(0.,1.));
#42 = ( GEOMETRIC_REPRESENTATION_CONTEXT(2) 
PARAMETRIC_REPRESENTATION_CONTEXT() REPRESENTATION_CONTEXT('2D SPACE',''
  ) );
#43 = PCURVE('',#44,#49);
#44 = PLANE('',#45);
#45 = AXIS2_PLACEMENT_3D('',#46,#47,#48);
#46 = CARTESIAN_POINT('',(-13.1,-7.,6.));
#47 = DIRECTION('',(1.,-0.,0.));
#48 = DIRECTION('',(0.,0.,-1.));
#49 = DEFINITIONAL_REPRESENTATION('',(#50),#54);
#50 = LINE('',#51,#52);
#51 = CARTESIAN_POINT('',(6.,0.));
#52 = VECTOR('',#53,1.);
#53 = DIRECTION('',(0.,1.));
#54 = ( GEOMETRIC_REPRESENTATION_CONTEXT(2) 
PARAMETRIC_REPRESENTATION_CONTEXT() REPRESENTATION_CONTEXT('2D SPACE',''
  ) );
#55 = ORIENTED_EDGE('',*,*,#56,.T.);
#56 = EDGE_CURVE('',#22,#57,#59,.T.);
#57 = VERTEX_POINT('',#58);
#58 = CARTESIAN_POINT('',(-10.9,-7.,0.));
#59 = SURFACE_CURVE('',#60,(#64,#71),.PCURVE_S1.);
#60 = LINE('',#61,#62);
#61 = CARTESIAN_POINT('',(-13.1,-7.,0.));
#62 = VECTOR('',#63,1.);
#63 = DIRECTION('',(1.,0.,-0.));
#64 = PCURVE('',#32,#65);
#65 = DEFINITIONAL_REPRESENTATION('',(#66),#70);
#66 = LINE('',#67,#68);
#67 = CARTESIAN_POINT('',(0.,0.));
#68 = VECTOR('',#69,1.);
#69 = DIRECTION('',(1.,0.));
#70 = ( GEOMETRIC_REPRESENTATION_CONTEXT(2) 
PARAMETRIC_REPRESENTATION_CONTEXT() REPRESENTATION_CONTEXT('2D SPACE',''
  ) );
#71 = PCURVE('',#72,#77);
#72 = PLANE('',#73);
#73 = AXIS2_PLACEMENT_3D('',#74,#75,#76);
#74 = CARTESIAN_POINT('',(-12.,-7.,3.));
#75 = DIRECTION('',(-0.,-1.,-0.));
#76 = DIRECTION('',(0.,0.,-1.));
#77 = DEFINITIONAL_REPRESENTATION('',(#78),#82);
#78 = LINE('',#79,#80);
#79 = CARTESIAN_POINT('',(3.,-1.1));
#80 = VECTOR('',#81,1.);
#81 = DIRECTION('',(0.,1.));
#82 = ( GEOMETRIC_REPRESENTATION_CONTEXT(2) 
PARAMETRIC_REPRESENTATION_CONTEXT() REPRESENTATION_CONTEXT('2D SPACE',''
  ) );
#83 = ORIENTED_EDGE('',*,*,#84,.T.);
#84 = EDGE_CURVE('',#57,#85,#87,.T.);
#85 = VERTEX_POINT('',#86);
#86 = CARTESIAN_POINT('',(-10.9,7.,0.));
#87 = SURFACE_CURVE('',#88,(#92,#99),.PCURVE_S1.);
#88 = LINE('',#89,#90);
#89 = CARTESIAN_POINT('',(-10.9,-7.,0.));
#90 = VECTOR('',#91,1.);
#91 = DIRECTION('',(-0.,1.,0.));
#92 = PCURVE('',#32,#93);
#93 = DEFINITIONAL_REPRESENTATION('',(#94),#98);
#94 = LINE('',#95,#96);
#95 = CARTESIAN_POINT('',(2.2,0.));
#96 = VECTOR('',#97,1.);
#97 = DIRECTION('',(0.,1.));
#98 = ( GEOMETRIC_REPRESENTATION_CONTEXT(2) 
PARAMETRIC_REPRESENTATION_CONTEXT() REPRESENTATION_CONTEXT('2D SPACE',''
  ) );
#99 = PCURVE('',#100,#105);
#100 = PLANE('',#101);
#101 = AXIS2_PLACEMENT_3D('',#102,#103,#104);
#102 = CARTESIAN_POINT('',(-10.9,-7.,0.));
#103 = DIRECTION('',(-1.,0.,0.));
#104 = DIRECTION('',(0.,0.,1.));
#105 = DEFINITIONAL_REPRESENTATION('',(#106),#110);
#106 = LINE('',#107,#108);
#107 = CARTESIAN_POINT('',(0.,0.));
#108 = VECTOR('',#109,1.);
#109 = DIRECTION('',(0.,1.));
#110 = ( GEOMETRIC_REPRESENTATION_CONTEXT(2) 
PARAMETRIC_REPRESENTATION_CONTEXT() REPRESENTATION_CONTEXT('2D SPACE',''
  ) );
#111 = ORIENTED_EDGE('',*,*,#112,.T.);
#112 = EDGE_CURVE('',#85,#113,#115,.T.);
#113 = VERTEX_POINT('',#114);
#114 = CARTESIAN_POINT('',(-9.1,7.,0.));
#115 = SURFACE_CURVE('',#116,(#121,#132),.PCURVE_S1.);
#116 = CIRCLE('',#117,0.9);
#117 = AXIS2_PLACEMENT_3D('',#118,#119,#120);
#118 = CARTESIAN_POINT('',(-10.,7.,0.));
#119 = DIRECTION('',(0.,0.,-1.));
#120 = DIRECTION('',(-1.,0.,0.));
#121 = PCURVE('',#32,#122);
#122 = DEFINITIONAL_REPRESENTATION('',(#123),#131);
#123 = ( BOUNDED_CURVE() B_SPLINE_CURVE(2,(#124,#125,#126,#127,#128,#129
,#130),.UNSPECIFIED.,.T.,.F.) B_SPLINE_CURVE_WITH_KNOTS((1,2,2,2,2,1),(
    -2.094395102393,0.,2.094395102393,4.188790204786,6.28318530718,
8.377580409573),.UNSPECIFIED.) CURVE() GEOMETRIC_REPRESENTATION_ITEM() 
RATIONAL_B_SPLINE_CURVE((1.,0.5,1.,0.5,1.,0.5,1.)) REPRESENTATION_ITEM(
  '') );
#124 = CARTESIAN_POINT('',(2.2,14.));
#125 = CARTESIAN_POINT('',(2.2,15.558845726812));
#126 = CARTESIAN_POINT('',(3.55,14.779422863406));
#127 = CARTESIAN_POINT('',(4.9,14.));
#128 = CARTESIAN_POINT('',(3.55,13.220577136594));
#129 = CARTESIAN_POINT('',(2.2,12.441154273188));
#130 = CARTESIAN_POINT('',(2.2,14.));
#131 = ( GEOMETRIC_REPRESENTATION_CONTEXT(2) 
PARAMETRIC_REPRESENTATION_CONTEXT() REPRESENTATION_CONTEXT('2D SPACE',''
  ) );
#132 = PCURVE('',#133,#138);
#133 = CYLINDRICAL_SURFACE('',#134,0.9);
#134 = AXIS2_PLACEMENT_3D('',#135,#136,#137);
#135 = CARTESIAN_POINT('',(-10.,7.,0.));
#136 = DIRECTION('',(-0.,-0.,1.));
#137 = DIRECTION('',(-1.,0.,0.));
#138 = DEFINITIONAL_REPRESENTATION('',(#139),#143);
#139 = LINE('',#140,#141);
#140 = CARTESIAN_POINT('',(-0.,0.));
#141 = VECTOR('',#142,1.);
#142 = DIRECTION('',(-1.,0.));
#143 = ( GEOMETRIC_REPRESENTATION_CONTEXT(2) 
PARAMETRIC_REPRESENTATION_CONTEXT() REPRESENTATION_CONTEXT('2D SPACE',''
  ) );
#144 = ORIENTED_EDGE('',*,*,#145,.T.);
#145 = EDGE_CURVE('',#113,#146,#148,.T.);
#146 = VERTEX_POINT('',#147);
#147 = CARTESIAN_POINT('',(-9.1,-7.,0.));
#148 = SURFACE_CURVE('',#149,(#153,#160),.PCURVE_S1.);
#149 = LINE('',#150,#151);
#150 = CARTESIAN_POINT('',(-9.1,7.,0.));
#151 = VECTOR('',#152,1.);
#152 = DIRECTION('',(1.224646799147E-16,-1.,0.));
#153 = PCURVE('',#32,#154);
#154 = DEFINITIONAL_REPRESENTATION('',(#155),#159);
#155 = LINE('',#156,#157);
#156 = CARTESIAN_POINT('',(4.,14.));
#157 = VECTOR('',#158,1.);
#158 = DIRECTION('',(1.224646799147E-16,-1.));
#159 = ( GEOMETRIC_REPRESENTATION_CONTEXT(2) 
PARAMETRIC_REPRESENTATION_CONTEXT() REPRESENTATION_CONTEXT('2D SPACE',''
  ) );
#160 = PCURVE('',#161,#166);
#161 = PLANE('',#162);
#162 = AXIS2_PLACEMENT_3D('',#163,#164,#165);
#163 = CARTESIAN_POINT('',(-9.1,7.,0.));
#164 = DIRECTION('',(1.,0.,-0.));
#165 = DIRECTION('',(0.,0.,1.));
#166 = DEFINITIONAL_REPRESENTATION('',(#167),#171);
#167 = LINE('',#168,#169);
#168 = CARTESIAN_POINT('',(0.,0.));
#169 = VECTOR('',#170,1.);
#170 = DIRECTION('',(0.,1.));
#171 = ( GEOMETRIC_REPRESENTATION_CONTEXT(2) 
PARAMETRIC_REPRESENTATION_CONTEXT() REPRESENTATION_CONTEXT('2D SPACE',''
  ) );
#172 = ORIENTED_EDGE('',*,*,#173,.T.);
#173 = EDGE_CURVE('',#146,#174,#176,.T.);
#174 = VERTEX_POINT('',#175);
#175 = CARTESIAN_POINT('',(-2.9,-7.,0.));
#176 = SURFACE_CURVE('',#177,(#182,#189),.PCURVE_S1.);
#177 = CIRCLE('',#178,3.1);
#178 = AXIS2_PLACEMENT_3D('',#179,#180,#181);
#179 = CARTESIAN_POINT('',(-6.,-7.,0.));
#180 = DIRECTION('',(0.,0.,1.));
#181 = DIRECTION('',(-1.,0.,0.));
#182 = PCURVE('',#32,#183);
#183 = DEFINITIONAL_REPRESENTATION('',(#184),#188);
#184 = CIRCLE('',#185,3.1);
#185 = AXIS2_PLACEMENT_2D('',#186,#187);
#186 = CARTESIAN_POINT('',(7.1,0.));
#187 = DIRECTION('',(-1.,0.));
#188 = ( GEOMETRIC_REPRESENTATION_CONTEXT(2) 
PARAMETRIC_REPRESENTATION_CONTEXT() REPRESENTATION_CONTEXT('2D SPACE',''
  ) );
#189 = PCURVE('',#190,#195);
#190 = CYLINDRICAL_SURFACE('',#191,3.1);
#191 = AXIS2_PLACEMENT_3D('',#192,#193,#194);
#192 = CARTESIAN_POINT('',(-6.,-7.,0.));
#193 = DIRECTION('',(0.,0.,1.));
#194 = DIRECTION('',(-1.,0.,0.));
#195 = DEFINITIONAL_REPRESENTATION('',(#196),#200);
#196 = LINE('',#197,#198);
#197 = CARTESIAN_POINT('',(0.,0.));
#198 = VECTOR('',#199,1.);
#199 = DIRECTION('',(1.,0.));
#200 = ( GEOMETRIC_REPRESENTATION_CONTEXT(2) 
PARAMETRIC_REPRESENTATION_CONTEXT() REPRESENTATION_CONTEXT('2D SPACE',''
  ) );
#201 = ORIENTED_EDGE('',*,*,#202,.T.);
#202 = EDGE_CURVE('',#174,#203,#205,.T.);
#203 = VERTEX_POINT('',#204);
#204 = CARTESIAN_POINT('',(-2.9,7.,0.));
#205 = SURFACE_CURVE('',#206,(#210,#217),.PCURVE_S1.);
#206 = LINE('',#207,#208);
#207 = CARTESIAN_POINT('',(-2.9,-7.,0.));
#208 = VECTOR('',#209,1.);
#209 = DIRECTION('',(-0.,1.,0.));
#210 = PCURVE('',#32,#211);
#211 = DEFINITIONAL_REPRESENTATION('',(#212),#216);
#212 = LINE('',#213,#214);
#213 = CARTESIAN_POINT('',(10.2,0.));
#214 = VECTOR('',#215,1.);
#215 = DIRECTION('',(0.,1.));
#216 = ( GEOMETRIC_REPRESENTATION_CONTEXT(2) 
PARAMETRIC_REPRESENTATION_CONTEXT() REPRESENTATION_CONTEXT('2D SPACE',''
  ) );
#217 = PCURVE('',#218,#223);
#218 = PLANE('',#219);
#219 = AXIS2_PLACEMENT_3D('',#220,#221,#222);
#220 = CARTESIAN_POINT('',(-2.9,-7.,0.));
#221 = DIRECTION('',(-1.,0.,0.));
#222 = DIRECTION('',(0.,0.,1.));
#223 = DEFINITIONAL_REPRESENTATION('',(#224),#228);
#224 = LINE('',#225,#226);
#225 = CARTESIAN_POINT('',(0.,0.));
#226 = VECTOR('',#227,1.);
#227 = DIRECTION('',(0.,1.));
#228 = ( GEOMETRIC_REPRESENTATION_CONTEXT(2) 
PARAMETRIC_REPRESENTATION_CONTEXT() REPRESENTATION_CONTEXT('2D SPACE',''
  ) );
#229 = ORIENTED_EDGE('',*,*,#230,.T.);
#230 = EDGE_CURVE('',#203,#231,#233,.T.);
#231 = VERTEX_POINT('',#232);
#232 = CARTESIAN_POINT('',(-1.1,7.,0.));
#233 = SURFACE_CURVE('',#234,(#239,#250),.PCURVE_S1.);
#234 = CIRCLE('',#235,0.9);
#235 = AXIS2_PLACEMENT_3D('',#236,#237,#238);
#236 = CARTESIAN_POINT('',(-2.,7.,0.));
#237 = DIRECTION('',(0.,0.,-1.));
#238 = DIRECTION('',(-1.,0.,0.));
#239 = PCURVE('',#32,#240);
#240 = DEFINITIONAL_REPRESENTATION('',(#241),#249);
#241 = ( BOUNDED_CURVE() B_SPLINE_CURVE(2,(#242,#243,#244,#245,#246,#247
,#248),.UNSPECIFIED.,.T.,.F.) B_SPLINE_CURVE_WITH_KNOTS((1,2,2,2,2,1),(
    -2.094395102393,0.,2.094395102393,4.188790204786,6.28318530718,
8.377580409573),.UNSPECIFIED.) CURVE() GEOMETRIC_REPRESENTATION_ITEM() 
RATIONAL_B_SPLINE_CURVE((1.,0.5,1.,0.5,1.,0.5,1.)) REPRESENTATION_ITEM(
  '') );
#242 = CARTESIAN_POINT('',(10.2,14.));
#243 = CARTESIAN_POINT('',(10.2,15.558845726812));
#244 = CARTESIAN_POINT('',(11.55,14.779422863406));
#245 = CARTESIAN_POINT('',(12.9,14.));
#246 = CARTESIAN_POINT('',(11.55,13.220577136594));
#247 = CARTESIAN_POINT('',(10.2,12.441154273188));
#248 = CARTESIAN_POINT('',(10.2,14.));
#249 = ( GEOMETRIC_REPRESENTATION_CONTEXT(2) 
PARAMETRIC_REPRESENTATION_CONTEXT() REPRESENTATION_CONTEXT('2D SPACE',''
  ) );
#250 = PCURVE('',#251,#256);
#251 = CYLINDRICAL_SURFACE('',#252,0.9);
#252 = AXIS2_PLACEMENT_3D('',#253,#254,#255);
#253 = CARTESIAN_POINT('',(-2.,7.,0.));
#254 = DIRECTION('',(-0.,-0.,1.));
#255 = DIRECTION('',(-1.,0.,0.));
#256 = DEFINITIONAL_REPRESENTATION('',(#257),#261);
#257 = LINE('',#258,#259);
#258 = CARTESIAN_POINT('',(-0.,0.));
#259 = VECTOR('',#260,1.);
#260 = DIRECTION('',(-1.,0.));
#261 = ( GEOMETRIC_REPRESENTATION_CONTEXT(2) 
PARAMETRIC_REPRESENTATION_CONTEXT() REPRESENTATION_CONTEXT('2D SPACE',''
  ) );
#262 = ORIENTED_EDGE('',*,*,#263,.T.);
#263 = EDGE_CURVE('',#231,#264,#266,.T.);
#264 = VERTEX_POINT('',#265);
#265 = CARTESIAN_POINT('',(-1.1,-7.,0.));
#266 = SURFACE_CURVE('',#267,(#271,#278),.PCURVE_S1.);
#267 = LINE('',#268,#269);
#268 = CARTESIAN_POINT('',(-1.1,7.,0.));
#269 = VECTOR('',#270,1.);
#270 = DIRECTION('',(1.224646799147E-16,-1.,0.));
#271 = PCURVE('',#32,#272);
#272 = DEFINITIONAL_REPRESENTATION('',(#273),#277);
#273 = LINE('',#274,#275);
#274 = CARTESIAN_POINT('',(12.,14.));
#275 = VECTOR('',#276,1.);
#276 = DIRECTION('',(1.224646799147E-16,-1.));
#277 = ( GEOMETRIC_REPRESENTATION_CONTEXT(2) 
PARAMETRIC_REPRESENTATION_CONTEXT() REPRESENTATION_CONTEXT('2D SPACE',''
  ) );
#278 = PCURVE('',#279,#284);
#279 = PLANE('',#280);
#280 = AXIS2_PLACEMENT_3D('',#281,#282,#283);
#281 = CARTESIAN_POINT('',(-1.1,7.,0.));
#282 = DIRECTION('',(1.,-1.586032892322E-17,0.));
#283 = DIRECTION('',(0.,0.,1.));
#284 = DEFINITIONAL_REPRESENTATION('',(#285),#289);
#285 = LINE('',#286,#287);
#286 = CARTESIAN_POINT('',(0.,0.));
#287 = VECTOR('',#288,1.);
#288 = DIRECTION('',(0.,1.));
#289 = ( GEOMETRIC_REPRESENTATION_CONTEXT(2) 
PARAMETRIC_REPRESENTATION_CONTEXT() REPRESENTATION_CONTEXT('2D SPACE',''
  ) );
#290 = ORIENTED_EDGE('',*,*,#291,.T.);
#291 = EDGE_CURVE('',#264,#292,#294,.T.);
#292 = VERTEX_POINT('',#293);
#293 = CARTESIAN_POINT('',(5.1,-7.,0.));
#294 = SURFACE_CURVE('',#295,(#300,#307),.PCURVE_S1.);
#295 = CIRCLE('',#296,3.1);
#296 = AXIS2_PLACEMENT_3D('',#297,#298,#299);
#297 = CARTESIAN_POINT('',(2.,-7.,0.));
#298 = DIRECTION('',(0.,0.,1.));
#299 = DIRECTION('',(-1.,0.,0.));
#300 = PCURVE('',#32,#301);
#301 = DEFINITIONAL_REPRESENTATION('',(#302),#306);
#302 = CIRCLE('',#303,3.1);
#303 = AXIS2_PLACEMENT_2D('',#304,#305);
#304 = CARTESIAN_POINT('',(15.1,0.));
#305 = DIRECTION('',(-1.,0.));
#306 = ( GEOMETRIC_REPRESENTATION_CONTEXT(2) 
PARAMETRIC_REPRESENTATION_CONTEXT() REPRESENTATION_CONTEXT('2D SPACE',''
  ) );
#307 = PCURVE('',#308,#313);
#308 = CYLINDRICAL_SURFACE('',#309,3.1);
#309 = AXIS2_PLACEMENT_3D('',#310,#311,#312);
#310 = CARTESIAN_POINT('',(2.,-7.,0.));
#311 = DIRECTION('',(0.,0.,1.));
#312 = DIRECTION('',(-1.,0.,0.));
#313 = DEFINITIONAL_REPRESENTATION('',(#314),#318);
#314 = LINE('',#315,#316);
#315 = CARTESIAN_POINT('',(0.,0.));
#316 = VECTOR('',#317,1.);
#317 = DIRECTION('',(1.,0.));
#318 = ( GEOMETRIC_REPRESENTATION_CONTEXT(2) 
PARAMETRIC_REPRESENTATION_CONTEXT() REPRESENTATION_CONTEXT('2D SPACE',''
  ) );
#319 = ORIENTED_EDGE('',*,*,#320,.T.);
#320 = EDGE_CURVE('',#292,#321,#323,.T.);
#321 = VERTEX_POINT('',#322);
#322 = CARTESIAN_POINT('',(5.1,7.,0.));
#323 = SURFACE_CURVE('',#324,(#328,#335),.PCURVE_S1.);
#324 = LINE('',#325,#326);
#325 = CARTESIAN_POINT('',(5.1,-7.,0.));
#326 = VECTOR('',#327,1.);
#327 = DIRECTION('',(-0.,1.,0.));
#328 = PCURVE('',#32,#329);
#329 = DEFINITIONAL_REPRESENTATION('',(#330),#334);
#330 = LINE('',#331,#332);
#331 = CARTESIAN_POINT('',(18.2,0.));
#332 = VECTOR('',#333,1.);
#333 = DIRECTION('',(0.,1.));
#334 = ( GEOMETRIC_REPRESENTATION_CONTEXT(2) 
PARAMETRIC_REPRESENTATION_CONTEXT() REPRESENTATION_CONTEXT('2D SPACE',''
  ) );
#335 = PCURVE('',#336,#341);
#336 = PLANE('',#337);
#337 = AXIS2_PLACEMENT_3D('',#338,#339,#340);
#338 = CARTESIAN_POINT('',(5.1,-7.,0.));
#339 = DIRECTION('',(-1.,0.,0.));
#340 = DIRECTION('',(0.,0.,1.));
#341 = DEFINITIONAL_REPRESENTATION('',(#342),#346);
#342 = LINE('',#343,#344);
#343 = CARTESIAN_POINT('',(0.,0.));
#344 = VECTOR('',#345,1.);
#345 = DIRECTION('',(0.,1.));
#346 = ( GEOMETRIC_REPRESENTATION_CONTEXT(2) 
PARAMETRIC_REPRESENTATION_CONTEXT() REPRESENTATION_CONTEXT('2D SPACE',''
  ) );
#347 = ORIENTED_EDGE('',*,*,#348,.T.);
#348 = EDGE_CURVE('',#321,#349,#351,.T.);
#349 = VERTEX_POINT('',#350);
#350 = CARTESIAN_POINT('',(6.9,7.,0.));
#351 = SURFACE_CURVE('',#352,(#357,#368),.PCURVE_S1.);
#352 = CIRCLE('',#353,0.9);
#353 = AXIS2_PLACEMENT_3D('',#354,#355,#356);
#354 = CARTESIAN_POINT('',(6.,7.,0.));
#355 = DIRECTION('',(0.,0.,-1.));
#356 = DIRECTION('',(-1.,0.,0.));
#357 = PCURVE('',#32,#358);
#358 = DEFINITIONAL_REPRESENTATION('',(#359),#367);
#359 = ( BOUNDED_CURVE() B_SPLINE_CURVE(2,(#360,#361,#362,#363,#364,#365
,#366),.UNSPECIFIED.,.T.,.F.) B_SPLINE_CURVE_WITH_KNOTS((1,2,2,2,2,1),(
    -2.094395102393,0.,2.094395102393,4.188790204786,6.28318530718,
8.377580409573),.UNSPECIFIED.) CURVE() GEOMETRIC_REPRESENTATION_ITEM() 
RATIONAL_B_SPLINE_CURVE((1.,0.5,1.,0.5,1.,0.5,1.)) REPRESENTATION_ITEM(
  '') );
#360 = CARTESIAN_POINT('',(18.2,14.));
#361 = CARTESIAN_POINT('',(18.2,15.558845726812));
#362 = CARTESIAN_POINT('',(19.55,14.779422863406));
#363 = CARTESIAN_POINT('',(20.9,14.));
#364 = CARTESIAN_POINT('',(19.55,13.220577136594));
#365 = CARTESIAN_POINT('',(18.2,12.441154273188));
#366 = CARTESIAN_POINT('',(18.2,14.));
#367 = ( GEOMETRIC_REPRESENTATION_CONTEXT(2) 
PARAMETRIC_REPRESENTATION_CONTEXT() REPRESENTATION_CONTEXT('2D SPACE',''
  ) );
#368 = PCURVE('',#369,#374);
#369 = CYLINDRICAL_SURFACE('',#370,0.9);
#370 = AXIS2_PLACEMENT_3D('',#371,#372,#373);
#371 = CARTESIAN_POINT('',(6.,7.,0.));
#372 = DIRECTION('',(-0.,-0.,1.));
#373 = DIRECTION('',(-1.,0.,0.));
#374 = DEFINITIONAL_REPRESENTATION('',(#375),#379);
#375 = LINE('',#376,#377);
#376 = CARTESIAN_POINT('',(-0.,0.));
#377 = VECTOR('',#378,1.);
#378 = DIRECTION('',(-1.,0.));
#379 = ( GEOMETRIC_REPRESENTATION_CONTEXT(2) 
PARAMETRIC_REPRESENTATION_CONTEXT() REPRESENTATION_CONTEXT('2D SPACE',''
  ) );
#380 = ORIENTED_EDGE('',*,*,#381,.T.);
#381 = EDGE_CURVE('',#349,#382,#384,.T.);
#382 = VERTEX_POINT('',#383);
#383 = CARTESIAN_POINT('',(6.9,-7.,0.));
#384 = SURFACE_CURVE('',#385,(#389,#396),.PCURVE_S1.);
#385 = LINE('',#386,#387);
#386 = CARTESIAN_POINT('',(6.9,7.,0.));
#387 = VECTOR('',#388,1.);
#388 = DIRECTION('',(1.224646799147E-16,-1.,0.));
#389 = PCURVE('',#32,#390);
#390 = DEFINITIONAL_REPRESENTATION('',(#391),#395);
#391 = LINE('',#392,#393);
#392 = CARTESIAN_POINT('',(20.,14.));
#393 = VECTOR('',#394,1.);
#394 = DIRECTION('',(1.224646799147E-16,-1.));
#395 = ( GEOMETRIC_REPRESENTATION_CONTEXT(2) 
PARAMETRIC_REPRESENTATION_CONTEXT() REPRESENTATION_CONTEXT('2D SPACE',''
  ) );
#396 = PCURVE('',#397,#402);
#397 = PLANE('',#398);
#398 = AXIS2_PLACEMENT_3D('',#399,#400,#401);
#399 = CARTESIAN_POINT('',(6.9,7.,0.));
#400 = DIRECTION('',(1.,0.,-0.));
#401 = DIRECTION('',(0.,0.,1.));
#402 = DEFINITIONAL_REPRESENTATION('',(#403),#407);
#403 = LINE('',#404,#405);
#404 = CARTESIAN_POINT('',(0.,0.));
#405 = VECTOR('',#406,1.);
#406 = DIRECTION('',(0.,1.));
#407 = ( GEOMETRIC_REPRESENTATION_CONTEXT(2) 
PARAMETRIC_REPRESENTATION_CONTEXT() REPRESENTATION_CONTEXT('2D SPACE',''
  ) );
#408 = ORIENTED_EDGE('',*,*,#409,.T.);
#409 = EDGE_CURVE('',#382,#410,#412,.T.);
#410 = VERTEX_POINT('',#411);
#411 = CARTESIAN_POINT('',(13.1,-7.,0.));
#412 = SURFACE_CURVE('',#413,(#418,#425),.PCURVE_S1.);
#413 = CIRCLE('',#414,3.1);
#414 = AXIS2_PLACEMENT_3D('',#415,#416,#417);
#415 = CARTESIAN_POINT('',(10.,-7.,0.));
#416 = DIRECTION('',(0.,0.,1.));
#417 = DIRECTION('',(-1.,0.,0.));
#418 = PCURVE('',#32,#419);
#419 = DEFINITIONAL_REPRESENTATION('',(#420),#424);
#420 = CIRCLE('',#421,3.1);
#421 = AXIS2_PLACEMENT_2D('',#422,#423);
#422 = CARTESIAN_POINT('',(23.1,0.));
#423 = DIRECTION('',(-1.,0.));
#424 = ( GEOMETRIC_REPRESENTATION_CONTEXT(2) 
PARAMETRIC_REPRESENTATION_CONTEXT() REPRESENTATION_CONTEXT('2D SPACE',''
  ) );
#425 = PCURVE('',#426,#431);
#426 = CYLINDRICAL_SURFACE('',#427,3.1);
#427 = AXIS2_PLACEMENT_3D('',#428,#429,#430);
#428 = CARTESIAN_POINT('',(10.,-7.,0.));
#429 = DIRECTION('',(0.,0.,1.));
#430 = DIRECTION('',(-1.,0.,0.));
#431 = DEFINITIONAL_REPRESENTATION('',(#432),#436);
#432 = LINE('',#433,#434);
#433 = CARTESIAN_POINT('',(0.,0.));
#434 = VECTOR('',#435,1.);
#435 = DIRECTION('',(1.,0.));
#436 = ( GEOMETRIC_REPRESENTATION_CONTEXT(2) 
PARAMETRIC_REPRESENTATION_CONTEXT() REPRESENTATION_CONTEXT('2D SPACE',''
  ) );
#437 = ORIENTED_EDGE('',*,*,#438,.T.);
#438 = EDGE_CURVE('',#410,#439,#441,.T.);
#439 = VERTEX_POINT('',#440);
#440 = CARTESIAN_POINT('',(13.1,7.,0.));
#441 = SURFACE_CURVE('',#442,(#446,#453),.PCURVE_S1.);
#442 = LINE('',#443,#444);
#443 = CARTESIAN_POINT('',(13.1,-7.,0.));
#444 = VECTOR('',#445,1.);
#445 = DIRECTION('',(-0.,1.,0.));
#446 = PCURVE('',#32,#447);
#447 = DEFINITIONAL_REPRESENTATION('',(#448),#452);
#448 = LINE('',#449,#450);
#449 = CARTESIAN_POINT('',(26.2,0.));
#450 = VECTOR('',#451,1.);
#451 = DIRECTION('',(0.,1.));
#452 = ( GEOMETRIC_REPRESENTATION_CONTEXT(2) 
PARAMETRIC_REPRESENTATION_CONTEXT() REPRESENTATION_CONTEXT('2D SPACE',''
  ) );
#453 = PCURVE('',#454,#459);
#454 = PLANE('',#455);
#455 = AXIS2_PLACEMENT_3D('',#456,#457,#458);
#456 = CARTESIAN_POINT('',(13.1,-7.,0.));
#457 = DIRECTION('',(-1.,0.,0.));
#458 = DIRECTION('',(0.,0.,1.));
#459 = DEFINITIONAL_REPRESENTATION('',(#460),#464);
#460 = LINE('',#461,#462);
#461 = CARTESIAN_POINT('',(0.,0.));
#462 = VECTOR('',#463,1.);
#463 = DIRECTION('',(0.,1.));
#464 = ( GEOMETRIC_REPRESENTATION_CONTEXT(2) 
PARAMETRIC_REPRESENTATION_CONTEXT() REPRESENTATION_CONTEXT('2D SPACE',''
  ) );
#465 = ORIENTED_EDGE('',*,*,#466,.F.);
#466 = EDGE_CURVE('',#467,#439,#469,.T.);
#467 = VERTEX_POINT('',#468);
#468 = CARTESIAN_POINT('',(10.9,7.,0.));
#469 = SURFACE_CURVE('',#470,(#474,#481),.PCURVE_S1.);
#470 = LINE('',#471,#472);
#471 = CARTESIAN_POINT('',(10.9,7.,0.));
#472 = VECTOR('',#473,1.);
#473 = DIRECTION('',(1.,0.,-0.));
#474 = PCURVE('',#32,#475);
#475 = DEFINITIONAL_REPRESENTATION('',(#476),#480);
#476 = LINE('',#477,#478);
#477 = CARTESIAN_POINT('',(24.,14.));
#478 = VECTOR('',#479,1.);
#479 = DIRECTION('',(1.,0.));
#480 = ( GEOMETRIC_REPRESENTATION_CONTEXT(2) 
PARAMETRIC_REPRESENTATION_CONTEXT() REPRESENTATION_CONTEXT('2D SPACE',''
  ) );
#481 = PCURVE('',#482,#487);
#482 = PLANE('',#483);
#483 = AXIS2_PLACEMENT_3D('',#484,#485,#486);
#484 = CARTESIAN_POINT('',(12.,7.,3.));
#485 = DIRECTION('',(-0.,-1.,-0.));
#486 = DIRECTION('',(0.,0.,-1.));
#487 = DEFINITIONAL_REPRESENTATION('',(#488),#492);
#488 = LINE('',#489,#490);
#489 = CARTESIAN_POINT('',(3.,-1.1));
#490 = VECTOR('',#491,1.);
#491 = DIRECTION('',(0.,1.));
#492 = ( GEOMETRIC_REPRESENTATION_CONTEXT(2) 
PARAMETRIC_REPRESENTATION_CONTEXT() REPRESENTATION_CONTEXT('2D SPACE',''
  ) );
#493 = ORIENTED_EDGE('',*,*,#494,.F.);
#494 = EDGE_CURVE('',#495,#467,#497,.T.);
#495 = VERTEX_POINT('',#496);
#496 = CARTESIAN_POINT('',(10.9,-7.,0.));
#497 = SURFACE_CURVE('',#498,(#502,#509),.PCURVE_S1.);
#498 = LINE('',#499,#500);
#499 = CARTESIAN_POINT('',(10.9,-7.,0.));
#500 = VECTOR('',#501,1.);
#501 = DIRECTION('',(-0.,1.,0.));
#502 = PCURVE('',#32,#503);
#503 = DEFINITIONAL_REPRESENTATION('',(#504),#508);
#504 = LINE('',#505,#506);
#505 = CARTESIAN_POINT('',(24.,0.));
#506 = VECTOR('',#507,1.);
#507 = DIRECTION('',(0.,1.));
#508 = ( GEOMETRIC_REPRESENTATION_CONTEXT(2) 
PARAMETRIC_REPRESENTATION_CONTEXT() REPRESENTATION_CONTEXT('2D SPACE',''
  ) );
#509 = PCURVE('',#510,#515);
#510 = PLANE('',#511);
#511 = AXIS2_PLACEMENT_3D('',#512,#513,#514);
#512 = CARTESIAN_POINT('',(10.9,-7.,6.));
#513 = DIRECTION('',(1.,-0.,0.));
#514 = DIRECTION('',(0.,0.,-1.));
#515 = DEFINITIONAL_REPRESENTATION('',(#516),#520);
#516 = LINE('',#517,#518);
#517 = CARTESIAN_POINT('',(6.,0.));
#518 = VECTOR('',#519,1.);
#519 = DIRECTION('',(0.,1.));
#520 = ( GEOMETRIC_REPRESENTATION_CONTEXT(2) 
PARAMETRIC_REPRESENTATION_CONTEXT() REPRESENTATION_CONTEXT('2D SPACE',''
  ) );
#521 = ORIENTED_EDGE('',*,*,#522,.F.);
#522 = EDGE_CURVE('',#523,#495,#525,.T.);
#523 = VERTEX_POINT('',#524);
#524 = CARTESIAN_POINT('',(9.1,-7.,0.));
#525 = SURFACE_CURVE('',#526,(#531,#538),.PCURVE_S1.);
#526 = CIRCLE('',#527,0.9);
#527 = AXIS2_PLACEMENT_3D('',#528,#529,#530);
#528 = CARTESIAN_POINT('',(10.,-7.,0.));
#529 = DIRECTION('',(0.,0.,1.));
#530 = DIRECTION('',(-1.,0.,0.));
#531 = PCURVE('',#32,#532);
#532 = DEFINITIONAL_REPRESENTATION('',(#533),#537);
#533 = CIRCLE('',#534,0.9);
#534 = AXIS2_PLACEMENT_2D('',#535,#536);
#535 = CARTESIAN_POINT('',(23.1,0.));
#536 = DIRECTION('',(-1.,0.));
#537 = ( GEOMETRIC_REPRESENTATION_CONTEXT(2) 
PARAMETRIC_REPRESENTATION_CONTEXT() REPRESENTATION_CONTEXT('2D SPACE',''
  ) );
#538 = PCURVE('',#539,#544);
#539 = CYLINDRICAL_SURFACE('',#540,0.9);
#540 = AXIS2_PLACEMENT_3D('',#541,#542,#543);
#541 = CARTESIAN_POINT('',(10.,-7.,6.));
#542 = DIRECTION('',(-0.,-0.,-1.));
#543 = DIRECTION('',(-1.,0.,0.));
#544 = DEFINITIONAL_REPRESENTATION('',(#545),#549);
#545 = LINE('',#546,#547);
#546 = CARTESIAN_POINT('',(-0.,6.));
#547 = VECTOR('',#548,1.);
#548 = DIRECTION('',(-1.,0.));
#549 = ( GEOMETRIC_REPRESENTATION_CONTEXT(2) 
PARAMETRIC_REPRESENTATION_CONTEXT() REPRESENTATION_CONTEXT('2D SPACE',''
  ) );
#550 = ORIENTED_EDGE('',*,*,#551,.F.);
#551 = EDGE_CURVE('',#552,#523,#554,.T.);
#552 = VERTEX_POINT('',#553);
#553 = CARTESIAN_POINT('',(9.1,7.,0.));
#554 = SURFACE_CURVE('',#555,(#559,#566),.PCURVE_S1.);
#555 = LINE('',#556,#557);
#556 = CARTESIAN_POINT('',(9.1,7.,0.));
#557 = VECTOR('',#558,1.);
#558 = DIRECTION('',(1.224646799147E-16,-1.,0.));
#559 = PCURVE('',#32,#560);
#560 = DEFINITIONAL_REPRESENTATION('',(#561),#565);
#561 = LINE('',#562,#563);
#562 = CARTESIAN_POINT('',(22.2,14.));
#563 = VECTOR('',#564,1.);
#564 = DIRECTION('',(1.224646799147E-16,-1.));
#565 = ( GEOMETRIC_REPRESENTATION_CONTEXT(2) 
PARAMETRIC_REPRESENTATION_CONTEXT() REPRESENTATION_CONTEXT('2D SPACE',''
  ) );
#566 = PCURVE('',#567,#572);
#567 = PLANE('',#568);
#568 = AXIS2_PLACEMENT_3D('',#569,#570,#571);
#569 = CARTESIAN_POINT('',(9.1,7.,6.));
#570 = DIRECTION('',(-1.,-0.,0.));
#571 = DIRECTION('',(0.,-0.,-1.));
#572 = DEFINITIONAL_REPRESENTATION('',(#573),#577);
#573 = LINE('',#574,#575);
#574 = CARTESIAN_POINT('',(6.,0.));
#575 = VECTOR('',#576,1.);
#576 = DIRECTION('',(0.,1.));
#577 = ( GEOMETRIC_REPRESENTATION_CONTEXT(2) 
PARAMETRIC_REPRESENTATION_CONTEXT() REPRESENTATION_CONTEXT('2D SPACE',''
  ) );
#578 = ORIENTED_EDGE('',*,*,#579,.F.);
#579 = EDGE_CURVE('',#580,#552,#582,.T.);
#580 = VERTEX_POINT('',#581);
#581 = CARTESIAN_POINT('',(2.9,7.,0.));
#582 = SURFACE_CURVE('',#583,(#588,#599),.PCURVE_S1.);
#583 = CIRCLE('',#584,3.1);
#584 = AXIS2_PLACEMENT_3D('',#585,#586,#587);
#585 = CARTESIAN_POINT('',(6.,7.,0.));
#586 = DIRECTION('',(0.,0.,-1.));
#587 = DIRECTION('',(-1.,0.,0.));
#588 = PCURVE('',#32,#589);
#589 = DEFINITIONAL_REPRESENTATION('',(#590),#598);
#590 = ( BOUNDED_CURVE() B_SPLINE_CURVE(2,(#591,#592,#593,#594,#595,#596
,#597),.UNSPECIFIED.,.T.,.F.) B_SPLINE_CURVE_WITH_KNOTS((1,2,2,2,2,1),(
    -2.094395102393,0.,2.094395102393,4.188790204786,6.28318530718,
8.377580409573),.UNSPECIFIED.) CURVE() GEOMETRIC_REPRESENTATION_ITEM() 
RATIONAL_B_SPLINE_CURVE((1.,0.5,1.,0.5,1.,0.5,1.)) REPRESENTATION_ITEM(
  '') );
#591 = CARTESIAN_POINT('',(16.,14.));
#592 = CARTESIAN_POINT('',(16.,19.369357503464));
#593 = CARTESIAN_POINT('',(20.65,16.684678751732));
#594 = CARTESIAN_POINT('',(25.3,14.));
#595 = CARTESIAN_POINT('',(20.65,11.315321248268));
#596 = CARTESIAN_POINT('',(16.,8.630642496536));
#597 = CARTESIAN_POINT('',(16.,14.));
#598 = ( GEOMETRIC_REPRESENTATION_CONTEXT(2) 
PARAMETRIC_REPRESENTATION_CONTEXT() REPRESENTATION_CONTEXT('2D SPACE',''
  ) );
#599 = PCURVE('',#600,#605);
#600 = CYLINDRICAL_SURFACE('',#601,3.1);
#601 = AXIS2_PLACEMENT_3D('',#602,#603,#604);
#602 = CARTESIAN_POINT('',(6.,7.,6.));
#603 = DIRECTION('',(0.,0.,-1.));
#604 = DIRECTION('',(-1.,0.,0.));
#605 = DEFINITIONAL_REPRESENTATION('',(#606),#610);
#606 = LINE('',#607,#608);
#607 = CARTESIAN_POINT('',(0.,6.));
#608 = VECTOR('',#609,1.);
#609 = DIRECTION('',(1.,0.));
#610 = ( GEOMETRIC_REPRESENTATION_CONTEXT(2) 
PARAMETRIC_REPRESENTATION_CONTEXT() REPRESENTATION_CONTEXT('2D SPACE',''
  ) );
#611 = ORIENTED_EDGE('',*,*,#612,.F.);
#612 = EDGE_CURVE('',#613,#580,#615,.T.);
#613 = VERTEX_POINT('',#614);
#614 = CARTESIAN_POINT('',(2.9,-7.,0.));
#615 = SURFACE_CURVE('',#616,(#620,#627),.PCURVE_S1.);
#616 = LINE('',#617,#618);
#617 = CARTESIAN_POINT('',(2.9,-7.,0.));
#618 = VECTOR('',#619,1.);
#619 = DIRECTION('',(-0.,1.,0.));
#620 = PCURVE('',#32,#621);
#621 = DEFINITIONAL_REPRESENTATION('',(#622),#626);
#622 = LINE('',#623,#624);
#623 = CARTESIAN_POINT('',(16.,0.));
#624 = VECTOR('',#625,1.);
#625 = DIRECTION('',(0.,1.));
#626 = ( GEOMETRIC_REPRESENTATION_CONTEXT(2) 
PARAMETRIC_REPRESENTATION_CONTEXT() REPRESENTATION_CONTEXT('2D SPACE',''
  ) );
#627 = PCURVE('',#628,#633);
#628 = PLANE('',#629);
#629 = AXIS2_PLACEMENT_3D('',#630,#631,#632);
#630 = CARTESIAN_POINT('',(2.9,-7.,6.));
#631 = DIRECTION('',(1.,-0.,0.));
#632 = DIRECTION('',(0.,0.,-1.));
#633 = DEFINITIONAL_REPRESENTATION('',(#634),#638);
#634 = LINE('',#635,#636);
#635 = CARTESIAN_POINT('',(6.,0.));
#636 = VECTOR('',#637,1.);
#637 = DIRECTION('',(0.,1.));
#638 = ( GEOMETRIC_REPRESENTATION_CONTEXT(2) 
PARAMETRIC_REPRESENTATION_CONTEXT() REPRESENTATION_CONTEXT('2D SPACE',''
  ) );
#639 = ORIENTED_EDGE('',*,*,#640,.F.);
#640 = EDGE_CURVE('',#641,#613,#643,.T.);
#641 = VERTEX_POINT('',#642);
#642 = CARTESIAN_POINT('',(1.1,-7.,0.));
#643 = SURFACE_CURVE('',#644,(#649,#656),.PCURVE_S1.);
#644 = CIRCLE('',#645,0.9);
#645 = AXIS2_PLACEMENT_3D('',#646,#647,#648);
#646 = CARTESIAN_POINT('',(2.,-7.,0.));
#647 = DIRECTION('',(0.,0.,1.));
#648 = DIRECTION('',(-1.,0.,0.));
#649 = PCURVE('',#32,#650);
#650 = DEFINITIONAL_REPRESENTATION('',(#651),#655);
#651 = CIRCLE('',#652,0.9);
#652 = AXIS2_PLACEMENT_2D('',#653,#654);
#653 = CARTESIAN_POINT('',(15.1,0.));
#654 = DIRECTION('',(-1.,0.));
#655 = ( GEOMETRIC_REPRESENTATION_CONTEXT(2) 
PARAMETRIC_REPRESENTATION_CONTEXT() REPRESENTATION_CONTEXT('2D SPACE',''
  ) );
#656 = PCURVE('',#657,#662);
#657 = CYLINDRICAL_SURFACE('',#658,0.9);
#658 = AXIS2_PLACEMENT_3D('',#659,#660,#661);
#659 = CARTESIAN_POINT('',(2.,-7.,6.));
#660 = DIRECTION('',(-0.,-0.,-1.));
#661 = DIRECTION('',(-1.,0.,0.));
#662 = DEFINITIONAL_REPRESENTATION('',(#663),#667);
#663 = LINE('',#664,#665);
#664 = CARTESIAN_POINT('',(-0.,6.));
#665 = VECTOR('',#666,1.);
#666 = DIRECTION('',(-1.,0.));
#667 = ( GEOMETRIC_REPRESENTATION_CONTEXT(2) 
PARAMETRIC_REPRESENTATION_CONTEXT() REPRESENTATION_CONTEXT('2D SPACE',''
  ) );
#668 = ORIENTED_EDGE('',*,*,#669,.F.);
#669 = EDGE_CURVE('',#670,#641,#672,.T.);
#670 = VERTEX_POINT('',#671);
#671 = CARTESIAN_POINT('',(1.1,7.,0.));
#672 = SURFACE_CURVE('',#673,(#677,#684),.PCURVE_S1.);
#673 = LINE('',#674,#675);
#674 = CARTESIAN_POINT('',(1.1,7.,0.));
#675 = VECTOR('',#676,1.);
#676 = DIRECTION('',(1.224646799147E-16,-1.,0.));
#677 = PCURVE('',#32,#678);
#678 = DEFINITIONAL_REPRESENTATION('',(#679),#683);
#679 = LINE('',#680,#681);
#680 = CARTESIAN_POINT('',(14.2,14.));
#681 = VECTOR('',#682,1.);
#682 = DIRECTION('',(1.224646799147E-16,-1.));
#683 = ( GEOMETRIC_REPRESENTATION_CONTEXT(2) 
PARAMETRIC_REPRESENTATION_CONTEXT() REPRESENTATION_CONTEXT('2D SPACE',''
  ) );
#684 = PCURVE('',#685,#690);
#685 = PLANE('',#686);
#686 = AXIS2_PLACEMENT_3D('',#687,#688,#689);
#687 = CARTESIAN_POINT('',(1.1,7.,6.));
#688 = DIRECTION('',(-1.,1.586032892322E-17,-0.));
#689 = DIRECTION('',(0.,0.,-1.));
#690 = DEFINITIONAL_REPRESENTATION('',(#691),#695);
#691 = LINE('',#692,#693);
#692 = CARTESIAN_POINT('',(6.,0.));
#693 = VECTOR('',#694,1.);
#694 = DIRECTION('',(-0.,1.));
#695 = ( GEOMETRIC_REPRESENTATION_CONTEXT(2) 
PARAMETRIC_REPRESENTATION_CONTEXT() REPRESENTATION_CONTEXT('2D SPACE',''
  ) );
#696 = ORIENTED_EDGE('',*,*,#697,.F.);
#697 = EDGE_CURVE('',#698,#670,#700,.T.);
#698 = VERTEX_POINT('',#699);
#699 = CARTESIAN_POINT('',(-5.1,7.,0.));
#700 = SURFACE_CURVE('',#701,(#706,#717),.PCURVE_S1.);
#701 = CIRCLE('',#702,3.1);
#702 = AXIS2_PLACEMENT_3D('',#703,#704,#705);
#703 = CARTESIAN_POINT('',(-2.,7.,0.));
#704 = DIRECTION('',(0.,0.,-1.));
#705 = DIRECTION('',(-1.,0.,0.));
#706 = PCURVE('',#32,#707);
#707 = DEFINITIONAL_REPRESENTATION('',(#708),#716);
#708 = ( BOUNDED_CURVE() B_SPLINE_CURVE(2,(#709,#710,#711,#712,#713,#714
,#715),.UNSPECIFIED.,.T.,.F.) B_SPLINE_CURVE_WITH_KNOTS((1,2,2,2,2,1),(
    -2.094395102393,0.,2.094395102393,4.188790204786,6.28318530718,
8.377580409573),.UNSPECIFIED.) CURVE() GEOMETRIC_REPRESENTATION_ITEM() 
RATIONAL_B_SPLINE_CURVE((1.,0.5,1.,0.5,1.,0.5,1.)) REPRESENTATION_ITEM(
  '') );
#709 = CARTESIAN_POINT('',(8.,14.));
#710 = CARTESIAN_POINT('',(8.,19.369357503464));
#711 = CARTESIAN_POINT('',(12.65,16.684678751732));
#712 = CARTESIAN_POINT('',(17.3,14.));
#713 = CARTESIAN_POINT('',(12.65,11.315321248268));
#714 = CARTESIAN_POINT('',(8.,8.630642496536));
#715 = CARTESIAN_POINT('',(8.,14.));
#716 = ( GEOMETRIC_REPRESENTATION_CONTEXT(2) 
PARAMETRIC_REPRESENTATION_CONTEXT() REPRESENTATION_CONTEXT('2D SPACE',''
  ) );
#717 = PCURVE('',#718,#723);
#718 = CYLINDRICAL_SURFACE('',#719,3.1);
#719 = AXIS2_PLACEMENT_3D('',#720,#721,#722);
#720 = CARTESIAN_POINT('',(-2.,7.,6.));
#721 = DIRECTION('',(0.,0.,-1.));
#722 = DIRECTION('',(-1.,0.,0.));
#723 = DEFINITIONAL_REPRESENTATION('',(#724),#728);
#724 = LINE('',#725,#726);
#725 = CARTESIAN_POINT('',(0.,6.));
#726 = VECTOR('',#727,1.);
#727 = DIRECTION('',(1.,0.));
#728 = ( GEOMETRIC_REPRESENTATION_CONTEXT(2) 
PARAMETRIC_REPRESENTATION_CONTEXT() REPRESENTATION_CONTEXT('2D SPACE',''
  ) );
#729 = ORIENTED_EDGE('',*,*,#730,.F.);
#730 = EDGE_CURVE('',#731,#698,#733,.T.);
#731 = VERTEX_POINT('',#732);
#732 = CARTESIAN_POINT('',(-5.1,-7.,0.));
#733 = SURFACE_CURVE('',#734,(#738,#745),.PCURVE_S1.);
#734 = LINE('',#735,#736);
#735 = CARTESIAN_POINT('',(-5.1,-7.,0.));
#736 = VECTOR('',#737,1.);
#737 = DIRECTION('',(-0.,1.,0.));
#738 = PCURVE('',#32,#739);
#739 = DEFINITIONAL_REPRESENTATION('',(#740),#744);
#740 = LINE('',#741,#742);
#741 = CARTESIAN_POINT('',(8.,0.));
#742 = VECTOR('',#743,1.);
#743 = DIRECTION('',(0.,1.));
#744 = ( GEOMETRIC_REPRESENTATION_CONTEXT(2) 
PARAMETRIC_REPRESENTATION_CONTEXT() REPRESENTATION_CONTEXT('2D SPACE',''
  ) );
#745 = PCURVE('',#746,#751);
#746 = PLANE('',#747);
#747 = AXIS2_PLACEMENT_3D('',#748,#749,#750);
#748 = CARTESIAN_POINT('',(-5.1,-7.,6.));
#749 = DIRECTION('',(1.,-0.,0.));
#750 = DIRECTION('',(0.,0.,-1.));
#751 = DEFINITIONAL_REPRESENTATION('',(#752),#756);
#752 = LINE('',#753,#754);
#753 = CARTESIAN_POINT('',(6.,0.));
#754 = VECTOR('',#755,1.);
#755 = DIRECTION('',(0.,1.));
#756 = ( GEOMETRIC_REPRESENTATION_CONTEXT(2) 
PARAMETRIC_REPRESENTATION_CONTEXT() REPRESENTATION_CONTEXT('2D SPACE',''
  ) );
#757 = ORIENTED_EDGE('',*,*,#758,.F.);
#758 = EDGE_CURVE('',#759,#731,#761,.T.);
#759 = VERTEX_POINT('',#760);
#760 = CARTESIAN_POINT('',(-6.9,-7.,0.));
#761 = SURFACE_CURVE('',#762,(#767,#774),.PCURVE_S1.);
#762 = CIRCLE('',#763,0.9);
#763 = AXIS2_PLACEMENT_3D('',#764,#765,#766);
#764 = CARTESIAN_POINT('',(-6.,-7.,0.));
#765 = DIRECTION('',(0.,0.,1.));
#766 = DIRECTION('',(-1.,0.,0.));
#767 = PCURVE('',#32,#768);
#768 = DEFINITIONAL_REPRESENTATION('',(#769),#773);
#769 = CIRCLE('',#770,0.9);
#770 = AXIS2_PLACEMENT_2D('',#771,#772);
#771 = CARTESIAN_POINT('',(7.1,0.));
#772 = DIRECTION('',(-1.,0.));
#773 = ( GEOMETRIC_REPRESENTATION_CONTEXT(2) 
PARAMETRIC_REPRESENTATION_CONTEXT() REPRESENTATION_CONTEXT('2D SPACE',''
  ) );
#774 = PCURVE('',#775,#780);
#775 = CYLINDRICAL_SURFACE('',#776,0.9);
#776 = AXIS2_PLACEMENT_3D('',#777,#778,#779);
#777 = CARTESIAN_POINT('',(-6.,-7.,6.));
#778 = DIRECTION('',(-0.,-0.,-1.));
#779 = DIRECTION('',(-1.,0.,0.));
#780 = DEFINITIONAL_REPRESENTATION('',(#781),#785);
#781 = LINE('',#782,#783);
#782 = CARTESIAN_POINT('',(-0.,6.));
#783 = VECTOR('',#784,1.);
#784 = DIRECTION('',(-1.,0.));
#785 = ( GEOMETRIC_REPRESENTATION_CONTEXT(2) 
PARAMETRIC_REPRESENTATION_CONTEXT() REPRESENTATION_CONTEXT('2D SPACE',''
  ) );
#786 = ORIENTED_EDGE('',*,*,#787,.F.);
#787 = EDGE_CURVE('',#788,#759,#790,.T.);
#788 = VERTEX_POINT('',#789);
#789 = CARTESIAN_POINT('',(-6.9,7.,0.));
#790 = SURFACE_CURVE('',#791,(#795,#802),.PCURVE_S1.);
#791 = LINE('',#792,#793);
#792 = CARTESIAN_POINT('',(-6.9,7.,0.));
#793 = VECTOR('',#794,1.);
#794 = DIRECTION('',(1.224646799147E-16,-1.,0.));
#795 = PCURVE('',#32,#796);
#796 = DEFINITIONAL_REPRESENTATION('',(#797),#801);
#797 = LINE('',#798,#799);
#798 = CARTESIAN_POINT('',(6.2,14.));
#799 = VECTOR('',#800,1.);
#800 = DIRECTION('',(1.224646799147E-16,-1.));
#801 = ( GEOMETRIC_REPRESENTATION_CONTEXT(2) 
PARAMETRIC_REPRESENTATION_CONTEXT() REPRESENTATION_CONTEXT('2D SPACE',''
  ) );
#802 = PCURVE('',#803,#808);
#803 = PLANE('',#804);
#804 = AXIS2_PLACEMENT_3D('',#805,#806,#807);
#805 = CARTESIAN_POINT('',(-6.9,7.,6.));
#806 = DIRECTION('',(-1.,-0.,0.));
#807 = DIRECTION('',(0.,-0.,-1.));
#808 = DEFINITIONAL_REPRESENTATION('',(#809),#813);
#809 = LINE('',#810,#811);
#810 = CARTESIAN_POINT('',(6.,0.));
#811 = VECTOR('',#812,1.);
#812 = DIRECTION('',(0.,1.));
#813 = ( GEOMETRIC_REPRESENTATION_CONTEXT(2) 
PARAMETRIC_REPRESENTATION_CONTEXT() REPRESENTATION_CONTEXT('2D SPACE',''
  ) );
#814 = ORIENTED_EDGE('',*,*,#815,.F.);
#815 = EDGE_CURVE('',#24,#788,#816,.T.);
#816 = SURFACE_CURVE('',#817,(#822,#833),.PCURVE_S1.);
#817 = CIRCLE('',#818,3.1);
#818 = AXIS2_PLACEMENT_3D('',#819,#820,#821);
#819 = CARTESIAN_POINT('',(-10.,7.,0.));
#820 = DIRECTION('',(0.,0.,-1.));
#821 = DIRECTION('',(-1.,0.,0.));
#822 = PCURVE('',#32,#823);
#823 = DEFINITIONAL_REPRESENTATION('',(#824),#832);
#824 = ( BOUNDED_CURVE() B_SPLINE_CURVE(2,(#825,#826,#827,#828,#829,#830
,#831),.UNSPECIFIED.,.T.,.F.) B_SPLINE_CURVE_WITH_KNOTS((1,2,2,2,2,1),(
    -2.094395102393,0.,2.094395102393,4.188790204786,6.28318530718,
8.377580409573),.UNSPECIFIED.) CURVE() GEOMETRIC_REPRESENTATION_ITEM() 
RATIONAL_B_SPLINE_CURVE((1.,0.5,1.,0.5,1.,0.5,1.)) REPRESENTATION_ITEM(
  '') );
#825 = CARTESIAN_POINT('',(0.,14.));
#826 = CARTESIAN_POINT('',(0.,19.369357503464));
#827 = CARTESIAN_POINT('',(4.65,16.684678751732));
#828 = CARTESIAN_POINT('',(9.3,14.));
#829 = CARTESIAN_POINT('',(4.65,11.315321248268));
#830 = CARTESIAN_POINT('',(4.884981308351E-15,8.630642496536));
#831 = CARTESIAN_POINT('',(0.,14.));
#832 = ( GEOMETRIC_REPRESENTATION_CONTEXT(2) 
PARAMETRIC_REPRESENTATION_CONTEXT() REPRESENTATION_CONTEXT('2D SPACE',''
  ) );
#833 = PCURVE('',#834,#839);
#834 = CYLINDRICAL_SURFACE('',#835,3.1);
#835 = AXIS2_PLACEMENT_3D('',#836,#837,#838);
#836 = CARTESIAN_POINT('',(-10.,7.,6.));
#837 = DIRECTION('',(0.,0.,-1.));
#838 = DIRECTION('',(-1.,0.,0.));
#839 = DEFINITIONAL_REPRESENTATION('',(#840),#844);
#840 = LINE('',#841,#842);
#841 = CARTESIAN_POINT('',(0.,6.));
#842 = VECTOR('',#843,1.);
#843 = DIRECTION('',(1.,0.));
#844 = ( GEOMETRIC_REPRESENTATION_CONTEXT(2) 
PARAMETRIC_REPRESENTATION_CONTEXT() REPRESENTATION_CONTEXT('2D SPACE',''
  ) );
#845 = ADVANCED_FACE('',(#846),#44,.F.);
#846 = FACE_BOUND('',#847,.F.);
#847 = EDGE_LOOP('',(#848,#878,#901,#929,#957,#985,#1006,#1007));
#848 = ORIENTED_EDGE('',*,*,#849,.F.);
#849 = EDGE_CURVE('',#850,#852,#854,.T.);
#850 = VERTEX_POINT('',#851);
#851 = CARTESIAN_POINT('',(-13.1,-7.,6.));
#852 = VERTEX_POINT('',#853);
#853 = CARTESIAN_POINT('',(-13.1,7.,6.));
#854 = SURFACE_CURVE('',#855,(#859,#866),.PCURVE_S1.);
#855 = LINE('',#856,#857);
#856 = CARTESIAN_POINT('',(-13.1,-7.,6.));
#857 = VECTOR('',#858,1.);
#858 = DIRECTION('',(0.,1.,0.));
#859 = PCURVE('',#44,#860);
#860 = DEFINITIONAL_REPRESENTATION('',(#861),#865);
#861 = LINE('',#862,#863);
#862 = CARTESIAN_POINT('',(0.,0.));
#863 = VECTOR('',#864,1.);
#864 = DIRECTION('',(0.,1.));
#865 = ( GEOMETRIC_REPRESENTATION_CONTEXT(2) 
PARAMETRIC_REPRESENTATION_CONTEXT() REPRESENTATION_CONTEXT('2D SPACE',''
  ) );
#866 = PCURVE('',#867,#872);
#867 = PLANE('',#868);
#868 = AXIS2_PLACEMENT_3D('',#869,#870,#871);
#869 = CARTESIAN_POINT('',(-10.9,-7.,6.));
#870 = DIRECTION('',(0.,0.,-1.));
#871 = DIRECTION('',(-1.,0.,0.));
#872 = DEFINITIONAL_REPRESENTATION('',(#873),#877);
#873 = LINE('',#874,#875);
#874 = CARTESIAN_POINT('',(2.2,0.));
#875 = VECTOR('',#876,1.);
#876 = DIRECTION('',(0.,1.));
#877 = ( GEOMETRIC_REPRESENTATION_CONTEXT(2) 
PARAMETRIC_REPRESENTATION_CONTEXT() REPRESENTATION_CONTEXT('2D SPACE',''
  ) );
#878 = ORIENTED_EDGE('',*,*,#879,.T.);
#879 = EDGE_CURVE('',#850,#880,#882,.T.);
#880 = VERTEX_POINT('',#881);
#881 = CARTESIAN_POINT('',(-13.1,-7.,5.9));
#882 = SURFACE_CURVE('',#883,(#887,#894),.PCURVE_S1.);
#883 = LINE('',#884,#885);
#884 = CARTESIAN_POINT('',(-13.1,-7.,6.));
#885 = VECTOR('',#886,1.);
#886 = DIRECTION('',(0.,0.,-1.));
#887 = PCURVE('',#44,#888);
#888 = DEFINITIONAL_REPRESENTATION('',(#889),#893);
#889 = LINE('',#890,#891);
#890 = CARTESIAN_POINT('',(0.,0.));
#891 = VECTOR('',#892,1.);
#892 = DIRECTION('',(1.,0.));
#893 = ( GEOMETRIC_REPRESENTATION_CONTEXT(2) 
PARAMETRIC_REPRESENTATION_CONTEXT() REPRESENTATION_CONTEXT('2D SPACE',''
  ) );
#894 = PCURVE('',#72,#895);
#895 = DEFINITIONAL_REPRESENTATION('',(#896),#900);
#896 = LINE('',#897,#898);
#897 = CARTESIAN_POINT('',(-3.,-1.1));
#898 = VECTOR('',#899,1.);
#899 = DIRECTION('',(1.,0.));
#900 = ( GEOMETRIC_REPRESENTATION_CONTEXT(2) 
PARAMETRIC_REPRESENTATION_CONTEXT() REPRESENTATION_CONTEXT('2D SPACE',''
  ) );
#901 = ORIENTED_EDGE('',*,*,#902,.F.);
#902 = EDGE_CURVE('',#903,#880,#905,.T.);
#903 = VERTEX_POINT('',#904);
#904 = CARTESIAN_POINT('',(-13.1,-5.1,5.9));
#905 = SURFACE_CURVE('',#906,(#910,#917),.PCURVE_S1.);
#906 = LINE('',#907,#908);
#907 = CARTESIAN_POINT('',(-13.1,-7.95,5.9));
#908 = VECTOR('',#909,1.);
#909 = DIRECTION('',(-0.,-1.,0.));
#910 = PCURVE('',#44,#911);
#911 = DEFINITIONAL_REPRESENTATION('',(#912),#916);
#912 = LINE('',#913,#914);
#913 = CARTESIAN_POINT('',(1.E-01,-0.95));
#914 = VECTOR('',#915,1.);
#915 = DIRECTION('',(-0.,-1.));
#916 = ( GEOMETRIC_REPRESENTATION_CONTEXT(2) 
PARAMETRIC_REPRESENTATION_CONTEXT() REPRESENTATION_CONTEXT('2D SPACE',''
  ) );
#917 = PCURVE('',#918,#923);
#918 = PLANE('',#919);
#919 = AXIS2_PLACEMENT_3D('',#920,#921,#922);
#920 = CARTESIAN_POINT('',(-15.,-8.9,5.9));
#921 = DIRECTION('',(0.,0.,1.));
#922 = DIRECTION('',(1.,0.,0.));
#923 = DEFINITIONAL_REPRESENTATION('',(#924),#928);
#924 = LINE('',#925,#926);
#925 = CARTESIAN_POINT('',(1.9,0.95));
#926 = VECTOR('',#927,1.);
#927 = DIRECTION('',(0.,-1.));
#928 = ( GEOMETRIC_REPRESENTATION_CONTEXT(2) 
PARAMETRIC_REPRESENTATION_CONTEXT() REPRESENTATION_CONTEXT('2D SPACE',''
  ) );
#929 = ORIENTED_EDGE('',*,*,#930,.F.);
#930 = EDGE_CURVE('',#931,#903,#933,.T.);
#931 = VERTEX_POINT('',#932);
#932 = CARTESIAN_POINT('',(-13.1,-5.1,0.1));
#933 = SURFACE_CURVE('',#934,(#938,#945),.PCURVE_S1.);
#934 = LINE('',#935,#936);
#935 = CARTESIAN_POINT('',(-13.1,-5.1,3.05));
#936 = VECTOR('',#937,1.);
#937 = DIRECTION('',(-0.,0.,1.));
#938 = PCURVE('',#44,#939);
#939 = DEFINITIONAL_REPRESENTATION('',(#940),#944);
#940 = LINE('',#941,#942);
#941 = CARTESIAN_POINT('',(2.95,1.9));
#942 = VECTOR('',#943,1.);
#943 = DIRECTION('',(-1.,0.));
#944 = ( GEOMETRIC_REPRESENTATION_CONTEXT(2) 
PARAMETRIC_REPRESENTATION_CONTEXT() REPRESENTATION_CONTEXT('2D SPACE',''
  ) );
#945 = PCURVE('',#946,#951);
#946 = PLANE('',#947);
#947 = AXIS2_PLACEMENT_3D('',#948,#949,#950);
#948 = CARTESIAN_POINT('',(-15.,-5.1,0.1));
#949 = DIRECTION('',(0.,1.,0.));
#950 = DIRECTION('',(0.,0.,1.));
#951 = DEFINITIONAL_REPRESENTATION('',(#952),#956);
#952 = LINE('',#953,#954);
#953 = CARTESIAN_POINT('',(2.95,1.9));
#954 = VECTOR('',#955,1.);
#955 = DIRECTION('',(1.,0.));
#956 = ( GEOMETRIC_REPRESENTATION_CONTEXT(2) 
PARAMETRIC_REPRESENTATION_CONTEXT() REPRESENTATION_CONTEXT('2D SPACE',''
  ) );
#957 = ORIENTED_EDGE('',*,*,#958,.T.);
#958 = EDGE_CURVE('',#931,#959,#961,.T.);
#959 = VERTEX_POINT('',#960);
#960 = CARTESIAN_POINT('',(-13.1,-7.,1.E-01));
#961 = SURFACE_CURVE('',#962,(#966,#973),.PCURVE_S1.);
#962 = LINE('',#963,#964);
#963 = CARTESIAN_POINT('',(-13.1,-7.95,1.E-01));
#964 = VECTOR('',#965,1.);
#965 = DIRECTION('',(-0.,-1.,0.));
#966 = PCURVE('',#44,#967);
#967 = DEFINITIONAL_REPRESENTATION('',(#968),#972);
#968 = LINE('',#969,#970);
#969 = CARTESIAN_POINT('',(5.9,-0.95));
#970 = VECTOR('',#971,1.);
#971 = DIRECTION('',(-0.,-1.));
#972 = ( GEOMETRIC_REPRESENTATION_CONTEXT(2) 
PARAMETRIC_REPRESENTATION_CONTEXT() REPRESENTATION_CONTEXT('2D SPACE',''
  ) );
#973 = PCURVE('',#974,#979);
#974 = PLANE('',#975);
#975 = AXIS2_PLACEMENT_3D('',#976,#977,#978);
#976 = CARTESIAN_POINT('',(-15.,-8.9,0.1));
#977 = DIRECTION('',(0.,0.,1.));
#978 = DIRECTION('',(1.,0.,0.));
#979 = DEFINITIONAL_REPRESENTATION('',(#980),#984);
#980 = LINE('',#981,#982);
#981 = CARTESIAN_POINT('',(1.9,0.95));
#982 = VECTOR('',#983,1.);
#983 = DIRECTION('',(0.,-1.));
#984 = ( GEOMETRIC_REPRESENTATION_CONTEXT(2) 
PARAMETRIC_REPRESENTATION_CONTEXT() REPRESENTATION_CONTEXT('2D SPACE',''
  ) );
#985 = ORIENTED_EDGE('',*,*,#986,.T.);
#986 = EDGE_CURVE('',#959,#22,#987,.T.);
#987 = SURFACE_CURVE('',#988,(#992,#999),.PCURVE_S1.);
#988 = LINE('',#989,#990);
#989 = CARTESIAN_POINT('',(-13.1,-7.,6.));
#990 = VECTOR('',#991,1.);
#991 = DIRECTION('',(0.,0.,-1.));
#992 = PCURVE('',#44,#993);
#993 = DEFINITIONAL_REPRESENTATION('',(#994),#998);
#994 = LINE('',#995,#996);
#995 = CARTESIAN_POINT('',(0.,0.));
#996 = VECTOR('',#997,1.);
#997 = DIRECTION('',(1.,0.));
#998 = ( GEOMETRIC_REPRESENTATION_CONTEXT(2) 
PARAMETRIC_REPRESENTATION_CONTEXT() REPRESENTATION_CONTEXT('2D SPACE',''
  ) );
#999 = PCURVE('',#72,#1000);
#1000 = DEFINITIONAL_REPRESENTATION('',(#1001),#1005);
#1001 = LINE('',#1002,#1003);
#1002 = CARTESIAN_POINT('',(-3.,-1.1));
#1003 = VECTOR('',#1004,1.);
#1004 = DIRECTION('',(1.,0.));
#1005 = ( GEOMETRIC_REPRESENTATION_CONTEXT(2) 
PARAMETRIC_REPRESENTATION_CONTEXT() REPRESENTATION_CONTEXT('2D SPACE',''
  ) );
#1006 = ORIENTED_EDGE('',*,*,#21,.T.);
#1007 = ORIENTED_EDGE('',*,*,#1008,.F.);
#1008 = EDGE_CURVE('',#852,#24,#1009,.T.);
#1009 = SURFACE_CURVE('',#1010,(#1014,#1021),.PCURVE_S1.);
#1010 = LINE('',#1011,#1012);
#1011 = CARTESIAN_POINT('',(-13.1,7.,6.));
#1012 = VECTOR('',#1013,1.);
#1013 = DIRECTION('',(0.,0.,-1.));
#1014 = PCURVE('',#44,#1015);
#1015 = DEFINITIONAL_REPRESENTATION('',(#1016),#1020);
#1016 = LINE('',#1017,#1018);
#1017 = CARTESIAN_POINT('',(0.,14.));
#1018 = VECTOR('',#1019,1.);
#1019 = DIRECTION('',(1.,0.));
#1020 = ( GEOMETRIC_REPRESENTATION_CONTEXT(2) 
PARAMETRIC_REPRESENTATION_CONTEXT() REPRESENTATION_CONTEXT('2D SPACE',''
  ) );
#1021 = PCURVE('',#834,#1022);
#1022 = DEFINITIONAL_REPRESENTATION('',(#1023),#1027);
#1023 = LINE('',#1024,#1025);
#1024 = CARTESIAN_POINT('',(0.,0.));
#1025 = VECTOR('',#1026,1.);
#1026 = DIRECTION('',(0.,1.));
#1027 = ( GEOMETRIC_REPRESENTATION_CONTEXT(2) 
PARAMETRIC_REPRESENTATION_CONTEXT() REPRESENTATION_CONTEXT('2D SPACE',''
  ) );
#1028 = ADVANCED_FACE('',(#1029),#72,.T.);
#1029 = FACE_BOUND('',#1030,.T.);
#1030 = EDGE_LOOP('',(#1031,#1032,#1033,#1056,#1077,#1078,#1101,#1129));
#1031 = ORIENTED_EDGE('',*,*,#986,.T.);
#1032 = ORIENTED_EDGE('',*,*,#56,.T.);
#1033 = ORIENTED_EDGE('',*,*,#1034,.T.);
#1034 = EDGE_CURVE('',#57,#1035,#1037,.T.);
#1035 = VERTEX_POINT('',#1036);
#1036 = CARTESIAN_POINT('',(-10.9,-7.,6.));
#1037 = SURFACE_CURVE('',#1038,(#1042,#1049),.PCURVE_S1.);
#1038 = LINE('',#1039,#1040);
#1039 = CARTESIAN_POINT('',(-10.9,-7.,0.));
#1040 = VECTOR('',#1041,1.);
#1041 = DIRECTION('',(0.,0.,1.));
#1042 = PCURVE('',#72,#1043);
#1043 = DEFINITIONAL_REPRESENTATION('',(#1044),#1048);
#1044 = LINE('',#1045,#1046);
#1045 = CARTESIAN_POINT('',(3.,1.1));
#1046 = VECTOR('',#1047,1.);
#1047 = DIRECTION('',(-1.,0.));
#1048 = ( GEOMETRIC_REPRESENTATION_CONTEXT(2) 
PARAMETRIC_REPRESENTATION_CONTEXT() REPRESENTATION_CONTEXT('2D SPACE',''
  ) );
#1049 = PCURVE('',#100,#1050);
#1050 = DEFINITIONAL_REPRESENTATION('',(#1051),#1055);
#1051 = LINE('',#1052,#1053);
#1052 = CARTESIAN_POINT('',(0.,0.));
#1053 = VECTOR('',#1054,1.);
#1054 = DIRECTION('',(1.,0.));
#1055 = ( GEOMETRIC_REPRESENTATION_CONTEXT(2) 
PARAMETRIC_REPRESENTATION_CONTEXT() REPRESENTATION_CONTEXT('2D SPACE',''
  ) );
#1056 = ORIENTED_EDGE('',*,*,#1057,.T.);
#1057 = EDGE_CURVE('',#1035,#850,#1058,.T.);
#1058 = SURFACE_CURVE('',#1059,(#1063,#1070),.PCURVE_S1.);
#1059 = LINE('',#1060,#1061);
#1060 = CARTESIAN_POINT('',(-10.9,-7.,6.));
#1061 = VECTOR('',#1062,1.);
#1062 = DIRECTION('',(-1.,0.,0.));
#1063 = PCURVE('',#72,#1064);
#1064 = DEFINITIONAL_REPRESENTATION('',(#1065),#1069);
#1065 = LINE('',#1066,#1067);
#1066 = CARTESIAN_POINT('',(-3.,1.1));
#1067 = VECTOR('',#1068,1.);
#1068 = DIRECTION('',(0.,-1.));
#1069 = ( GEOMETRIC_REPRESENTATION_CONTEXT(2) 
PARAMETRIC_REPRESENTATION_CONTEXT() REPRESENTATION_CONTEXT('2D SPACE',''
  ) );
#1070 = PCURVE('',#867,#1071);
#1071 = DEFINITIONAL_REPRESENTATION('',(#1072),#1076);
#1072 = LINE('',#1073,#1074);
#1073 = CARTESIAN_POINT('',(0.,0.));
#1074 = VECTOR('',#1075,1.);
#1075 = DIRECTION('',(1.,0.));
#1076 = ( GEOMETRIC_REPRESENTATION_CONTEXT(2) 
PARAMETRIC_REPRESENTATION_CONTEXT() REPRESENTATION_CONTEXT('2D SPACE',''
  ) );
#1077 = ORIENTED_EDGE('',*,*,#879,.T.);
#1078 = ORIENTED_EDGE('',*,*,#1079,.F.);
#1079 = EDGE_CURVE('',#1080,#880,#1082,.T.);
#1080 = VERTEX_POINT('',#1081);
#1081 = CARTESIAN_POINT('',(-11.5,-7.,5.9));
#1082 = SURFACE_CURVE('',#1083,(#1087,#1094),.PCURVE_S1.);
#1083 = LINE('',#1084,#1085);
#1084 = CARTESIAN_POINT('',(-13.5,-7.,5.9));
#1085 = VECTOR('',#1086,1.);
#1086 = DIRECTION('',(-1.,0.,0.));
#1087 = PCURVE('',#72,#1088);
#1088 = DEFINITIONAL_REPRESENTATION('',(#1089),#1093);
#1089 = LINE('',#1090,#1091);
#1090 = CARTESIAN_POINT('',(-2.9,-1.5));
#1091 = VECTOR('',#1092,1.);
#1092 = DIRECTION('',(0.,-1.));
#1093 = ( GEOMETRIC_REPRESENTATION_CONTEXT(2) 
PARAMETRIC_REPRESENTATION_CONTEXT() REPRESENTATION_CONTEXT('2D SPACE',''
  ) );
#1094 = PCURVE('',#918,#1095);
#1095 = DEFINITIONAL_REPRESENTATION('',(#1096),#1100);
#1096 = LINE('',#1097,#1098);
#1097 = CARTESIAN_POINT('',(1.5,1.9));
#1098 = VECTOR('',#1099,1.);
#1099 = DIRECTION('',(-1.,0.));
#1100 = ( GEOMETRIC_REPRESENTATION_CONTEXT(2) 
PARAMETRIC_REPRESENTATION_CONTEXT() REPRESENTATION_CONTEXT('2D SPACE',''
  ) );
#1101 = ORIENTED_EDGE('',*,*,#1102,.F.);
#1102 = EDGE_CURVE('',#1103,#1080,#1105,.T.);
#1103 = VERTEX_POINT('',#1104);
#1104 = CARTESIAN_POINT('',(-11.5,-7.,0.1));
#1105 = SURFACE_CURVE('',#1106,(#1110,#1117),.PCURVE_S1.);
#1106 = LINE('',#1107,#1108);
#1107 = CARTESIAN_POINT('',(-11.5,-7.,1.55));
#1108 = VECTOR('',#1109,1.);
#1109 = DIRECTION('',(0.,0.,1.));
#1110 = PCURVE('',#72,#1111);
#1111 = DEFINITIONAL_REPRESENTATION('',(#1112),#1116);
#1112 = LINE('',#1113,#1114);
#1113 = CARTESIAN_POINT('',(1.45,0.5));
#1114 = VECTOR('',#1115,1.);
#1115 = DIRECTION('',(-1.,0.));
#1116 = ( GEOMETRIC_REPRESENTATION_CONTEXT(2) 
PARAMETRIC_REPRESENTATION_CONTEXT() REPRESENTATION_CONTEXT('2D SPACE',''
  ) );
#1117 = PCURVE('',#1118,#1123);
#1118 = PLANE('',#1119);
#1119 = AXIS2_PLACEMENT_3D('',#1120,#1121,#1122);
#1120 = CARTESIAN_POINT('',(-11.5,-8.9,0.1));
#1121 = DIRECTION('',(1.,0.,0.));
#1122 = DIRECTION('',(0.,0.,1.));
#1123 = DEFINITIONAL_REPRESENTATION('',(#1124),#1128);
#1124 = LINE('',#1125,#1126);
#1125 = CARTESIAN_POINT('',(1.45,-1.9));
#1126 = VECTOR('',#1127,1.);
#1127 = DIRECTION('',(1.,0.));
#1128 = ( GEOMETRIC_REPRESENTATION_CONTEXT(2) 
PARAMETRIC_REPRESENTATION_CONTEXT() REPRESENTATION_CONTEXT('2D SPACE',''
  ) );
#1129 = ORIENTED_EDGE('',*,*,#1130,.T.);
#1130 = EDGE_CURVE('',#1103,#959,#1131,.T.);
#1131 = SURFACE_CURVE('',#1132,(#1136,#1143),.PCURVE_S1.);
#1132 = LINE('',#1133,#1134);
#1133 = CARTESIAN_POINT('',(-13.5,-7.,0.1));
#1134 = VECTOR('',#1135,1.);
#1135 = DIRECTION('',(-1.,0.,0.));
#1136 = PCURVE('',#72,#1137);
#1137 = DEFINITIONAL_REPRESENTATION('',(#1138),#1142);
#1138 = LINE('',#1139,#1140);
#1139 = CARTESIAN_POINT('',(2.9,-1.5));
#1140 = VECTOR('',#1141,1.);
#1141 = DIRECTION('',(0.,-1.));
#1142 = ( GEOMETRIC_REPRESENTATION_CONTEXT(2) 
PARAMETRIC_REPRESENTATION_CONTEXT() REPRESENTATION_CONTEXT('2D SPACE',''
  ) );
#1143 = PCURVE('',#974,#1144);
#1144 = DEFINITIONAL_REPRESENTATION('',(#1145),#1149);
#1145 = LINE('',#1146,#1147);
#1146 = CARTESIAN_POINT('',(1.5,1.9));
#1147 = VECTOR('',#1148,1.);
#1148 = DIRECTION('',(-1.,0.));
#1149 = ( GEOMETRIC_REPRESENTATION_CONTEXT(2) 
PARAMETRIC_REPRESENTATION_CONTEXT() REPRESENTATION_CONTEXT('2D SPACE',''
  ) );
#1150 = ADVANCED_FACE('',(#1151),#100,.F.);
#1151 = FACE_BOUND('',#1152,.F.);
#1152 = EDGE_LOOP('',(#1153,#1154,#1155,#1178));
#1153 = ORIENTED_EDGE('',*,*,#84,.F.);
#1154 = ORIENTED_EDGE('',*,*,#1034,.T.);
#1155 = ORIENTED_EDGE('',*,*,#1156,.T.);
#1156 = EDGE_CURVE('',#1035,#1157,#1159,.T.);
#1157 = VERTEX_POINT('',#1158);
#1158 = CARTESIAN_POINT('',(-10.9,7.,6.));
#1159 = SURFACE_CURVE('',#1160,(#1164,#1171),.PCURVE_S1.);
#1160 = LINE('',#1161,#1162);
#1161 = CARTESIAN_POINT('',(-10.9,-7.,6.));
#1162 = VECTOR('',#1163,1.);
#1163 = DIRECTION('',(0.,1.,-0.));
#1164 = PCURVE('',#100,#1165);
#1165 = DEFINITIONAL_REPRESENTATION('',(#1166),#1170);
#1166 = LINE('',#1167,#1168);
#1167 = CARTESIAN_POINT('',(6.,0.));
#1168 = VECTOR('',#1169,1.);
#1169 = DIRECTION('',(0.,1.));
#1170 = ( GEOMETRIC_REPRESENTATION_CONTEXT(2) 
PARAMETRIC_REPRESENTATION_CONTEXT() REPRESENTATION_CONTEXT('2D SPACE',''
  ) );
#1171 = PCURVE('',#867,#1172);
#1172 = DEFINITIONAL_REPRESENTATION('',(#1173),#1177);
#1173 = LINE('',#1174,#1175);
#1174 = CARTESIAN_POINT('',(0.,0.));
#1175 = VECTOR('',#1176,1.);
#1176 = DIRECTION('',(0.,1.));
#1177 = ( GEOMETRIC_REPRESENTATION_CONTEXT(2) 
PARAMETRIC_REPRESENTATION_CONTEXT() REPRESENTATION_CONTEXT('2D SPACE',''
  ) );
#1178 = ORIENTED_EDGE('',*,*,#1179,.F.);
#1179 = EDGE_CURVE('',#85,#1157,#1180,.T.);
#1180 = SURFACE_CURVE('',#1181,(#1185,#1192),.PCURVE_S1.);
#1181 = LINE('',#1182,#1183);
#1182 = CARTESIAN_POINT('',(-10.9,7.,0.));
#1183 = VECTOR('',#1184,1.);
#1184 = DIRECTION('',(0.,0.,1.));
#1185 = PCURVE('',#100,#1186);
#1186 = DEFINITIONAL_REPRESENTATION('',(#1187),#1191);
#1187 = LINE('',#1188,#1189);
#1188 = CARTESIAN_POINT('',(0.,14.));
#1189 = VECTOR('',#1190,1.);
#1190 = DIRECTION('',(1.,0.));
#1191 = ( GEOMETRIC_REPRESENTATION_CONTEXT(2) 
PARAMETRIC_REPRESENTATION_CONTEXT() REPRESENTATION_CONTEXT('2D SPACE',''
  ) );
#1192 = PCURVE('',#133,#1193);
#1193 = DEFINITIONAL_REPRESENTATION('',(#1194),#1198);
#1194 = LINE('',#1195,#1196);
#1195 = CARTESIAN_POINT('',(-0.,0.));
#1196 = VECTOR('',#1197,1.);
#1197 = DIRECTION('',(-0.,1.));
#1198 = ( GEOMETRIC_REPRESENTATION_CONTEXT(2) 
PARAMETRIC_REPRESENTATION_CONTEXT() REPRESENTATION_CONTEXT('2D SPACE',''
  ) );
#1199 = ADVANCED_FACE('',(#1200),#133,.F.);
#1200 = FACE_BOUND('',#1201,.T.);
#1201 = EDGE_LOOP('',(#1202,#1203,#1226,#1248));
#1202 = ORIENTED_EDGE('',*,*,#112,.T.);
#1203 = ORIENTED_EDGE('',*,*,#1204,.T.);
#1204 = EDGE_CURVE('',#113,#1205,#1207,.T.);
#1205 = VERTEX_POINT('',#1206);
#1206 = CARTESIAN_POINT('',(-9.1,7.,6.));
#1207 = SURFACE_CURVE('',#1208,(#1212,#1219),.PCURVE_S1.);
#1208 = LINE('',#1209,#1210);
#1209 = CARTESIAN_POINT('',(-9.1,7.,0.));
#1210 = VECTOR('',#1211,1.);
#1211 = DIRECTION('',(-0.,-0.,1.));
#1212 = PCURVE('',#133,#1213);
#1213 = DEFINITIONAL_REPRESENTATION('',(#1214),#1218);
#1214 = LINE('',#1215,#1216);
#1215 = CARTESIAN_POINT('',(-3.14159265359,0.));
#1216 = VECTOR('',#1217,1.);
#1217 = DIRECTION('',(-0.,1.));
#1218 = ( GEOMETRIC_REPRESENTATION_CONTEXT(2) 
PARAMETRIC_REPRESENTATION_CONTEXT() REPRESENTATION_CONTEXT('2D SPACE',''
  ) );
#1219 = PCURVE('',#161,#1220);
#1220 = DEFINITIONAL_REPRESENTATION('',(#1221),#1225);
#1221 = LINE('',#1222,#1223);
#1222 = CARTESIAN_POINT('',(0.,0.));
#1223 = VECTOR('',#1224,1.);
#1224 = DIRECTION('',(1.,0.));
#1225 = ( GEOMETRIC_REPRESENTATION_CONTEXT(2) 
PARAMETRIC_REPRESENTATION_CONTEXT() REPRESENTATION_CONTEXT('2D SPACE',''
  ) );
#1226 = ORIENTED_EDGE('',*,*,#1227,.F.);
#1227 = EDGE_CURVE('',#1157,#1205,#1228,.T.);
#1228 = SURFACE_CURVE('',#1229,(#1234,#1241),.PCURVE_S1.);
#1229 = CIRCLE('',#1230,0.9);
#1230 = AXIS2_PLACEMENT_3D('',#1231,#1232,#1233);
#1231 = CARTESIAN_POINT('',(-10.,7.,6.));
#1232 = DIRECTION('',(0.,0.,-1.));
#1233 = DIRECTION('',(-1.,0.,0.));
#1234 = PCURVE('',#133,#1235);
#1235 = DEFINITIONAL_REPRESENTATION('',(#1236),#1240);
#1236 = LINE('',#1237,#1238);
#1237 = CARTESIAN_POINT('',(-0.,6.));
#1238 = VECTOR('',#1239,1.);
#1239 = DIRECTION('',(-1.,0.));
#1240 = ( GEOMETRIC_REPRESENTATION_CONTEXT(2) 
PARAMETRIC_REPRESENTATION_CONTEXT() REPRESENTATION_CONTEXT('2D SPACE',''
  ) );
#1241 = PCURVE('',#867,#1242);
#1242 = DEFINITIONAL_REPRESENTATION('',(#1243),#1247);
#1243 = CIRCLE('',#1244,0.9);
#1244 = AXIS2_PLACEMENT_2D('',#1245,#1246);
#1245 = CARTESIAN_POINT('',(-0.9,14.));
#1246 = DIRECTION('',(1.,0.));
#1247 = ( GEOMETRIC_REPRESENTATION_CONTEXT(2) 
PARAMETRIC_REPRESENTATION_CONTEXT() REPRESENTATION_CONTEXT('2D SPACE',''
  ) );
#1248 = ORIENTED_EDGE('',*,*,#1179,.F.);
#1249 = ADVANCED_FACE('',(#1250),#161,.F.);
#1250 = FACE_BOUND('',#1251,.F.);
#1251 = EDGE_LOOP('',(#1252,#1253,#1254,#1277));
#1252 = ORIENTED_EDGE('',*,*,#145,.F.);
#1253 = ORIENTED_EDGE('',*,*,#1204,.T.);
#1254 = ORIENTED_EDGE('',*,*,#1255,.T.);
#1255 = EDGE_CURVE('',#1205,#1256,#1258,.T.);
#1256 = VERTEX_POINT('',#1257);
#1257 = CARTESIAN_POINT('',(-9.1,-7.,6.));
#1258 = SURFACE_CURVE('',#1259,(#1263,#1270),.PCURVE_S1.);
#1259 = LINE('',#1260,#1261);
#1260 = CARTESIAN_POINT('',(-9.1,7.,6.));
#1261 = VECTOR('',#1262,1.);
#1262 = DIRECTION('',(0.,-1.,0.));
#1263 = PCURVE('',#161,#1264);
#1264 = DEFINITIONAL_REPRESENTATION('',(#1265),#1269);
#1265 = LINE('',#1266,#1267);
#1266 = CARTESIAN_POINT('',(6.,0.));
#1267 = VECTOR('',#1268,1.);
#1268 = DIRECTION('',(0.,1.));
#1269 = ( GEOMETRIC_REPRESENTATION_CONTEXT(2) 
PARAMETRIC_REPRESENTATION_CONTEXT() REPRESENTATION_CONTEXT('2D SPACE',''
  ) );
#1270 = PCURVE('',#867,#1271);
#1271 = DEFINITIONAL_REPRESENTATION('',(#1272),#1276);
#1272 = LINE('',#1273,#1274);
#1273 = CARTESIAN_POINT('',(-1.8,14.));
#1274 = VECTOR('',#1275,1.);
#1275 = DIRECTION('',(0.,-1.));
#1276 = ( GEOMETRIC_REPRESENTATION_CONTEXT(2) 
PARAMETRIC_REPRESENTATION_CONTEXT() REPRESENTATION_CONTEXT('2D SPACE',''
  ) );
#1277 = ORIENTED_EDGE('',*,*,#1278,.F.);
#1278 = EDGE_CURVE('',#146,#1256,#1279,.T.);
#1279 = SURFACE_CURVE('',#1280,(#1284,#1291),.PCURVE_S1.);
#1280 = LINE('',#1281,#1282);
#1281 = CARTESIAN_POINT('',(-9.1,-7.,0.));
#1282 = VECTOR('',#1283,1.);
#1283 = DIRECTION('',(0.,0.,1.));
#1284 = PCURVE('',#161,#1285);
#1285 = DEFINITIONAL_REPRESENTATION('',(#1286),#1290);
#1286 = LINE('',#1287,#1288);
#1287 = CARTESIAN_POINT('',(0.,14.));
#1288 = VECTOR('',#1289,1.);
#1289 = DIRECTION('',(1.,0.));
#1290 = ( GEOMETRIC_REPRESENTATION_CONTEXT(2) 
PARAMETRIC_REPRESENTATION_CONTEXT() REPRESENTATION_CONTEXT('2D SPACE',''
  ) );
#1291 = PCURVE('',#190,#1292);
#1292 = DEFINITIONAL_REPRESENTATION('',(#1293),#1297);
#1293 = LINE('',#1294,#1295);
#1294 = CARTESIAN_POINT('',(0.,0.));
#1295 = VECTOR('',#1296,1.);
#1296 = DIRECTION('',(0.,1.));
#1297 = ( GEOMETRIC_REPRESENTATION_CONTEXT(2) 
PARAMETRIC_REPRESENTATION_CONTEXT() REPRESENTATION_CONTEXT('2D SPACE',''
  ) );
#1298 = ADVANCED_FACE('',(#1299),#190,.T.);
#1299 = FACE_BOUND('',#1300,.T.);
#1300 = EDGE_LOOP('',(#1301,#1302,#1325,#1351));
#1301 = ORIENTED_EDGE('',*,*,#173,.T.);
#1302 = ORIENTED_EDGE('',*,*,#1303,.T.);
#1303 = EDGE_CURVE('',#174,#1304,#1306,.T.);
#1304 = VERTEX_POINT('',#1305);
#1305 = CARTESIAN_POINT('',(-2.9,-7.,6.));
#1306 = SURFACE_CURVE('',#1307,(#1311,#1318),.PCURVE_S1.);
#1307 = LINE('',#1308,#1309);
#1308 = CARTESIAN_POINT('',(-2.9,-7.,0.));
#1309 = VECTOR('',#1310,1.);
#1310 = DIRECTION('',(0.,0.,1.));
#1311 = PCURVE('',#190,#1312);
#1312 = DEFINITIONAL_REPRESENTATION('',(#1313),#1317);
#1313 = LINE('',#1314,#1315);
#1314 = CARTESIAN_POINT('',(3.14159265359,0.));
#1315 = VECTOR('',#1316,1.);
#1316 = DIRECTION('',(0.,1.));
#1317 = ( GEOMETRIC_REPRESENTATION_CONTEXT(2) 
PARAMETRIC_REPRESENTATION_CONTEXT() REPRESENTATION_CONTEXT('2D SPACE',''
  ) );
#1318 = PCURVE('',#218,#1319);
#1319 = DEFINITIONAL_REPRESENTATION('',(#1320),#1324);
#1320 = LINE('',#1321,#1322);
#1321 = CARTESIAN_POINT('',(0.,0.));
#1322 = VECTOR('',#1323,1.);
#1323 = DIRECTION('',(1.,0.));
#1324 = ( GEOMETRIC_REPRESENTATION_CONTEXT(2) 
PARAMETRIC_REPRESENTATION_CONTEXT() REPRESENTATION_CONTEXT('2D SPACE',''
  ) );
#1325 = ORIENTED_EDGE('',*,*,#1326,.F.);
#1326 = EDGE_CURVE('',#1256,#1304,#1327,.T.);
#1327 = SURFACE_CURVE('',#1328,(#1333,#1340),.PCURVE_S1.);
#1328 = CIRCLE('',#1329,3.1);
#1329 = AXIS2_PLACEMENT_3D('',#1330,#1331,#1332);
#1330 = CARTESIAN_POINT('',(-6.,-7.,6.));
#1331 = DIRECTION('',(0.,0.,1.));
#1332 = DIRECTION('',(-1.,0.,0.));
#1333 = PCURVE('',#190,#1334);
#1334 = DEFINITIONAL_REPRESENTATION('',(#1335),#1339);
#1335 = LINE('',#1336,#1337);
#1336 = CARTESIAN_POINT('',(0.,6.));
#1337 = VECTOR('',#1338,1.);
#1338 = DIRECTION('',(1.,0.));
#1339 = ( GEOMETRIC_REPRESENTATION_CONTEXT(2) 
PARAMETRIC_REPRESENTATION_CONTEXT() REPRESENTATION_CONTEXT('2D SPACE',''
  ) );
#1340 = PCURVE('',#867,#1341);
#1341 = DEFINITIONAL_REPRESENTATION('',(#1342),#1350);
#1342 = ( BOUNDED_CURVE() B_SPLINE_CURVE(2,(#1343,#1344,#1345,#1346,
#1347,#1348,#1349),.UNSPECIFIED.,.T.,.F.) B_SPLINE_CURVE_WITH_KNOTS((1,2
    ,2,2,2,1),(-2.094395102393,0.,2.094395102393,4.188790204786,
6.28318530718,8.377580409573),.UNSPECIFIED.) CURVE() 
GEOMETRIC_REPRESENTATION_ITEM() RATIONAL_B_SPLINE_CURVE((1.,0.5,1.,0.5,
1.,0.5,1.)) REPRESENTATION_ITEM('') );
#1343 = CARTESIAN_POINT('',(-1.8,0.));
#1344 = CARTESIAN_POINT('',(-1.8,-5.369357503464));
#1345 = CARTESIAN_POINT('',(-6.45,-2.684678751732));
#1346 = CARTESIAN_POINT('',(-11.1,-7.592810154714E-16));
#1347 = CARTESIAN_POINT('',(-6.45,2.684678751732));
#1348 = CARTESIAN_POINT('',(-1.8,5.369357503464));
#1349 = CARTESIAN_POINT('',(-1.8,0.));
#1350 = ( GEOMETRIC_REPRESENTATION_CONTEXT(2) 
PARAMETRIC_REPRESENTATION_CONTEXT() REPRESENTATION_CONTEXT('2D SPACE',''
  ) );
#1351 = ORIENTED_EDGE('',*,*,#1278,.F.);
#1352 = ADVANCED_FACE('',(#1353),#218,.F.);
#1353 = FACE_BOUND('',#1354,.F.);
#1354 = EDGE_LOOP('',(#1355,#1356,#1357,#1380));
#1355 = ORIENTED_EDGE('',*,*,#202,.F.);
#1356 = ORIENTED_EDGE('',*,*,#1303,.T.);
#1357 = ORIENTED_EDGE('',*,*,#1358,.T.);
#1358 = EDGE_CURVE('',#1304,#1359,#1361,.T.);
#1359 = VERTEX_POINT('',#1360);
#1360 = CARTESIAN_POINT('',(-2.9,7.,6.));
#1361 = SURFACE_CURVE('',#1362,(#1366,#1373),.PCURVE_S1.);
#1362 = LINE('',#1363,#1364);
#1363 = CARTESIAN_POINT('',(-2.9,-7.,6.));
#1364 = VECTOR('',#1365,1.);
#1365 = DIRECTION('',(0.,1.,-0.));
#1366 = PCURVE('',#218,#1367);
#1367 = DEFINITIONAL_REPRESENTATION('',(#1368),#1372);
#1368 = LINE('',#1369,#1370);
#1369 = CARTESIAN_POINT('',(6.,0.));
#1370 = VECTOR('',#1371,1.);
#1371 = DIRECTION('',(0.,1.));
#1372 = ( GEOMETRIC_REPRESENTATION_CONTEXT(2) 
PARAMETRIC_REPRESENTATION_CONTEXT() REPRESENTATION_CONTEXT('2D SPACE',''
  ) );
#1373 = PCURVE('',#867,#1374);
#1374 = DEFINITIONAL_REPRESENTATION('',(#1375),#1379);
#1375 = LINE('',#1376,#1377);
#1376 = CARTESIAN_POINT('',(-8.,0.));
#1377 = VECTOR('',#1378,1.);
#1378 = DIRECTION('',(0.,1.));
#1379 = ( GEOMETRIC_REPRESENTATION_CONTEXT(2) 
PARAMETRIC_REPRESENTATION_CONTEXT() REPRESENTATION_CONTEXT('2D SPACE',''
  ) );
#1380 = ORIENTED_EDGE('',*,*,#1381,.F.);
#1381 = EDGE_CURVE('',#203,#1359,#1382,.T.);
#1382 = SURFACE_CURVE('',#1383,(#1387,#1394),.PCURVE_S1.);
#1383 = LINE('',#1384,#1385);
#1384 = CARTESIAN_POINT('',(-2.9,7.,0.));
#1385 = VECTOR('',#1386,1.);
#1386 = DIRECTION('',(0.,0.,1.));
#1387 = PCURVE('',#218,#1388);
#1388 = DEFINITIONAL_REPRESENTATION('',(#1389),#1393);
#1389 = LINE('',#1390,#1391);
#1390 = CARTESIAN_POINT('',(0.,14.));
#1391 = VECTOR('',#1392,1.);
#1392 = DIRECTION('',(1.,0.));
#1393 = ( GEOMETRIC_REPRESENTATION_CONTEXT(2) 
PARAMETRIC_REPRESENTATION_CONTEXT() REPRESENTATION_CONTEXT('2D SPACE',''
  ) );
#1394 = PCURVE('',#251,#1395);
#1395 = DEFINITIONAL_REPRESENTATION('',(#1396),#1400);
#1396 = LINE('',#1397,#1398);
#1397 = CARTESIAN_POINT('',(-0.,0.));
#1398 = VECTOR('',#1399,1.);
#1399 = DIRECTION('',(-0.,1.));
#1400 = ( GEOMETRIC_REPRESENTATION_CONTEXT(2) 
PARAMETRIC_REPRESENTATION_CONTEXT() REPRESENTATION_CONTEXT('2D SPACE',''
  ) );
#1401 = ADVANCED_FACE('',(#1402),#251,.F.);
#1402 = FACE_BOUND('',#1403,.T.);
#1403 = EDGE_LOOP('',(#1404,#1405,#1428,#1450));
#1404 = ORIENTED_EDGE('',*,*,#230,.T.);
#1405 = ORIENTED_EDGE('',*,*,#1406,.T.);
#1406 = EDGE_CURVE('',#231,#1407,#1409,.T.);
#1407 = VERTEX_POINT('',#1408);
#1408 = CARTESIAN_POINT('',(-1.1,7.,6.));
#1409 = SURFACE_CURVE('',#1410,(#1414,#1421),.PCURVE_S1.);
#1410 = LINE('',#1411,#1412);
#1411 = CARTESIAN_POINT('',(-1.1,7.,0.));
#1412 = VECTOR('',#1413,1.);
#1413 = DIRECTION('',(-0.,-0.,1.));
#1414 = PCURVE('',#251,#1415);
#1415 = DEFINITIONAL_REPRESENTATION('',(#1416),#1420);
#1416 = LINE('',#1417,#1418);
#1417 = CARTESIAN_POINT('',(-3.14159265359,0.));
#1418 = VECTOR('',#1419,1.);
#1419 = DIRECTION('',(-0.,1.));
#1420 = ( GEOMETRIC_REPRESENTATION_CONTEXT(2) 
PARAMETRIC_REPRESENTATION_CONTEXT() REPRESENTATION_CONTEXT('2D SPACE',''
  ) );
#1421 = PCURVE('',#279,#1422);
#1422 = DEFINITIONAL_REPRESENTATION('',(#1423),#1427);
#1423 = LINE('',#1424,#1425);
#1424 = CARTESIAN_POINT('',(0.,0.));
#1425 = VECTOR('',#1426,1.);
#1426 = DIRECTION('',(1.,0.));
#1427 = ( GEOMETRIC_REPRESENTATION_CONTEXT(2) 
PARAMETRIC_REPRESENTATION_CONTEXT() REPRESENTATION_CONTEXT('2D SPACE',''
  ) );
#1428 = ORIENTED_EDGE('',*,*,#1429,.F.);
#1429 = EDGE_CURVE('',#1359,#1407,#1430,.T.);
#1430 = SURFACE_CURVE('',#1431,(#1436,#1443),.PCURVE_S1.);
#1431 = CIRCLE('',#1432,0.9);
#1432 = AXIS2_PLACEMENT_3D('',#1433,#1434,#1435);
#1433 = CARTESIAN_POINT('',(-2.,7.,6.));
#1434 = DIRECTION('',(0.,0.,-1.));
#1435 = DIRECTION('',(-1.,0.,0.));
#1436 = PCURVE('',#251,#1437);
#1437 = DEFINITIONAL_REPRESENTATION('',(#1438),#1442);
#1438 = LINE('',#1439,#1440);
#1439 = CARTESIAN_POINT('',(-0.,6.));
#1440 = VECTOR('',#1441,1.);
#1441 = DIRECTION('',(-1.,0.));
#1442 = ( GEOMETRIC_REPRESENTATION_CONTEXT(2) 
PARAMETRIC_REPRESENTATION_CONTEXT() REPRESENTATION_CONTEXT('2D SPACE',''
  ) );
#1443 = PCURVE('',#867,#1444);
#1444 = DEFINITIONAL_REPRESENTATION('',(#1445),#1449);
#1445 = CIRCLE('',#1446,0.9);
#1446 = AXIS2_PLACEMENT_2D('',#1447,#1448);
#1447 = CARTESIAN_POINT('',(-8.9,14.));
#1448 = DIRECTION('',(1.,0.));
#1449 = ( GEOMETRIC_REPRESENTATION_CONTEXT(2) 
PARAMETRIC_REPRESENTATION_CONTEXT() REPRESENTATION_CONTEXT('2D SPACE',''
  ) );
#1450 = ORIENTED_EDGE('',*,*,#1381,.F.);
#1451 = ADVANCED_FACE('',(#1452),#279,.F.);
#1452 = FACE_BOUND('',#1453,.F.);
#1453 = EDGE_LOOP('',(#1454,#1455,#1456,#1479));
#1454 = ORIENTED_EDGE('',*,*,#263,.F.);
#1455 = ORIENTED_EDGE('',*,*,#1406,.T.);
#1456 = ORIENTED_EDGE('',*,*,#1457,.T.);
#1457 = EDGE_CURVE('',#1407,#1458,#1460,.T.);
#1458 = VERTEX_POINT('',#1459);
#1459 = CARTESIAN_POINT('',(-1.1,-7.,6.));
#1460 = SURFACE_CURVE('',#1461,(#1465,#1472),.PCURVE_S1.);
#1461 = LINE('',#1462,#1463);
#1462 = CARTESIAN_POINT('',(-1.1,7.,6.));
#1463 = VECTOR('',#1464,1.);
#1464 = DIRECTION('',(-1.586032892322E-17,-1.,0.));
#1465 = PCURVE('',#279,#1466);
#1466 = DEFINITIONAL_REPRESENTATION('',(#1467),#1471);
#1467 = LINE('',#1468,#1469);
#1468 = CARTESIAN_POINT('',(6.,0.));
#1469 = VECTOR('',#1470,1.);
#1470 = DIRECTION('',(0.,1.));
#1471 = ( GEOMETRIC_REPRESENTATION_CONTEXT(2) 
PARAMETRIC_REPRESENTATION_CONTEXT() REPRESENTATION_CONTEXT('2D SPACE',''
  ) );
#1472 = PCURVE('',#867,#1473);
#1473 = DEFINITIONAL_REPRESENTATION('',(#1474),#1478);
#1474 = LINE('',#1475,#1476);
#1475 = CARTESIAN_POINT('',(-9.8,14.));
#1476 = VECTOR('',#1477,1.);
#1477 = DIRECTION('',(1.586032892322E-17,-1.));
#1478 = ( GEOMETRIC_REPRESENTATION_CONTEXT(2) 
PARAMETRIC_REPRESENTATION_CONTEXT() REPRESENTATION_CONTEXT('2D SPACE',''
  ) );
#1479 = ORIENTED_EDGE('',*,*,#1480,.F.);
#1480 = EDGE_CURVE('',#264,#1458,#1481,.T.);
#1481 = SURFACE_CURVE('',#1482,(#1486,#1493),.PCURVE_S1.);
#1482 = LINE('',#1483,#1484);
#1483 = CARTESIAN_POINT('',(-1.1,-7.,0.));
#1484 = VECTOR('',#1485,1.);
#1485 = DIRECTION('',(0.,0.,1.));
#1486 = PCURVE('',#279,#1487);
#1487 = DEFINITIONAL_REPRESENTATION('',(#1488),#1492);
#1488 = LINE('',#1489,#1490);
#1489 = CARTESIAN_POINT('',(0.,14.));
#1490 = VECTOR('',#1491,1.);
#1491 = DIRECTION('',(1.,0.));
#1492 = ( GEOMETRIC_REPRESENTATION_CONTEXT(2) 
PARAMETRIC_REPRESENTATION_CONTEXT() REPRESENTATION_CONTEXT('2D SPACE',''
  ) );
#1493 = PCURVE('',#308,#1494);
#1494 = DEFINITIONAL_REPRESENTATION('',(#1495),#1499);
#1495 = LINE('',#1496,#1497);
#1496 = CARTESIAN_POINT('',(0.,0.));
#1497 = VECTOR('',#1498,1.);
#1498 = DIRECTION('',(0.,1.));
#1499 = ( GEOMETRIC_REPRESENTATION_CONTEXT(2) 
PARAMETRIC_REPRESENTATION_CONTEXT() REPRESENTATION_CONTEXT('2D SPACE',''
  ) );
#1500 = ADVANCED_FACE('',(#1501),#308,.T.);
#1501 = FACE_BOUND('',#1502,.T.);
#1502 = EDGE_LOOP('',(#1503,#1504,#1527,#1553));
#1503 = ORIENTED_EDGE('',*,*,#291,.T.);
#1504 = ORIENTED_EDGE('',*,*,#1505,.T.);
#1505 = EDGE_CURVE('',#292,#1506,#1508,.T.);
#1506 = VERTEX_POINT('',#1507);
#1507 = CARTESIAN_POINT('',(5.1,-7.,6.));
#1508 = SURFACE_CURVE('',#1509,(#1513,#1520),.PCURVE_S1.);
#1509 = LINE('',#1510,#1511);
#1510 = CARTESIAN_POINT('',(5.1,-7.,0.));
#1511 = VECTOR('',#1512,1.);
#1512 = DIRECTION('',(0.,0.,1.));
#1513 = PCURVE('',#308,#1514);
#1514 = DEFINITIONAL_REPRESENTATION('',(#1515),#1519);
#1515 = LINE('',#1516,#1517);
#1516 = CARTESIAN_POINT('',(3.14159265359,0.));
#1517 = VECTOR('',#1518,1.);
#1518 = DIRECTION('',(0.,1.));
#1519 = ( GEOMETRIC_REPRESENTATION_CONTEXT(2) 
PARAMETRIC_REPRESENTATION_CONTEXT() REPRESENTATION_CONTEXT('2D SPACE',''
  ) );
#1520 = PCURVE('',#336,#1521);
#1521 = DEFINITIONAL_REPRESENTATION('',(#1522),#1526);
#1522 = LINE('',#1523,#1524);
#1523 = CARTESIAN_POINT('',(0.,0.));
#1524 = VECTOR('',#1525,1.);
#1525 = DIRECTION('',(1.,0.));
#1526 = ( GEOMETRIC_REPRESENTATION_CONTEXT(2) 
PARAMETRIC_REPRESENTATION_CONTEXT() REPRESENTATION_CONTEXT('2D SPACE',''
  ) );
#1527 = ORIENTED_EDGE('',*,*,#1528,.F.);
#1528 = EDGE_CURVE('',#1458,#1506,#1529,.T.);
#1529 = SURFACE_CURVE('',#1530,(#1535,#1542),.PCURVE_S1.);
#1530 = CIRCLE('',#1531,3.1);
#1531 = AXIS2_PLACEMENT_3D('',#1532,#1533,#1534);
#1532 = CARTESIAN_POINT('',(2.,-7.,6.));
#1533 = DIRECTION('',(0.,0.,1.));
#1534 = DIRECTION('',(-1.,0.,0.));
#1535 = PCURVE('',#308,#1536);
#1536 = DEFINITIONAL_REPRESENTATION('',(#1537),#1541);
#1537 = LINE('',#1538,#1539);
#1538 = CARTESIAN_POINT('',(0.,6.));
#1539 = VECTOR('',#1540,1.);
#1540 = DIRECTION('',(1.,0.));
#1541 = ( GEOMETRIC_REPRESENTATION_CONTEXT(2) 
PARAMETRIC_REPRESENTATION_CONTEXT() REPRESENTATION_CONTEXT('2D SPACE',''
  ) );
#1542 = PCURVE('',#867,#1543);
#1543 = DEFINITIONAL_REPRESENTATION('',(#1544),#1552);
#1544 = ( BOUNDED_CURVE() B_SPLINE_CURVE(2,(#1545,#1546,#1547,#1548,
#1549,#1550,#1551),.UNSPECIFIED.,.T.,.F.) B_SPLINE_CURVE_WITH_KNOTS((1,2
    ,2,2,2,1),(-2.094395102393,0.,2.094395102393,4.188790204786,
6.28318530718,8.377580409573),.UNSPECIFIED.) CURVE() 
GEOMETRIC_REPRESENTATION_ITEM() RATIONAL_B_SPLINE_CURVE((1.,0.5,1.,0.5,
1.,0.5,1.)) REPRESENTATION_ITEM('') );
#1545 = CARTESIAN_POINT('',(-9.8,0.));
#1546 = CARTESIAN_POINT('',(-9.8,-5.369357503464));
#1547 = CARTESIAN_POINT('',(-14.45,-2.684678751732));
#1548 = CARTESIAN_POINT('',(-19.1,-7.592810154714E-16));
#1549 = CARTESIAN_POINT('',(-14.45,2.684678751732));
#1550 = CARTESIAN_POINT('',(-9.8,5.369357503464));
#1551 = CARTESIAN_POINT('',(-9.8,0.));
#1552 = ( GEOMETRIC_REPRESENTATION_CONTEXT(2) 
PARAMETRIC_REPRESENTATION_CONTEXT() REPRESENTATION_CONTEXT('2D SPACE',''
  ) );
#1553 = ORIENTED_EDGE('',*,*,#1480,.F.);
#1554 = ADVANCED_FACE('',(#1555),#336,.F.);
#1555 = FACE_BOUND('',#1556,.F.);
#1556 = EDGE_LOOP('',(#1557,#1558,#1559,#1582));
#1557 = ORIENTED_EDGE('',*,*,#320,.F.);
#1558 = ORIENTED_EDGE('',*,*,#1505,.T.);
#1559 = ORIENTED_EDGE('',*,*,#1560,.T.);
#1560 = EDGE_CURVE('',#1506,#1561,#1563,.T.);
#1561 = VERTEX_POINT('',#1562);
#1562 = CARTESIAN_POINT('',(5.1,7.,6.));
#1563 = SURFACE_CURVE('',#1564,(#1568,#1575),.PCURVE_S1.);
#1564 = LINE('',#1565,#1566);
#1565 = CARTESIAN_POINT('',(5.1,-7.,6.));
#1566 = VECTOR('',#1567,1.);
#1567 = DIRECTION('',(0.,1.,-0.));
#1568 = PCURVE('',#336,#1569);
#1569 = DEFINITIONAL_REPRESENTATION('',(#1570),#1574);
#1570 = LINE('',#1571,#1572);
#1571 = CARTESIAN_POINT('',(6.,0.));
#1572 = VECTOR('',#1573,1.);
#1573 = DIRECTION('',(0.,1.));
#1574 = ( GEOMETRIC_REPRESENTATION_CONTEXT(2) 
PARAMETRIC_REPRESENTATION_CONTEXT() REPRESENTATION_CONTEXT('2D SPACE',''
  ) );
#1575 = PCURVE('',#867,#1576);
#1576 = DEFINITIONAL_REPRESENTATION('',(#1577),#1581);
#1577 = LINE('',#1578,#1579);
#1578 = CARTESIAN_POINT('',(-16.,0.));
#1579 = VECTOR('',#1580,1.);
#1580 = DIRECTION('',(0.,1.));
#1581 = ( GEOMETRIC_REPRESENTATION_CONTEXT(2) 
PARAMETRIC_REPRESENTATION_CONTEXT() REPRESENTATION_CONTEXT('2D SPACE',''
  ) );
#1582 = ORIENTED_EDGE('',*,*,#1583,.F.);
#1583 = EDGE_CURVE('',#321,#1561,#1584,.T.);
#1584 = SURFACE_CURVE('',#1585,(#1589,#1596),.PCURVE_S1.);
#1585 = LINE('',#1586,#1587);
#1586 = CARTESIAN_POINT('',(5.1,7.,0.));
#1587 = VECTOR('',#1588,1.);
#1588 = DIRECTION('',(0.,0.,1.));
#1589 = PCURVE('',#336,#1590);
#1590 = DEFINITIONAL_REPRESENTATION('',(#1591),#1595);
#1591 = LINE('',#1592,#1593);
#1592 = CARTESIAN_POINT('',(0.,14.));
#1593 = VECTOR('',#1594,1.);
#1594 = DIRECTION('',(1.,0.));
#1595 = ( GEOMETRIC_REPRESENTATION_CONTEXT(2) 
PARAMETRIC_REPRESENTATION_CONTEXT() REPRESENTATION_CONTEXT('2D SPACE',''
  ) );
#1596 = PCURVE('',#369,#1597);
#1597 = DEFINITIONAL_REPRESENTATION('',(#1598),#1602);
#1598 = LINE('',#1599,#1600);
#1599 = CARTESIAN_POINT('',(-0.,0.));
#1600 = VECTOR('',#1601,1.);
#1601 = DIRECTION('',(-0.,1.));
#1602 = ( GEOMETRIC_REPRESENTATION_CONTEXT(2) 
PARAMETRIC_REPRESENTATION_CONTEXT() REPRESENTATION_CONTEXT('2D SPACE',''
  ) );
#1603 = ADVANCED_FACE('',(#1604),#369,.F.);
#1604 = FACE_BOUND('',#1605,.T.);
#1605 = EDGE_LOOP('',(#1606,#1607,#1630,#1652));
#1606 = ORIENTED_EDGE('',*,*,#348,.T.);
#1607 = ORIENTED_EDGE('',*,*,#1608,.T.);
#1608 = EDGE_CURVE('',#349,#1609,#1611,.T.);
#1609 = VERTEX_POINT('',#1610);
#1610 = CARTESIAN_POINT('',(6.9,7.,6.));
#1611 = SURFACE_CURVE('',#1612,(#1616,#1623),.PCURVE_S1.);
#1612 = LINE('',#1613,#1614);
#1613 = CARTESIAN_POINT('',(6.9,7.,0.));
#1614 = VECTOR('',#1615,1.);
#1615 = DIRECTION('',(-0.,-0.,1.));
#1616 = PCURVE('',#369,#1617);
#1617 = DEFINITIONAL_REPRESENTATION('',(#1618),#1622);
#1618 = LINE('',#1619,#1620);
#1619 = CARTESIAN_POINT('',(-3.14159265359,0.));
#1620 = VECTOR('',#1621,1.);
#1621 = DIRECTION('',(-0.,1.));
#1622 = ( GEOMETRIC_REPRESENTATION_CONTEXT(2) 
PARAMETRIC_REPRESENTATION_CONTEXT() REPRESENTATION_CONTEXT('2D SPACE',''
  ) );
#1623 = PCURVE('',#397,#1624);
#1624 = DEFINITIONAL_REPRESENTATION('',(#1625),#1629);
#1625 = LINE('',#1626,#1627);
#1626 = CARTESIAN_POINT('',(0.,0.));
#1627 = VECTOR('',#1628,1.);
#1628 = DIRECTION('',(1.,0.));
#1629 = ( GEOMETRIC_REPRESENTATION_CONTEXT(2) 
PARAMETRIC_REPRESENTATION_CONTEXT() REPRESENTATION_CONTEXT('2D SPACE',''
  ) );
#1630 = ORIENTED_EDGE('',*,*,#1631,.F.);
#1631 = EDGE_CURVE('',#1561,#1609,#1632,.T.);
#1632 = SURFACE_CURVE('',#1633,(#1638,#1645),.PCURVE_S1.);
#1633 = CIRCLE('',#1634,0.9);
#1634 = AXIS2_PLACEMENT_3D('',#1635,#1636,#1637);
#1635 = CARTESIAN_POINT('',(6.,7.,6.));
#1636 = DIRECTION('',(0.,0.,-1.));
#1637 = DIRECTION('',(-1.,0.,0.));
#1638 = PCURVE('',#369,#1639);
#1639 = DEFINITIONAL_REPRESENTATION('',(#1640),#1644);
#1640 = LINE('',#1641,#1642);
#1641 = CARTESIAN_POINT('',(-0.,6.));
#1642 = VECTOR('',#1643,1.);
#1643 = DIRECTION('',(-1.,0.));
#1644 = ( GEOMETRIC_REPRESENTATION_CONTEXT(2) 
PARAMETRIC_REPRESENTATION_CONTEXT() REPRESENTATION_CONTEXT('2D SPACE',''
  ) );
#1645 = PCURVE('',#867,#1646);
#1646 = DEFINITIONAL_REPRESENTATION('',(#1647),#1651);
#1647 = CIRCLE('',#1648,0.9);
#1648 = AXIS2_PLACEMENT_2D('',#1649,#1650);
#1649 = CARTESIAN_POINT('',(-16.9,14.));
#1650 = DIRECTION('',(1.,0.));
#1651 = ( GEOMETRIC_REPRESENTATION_CONTEXT(2) 
PARAMETRIC_REPRESENTATION_CONTEXT() REPRESENTATION_CONTEXT('2D SPACE',''
  ) );
#1652 = ORIENTED_EDGE('',*,*,#1583,.F.);
#1653 = ADVANCED_FACE('',(#1654),#397,.F.);
#1654 = FACE_BOUND('',#1655,.F.);
#1655 = EDGE_LOOP('',(#1656,#1657,#1658,#1681));
#1656 = ORIENTED_EDGE('',*,*,#381,.F.);
#1657 = ORIENTED_EDGE('',*,*,#1608,.T.);
#1658 = ORIENTED_EDGE('',*,*,#1659,.T.);
#1659 = EDGE_CURVE('',#1609,#1660,#1662,.T.);
#1660 = VERTEX_POINT('',#1661);
#1661 = CARTESIAN_POINT('',(6.9,-7.,6.));
#1662 = SURFACE_CURVE('',#1663,(#1667,#1674),.PCURVE_S1.);
#1663 = LINE('',#1664,#1665);
#1664 = CARTESIAN_POINT('',(6.9,7.,6.));
#1665 = VECTOR('',#1666,1.);
#1666 = DIRECTION('',(0.,-1.,0.));
#1667 = PCURVE('',#397,#1668);
#1668 = DEFINITIONAL_REPRESENTATION('',(#1669),#1673);
#1669 = LINE('',#1670,#1671);
#1670 = CARTESIAN_POINT('',(6.,0.));
#1671 = VECTOR('',#1672,1.);
#1672 = DIRECTION('',(0.,1.));
#1673 = ( GEOMETRIC_REPRESENTATION_CONTEXT(2) 
PARAMETRIC_REPRESENTATION_CONTEXT() REPRESENTATION_CONTEXT('2D SPACE',''
  ) );
#1674 = PCURVE('',#867,#1675);
#1675 = DEFINITIONAL_REPRESENTATION('',(#1676),#1680);
#1676 = LINE('',#1677,#1678);
#1677 = CARTESIAN_POINT('',(-17.8,14.));
#1678 = VECTOR('',#1679,1.);
#1679 = DIRECTION('',(0.,-1.));
#1680 = ( GEOMETRIC_REPRESENTATION_CONTEXT(2) 
PARAMETRIC_REPRESENTATION_CONTEXT() REPRESENTATION_CONTEXT('2D SPACE',''
  ) );
#1681 = ORIENTED_EDGE('',*,*,#1682,.F.);
#1682 = EDGE_CURVE('',#382,#1660,#1683,.T.);
#1683 = SURFACE_CURVE('',#1684,(#1688,#1695),.PCURVE_S1.);
#1684 = LINE('',#1685,#1686);
#1685 = CARTESIAN_POINT('',(6.9,-7.,0.));
#1686 = VECTOR('',#1687,1.);
#1687 = DIRECTION('',(0.,0.,1.));
#1688 = PCURVE('',#397,#1689);
#1689 = DEFINITIONAL_REPRESENTATION('',(#1690),#1694);
#1690 = LINE('',#1691,#1692);
#1691 = CARTESIAN_POINT('',(0.,14.));
#1692 = VECTOR('',#1693,1.);
#1693 = DIRECTION('',(1.,0.));
#1694 = ( GEOMETRIC_REPRESENTATION_CONTEXT(2) 
PARAMETRIC_REPRESENTATION_CONTEXT() REPRESENTATION_CONTEXT('2D SPACE',''
  ) );
#1695 = PCURVE('',#426,#1696);
#1696 = DEFINITIONAL_REPRESENTATION('',(#1697),#1701);
#1697 = LINE('',#1698,#1699);
#1698 = CARTESIAN_POINT('',(0.,0.));
#1699 = VECTOR('',#1700,1.);
#1700 = DIRECTION('',(0.,1.));
#1701 = ( GEOMETRIC_REPRESENTATION_CONTEXT(2) 
PARAMETRIC_REPRESENTATION_CONTEXT() REPRESENTATION_CONTEXT('2D SPACE',''
  ) );
#1702 = ADVANCED_FACE('',(#1703),#426,.T.);
#1703 = FACE_BOUND('',#1704,.T.);
#1704 = EDGE_LOOP('',(#1705,#1706,#1729,#1755));
#1705 = ORIENTED_EDGE('',*,*,#409,.T.);
#1706 = ORIENTED_EDGE('',*,*,#1707,.T.);
#1707 = EDGE_CURVE('',#410,#1708,#1710,.T.);
#1708 = VERTEX_POINT('',#1709);
#1709 = CARTESIAN_POINT('',(13.1,-7.,6.));
#1710 = SURFACE_CURVE('',#1711,(#1715,#1722),.PCURVE_S1.);
#1711 = LINE('',#1712,#1713);
#1712 = CARTESIAN_POINT('',(13.1,-7.,0.));
#1713 = VECTOR('',#1714,1.);
#1714 = DIRECTION('',(0.,0.,1.));
#1715 = PCURVE('',#426,#1716);
#1716 = DEFINITIONAL_REPRESENTATION('',(#1717),#1721);
#1717 = LINE('',#1718,#1719);
#1718 = CARTESIAN_POINT('',(3.14159265359,0.));
#1719 = VECTOR('',#1720,1.);
#1720 = DIRECTION('',(0.,1.));
#1721 = ( GEOMETRIC_REPRESENTATION_CONTEXT(2) 
PARAMETRIC_REPRESENTATION_CONTEXT() REPRESENTATION_CONTEXT('2D SPACE',''
  ) );
#1722 = PCURVE('',#454,#1723);
#1723 = DEFINITIONAL_REPRESENTATION('',(#1724),#1728);
#1724 = LINE('',#1725,#1726);
#1725 = CARTESIAN_POINT('',(0.,0.));
#1726 = VECTOR('',#1727,1.);
#1727 = DIRECTION('',(1.,0.));
#1728 = ( GEOMETRIC_REPRESENTATION_CONTEXT(2) 
PARAMETRIC_REPRESENTATION_CONTEXT() REPRESENTATION_CONTEXT('2D SPACE',''
  ) );
#1729 = ORIENTED_EDGE('',*,*,#1730,.F.);
#1730 = EDGE_CURVE('',#1660,#1708,#1731,.T.);
#1731 = SURFACE_CURVE('',#1732,(#1737,#1744),.PCURVE_S1.);
#1732 = CIRCLE('',#1733,3.1);
#1733 = AXIS2_PLACEMENT_3D('',#1734,#1735,#1736);
#1734 = CARTESIAN_POINT('',(10.,-7.,6.));
#1735 = DIRECTION('',(0.,0.,1.));
#1736 = DIRECTION('',(-1.,0.,0.));
#1737 = PCURVE('',#426,#1738);
#1738 = DEFINITIONAL_REPRESENTATION('',(#1739),#1743);
#1739 = LINE('',#1740,#1741);
#1740 = CARTESIAN_POINT('',(0.,6.));
#1741 = VECTOR('',#1742,1.);
#1742 = DIRECTION('',(1.,0.));
#1743 = ( GEOMETRIC_REPRESENTATION_CONTEXT(2) 
PARAMETRIC_REPRESENTATION_CONTEXT() REPRESENTATION_CONTEXT('2D SPACE',''
  ) );
#1744 = PCURVE('',#867,#1745);
#1745 = DEFINITIONAL_REPRESENTATION('',(#1746),#1754);
#1746 = ( BOUNDED_CURVE() B_SPLINE_CURVE(2,(#1747,#1748,#1749,#1750,
#1751,#1752,#1753),.UNSPECIFIED.,.T.,.F.) B_SPLINE_CURVE_WITH_KNOTS((1,2
    ,2,2,2,1),(-2.094395102393,0.,2.094395102393,4.188790204786,
6.28318530718,8.377580409573),.UNSPECIFIED.) CURVE() 
GEOMETRIC_REPRESENTATION_ITEM() RATIONAL_B_SPLINE_CURVE((1.,0.5,1.,0.5,
1.,0.5,1.)) REPRESENTATION_ITEM('') );
#1747 = CARTESIAN_POINT('',(-17.8,0.));
#1748 = CARTESIAN_POINT('',(-17.8,-5.369357503464));
#1749 = CARTESIAN_POINT('',(-22.45,-2.684678751732));
#1750 = CARTESIAN_POINT('',(-27.1,-7.592810154714E-16));
#1751 = CARTESIAN_POINT('',(-22.45,2.684678751732));
#1752 = CARTESIAN_POINT('',(-17.8,5.369357503464));
#1753 = CARTESIAN_POINT('',(-17.8,0.));
#1754 = ( GEOMETRIC_REPRESENTATION_CONTEXT(2) 
PARAMETRIC_REPRESENTATION_CONTEXT() REPRESENTATION_CONTEXT('2D SPACE',''
  ) );
#1755 = ORIENTED_EDGE('',*,*,#1682,.F.);
#1756 = ADVANCED_FACE('',(#1757),#454,.F.);
#1757 = FACE_BOUND('',#1758,.F.);
#1758 = EDGE_LOOP('',(#1759,#1760,#1761,#1784,#1807,#1835,#1863,#1891));
#1759 = ORIENTED_EDGE('',*,*,#438,.F.);
#1760 = ORIENTED_EDGE('',*,*,#1707,.T.);
#1761 = ORIENTED_EDGE('',*,*,#1762,.T.);
#1762 = EDGE_CURVE('',#1708,#1763,#1765,.T.);
#1763 = VERTEX_POINT('',#1764);
#1764 = CARTESIAN_POINT('',(13.1,7.,6.));
#1765 = SURFACE_CURVE('',#1766,(#1770,#1777),.PCURVE_S1.);
#1766 = LINE('',#1767,#1768);
#1767 = CARTESIAN_POINT('',(13.1,-7.,6.));
#1768 = VECTOR('',#1769,1.);
#1769 = DIRECTION('',(0.,1.,-0.));
#1770 = PCURVE('',#454,#1771);
#1771 = DEFINITIONAL_REPRESENTATION('',(#1772),#1776);
#1772 = LINE('',#1773,#1774);
#1773 = CARTESIAN_POINT('',(6.,0.));
#1774 = VECTOR('',#1775,1.);
#1775 = DIRECTION('',(0.,1.));
#1776 = ( GEOMETRIC_REPRESENTATION_CONTEXT(2) 
PARAMETRIC_REPRESENTATION_CONTEXT() REPRESENTATION_CONTEXT('2D SPACE',''
  ) );
#1777 = PCURVE('',#867,#1778);
#1778 = DEFINITIONAL_REPRESENTATION('',(#1779),#1783);
#1779 = LINE('',#1780,#1781);
#1780 = CARTESIAN_POINT('',(-24.,0.));
#1781 = VECTOR('',#1782,1.);
#1782 = DIRECTION('',(0.,1.));
#1783 = ( GEOMETRIC_REPRESENTATION_CONTEXT(2) 
PARAMETRIC_REPRESENTATION_CONTEXT() REPRESENTATION_CONTEXT('2D SPACE',''
  ) );
#1784 = ORIENTED_EDGE('',*,*,#1785,.F.);
#1785 = EDGE_CURVE('',#1786,#1763,#1788,.T.);
#1786 = VERTEX_POINT('',#1787);
#1787 = CARTESIAN_POINT('',(13.1,7.,5.9));
#1788 = SURFACE_CURVE('',#1789,(#1793,#1800),.PCURVE_S1.);
#1789 = LINE('',#1790,#1791);
#1790 = CARTESIAN_POINT('',(13.1,7.,0.));
#1791 = VECTOR('',#1792,1.);
#1792 = DIRECTION('',(0.,0.,1.));
#1793 = PCURVE('',#454,#1794);
#1794 = DEFINITIONAL_REPRESENTATION('',(#1795),#1799);
#1795 = LINE('',#1796,#1797);
#1796 = CARTESIAN_POINT('',(0.,14.));
#1797 = VECTOR('',#1798,1.);
#1798 = DIRECTION('',(1.,0.));
#1799 = ( GEOMETRIC_REPRESENTATION_CONTEXT(2) 
PARAMETRIC_REPRESENTATION_CONTEXT() REPRESENTATION_CONTEXT('2D SPACE',''
  ) );
#1800 = PCURVE('',#482,#1801);
#1801 = DEFINITIONAL_REPRESENTATION('',(#1802),#1806);
#1802 = LINE('',#1803,#1804);
#1803 = CARTESIAN_POINT('',(3.,1.1));
#1804 = VECTOR('',#1805,1.);
#1805 = DIRECTION('',(-1.,0.));
#1806 = ( GEOMETRIC_REPRESENTATION_CONTEXT(2) 
PARAMETRIC_REPRESENTATION_CONTEXT() REPRESENTATION_CONTEXT('2D SPACE',''
  ) );
#1807 = ORIENTED_EDGE('',*,*,#1808,.F.);
#1808 = EDGE_CURVE('',#1809,#1786,#1811,.T.);
#1809 = VERTEX_POINT('',#1810);
#1810 = CARTESIAN_POINT('',(13.1,5.1,5.9));
#1811 = SURFACE_CURVE('',#1812,(#1816,#1823),.PCURVE_S1.);
#1812 = LINE('',#1813,#1814);
#1813 = CARTESIAN_POINT('',(13.1,-0.95,5.9));
#1814 = VECTOR('',#1815,1.);
#1815 = DIRECTION('',(0.,1.,-0.));
#1816 = PCURVE('',#454,#1817);
#1817 = DEFINITIONAL_REPRESENTATION('',(#1818),#1822);
#1818 = LINE('',#1819,#1820);
#1819 = CARTESIAN_POINT('',(5.9,6.05));
#1820 = VECTOR('',#1821,1.);
#1821 = DIRECTION('',(0.,1.));
#1822 = ( GEOMETRIC_REPRESENTATION_CONTEXT(2) 
PARAMETRIC_REPRESENTATION_CONTEXT() REPRESENTATION_CONTEXT('2D SPACE',''
  ) );
#1823 = PCURVE('',#1824,#1829);
#1824 = PLANE('',#1825);
#1825 = AXIS2_PLACEMENT_3D('',#1826,#1827,#1828);
#1826 = CARTESIAN_POINT('',(11.5,5.1,5.9));
#1827 = DIRECTION('',(0.,0.,1.));
#1828 = DIRECTION('',(1.,0.,0.));
#1829 = DEFINITIONAL_REPRESENTATION('',(#1830),#1834);
#1830 = LINE('',#1831,#1832);
#1831 = CARTESIAN_POINT('',(1.6,-6.05));
#1832 = VECTOR('',#1833,1.);
#1833 = DIRECTION('',(0.,1.));
#1834 = ( GEOMETRIC_REPRESENTATION_CONTEXT(2) 
PARAMETRIC_REPRESENTATION_CONTEXT() REPRESENTATION_CONTEXT('2D SPACE',''
  ) );
#1835 = ORIENTED_EDGE('',*,*,#1836,.T.);
#1836 = EDGE_CURVE('',#1809,#1837,#1839,.T.);
#1837 = VERTEX_POINT('',#1838);
#1838 = CARTESIAN_POINT('',(13.1,5.1,0.1));
#1839 = SURFACE_CURVE('',#1840,(#1844,#1851),.PCURVE_S1.);
#1840 = LINE('',#1841,#1842);
#1841 = CARTESIAN_POINT('',(13.1,5.1,5.E-02));
#1842 = VECTOR('',#1843,1.);
#1843 = DIRECTION('',(0.,0.,-1.));
#1844 = PCURVE('',#454,#1845);
#1845 = DEFINITIONAL_REPRESENTATION('',(#1846),#1850);
#1846 = LINE('',#1847,#1848);
#1847 = CARTESIAN_POINT('',(5.E-02,12.1));
#1848 = VECTOR('',#1849,1.);
#1849 = DIRECTION('',(-1.,0.));
#1850 = ( GEOMETRIC_REPRESENTATION_CONTEXT(2) 
PARAMETRIC_REPRESENTATION_CONTEXT() REPRESENTATION_CONTEXT('2D SPACE',''
  ) );
#1851 = PCURVE('',#1852,#1857);
#1852 = PLANE('',#1853);
#1853 = AXIS2_PLACEMENT_3D('',#1854,#1855,#1856);
#1854 = CARTESIAN_POINT('',(11.5,5.1,0.1));
#1855 = DIRECTION('',(0.,1.,0.));
#1856 = DIRECTION('',(0.,0.,1.));
#1857 = DEFINITIONAL_REPRESENTATION('',(#1858),#1862);
#1858 = LINE('',#1859,#1860);
#1859 = CARTESIAN_POINT('',(-5.E-02,1.6));
#1860 = VECTOR('',#1861,1.);
#1861 = DIRECTION('',(-1.,0.));
#1862 = ( GEOMETRIC_REPRESENTATION_CONTEXT(2) 
PARAMETRIC_REPRESENTATION_CONTEXT() REPRESENTATION_CONTEXT('2D SPACE',''
  ) );
#1863 = ORIENTED_EDGE('',*,*,#1864,.T.);
#1864 = EDGE_CURVE('',#1837,#1865,#1867,.T.);
#1865 = VERTEX_POINT('',#1866);
#1866 = CARTESIAN_POINT('',(13.1,7.,0.1));
#1867 = SURFACE_CURVE('',#1868,(#1872,#1879),.PCURVE_S1.);
#1868 = LINE('',#1869,#1870);
#1869 = CARTESIAN_POINT('',(13.1,-0.95,0.1));
#1870 = VECTOR('',#1871,1.);
#1871 = DIRECTION('',(0.,1.,-0.));
#1872 = PCURVE('',#454,#1873);
#1873 = DEFINITIONAL_REPRESENTATION('',(#1874),#1878);
#1874 = LINE('',#1875,#1876);
#1875 = CARTESIAN_POINT('',(0.1,6.05));
#1876 = VECTOR('',#1877,1.);
#1877 = DIRECTION('',(0.,1.));
#1878 = ( GEOMETRIC_REPRESENTATION_CONTEXT(2) 
PARAMETRIC_REPRESENTATION_CONTEXT() REPRESENTATION_CONTEXT('2D SPACE',''
  ) );
#1879 = PCURVE('',#1880,#1885);
#1880 = PLANE('',#1881);
#1881 = AXIS2_PLACEMENT_3D('',#1882,#1883,#1884);
#1882 = CARTESIAN_POINT('',(11.5,5.1,0.1));
#1883 = DIRECTION('',(0.,0.,1.));
#1884 = DIRECTION('',(1.,0.,0.));
#1885 = DEFINITIONAL_REPRESENTATION('',(#1886),#1890);
#1886 = LINE('',#1887,#1888);
#1887 = CARTESIAN_POINT('',(1.6,-6.05));
#1888 = VECTOR('',#1889,1.);
#1889 = DIRECTION('',(0.,1.));
#1890 = ( GEOMETRIC_REPRESENTATION_CONTEXT(2) 
PARAMETRIC_REPRESENTATION_CONTEXT() REPRESENTATION_CONTEXT('2D SPACE',''
  ) );
#1891 = ORIENTED_EDGE('',*,*,#1892,.F.);
#1892 = EDGE_CURVE('',#439,#1865,#1893,.T.);
#1893 = SURFACE_CURVE('',#1894,(#1898,#1905),.PCURVE_S1.);
#1894 = LINE('',#1895,#1896);
#1895 = CARTESIAN_POINT('',(13.1,7.,0.));
#1896 = VECTOR('',#1897,1.);
#1897 = DIRECTION('',(0.,0.,1.));
#1898 = PCURVE('',#454,#1899);
#1899 = DEFINITIONAL_REPRESENTATION('',(#1900),#1904);
#1900 = LINE('',#1901,#1902);
#1901 = CARTESIAN_POINT('',(0.,14.));
#1902 = VECTOR('',#1903,1.);
#1903 = DIRECTION('',(1.,0.));
#1904 = ( GEOMETRIC_REPRESENTATION_CONTEXT(2) 
PARAMETRIC_REPRESENTATION_CONTEXT() REPRESENTATION_CONTEXT('2D SPACE',''
  ) );
#1905 = PCURVE('',#482,#1906);
#1906 = DEFINITIONAL_REPRESENTATION('',(#1907),#1911);
#1907 = LINE('',#1908,#1909);
#1908 = CARTESIAN_POINT('',(3.,1.1));
#1909 = VECTOR('',#1910,1.);
#1910 = DIRECTION('',(-1.,0.));
#1911 = ( GEOMETRIC_REPRESENTATION_CONTEXT(2) 
PARAMETRIC_REPRESENTATION_CONTEXT() REPRESENTATION_CONTEXT('2D SPACE',''
  ) );
#1912 = ADVANCED_FACE('',(#1913),#482,.F.);
#1913 = FACE_BOUND('',#1914,.F.);
#1914 = EDGE_LOOP('',(#1915,#1938,#1939,#1940,#1963,#1991,#2012,#2013));
#1915 = ORIENTED_EDGE('',*,*,#1916,.T.);
#1916 = EDGE_CURVE('',#1917,#467,#1919,.T.);
#1917 = VERTEX_POINT('',#1918);
#1918 = CARTESIAN_POINT('',(10.9,7.,6.));
#1919 = SURFACE_CURVE('',#1920,(#1924,#1931),.PCURVE_S1.);
#1920 = LINE('',#1921,#1922);
#1921 = CARTESIAN_POINT('',(10.9,7.,6.));
#1922 = VECTOR('',#1923,1.);
#1923 = DIRECTION('',(0.,0.,-1.));
#1924 = PCURVE('',#482,#1925);
#1925 = DEFINITIONAL_REPRESENTATION('',(#1926),#1930);
#1926 = LINE('',#1927,#1928);
#1927 = CARTESIAN_POINT('',(-3.,-1.1));
#1928 = VECTOR('',#1929,1.);
#1929 = DIRECTION('',(1.,0.));
#1930 = ( GEOMETRIC_REPRESENTATION_CONTEXT(2) 
PARAMETRIC_REPRESENTATION_CONTEXT() REPRESENTATION_CONTEXT('2D SPACE',''
  ) );
#1931 = PCURVE('',#510,#1932);
#1932 = DEFINITIONAL_REPRESENTATION('',(#1933),#1937);
#1933 = LINE('',#1934,#1935);
#1934 = CARTESIAN_POINT('',(0.,14.));
#1935 = VECTOR('',#1936,1.);
#1936 = DIRECTION('',(1.,0.));
#1937 = ( GEOMETRIC_REPRESENTATION_CONTEXT(2) 
PARAMETRIC_REPRESENTATION_CONTEXT() REPRESENTATION_CONTEXT('2D SPACE',''
  ) );
#1938 = ORIENTED_EDGE('',*,*,#466,.T.);
#1939 = ORIENTED_EDGE('',*,*,#1892,.T.);
#1940 = ORIENTED_EDGE('',*,*,#1941,.T.);
#1941 = EDGE_CURVE('',#1865,#1942,#1944,.T.);
#1942 = VERTEX_POINT('',#1943);
#1943 = CARTESIAN_POINT('',(11.5,7.,0.1));
#1944 = SURFACE_CURVE('',#1945,(#1949,#1956),.PCURVE_S1.);
#1945 = LINE('',#1946,#1947);
#1946 = CARTESIAN_POINT('',(11.75,7.,0.1));
#1947 = VECTOR('',#1948,1.);
#1948 = DIRECTION('',(-1.,0.,0.));
#1949 = PCURVE('',#482,#1950);
#1950 = DEFINITIONAL_REPRESENTATION('',(#1951),#1955);
#1951 = LINE('',#1952,#1953);
#1952 = CARTESIAN_POINT('',(2.9,-0.25));
#1953 = VECTOR('',#1954,1.);
#1954 = DIRECTION('',(0.,-1.));
#1955 = ( GEOMETRIC_REPRESENTATION_CONTEXT(2) 
PARAMETRIC_REPRESENTATION_CONTEXT() REPRESENTATION_CONTEXT('2D SPACE',''
  ) );
#1956 = PCURVE('',#1880,#1957);
#1957 = DEFINITIONAL_REPRESENTATION('',(#1958),#1962);
#1958 = LINE('',#1959,#1960);
#1959 = CARTESIAN_POINT('',(0.25,1.9));
#1960 = VECTOR('',#1961,1.);
#1961 = DIRECTION('',(-1.,0.));
#1962 = ( GEOMETRIC_REPRESENTATION_CONTEXT(2) 
PARAMETRIC_REPRESENTATION_CONTEXT() REPRESENTATION_CONTEXT('2D SPACE',''
  ) );
#1963 = ORIENTED_EDGE('',*,*,#1964,.T.);
#1964 = EDGE_CURVE('',#1942,#1965,#1967,.T.);
#1965 = VERTEX_POINT('',#1966);
#1966 = CARTESIAN_POINT('',(11.5,7.,5.9));
#1967 = SURFACE_CURVE('',#1968,(#1972,#1979),.PCURVE_S1.);
#1968 = LINE('',#1969,#1970);
#1969 = CARTESIAN_POINT('',(11.5,7.,1.55));
#1970 = VECTOR('',#1971,1.);
#1971 = DIRECTION('',(0.,0.,1.));
#1972 = PCURVE('',#482,#1973);
#1973 = DEFINITIONAL_REPRESENTATION('',(#1974),#1978);
#1974 = LINE('',#1975,#1976);
#1975 = CARTESIAN_POINT('',(1.45,-0.5));
#1976 = VECTOR('',#1977,1.);
#1977 = DIRECTION('',(-1.,0.));
#1978 = ( GEOMETRIC_REPRESENTATION_CONTEXT(2) 
PARAMETRIC_REPRESENTATION_CONTEXT() REPRESENTATION_CONTEXT('2D SPACE',''
  ) );
#1979 = PCURVE('',#1980,#1985);
#1980 = PLANE('',#1981);
#1981 = AXIS2_PLACEMENT_3D('',#1982,#1983,#1984);
#1982 = CARTESIAN_POINT('',(11.5,5.1,0.1));
#1983 = DIRECTION('',(1.,0.,0.));
#1984 = DIRECTION('',(0.,0.,1.));
#1985 = DEFINITIONAL_REPRESENTATION('',(#1986),#1990);
#1986 = LINE('',#1987,#1988);
#1987 = CARTESIAN_POINT('',(1.45,-1.9));
#1988 = VECTOR('',#1989,1.);
#1989 = DIRECTION('',(1.,0.));
#1990 = ( GEOMETRIC_REPRESENTATION_CONTEXT(2) 
PARAMETRIC_REPRESENTATION_CONTEXT() REPRESENTATION_CONTEXT('2D SPACE',''
  ) );
#1991 = ORIENTED_EDGE('',*,*,#1992,.F.);
#1992 = EDGE_CURVE('',#1786,#1965,#1993,.T.);
#1993 = SURFACE_CURVE('',#1994,(#1998,#2005),.PCURVE_S1.);
#1994 = LINE('',#1995,#1996);
#1995 = CARTESIAN_POINT('',(11.75,7.,5.9));
#1996 = VECTOR('',#1997,1.);
#1997 = DIRECTION('',(-1.,0.,0.));
#1998 = PCURVE('',#482,#1999);
#1999 = DEFINITIONAL_REPRESENTATION('',(#2000),#2004);
#2000 = LINE('',#2001,#2002);
#2001 = CARTESIAN_POINT('',(-2.9,-0.25));
#2002 = VECTOR('',#2003,1.);
#2003 = DIRECTION('',(0.,-1.));
#2004 = ( GEOMETRIC_REPRESENTATION_CONTEXT(2) 
PARAMETRIC_REPRESENTATION_CONTEXT() REPRESENTATION_CONTEXT('2D SPACE',''
  ) );
#2005 = PCURVE('',#1824,#2006);
#2006 = DEFINITIONAL_REPRESENTATION('',(#2007),#2011);
#2007 = LINE('',#2008,#2009);
#2008 = CARTESIAN_POINT('',(0.25,1.9));
#2009 = VECTOR('',#2010,1.);
#2010 = DIRECTION('',(-1.,0.));
#2011 = ( GEOMETRIC_REPRESENTATION_CONTEXT(2) 
PARAMETRIC_REPRESENTATION_CONTEXT() REPRESENTATION_CONTEXT('2D SPACE',''
  ) );
#2012 = ORIENTED_EDGE('',*,*,#1785,.T.);
#2013 = ORIENTED_EDGE('',*,*,#2014,.T.);
#2014 = EDGE_CURVE('',#1763,#1917,#2015,.T.);
#2015 = SURFACE_CURVE('',#2016,(#2020,#2027),.PCURVE_S1.);
#2016 = LINE('',#2017,#2018);
#2017 = CARTESIAN_POINT('',(13.1,7.,6.));
#2018 = VECTOR('',#2019,1.);
#2019 = DIRECTION('',(-1.,0.,0.));
#2020 = PCURVE('',#482,#2021);
#2021 = DEFINITIONAL_REPRESENTATION('',(#2022),#2026);
#2022 = LINE('',#2023,#2024);
#2023 = CARTESIAN_POINT('',(-3.,1.1));
#2024 = VECTOR('',#2025,1.);
#2025 = DIRECTION('',(0.,-1.));
#2026 = ( GEOMETRIC_REPRESENTATION_CONTEXT(2) 
PARAMETRIC_REPRESENTATION_CONTEXT() REPRESENTATION_CONTEXT('2D SPACE',''
  ) );
#2027 = PCURVE('',#867,#2028);
#2028 = DEFINITIONAL_REPRESENTATION('',(#2029),#2033);
#2029 = LINE('',#2030,#2031);
#2030 = CARTESIAN_POINT('',(-24.,14.));
#2031 = VECTOR('',#2032,1.);
#2032 = DIRECTION('',(1.,0.));
#2033 = ( GEOMETRIC_REPRESENTATION_CONTEXT(2) 
PARAMETRIC_REPRESENTATION_CONTEXT() REPRESENTATION_CONTEXT('2D SPACE',''
  ) );
#2034 = ADVANCED_FACE('',(#2035),#510,.F.);
#2035 = FACE_BOUND('',#2036,.F.);
#2036 = EDGE_LOOP('',(#2037,#2060,#2081,#2082));
#2037 = ORIENTED_EDGE('',*,*,#2038,.F.);
#2038 = EDGE_CURVE('',#2039,#1917,#2041,.T.);
#2039 = VERTEX_POINT('',#2040);
#2040 = CARTESIAN_POINT('',(10.9,-7.,6.));
#2041 = SURFACE_CURVE('',#2042,(#2046,#2053),.PCURVE_S1.);
#2042 = LINE('',#2043,#2044);
#2043 = CARTESIAN_POINT('',(10.9,-7.,6.));
#2044 = VECTOR('',#2045,1.);
#2045 = DIRECTION('',(0.,1.,0.));
#2046 = PCURVE('',#510,#2047);
#2047 = DEFINITIONAL_REPRESENTATION('',(#2048),#2052);
#2048 = LINE('',#2049,#2050);
#2049 = CARTESIAN_POINT('',(0.,0.));
#2050 = VECTOR('',#2051,1.);
#2051 = DIRECTION('',(0.,1.));
#2052 = ( GEOMETRIC_REPRESENTATION_CONTEXT(2) 
PARAMETRIC_REPRESENTATION_CONTEXT() REPRESENTATION_CONTEXT('2D SPACE',''
  ) );
#2053 = PCURVE('',#867,#2054);
#2054 = DEFINITIONAL_REPRESENTATION('',(#2055),#2059);
#2055 = LINE('',#2056,#2057);
#2056 = CARTESIAN_POINT('',(-21.8,0.));
#2057 = VECTOR('',#2058,1.);
#2058 = DIRECTION('',(0.,1.));
#2059 = ( GEOMETRIC_REPRESENTATION_CONTEXT(2) 
PARAMETRIC_REPRESENTATION_CONTEXT() REPRESENTATION_CONTEXT('2D SPACE',''
  ) );
#2060 = ORIENTED_EDGE('',*,*,#2061,.T.);
#2061 = EDGE_CURVE('',#2039,#495,#2062,.T.);
#2062 = SURFACE_CURVE('',#2063,(#2067,#2074),.PCURVE_S1.);
#2063 = LINE('',#2064,#2065);
#2064 = CARTESIAN_POINT('',(10.9,-7.,6.));
#2065 = VECTOR('',#2066,1.);
#2066 = DIRECTION('',(-0.,-0.,-1.));
#2067 = PCURVE('',#510,#2068);
#2068 = DEFINITIONAL_REPRESENTATION('',(#2069),#2073);
#2069 = LINE('',#2070,#2071);
#2070 = CARTESIAN_POINT('',(0.,0.));
#2071 = VECTOR('',#2072,1.);
#2072 = DIRECTION('',(1.,0.));
#2073 = ( GEOMETRIC_REPRESENTATION_CONTEXT(2) 
PARAMETRIC_REPRESENTATION_CONTEXT() REPRESENTATION_CONTEXT('2D SPACE',''
  ) );
#2074 = PCURVE('',#539,#2075);
#2075 = DEFINITIONAL_REPRESENTATION('',(#2076),#2080);
#2076 = LINE('',#2077,#2078);
#2077 = CARTESIAN_POINT('',(-3.14159265359,0.));
#2078 = VECTOR('',#2079,1.);
#2079 = DIRECTION('',(-0.,1.));
#2080 = ( GEOMETRIC_REPRESENTATION_CONTEXT(2) 
PARAMETRIC_REPRESENTATION_CONTEXT() REPRESENTATION_CONTEXT('2D SPACE',''
  ) );
#2081 = ORIENTED_EDGE('',*,*,#494,.T.);
#2082 = ORIENTED_EDGE('',*,*,#1916,.F.);
#2083 = ADVANCED_FACE('',(#2084),#539,.F.);
#2084 = FACE_BOUND('',#2085,.T.);
#2085 = EDGE_LOOP('',(#2086,#2114,#2115,#2116));
#2086 = ORIENTED_EDGE('',*,*,#2087,.T.);
#2087 = EDGE_CURVE('',#2088,#2039,#2090,.T.);
#2088 = VERTEX_POINT('',#2089);
#2089 = CARTESIAN_POINT('',(9.1,-7.,6.));
#2090 = SURFACE_CURVE('',#2091,(#2096,#2103),.PCURVE_S1.);
#2091 = CIRCLE('',#2092,0.9);
#2092 = AXIS2_PLACEMENT_3D('',#2093,#2094,#2095);
#2093 = CARTESIAN_POINT('',(10.,-7.,6.));
#2094 = DIRECTION('',(0.,0.,1.));
#2095 = DIRECTION('',(-1.,0.,0.));
#2096 = PCURVE('',#539,#2097);
#2097 = DEFINITIONAL_REPRESENTATION('',(#2098),#2102);
#2098 = LINE('',#2099,#2100);
#2099 = CARTESIAN_POINT('',(-0.,0.));
#2100 = VECTOR('',#2101,1.);
#2101 = DIRECTION('',(-1.,0.));
#2102 = ( GEOMETRIC_REPRESENTATION_CONTEXT(2) 
PARAMETRIC_REPRESENTATION_CONTEXT() REPRESENTATION_CONTEXT('2D SPACE',''
  ) );
#2103 = PCURVE('',#867,#2104);
#2104 = DEFINITIONAL_REPRESENTATION('',(#2105),#2113);
#2105 = ( BOUNDED_CURVE() B_SPLINE_CURVE(2,(#2106,#2107,#2108,#2109,
#2110,#2111,#2112),.UNSPECIFIED.,.T.,.F.) B_SPLINE_CURVE_WITH_KNOTS((1,2
    ,2,2,2,1),(-2.094395102393,0.,2.094395102393,4.188790204786,
6.28318530718,8.377580409573),.UNSPECIFIED.) CURVE() 
GEOMETRIC_REPRESENTATION_ITEM() RATIONAL_B_SPLINE_CURVE((1.,0.5,1.,0.5,
1.,0.5,1.)) REPRESENTATION_ITEM('') );
#2106 = CARTESIAN_POINT('',(-20.,0.));
#2107 = CARTESIAN_POINT('',(-20.,-1.558845726812));
#2108 = CARTESIAN_POINT('',(-21.35,-0.779422863406));
#2109 = CARTESIAN_POINT('',(-22.7,-2.204364238465E-16));
#2110 = CARTESIAN_POINT('',(-21.35,0.779422863406));
#2111 = CARTESIAN_POINT('',(-20.,1.558845726812));
#2112 = CARTESIAN_POINT('',(-20.,0.));
#2113 = ( GEOMETRIC_REPRESENTATION_CONTEXT(2) 
PARAMETRIC_REPRESENTATION_CONTEXT() REPRESENTATION_CONTEXT('2D SPACE',''
  ) );
#2114 = ORIENTED_EDGE('',*,*,#2061,.T.);
#2115 = ORIENTED_EDGE('',*,*,#522,.F.);
#2116 = ORIENTED_EDGE('',*,*,#2117,.F.);
#2117 = EDGE_CURVE('',#2088,#523,#2118,.T.);
#2118 = SURFACE_CURVE('',#2119,(#2123,#2130),.PCURVE_S1.);
#2119 = LINE('',#2120,#2121);
#2120 = CARTESIAN_POINT('',(9.1,-7.,6.));
#2121 = VECTOR('',#2122,1.);
#2122 = DIRECTION('',(0.,-0.,-1.));
#2123 = PCURVE('',#539,#2124);
#2124 = DEFINITIONAL_REPRESENTATION('',(#2125),#2129);
#2125 = LINE('',#2126,#2127);
#2126 = CARTESIAN_POINT('',(-0.,0.));
#2127 = VECTOR('',#2128,1.);
#2128 = DIRECTION('',(-0.,1.));
#2129 = ( GEOMETRIC_REPRESENTATION_CONTEXT(2) 
PARAMETRIC_REPRESENTATION_CONTEXT() REPRESENTATION_CONTEXT('2D SPACE',''
  ) );
#2130 = PCURVE('',#567,#2131);
#2131 = DEFINITIONAL_REPRESENTATION('',(#2132),#2136);
#2132 = LINE('',#2133,#2134);
#2133 = CARTESIAN_POINT('',(0.,14.));
#2134 = VECTOR('',#2135,1.);
#2135 = DIRECTION('',(1.,0.));
#2136 = ( GEOMETRIC_REPRESENTATION_CONTEXT(2) 
PARAMETRIC_REPRESENTATION_CONTEXT() REPRESENTATION_CONTEXT('2D SPACE',''
  ) );
#2137 = ADVANCED_FACE('',(#2138),#567,.F.);
#2138 = FACE_BOUND('',#2139,.F.);
#2139 = EDGE_LOOP('',(#2140,#2163,#2184,#2185));
#2140 = ORIENTED_EDGE('',*,*,#2141,.F.);
#2141 = EDGE_CURVE('',#2142,#2088,#2144,.T.);
#2142 = VERTEX_POINT('',#2143);
#2143 = CARTESIAN_POINT('',(9.1,7.,6.));
#2144 = SURFACE_CURVE('',#2145,(#2149,#2156),.PCURVE_S1.);
#2145 = LINE('',#2146,#2147);
#2146 = CARTESIAN_POINT('',(9.1,7.,6.));
#2147 = VECTOR('',#2148,1.);
#2148 = DIRECTION('',(1.224646799147E-16,-1.,0.));
#2149 = PCURVE('',#567,#2150);
#2150 = DEFINITIONAL_REPRESENTATION('',(#2151),#2155);
#2151 = LINE('',#2152,#2153);
#2152 = CARTESIAN_POINT('',(0.,0.));
#2153 = VECTOR('',#2154,1.);
#2154 = DIRECTION('',(0.,1.));
#2155 = ( GEOMETRIC_REPRESENTATION_CONTEXT(2) 
PARAMETRIC_REPRESENTATION_CONTEXT() REPRESENTATION_CONTEXT('2D SPACE',''
  ) );
#2156 = PCURVE('',#867,#2157);
#2157 = DEFINITIONAL_REPRESENTATION('',(#2158),#2162);
#2158 = LINE('',#2159,#2160);
#2159 = CARTESIAN_POINT('',(-20.,14.));
#2160 = VECTOR('',#2161,1.);
#2161 = DIRECTION('',(-1.224646799147E-16,-1.));
#2162 = ( GEOMETRIC_REPRESENTATION_CONTEXT(2) 
PARAMETRIC_REPRESENTATION_CONTEXT() REPRESENTATION_CONTEXT('2D SPACE',''
  ) );
#2163 = ORIENTED_EDGE('',*,*,#2164,.T.);
#2164 = EDGE_CURVE('',#2142,#552,#2165,.T.);
#2165 = SURFACE_CURVE('',#2166,(#2170,#2177),.PCURVE_S1.);
#2166 = LINE('',#2167,#2168);
#2167 = CARTESIAN_POINT('',(9.1,7.,6.));
#2168 = VECTOR('',#2169,1.);
#2169 = DIRECTION('',(0.,0.,-1.));
#2170 = PCURVE('',#567,#2171);
#2171 = DEFINITIONAL_REPRESENTATION('',(#2172),#2176);
#2172 = LINE('',#2173,#2174);
#2173 = CARTESIAN_POINT('',(0.,0.));
#2174 = VECTOR('',#2175,1.);
#2175 = DIRECTION('',(1.,0.));
#2176 = ( GEOMETRIC_REPRESENTATION_CONTEXT(2) 
PARAMETRIC_REPRESENTATION_CONTEXT() REPRESENTATION_CONTEXT('2D SPACE',''
  ) );
#2177 = PCURVE('',#600,#2178);
#2178 = DEFINITIONAL_REPRESENTATION('',(#2179),#2183);
#2179 = LINE('',#2180,#2181);
#2180 = CARTESIAN_POINT('',(3.14159265359,0.));
#2181 = VECTOR('',#2182,1.);
#2182 = DIRECTION('',(0.,1.));
#2183 = ( GEOMETRIC_REPRESENTATION_CONTEXT(2) 
PARAMETRIC_REPRESENTATION_CONTEXT() REPRESENTATION_CONTEXT('2D SPACE',''
  ) );
#2184 = ORIENTED_EDGE('',*,*,#551,.T.);
#2185 = ORIENTED_EDGE('',*,*,#2117,.F.);
#2186 = ADVANCED_FACE('',(#2187),#600,.T.);
#2187 = FACE_BOUND('',#2188,.T.);
#2188 = EDGE_LOOP('',(#2189,#2213,#2214,#2215));
#2189 = ORIENTED_EDGE('',*,*,#2190,.T.);
#2190 = EDGE_CURVE('',#2191,#2142,#2193,.T.);
#2191 = VERTEX_POINT('',#2192);
#2192 = CARTESIAN_POINT('',(2.9,7.,6.));
#2193 = SURFACE_CURVE('',#2194,(#2199,#2206),.PCURVE_S1.);
#2194 = CIRCLE('',#2195,3.1);
#2195 = AXIS2_PLACEMENT_3D('',#2196,#2197,#2198);
#2196 = CARTESIAN_POINT('',(6.,7.,6.));
#2197 = DIRECTION('',(0.,0.,-1.));
#2198 = DIRECTION('',(-1.,0.,0.));
#2199 = PCURVE('',#600,#2200);
#2200 = DEFINITIONAL_REPRESENTATION('',(#2201),#2205);
#2201 = LINE('',#2202,#2203);
#2202 = CARTESIAN_POINT('',(0.,0.));
#2203 = VECTOR('',#2204,1.);
#2204 = DIRECTION('',(1.,0.));
#2205 = ( GEOMETRIC_REPRESENTATION_CONTEXT(2) 
PARAMETRIC_REPRESENTATION_CONTEXT() REPRESENTATION_CONTEXT('2D SPACE',''
  ) );
#2206 = PCURVE('',#867,#2207);
#2207 = DEFINITIONAL_REPRESENTATION('',(#2208),#2212);
#2208 = CIRCLE('',#2209,3.1);
#2209 = AXIS2_PLACEMENT_2D('',#2210,#2211);
#2210 = CARTESIAN_POINT('',(-16.9,14.));
#2211 = DIRECTION('',(1.,0.));
#2212 = ( GEOMETRIC_REPRESENTATION_CONTEXT(2) 
PARAMETRIC_REPRESENTATION_CONTEXT() REPRESENTATION_CONTEXT('2D SPACE',''
  ) );
#2213 = ORIENTED_EDGE('',*,*,#2164,.T.);
#2214 = ORIENTED_EDGE('',*,*,#579,.F.);
#2215 = ORIENTED_EDGE('',*,*,#2216,.F.);
#2216 = EDGE_CURVE('',#2191,#580,#2217,.T.);
#2217 = SURFACE_CURVE('',#2218,(#2222,#2229),.PCURVE_S1.);
#2218 = LINE('',#2219,#2220);
#2219 = CARTESIAN_POINT('',(2.9,7.,6.));
#2220 = VECTOR('',#2221,1.);
#2221 = DIRECTION('',(0.,0.,-1.));
#2222 = PCURVE('',#600,#2223);
#2223 = DEFINITIONAL_REPRESENTATION('',(#2224),#2228);
#2224 = LINE('',#2225,#2226);
#2225 = CARTESIAN_POINT('',(0.,0.));
#2226 = VECTOR('',#2227,1.);
#2227 = DIRECTION('',(0.,1.));
#2228 = ( GEOMETRIC_REPRESENTATION_CONTEXT(2) 
PARAMETRIC_REPRESENTATION_CONTEXT() REPRESENTATION_CONTEXT('2D SPACE',''
  ) );
#2229 = PCURVE('',#628,#2230);
#2230 = DEFINITIONAL_REPRESENTATION('',(#2231),#2235);
#2231 = LINE('',#2232,#2233);
#2232 = CARTESIAN_POINT('',(0.,14.));
#2233 = VECTOR('',#2234,1.);
#2234 = DIRECTION('',(1.,0.));
#2235 = ( GEOMETRIC_REPRESENTATION_CONTEXT(2) 
PARAMETRIC_REPRESENTATION_CONTEXT() REPRESENTATION_CONTEXT('2D SPACE',''
  ) );
#2236 = ADVANCED_FACE('',(#2237),#628,.F.);
#2237 = FACE_BOUND('',#2238,.F.);
#2238 = EDGE_LOOP('',(#2239,#2262,#2283,#2284));
#2239 = ORIENTED_EDGE('',*,*,#2240,.F.);
#2240 = EDGE_CURVE('',#2241,#2191,#2243,.T.);
#2241 = VERTEX_POINT('',#2242);
#2242 = CARTESIAN_POINT('',(2.9,-7.,6.));
#2243 = SURFACE_CURVE('',#2244,(#2248,#2255),.PCURVE_S1.);
#2244 = LINE('',#2245,#2246);
#2245 = CARTESIAN_POINT('',(2.9,-7.,6.));
#2246 = VECTOR('',#2247,1.);
#2247 = DIRECTION('',(0.,1.,0.));
#2248 = PCURVE('',#628,#2249);
#2249 = DEFINITIONAL_REPRESENTATION('',(#2250),#2254);
#2250 = LINE('',#2251,#2252);
#2251 = CARTESIAN_POINT('',(0.,0.));
#2252 = VECTOR('',#2253,1.);
#2253 = DIRECTION('',(0.,1.));
#2254 = ( GEOMETRIC_REPRESENTATION_CONTEXT(2) 
PARAMETRIC_REPRESENTATION_CONTEXT() REPRESENTATION_CONTEXT('2D SPACE',''
  ) );
#2255 = PCURVE('',#867,#2256);
#2256 = DEFINITIONAL_REPRESENTATION('',(#2257),#2261);
#2257 = LINE('',#2258,#2259);
#2258 = CARTESIAN_POINT('',(-13.8,0.));
#2259 = VECTOR('',#2260,1.);
#2260 = DIRECTION('',(0.,1.));
#2261 = ( GEOMETRIC_REPRESENTATION_CONTEXT(2) 
PARAMETRIC_REPRESENTATION_CONTEXT() REPRESENTATION_CONTEXT('2D SPACE',''
  ) );
#2262 = ORIENTED_EDGE('',*,*,#2263,.T.);
#2263 = EDGE_CURVE('',#2241,#613,#2264,.T.);
#2264 = SURFACE_CURVE('',#2265,(#2269,#2276),.PCURVE_S1.);
#2265 = LINE('',#2266,#2267);
#2266 = CARTESIAN_POINT('',(2.9,-7.,6.));
#2267 = VECTOR('',#2268,1.);
#2268 = DIRECTION('',(-0.,-0.,-1.));
#2269 = PCURVE('',#628,#2270);
#2270 = DEFINITIONAL_REPRESENTATION('',(#2271),#2275);
#2271 = LINE('',#2272,#2273);
#2272 = CARTESIAN_POINT('',(0.,0.));
#2273 = VECTOR('',#2274,1.);
#2274 = DIRECTION('',(1.,0.));
#2275 = ( GEOMETRIC_REPRESENTATION_CONTEXT(2) 
PARAMETRIC_REPRESENTATION_CONTEXT() REPRESENTATION_CONTEXT('2D SPACE',''
  ) );
#2276 = PCURVE('',#657,#2277);
#2277 = DEFINITIONAL_REPRESENTATION('',(#2278),#2282);
#2278 = LINE('',#2279,#2280);
#2279 = CARTESIAN_POINT('',(-3.14159265359,0.));
#2280 = VECTOR('',#2281,1.);
#2281 = DIRECTION('',(-0.,1.));
#2282 = ( GEOMETRIC_REPRESENTATION_CONTEXT(2) 
PARAMETRIC_REPRESENTATION_CONTEXT() REPRESENTATION_CONTEXT('2D SPACE',''
  ) );
#2283 = ORIENTED_EDGE('',*,*,#612,.T.);
#2284 = ORIENTED_EDGE('',*,*,#2216,.F.);
#2285 = ADVANCED_FACE('',(#2286),#657,.F.);
#2286 = FACE_BOUND('',#2287,.T.);
#2287 = EDGE_LOOP('',(#2288,#2316,#2317,#2318));
#2288 = ORIENTED_EDGE('',*,*,#2289,.T.);
#2289 = EDGE_CURVE('',#2290,#2241,#2292,.T.);
#2290 = VERTEX_POINT('',#2291);
#2291 = CARTESIAN_POINT('',(1.1,-7.,6.));
#2292 = SURFACE_CURVE('',#2293,(#2298,#2305),.PCURVE_S1.);
#2293 = CIRCLE('',#2294,0.9);
#2294 = AXIS2_PLACEMENT_3D('',#2295,#2296,#2297);
#2295 = CARTESIAN_POINT('',(2.,-7.,6.));
#2296 = DIRECTION('',(0.,0.,1.));
#2297 = DIRECTION('',(-1.,0.,0.));
#2298 = PCURVE('',#657,#2299);
#2299 = DEFINITIONAL_REPRESENTATION('',(#2300),#2304);
#2300 = LINE('',#2301,#2302);
#2301 = CARTESIAN_POINT('',(-0.,0.));
#2302 = VECTOR('',#2303,1.);
#2303 = DIRECTION('',(-1.,0.));
#2304 = ( GEOMETRIC_REPRESENTATION_CONTEXT(2) 
PARAMETRIC_REPRESENTATION_CONTEXT() REPRESENTATION_CONTEXT('2D SPACE',''
  ) );
#2305 = PCURVE('',#867,#2306);
#2306 = DEFINITIONAL_REPRESENTATION('',(#2307),#2315);
#2307 = ( BOUNDED_CURVE() B_SPLINE_CURVE(2,(#2308,#2309,#2310,#2311,
#2312,#2313,#2314),.UNSPECIFIED.,.T.,.F.) B_SPLINE_CURVE_WITH_KNOTS((1,2
    ,2,2,2,1),(-2.094395102393,0.,2.094395102393,4.188790204786,
6.28318530718,8.377580409573),.UNSPECIFIED.) CURVE() 
GEOMETRIC_REPRESENTATION_ITEM() RATIONAL_B_SPLINE_CURVE((1.,0.5,1.,0.5,
1.,0.5,1.)) REPRESENTATION_ITEM('') );
#2308 = CARTESIAN_POINT('',(-12.,0.));
#2309 = CARTESIAN_POINT('',(-12.,-1.558845726812));
#2310 = CARTESIAN_POINT('',(-13.35,-0.779422863406));
#2311 = CARTESIAN_POINT('',(-14.7,-2.204364238465E-16));
#2312 = CARTESIAN_POINT('',(-13.35,0.779422863406));
#2313 = CARTESIAN_POINT('',(-12.,1.558845726812));
#2314 = CARTESIAN_POINT('',(-12.,0.));
#2315 = ( GEOMETRIC_REPRESENTATION_CONTEXT(2) 
PARAMETRIC_REPRESENTATION_CONTEXT() REPRESENTATION_CONTEXT('2D SPACE',''
  ) );
#2316 = ORIENTED_EDGE('',*,*,#2263,.T.);
#2317 = ORIENTED_EDGE('',*,*,#640,.F.);
#2318 = ORIENTED_EDGE('',*,*,#2319,.F.);
#2319 = EDGE_CURVE('',#2290,#641,#2320,.T.);
#2320 = SURFACE_CURVE('',#2321,(#2325,#2332),.PCURVE_S1.);
#2321 = LINE('',#2322,#2323);
#2322 = CARTESIAN_POINT('',(1.1,-7.,6.));
#2323 = VECTOR('',#2324,1.);
#2324 = DIRECTION('',(0.,0.,-1.));
#2325 = PCURVE('',#657,#2326);
#2326 = DEFINITIONAL_REPRESENTATION('',(#2327),#2331);
#2327 = LINE('',#2328,#2329);
#2328 = CARTESIAN_POINT('',(-0.,0.));
#2329 = VECTOR('',#2330,1.);
#2330 = DIRECTION('',(-0.,1.));
#2331 = ( GEOMETRIC_REPRESENTATION_CONTEXT(2) 
PARAMETRIC_REPRESENTATION_CONTEXT() REPRESENTATION_CONTEXT('2D SPACE',''
  ) );
#2332 = PCURVE('',#685,#2333);
#2333 = DEFINITIONAL_REPRESENTATION('',(#2334),#2338);
#2334 = LINE('',#2335,#2336);
#2335 = CARTESIAN_POINT('',(-0.,14.));
#2336 = VECTOR('',#2337,1.);
#2337 = DIRECTION('',(1.,0.));
#2338 = ( GEOMETRIC_REPRESENTATION_CONTEXT(2) 
PARAMETRIC_REPRESENTATION_CONTEXT() REPRESENTATION_CONTEXT('2D SPACE',''
  ) );
#2339 = ADVANCED_FACE('',(#2340),#685,.F.);
#2340 = FACE_BOUND('',#2341,.F.);
#2341 = EDGE_LOOP('',(#2342,#2365,#2386,#2387));
#2342 = ORIENTED_EDGE('',*,*,#2343,.F.);
#2343 = EDGE_CURVE('',#2344,#2290,#2346,.T.);
#2344 = VERTEX_POINT('',#2345);
#2345 = CARTESIAN_POINT('',(1.1,7.,6.));
#2346 = SURFACE_CURVE('',#2347,(#2351,#2358),.PCURVE_S1.);
#2347 = LINE('',#2348,#2349);
#2348 = CARTESIAN_POINT('',(1.1,7.,6.));
#2349 = VECTOR('',#2350,1.);
#2350 = DIRECTION('',(1.224646799147E-16,-1.,0.));
#2351 = PCURVE('',#685,#2352);
#2352 = DEFINITIONAL_REPRESENTATION('',(#2353),#2357);
#2353 = LINE('',#2354,#2355);
#2354 = CARTESIAN_POINT('',(0.,-0.));
#2355 = VECTOR('',#2356,1.);
#2356 = DIRECTION('',(-0.,1.));
#2357 = ( GEOMETRIC_REPRESENTATION_CONTEXT(2) 
PARAMETRIC_REPRESENTATION_CONTEXT() REPRESENTATION_CONTEXT('2D SPACE',''
  ) );
#2358 = PCURVE('',#867,#2359);
#2359 = DEFINITIONAL_REPRESENTATION('',(#2360),#2364);
#2360 = LINE('',#2361,#2362);
#2361 = CARTESIAN_POINT('',(-12.,14.));
#2362 = VECTOR('',#2363,1.);
#2363 = DIRECTION('',(-1.224646799147E-16,-1.));
#2364 = ( GEOMETRIC_REPRESENTATION_CONTEXT(2) 
PARAMETRIC_REPRESENTATION_CONTEXT() REPRESENTATION_CONTEXT('2D SPACE',''
  ) );
#2365 = ORIENTED_EDGE('',*,*,#2366,.T.);
#2366 = EDGE_CURVE('',#2344,#670,#2367,.T.);
#2367 = SURFACE_CURVE('',#2368,(#2372,#2379),.PCURVE_S1.);
#2368 = LINE('',#2369,#2370);
#2369 = CARTESIAN_POINT('',(1.1,7.,6.));
#2370 = VECTOR('',#2371,1.);
#2371 = DIRECTION('',(0.,0.,-1.));
#2372 = PCURVE('',#685,#2373);
#2373 = DEFINITIONAL_REPRESENTATION('',(#2374),#2378);
#2374 = LINE('',#2375,#2376);
#2375 = CARTESIAN_POINT('',(0.,-0.));
#2376 = VECTOR('',#2377,1.);
#2377 = DIRECTION('',(1.,0.));
#2378 = ( GEOMETRIC_REPRESENTATION_CONTEXT(2) 
PARAMETRIC_REPRESENTATION_CONTEXT() REPRESENTATION_CONTEXT('2D SPACE',''
  ) );
#2379 = PCURVE('',#718,#2380);
#2380 = DEFINITIONAL_REPRESENTATION('',(#2381),#2385);
#2381 = LINE('',#2382,#2383);
#2382 = CARTESIAN_POINT('',(3.14159265359,0.));
#2383 = VECTOR('',#2384,1.);
#2384 = DIRECTION('',(0.,1.));
#2385 = ( GEOMETRIC_REPRESENTATION_CONTEXT(2) 
PARAMETRIC_REPRESENTATION_CONTEXT() REPRESENTATION_CONTEXT('2D SPACE',''
  ) );
#2386 = ORIENTED_EDGE('',*,*,#669,.T.);
#2387 = ORIENTED_EDGE('',*,*,#2319,.F.);
#2388 = ADVANCED_FACE('',(#2389),#718,.T.);
#2389 = FACE_BOUND('',#2390,.T.);
#2390 = EDGE_LOOP('',(#2391,#2415,#2416,#2417));
#2391 = ORIENTED_EDGE('',*,*,#2392,.T.);
#2392 = EDGE_CURVE('',#2393,#2344,#2395,.T.);
#2393 = VERTEX_POINT('',#2394);
#2394 = CARTESIAN_POINT('',(-5.1,7.,6.));
#2395 = SURFACE_CURVE('',#2396,(#2401,#2408),.PCURVE_S1.);
#2396 = CIRCLE('',#2397,3.1);
#2397 = AXIS2_PLACEMENT_3D('',#2398,#2399,#2400);
#2398 = CARTESIAN_POINT('',(-2.,7.,6.));
#2399 = DIRECTION('',(0.,0.,-1.));
#2400 = DIRECTION('',(-1.,0.,0.));
#2401 = PCURVE('',#718,#2402);
#2402 = DEFINITIONAL_REPRESENTATION('',(#2403),#2407);
#2403 = LINE('',#2404,#2405);
#2404 = CARTESIAN_POINT('',(0.,0.));
#2405 = VECTOR('',#2406,1.);
#2406 = DIRECTION('',(1.,0.));
#2407 = ( GEOMETRIC_REPRESENTATION_CONTEXT(2) 
PARAMETRIC_REPRESENTATION_CONTEXT() REPRESENTATION_CONTEXT('2D SPACE',''
  ) );
#2408 = PCURVE('',#867,#2409);
#2409 = DEFINITIONAL_REPRESENTATION('',(#2410),#2414);
#2410 = CIRCLE('',#2411,3.1);
#2411 = AXIS2_PLACEMENT_2D('',#2412,#2413);
#2412 = CARTESIAN_POINT('',(-8.9,14.));
#2413 = DIRECTION('',(1.,0.));
#2414 = ( GEOMETRIC_REPRESENTATION_CONTEXT(2) 
PARAMETRIC_REPRESENTATION_CONTEXT() REPRESENTATION_CONTEXT('2D SPACE',''
  ) );
#2415 = ORIENTED_EDGE('',*,*,#2366,.T.);
#2416 = ORIENTED_EDGE('',*,*,#697,.F.);
#2417 = ORIENTED_EDGE('',*,*,#2418,.F.);
#2418 = EDGE_CURVE('',#2393,#698,#2419,.T.);
#2419 = SURFACE_CURVE('',#2420,(#2424,#2431),.PCURVE_S1.);
#2420 = LINE('',#2421,#2422);
#2421 = CARTESIAN_POINT('',(-5.1,7.,6.));
#2422 = VECTOR('',#2423,1.);
#2423 = DIRECTION('',(0.,0.,-1.));
#2424 = PCURVE('',#718,#2425);
#2425 = DEFINITIONAL_REPRESENTATION('',(#2426),#2430);
#2426 = LINE('',#2427,#2428);
#2427 = CARTESIAN_POINT('',(0.,0.));
#2428 = VECTOR('',#2429,1.);
#2429 = DIRECTION('',(0.,1.));
#2430 = ( GEOMETRIC_REPRESENTATION_CONTEXT(2) 
PARAMETRIC_REPRESENTATION_CONTEXT() REPRESENTATION_CONTEXT('2D SPACE',''
  ) );
#2431 = PCURVE('',#746,#2432);
#2432 = DEFINITIONAL_REPRESENTATION('',(#2433),#2437);
#2433 = LINE('',#2434,#2435);
#2434 = CARTESIAN_POINT('',(0.,14.));
#2435 = VECTOR('',#2436,1.);
#2436 = DIRECTION('',(1.,0.));
#2437 = ( GEOMETRIC_REPRESENTATION_CONTEXT(2) 
PARAMETRIC_REPRESENTATION_CONTEXT() REPRESENTATION_CONTEXT('2D SPACE',''
  ) );
#2438 = ADVANCED_FACE('',(#2439),#746,.F.);
#2439 = FACE_BOUND('',#2440,.F.);
#2440 = EDGE_LOOP('',(#2441,#2464,#2485,#2486));
#2441 = ORIENTED_EDGE('',*,*,#2442,.F.);
#2442 = EDGE_CURVE('',#2443,#2393,#2445,.T.);
#2443 = VERTEX_POINT('',#2444);
#2444 = CARTESIAN_POINT('',(-5.1,-7.,6.));
#2445 = SURFACE_CURVE('',#2446,(#2450,#2457),.PCURVE_S1.);
#2446 = LINE('',#2447,#2448);
#2447 = CARTESIAN_POINT('',(-5.1,-7.,6.));
#2448 = VECTOR('',#2449,1.);
#2449 = DIRECTION('',(0.,1.,0.));
#2450 = PCURVE('',#746,#2451);
#2451 = DEFINITIONAL_REPRESENTATION('',(#2452),#2456);
#2452 = LINE('',#2453,#2454);
#2453 = CARTESIAN_POINT('',(0.,0.));
#2454 = VECTOR('',#2455,1.);
#2455 = DIRECTION('',(0.,1.));
#2456 = ( GEOMETRIC_REPRESENTATION_CONTEXT(2) 
PARAMETRIC_REPRESENTATION_CONTEXT() REPRESENTATION_CONTEXT('2D SPACE',''
  ) );
#2457 = PCURVE('',#867,#2458);
#2458 = DEFINITIONAL_REPRESENTATION('',(#2459),#2463);
#2459 = LINE('',#2460,#2461);
#2460 = CARTESIAN_POINT('',(-5.8,0.));
#2461 = VECTOR('',#2462,1.);
#2462 = DIRECTION('',(0.,1.));
#2463 = ( GEOMETRIC_REPRESENTATION_CONTEXT(2) 
PARAMETRIC_REPRESENTATION_CONTEXT() REPRESENTATION_CONTEXT('2D SPACE',''
  ) );
#2464 = ORIENTED_EDGE('',*,*,#2465,.T.);
#2465 = EDGE_CURVE('',#2443,#731,#2466,.T.);
#2466 = SURFACE_CURVE('',#2467,(#2471,#2478),.PCURVE_S1.);
#2467 = LINE('',#2468,#2469);
#2468 = CARTESIAN_POINT('',(-5.1,-7.,6.));
#2469 = VECTOR('',#2470,1.);
#2470 = DIRECTION('',(-0.,-0.,-1.));
#2471 = PCURVE('',#746,#2472);
#2472 = DEFINITIONAL_REPRESENTATION('',(#2473),#2477);
#2473 = LINE('',#2474,#2475);
#2474 = CARTESIAN_POINT('',(0.,0.));
#2475 = VECTOR('',#2476,1.);
#2476 = DIRECTION('',(1.,0.));
#2477 = ( GEOMETRIC_REPRESENTATION_CONTEXT(2) 
PARAMETRIC_REPRESENTATION_CONTEXT() REPRESENTATION_CONTEXT('2D SPACE',''
  ) );
#2478 = PCURVE('',#775,#2479);
#2479 = DEFINITIONAL_REPRESENTATION('',(#2480),#2484);
#2480 = LINE('',#2481,#2482);
#2481 = CARTESIAN_POINT('',(-3.14159265359,0.));
#2482 = VECTOR('',#2483,1.);
#2483 = DIRECTION('',(-0.,1.));
#2484 = ( GEOMETRIC_REPRESENTATION_CONTEXT(2) 
PARAMETRIC_REPRESENTATION_CONTEXT() REPRESENTATION_CONTEXT('2D SPACE',''
  ) );
#2485 = ORIENTED_EDGE('',*,*,#730,.T.);
#2486 = ORIENTED_EDGE('',*,*,#2418,.F.);
#2487 = ADVANCED_FACE('',(#2488),#775,.F.);
#2488 = FACE_BOUND('',#2489,.T.);
#2489 = EDGE_LOOP('',(#2490,#2518,#2519,#2520));
#2490 = ORIENTED_EDGE('',*,*,#2491,.T.);
#2491 = EDGE_CURVE('',#2492,#2443,#2494,.T.);
#2492 = VERTEX_POINT('',#2493);
#2493 = CARTESIAN_POINT('',(-6.9,-7.,6.));
#2494 = SURFACE_CURVE('',#2495,(#2500,#2507),.PCURVE_S1.);
#2495 = CIRCLE('',#2496,0.9);
#2496 = AXIS2_PLACEMENT_3D('',#2497,#2498,#2499);
#2497 = CARTESIAN_POINT('',(-6.,-7.,6.));
#2498 = DIRECTION('',(0.,0.,1.));
#2499 = DIRECTION('',(-1.,0.,0.));
#2500 = PCURVE('',#775,#2501);
#2501 = DEFINITIONAL_REPRESENTATION('',(#2502),#2506);
#2502 = LINE('',#2503,#2504);
#2503 = CARTESIAN_POINT('',(-0.,0.));
#2504 = VECTOR('',#2505,1.);
#2505 = DIRECTION('',(-1.,0.));
#2506 = ( GEOMETRIC_REPRESENTATION_CONTEXT(2) 
PARAMETRIC_REPRESENTATION_CONTEXT() REPRESENTATION_CONTEXT('2D SPACE',''
  ) );
#2507 = PCURVE('',#867,#2508);
#2508 = DEFINITIONAL_REPRESENTATION('',(#2509),#2517);
#2509 = ( BOUNDED_CURVE() B_SPLINE_CURVE(2,(#2510,#2511,#2512,#2513,
#2514,#2515,#2516),.UNSPECIFIED.,.T.,.F.) B_SPLINE_CURVE_WITH_KNOTS((1,2
    ,2,2,2,1),(-2.094395102393,0.,2.094395102393,4.188790204786,
6.28318530718,8.377580409573),.UNSPECIFIED.) CURVE() 
GEOMETRIC_REPRESENTATION_ITEM() RATIONAL_B_SPLINE_CURVE((1.,0.5,1.,0.5,
1.,0.5,1.)) REPRESENTATION_ITEM('') );
#2510 = CARTESIAN_POINT('',(-4.,0.));
#2511 = CARTESIAN_POINT('',(-4.,-1.558845726812));
#2512 = CARTESIAN_POINT('',(-5.35,-0.779422863406));
#2513 = CARTESIAN_POINT('',(-6.7,-2.204364238465E-16));
#2514 = CARTESIAN_POINT('',(-5.35,0.779422863406));
#2515 = CARTESIAN_POINT('',(-4.,1.558845726812));
#2516 = CARTESIAN_POINT('',(-4.,0.));
#2517 = ( GEOMETRIC_REPRESENTATION_CONTEXT(2) 
PARAMETRIC_REPRESENTATION_CONTEXT() REPRESENTATION_CONTEXT('2D SPACE',''
  ) );
#2518 = ORIENTED_EDGE('',*,*,#2465,.T.);
#2519 = ORIENTED_EDGE('',*,*,#758,.F.);
#2520 = ORIENTED_EDGE('',*,*,#2521,.F.);
#2521 = EDGE_CURVE('',#2492,#759,#2522,.T.);
#2522 = SURFACE_CURVE('',#2523,(#2527,#2534),.PCURVE_S1.);
#2523 = LINE('',#2524,#2525);
#2524 = CARTESIAN_POINT('',(-6.9,-7.,6.));
#2525 = VECTOR('',#2526,1.);
#2526 = DIRECTION('',(0.,-0.,-1.));
#2527 = PCURVE('',#775,#2528);
#2528 = DEFINITIONAL_REPRESENTATION('',(#2529),#2533);
#2529 = LINE('',#2530,#2531);
#2530 = CARTESIAN_POINT('',(-0.,0.));
#2531 = VECTOR('',#2532,1.);
#2532 = DIRECTION('',(-0.,1.));
#2533 = ( GEOMETRIC_REPRESENTATION_CONTEXT(2) 
PARAMETRIC_REPRESENTATION_CONTEXT() REPRESENTATION_CONTEXT('2D SPACE',''
  ) );
#2534 = PCURVE('',#803,#2535);
#2535 = DEFINITIONAL_REPRESENTATION('',(#2536),#2540);
#2536 = LINE('',#2537,#2538);
#2537 = CARTESIAN_POINT('',(0.,14.));
#2538 = VECTOR('',#2539,1.);
#2539 = DIRECTION('',(1.,0.));
#2540 = ( GEOMETRIC_REPRESENTATION_CONTEXT(2) 
PARAMETRIC_REPRESENTATION_CONTEXT() REPRESENTATION_CONTEXT('2D SPACE',''
  ) );
#2541 = ADVANCED_FACE('',(#2542),#803,.F.);
#2542 = FACE_BOUND('',#2543,.F.);
#2543 = EDGE_LOOP('',(#2544,#2567,#2588,#2589));
#2544 = ORIENTED_EDGE('',*,*,#2545,.F.);
#2545 = EDGE_CURVE('',#2546,#2492,#2548,.T.);
#2546 = VERTEX_POINT('',#2547);
#2547 = CARTESIAN_POINT('',(-6.9,7.,6.));
#2548 = SURFACE_CURVE('',#2549,(#2553,#2560),.PCURVE_S1.);
#2549 = LINE('',#2550,#2551);
#2550 = CARTESIAN_POINT('',(-6.9,7.,6.));
#2551 = VECTOR('',#2552,1.);
#2552 = DIRECTION('',(1.224646799147E-16,-1.,0.));
#2553 = PCURVE('',#803,#2554);
#2554 = DEFINITIONAL_REPRESENTATION('',(#2555),#2559);
#2555 = LINE('',#2556,#2557);
#2556 = CARTESIAN_POINT('',(0.,0.));
#2557 = VECTOR('',#2558,1.);
#2558 = DIRECTION('',(0.,1.));
#2559 = ( GEOMETRIC_REPRESENTATION_CONTEXT(2) 
PARAMETRIC_REPRESENTATION_CONTEXT() REPRESENTATION_CONTEXT('2D SPACE',''
  ) );
#2560 = PCURVE('',#867,#2561);
#2561 = DEFINITIONAL_REPRESENTATION('',(#2562),#2566);
#2562 = LINE('',#2563,#2564);
#2563 = CARTESIAN_POINT('',(-4.,14.));
#2564 = VECTOR('',#2565,1.);
#2565 = DIRECTION('',(-1.224646799147E-16,-1.));
#2566 = ( GEOMETRIC_REPRESENTATION_CONTEXT(2) 
PARAMETRIC_REPRESENTATION_CONTEXT() REPRESENTATION_CONTEXT('2D SPACE',''
  ) );
#2567 = ORIENTED_EDGE('',*,*,#2568,.T.);
#2568 = EDGE_CURVE('',#2546,#788,#2569,.T.);
#2569 = SURFACE_CURVE('',#2570,(#2574,#2581),.PCURVE_S1.);
#2570 = LINE('',#2571,#2572);
#2571 = CARTESIAN_POINT('',(-6.9,7.,6.));
#2572 = VECTOR('',#2573,1.);
#2573 = DIRECTION('',(0.,0.,-1.));
#2574 = PCURVE('',#803,#2575);
#2575 = DEFINITIONAL_REPRESENTATION('',(#2576),#2580);
#2576 = LINE('',#2577,#2578);
#2577 = CARTESIAN_POINT('',(0.,0.));
#2578 = VECTOR('',#2579,1.);
#2579 = DIRECTION('',(1.,0.));
#2580 = ( GEOMETRIC_REPRESENTATION_CONTEXT(2) 
PARAMETRIC_REPRESENTATION_CONTEXT() REPRESENTATION_CONTEXT('2D SPACE',''
  ) );
#2581 = PCURVE('',#834,#2582);
#2582 = DEFINITIONAL_REPRESENTATION('',(#2583),#2587);
#2583 = LINE('',#2584,#2585);
#2584 = CARTESIAN_POINT('',(3.14159265359,0.));
#2585 = VECTOR('',#2586,1.);
#2586 = DIRECTION('',(0.,1.));
#2587 = ( GEOMETRIC_REPRESENTATION_CONTEXT(2) 
PARAMETRIC_REPRESENTATION_CONTEXT() REPRESENTATION_CONTEXT('2D SPACE',''
  ) );
#2588 = ORIENTED_EDGE('',*,*,#787,.T.);
#2589 = ORIENTED_EDGE('',*,*,#2521,.F.);
#2590 = ADVANCED_FACE('',(#2591),#834,.T.);
#2591 = FACE_BOUND('',#2592,.T.);
#2592 = EDGE_LOOP('',(#2593,#2615,#2616,#2617));
#2593 = ORIENTED_EDGE('',*,*,#2594,.T.);
#2594 = EDGE_CURVE('',#852,#2546,#2595,.T.);
#2595 = SURFACE_CURVE('',#2596,(#2601,#2608),.PCURVE_S1.);
#2596 = CIRCLE('',#2597,3.1);
#2597 = AXIS2_PLACEMENT_3D('',#2598,#2599,#2600);
#2598 = CARTESIAN_POINT('',(-10.,7.,6.));
#2599 = DIRECTION('',(0.,0.,-1.));
#2600 = DIRECTION('',(-1.,0.,0.));
#2601 = PCURVE('',#834,#2602);
#2602 = DEFINITIONAL_REPRESENTATION('',(#2603),#2607);
#2603 = LINE('',#2604,#2605);
#2604 = CARTESIAN_POINT('',(0.,0.));
#2605 = VECTOR('',#2606,1.);
#2606 = DIRECTION('',(1.,0.));
#2607 = ( GEOMETRIC_REPRESENTATION_CONTEXT(2) 
PARAMETRIC_REPRESENTATION_CONTEXT() REPRESENTATION_CONTEXT('2D SPACE',''
  ) );
#2608 = PCURVE('',#867,#2609);
#2609 = DEFINITIONAL_REPRESENTATION('',(#2610),#2614);
#2610 = CIRCLE('',#2611,3.1);
#2611 = AXIS2_PLACEMENT_2D('',#2612,#2613);
#2612 = CARTESIAN_POINT('',(-0.9,14.));
#2613 = DIRECTION('',(1.,0.));
#2614 = ( GEOMETRIC_REPRESENTATION_CONTEXT(2) 
PARAMETRIC_REPRESENTATION_CONTEXT() REPRESENTATION_CONTEXT('2D SPACE',''
  ) );
#2615 = ORIENTED_EDGE('',*,*,#2568,.T.);
#2616 = ORIENTED_EDGE('',*,*,#815,.F.);
#2617 = ORIENTED_EDGE('',*,*,#1008,.F.);
#2618 = ADVANCED_FACE('',(#2619),#867,.F.);
#2619 = FACE_BOUND('',#2620,.F.);
#2620 = EDGE_LOOP('',(#2621,#2622,#2623,#2624,#2625,#2626,#2627,#2628,
    #2629,#2630,#2631,#2632,#2633,#2634,#2635,#2636,#2637,#2638,#2639,
    #2640,#2641,#2642,#2643,#2644,#2645,#2646,#2647,#2648));
#2621 = ORIENTED_EDGE('',*,*,#1156,.F.);
#2622 = ORIENTED_EDGE('',*,*,#1057,.T.);
#2623 = ORIENTED_EDGE('',*,*,#849,.T.);
#2624 = ORIENTED_EDGE('',*,*,#2594,.T.);
#2625 = ORIENTED_EDGE('',*,*,#2545,.T.);
#2626 = ORIENTED_EDGE('',*,*,#2491,.T.);
#2627 = ORIENTED_EDGE('',*,*,#2442,.T.);
#2628 = ORIENTED_EDGE('',*,*,#2392,.T.);
#2629 = ORIENTED_EDGE('',*,*,#2343,.T.);
#2630 = ORIENTED_EDGE('',*,*,#2289,.T.);
#2631 = ORIENTED_EDGE('',*,*,#2240,.T.);
#2632 = ORIENTED_EDGE('',*,*,#2190,.T.);
#2633 = ORIENTED_EDGE('',*,*,#2141,.T.);
#2634 = ORIENTED_EDGE('',*,*,#2087,.T.);
#2635 = ORIENTED_EDGE('',*,*,#2038,.T.);
#2636 = ORIENTED_EDGE('',*,*,#2014,.F.);
#2637 = ORIENTED_EDGE('',*,*,#1762,.F.);
#2638 = ORIENTED_EDGE('',*,*,#1730,.F.);
#2639 = ORIENTED_EDGE('',*,*,#1659,.F.);
#2640 = ORIENTED_EDGE('',*,*,#1631,.F.);
#2641 = ORIENTED_EDGE('',*,*,#1560,.F.);
#2642 = ORIENTED_EDGE('',*,*,#1528,.F.);
#2643 = ORIENTED_EDGE('',*,*,#1457,.F.);
#2644 = ORIENTED_EDGE('',*,*,#1429,.F.);
#2645 = ORIENTED_EDGE('',*,*,#1358,.F.);
#2646 = ORIENTED_EDGE('',*,*,#1326,.F.);
#2647 = ORIENTED_EDGE('',*,*,#1255,.F.);
#2648 = ORIENTED_EDGE('',*,*,#1227,.F.);
#2649 = ADVANCED_FACE('',(#2650,#2922),#974,.F.);
#2650 = FACE_BOUND('',#2651,.F.);
#2651 = EDGE_LOOP('',(#2652,#2682,#2710,#2738,#2766,#2794,#2822,#2843,
    #2844,#2845,#2868,#2896));
#2652 = ORIENTED_EDGE('',*,*,#2653,.F.);
#2653 = EDGE_CURVE('',#2654,#2656,#2658,.T.);
#2654 = VERTEX_POINT('',#2655);
#2655 = CARTESIAN_POINT('',(-21.2,-5.1,0.1));
#2656 = VERTEX_POINT('',#2657);
#2657 = CARTESIAN_POINT('',(-21.,-5.1,0.1));
#2658 = SURFACE_CURVE('',#2659,(#2663,#2670),.PCURVE_S1.);
#2659 = LINE('',#2660,#2661);
#2660 = CARTESIAN_POINT('',(-21.2,-5.1,0.1));
#2661 = VECTOR('',#2662,1.);
#2662 = DIRECTION('',(1.,0.,0.));
#2663 = PCURVE('',#974,#2664);
#2664 = DEFINITIONAL_REPRESENTATION('',(#2665),#2669);
#2665 = LINE('',#2666,#2667);
#2666 = CARTESIAN_POINT('',(-6.2,3.8));
#2667 = VECTOR('',#2668,1.);
#2668 = DIRECTION('',(1.,0.));
#2669 = ( GEOMETRIC_REPRESENTATION_CONTEXT(2) 
PARAMETRIC_REPRESENTATION_CONTEXT() REPRESENTATION_CONTEXT('2D SPACE',''
  ) );
#2670 = PCURVE('',#2671,#2676);
#2671 = PLANE('',#2672);
#2672 = AXIS2_PLACEMENT_3D('',#2673,#2674,#2675);
#2673 = CARTESIAN_POINT('',(-15.,-5.1,0.1));
#2674 = DIRECTION('',(0.,1.,0.));
#2675 = DIRECTION('',(0.,0.,1.));
#2676 = DEFINITIONAL_REPRESENTATION('',(#2677),#2681);
#2677 = LINE('',#2678,#2679);
#2678 = CARTESIAN_POINT('',(0.,-6.2));
#2679 = VECTOR('',#2680,1.);
#2680 = DIRECTION('',(0.,1.));
#2681 = ( GEOMETRIC_REPRESENTATION_CONTEXT(2) 
PARAMETRIC_REPRESENTATION_CONTEXT() REPRESENTATION_CONTEXT('2D SPACE',''
  ) );
#2682 = ORIENTED_EDGE('',*,*,#2683,.F.);
#2683 = EDGE_CURVE('',#2684,#2654,#2686,.T.);
#2684 = VERTEX_POINT('',#2685);
#2685 = CARTESIAN_POINT('',(-21.2,-8.9,0.1));
#2686 = SURFACE_CURVE('',#2687,(#2691,#2698),.PCURVE_S1.);
#2687 = LINE('',#2688,#2689);
#2688 = CARTESIAN_POINT('',(-21.2,-8.9,0.1));
#2689 = VECTOR('',#2690,1.);
#2690 = DIRECTION('',(0.,1.,0.));
#2691 = PCURVE('',#974,#2692);
#2692 = DEFINITIONAL_REPRESENTATION('',(#2693),#2697);
#2693 = LINE('',#2694,#2695);
#2694 = CARTESIAN_POINT('',(-6.2,0.));
#2695 = VECTOR('',#2696,1.);
#2696 = DIRECTION('',(0.,1.));
#2697 = ( GEOMETRIC_REPRESENTATION_CONTEXT(2) 
PARAMETRIC_REPRESENTATION_CONTEXT() REPRESENTATION_CONTEXT('2D SPACE',''
  ) );
#2698 = PCURVE('',#2699,#2704);
#2699 = PLANE('',#2700);
#2700 = AXIS2_PLACEMENT_3D('',#2701,#2702,#2703);
#2701 = CARTESIAN_POINT('',(-21.2,-8.9,0.1));
#2702 = DIRECTION('',(1.,0.,0.));
#2703 = DIRECTION('',(0.,0.,1.));
#2704 = DEFINITIONAL_REPRESENTATION('',(#2705),#2709);
#2705 = LINE('',#2706,#2707);
#2706 = CARTESIAN_POINT('',(0.,0.));
#2707 = VECTOR('',#2708,1.);
#2708 = DIRECTION('',(0.,-1.));
#2709 = ( GEOMETRIC_REPRESENTATION_CONTEXT(2) 
PARAMETRIC_REPRESENTATION_CONTEXT() REPRESENTATION_CONTEXT('2D SPACE',''
  ) );
#2710 = ORIENTED_EDGE('',*,*,#2711,.T.);
#2711 = EDGE_CURVE('',#2684,#2712,#2714,.T.);
#2712 = VERTEX_POINT('',#2713);
#2713 = CARTESIAN_POINT('',(-21.,-8.9,0.1));
#2714 = SURFACE_CURVE('',#2715,(#2719,#2726),.PCURVE_S1.);
#2715 = LINE('',#2716,#2717);
#2716 = CARTESIAN_POINT('',(-21.2,-8.9,0.1));
#2717 = VECTOR('',#2718,1.);
#2718 = DIRECTION('',(1.,0.,0.));
#2719 = PCURVE('',#974,#2720);
#2720 = DEFINITIONAL_REPRESENTATION('',(#2721),#2725);
#2721 = LINE('',#2722,#2723);
#2722 = CARTESIAN_POINT('',(-6.2,0.));
#2723 = VECTOR('',#2724,1.);
#2724 = DIRECTION('',(1.,0.));
#2725 = ( GEOMETRIC_REPRESENTATION_CONTEXT(2) 
PARAMETRIC_REPRESENTATION_CONTEXT() REPRESENTATION_CONTEXT('2D SPACE',''
  ) );
#2726 = PCURVE('',#2727,#2732);
#2727 = PLANE('',#2728);
#2728 = AXIS2_PLACEMENT_3D('',#2729,#2730,#2731);
#2729 = CARTESIAN_POINT('',(-15.,-8.9,0.1));
#2730 = DIRECTION('',(0.,1.,0.));
#2731 = DIRECTION('',(0.,0.,1.));
#2732 = DEFINITIONAL_REPRESENTATION('',(#2733),#2737);
#2733 = LINE('',#2734,#2735);
#2734 = CARTESIAN_POINT('',(0.,-6.2));
#2735 = VECTOR('',#2736,1.);
#2736 = DIRECTION('',(0.,1.));
#2737 = ( GEOMETRIC_REPRESENTATION_CONTEXT(2) 
PARAMETRIC_REPRESENTATION_CONTEXT() REPRESENTATION_CONTEXT('2D SPACE',''
  ) );
#2738 = ORIENTED_EDGE('',*,*,#2739,.T.);
#2739 = EDGE_CURVE('',#2712,#2740,#2742,.T.);
#2740 = VERTEX_POINT('',#2741);
#2741 = CARTESIAN_POINT('',(-19.8,-9.2,0.1));
#2742 = SURFACE_CURVE('',#2743,(#2747,#2754),.PCURVE_S1.);
#2743 = LINE('',#2744,#2745);
#2744 = CARTESIAN_POINT('',(-21.,-8.9,0.1));
#2745 = VECTOR('',#2746,1.);
#2746 = DIRECTION('',(0.970142500145,-0.242535625036,0.));
#2747 = PCURVE('',#974,#2748);
#2748 = DEFINITIONAL_REPRESENTATION('',(#2749),#2753);
#2749 = LINE('',#2750,#2751);
#2750 = CARTESIAN_POINT('',(-6.,0.));
#2751 = VECTOR('',#2752,1.);
#2752 = DIRECTION('',(0.970142500145,-0.242535625036));
#2753 = ( GEOMETRIC_REPRESENTATION_CONTEXT(2) 
PARAMETRIC_REPRESENTATION_CONTEXT() REPRESENTATION_CONTEXT('2D SPACE',''
  ) );
#2754 = PCURVE('',#2755,#2760);
#2755 = PLANE('',#2756);
#2756 = AXIS2_PLACEMENT_3D('',#2757,#2758,#2759);
#2757 = CARTESIAN_POINT('',(-21.,-8.9,3.));
#2758 = DIRECTION('',(0.242535625036,0.970142500145,-0.));
#2759 = DIRECTION('',(0.970142500145,-0.242535625036,0.));
#2760 = DEFINITIONAL_REPRESENTATION('',(#2761),#2765);
#2761 = LINE('',#2762,#2763);
#2762 = CARTESIAN_POINT('',(0.,2.9));
#2763 = VECTOR('',#2764,1.);
#2764 = DIRECTION('',(1.,0.));
#2765 = ( GEOMETRIC_REPRESENTATION_CONTEXT(2) 
PARAMETRIC_REPRESENTATION_CONTEXT() REPRESENTATION_CONTEXT('2D SPACE',''
  ) );
#2766 = ORIENTED_EDGE('',*,*,#2767,.T.);
#2767 = EDGE_CURVE('',#2740,#2768,#2770,.T.);
#2768 = VERTEX_POINT('',#2769);
#2769 = CARTESIAN_POINT('',(-18.6,-8.9,0.1));
#2770 = SURFACE_CURVE('',#2771,(#2775,#2782),.PCURVE_S1.);
#2771 = LINE('',#2772,#2773);
#2772 = CARTESIAN_POINT('',(-19.8,-9.2,0.1));
#2773 = VECTOR('',#2774,1.);
#2774 = DIRECTION('',(0.970142500145,0.242535625036,0.));
#2775 = PCURVE('',#974,#2776);
#2776 = DEFINITIONAL_REPRESENTATION('',(#2777),#2781);
#2777 = LINE('',#2778,#2779);
#2778 = CARTESIAN_POINT('',(-4.8,-0.3));
#2779 = VECTOR('',#2780,1.);
#2780 = DIRECTION('',(0.970142500145,0.242535625036));
#2781 = ( GEOMETRIC_REPRESENTATION_CONTEXT(2) 
PARAMETRIC_REPRESENTATION_CONTEXT() REPRESENTATION_CONTEXT('2D SPACE',''
  ) );
#2782 = PCURVE('',#2783,#2788);
#2783 = PLANE('',#2784);
#2784 = AXIS2_PLACEMENT_3D('',#2785,#2786,#2787);
#2785 = CARTESIAN_POINT('',(-19.8,-9.2,3.));
#2786 = DIRECTION('',(-0.242535625036,0.970142500145,0.));
#2787 = DIRECTION('',(0.970142500145,0.242535625036,0.));
#2788 = DEFINITIONAL_REPRESENTATION('',(#2789),#2793);
#2789 = LINE('',#2790,#2791);
#2790 = CARTESIAN_POINT('',(0.,2.9));
#2791 = VECTOR('',#2792,1.);
#2792 = DIRECTION('',(1.,0.));
#2793 = ( GEOMETRIC_REPRESENTATION_CONTEXT(2) 
PARAMETRIC_REPRESENTATION_CONTEXT() REPRESENTATION_CONTEXT('2D SPACE',''
  ) );
#2794 = ORIENTED_EDGE('',*,*,#2795,.T.);
#2795 = EDGE_CURVE('',#2768,#2796,#2798,.T.);
#2796 = VERTEX_POINT('',#2797);
#2797 = CARTESIAN_POINT('',(-11.5,-8.9,0.1));
#2798 = SURFACE_CURVE('',#2799,(#2803,#2810),.PCURVE_S1.);
#2799 = LINE('',#2800,#2801);
#2800 = CARTESIAN_POINT('',(-21.2,-8.9,0.1));
#2801 = VECTOR('',#2802,1.);
#2802 = DIRECTION('',(1.,0.,0.));
#2803 = PCURVE('',#974,#2804);
#2804 = DEFINITIONAL_REPRESENTATION('',(#2805),#2809);
#2805 = LINE('',#2806,#2807);
#2806 = CARTESIAN_POINT('',(-6.2,0.));
#2807 = VECTOR('',#2808,1.);
#2808 = DIRECTION('',(1.,0.));
#2809 = ( GEOMETRIC_REPRESENTATION_CONTEXT(2) 
PARAMETRIC_REPRESENTATION_CONTEXT() REPRESENTATION_CONTEXT('2D SPACE',''
  ) );
#2810 = PCURVE('',#2811,#2816);
#2811 = PLANE('',#2812);
#2812 = AXIS2_PLACEMENT_3D('',#2813,#2814,#2815);
#2813 = CARTESIAN_POINT('',(-15.,-8.9,0.1));
#2814 = DIRECTION('',(0.,1.,0.));
#2815 = DIRECTION('',(0.,0.,1.));
#2816 = DEFINITIONAL_REPRESENTATION('',(#2817),#2821);
#2817 = LINE('',#2818,#2819);
#2818 = CARTESIAN_POINT('',(0.,-6.2));
#2819 = VECTOR('',#2820,1.);
#2820 = DIRECTION('',(0.,1.));
#2821 = ( GEOMETRIC_REPRESENTATION_CONTEXT(2) 
PARAMETRIC_REPRESENTATION_CONTEXT() REPRESENTATION_CONTEXT('2D SPACE',''
  ) );
#2822 = ORIENTED_EDGE('',*,*,#2823,.T.);
#2823 = EDGE_CURVE('',#2796,#1103,#2824,.T.);
#2824 = SURFACE_CURVE('',#2825,(#2829,#2836),.PCURVE_S1.);
#2825 = LINE('',#2826,#2827);
#2826 = CARTESIAN_POINT('',(-11.5,-8.9,0.1));
#2827 = VECTOR('',#2828,1.);
#2828 = DIRECTION('',(0.,1.,0.));
#2829 = PCURVE('',#974,#2830);
#2830 = DEFINITIONAL_REPRESENTATION('',(#2831),#2835);
#2831 = LINE('',#2832,#2833);
#2832 = CARTESIAN_POINT('',(3.5,0.));
#2833 = VECTOR('',#2834,1.);
#2834 = DIRECTION('',(0.,1.));
#2835 = ( GEOMETRIC_REPRESENTATION_CONTEXT(2) 
PARAMETRIC_REPRESENTATION_CONTEXT() REPRESENTATION_CONTEXT('2D SPACE',''
  ) );
#2836 = PCURVE('',#1118,#2837);
#2837 = DEFINITIONAL_REPRESENTATION('',(#2838),#2842);
#2838 = LINE('',#2839,#2840);
#2839 = CARTESIAN_POINT('',(0.,0.));
#2840 = VECTOR('',#2841,1.);
#2841 = DIRECTION('',(0.,-1.));
#2842 = ( GEOMETRIC_REPRESENTATION_CONTEXT(2) 
PARAMETRIC_REPRESENTATION_CONTEXT() REPRESENTATION_CONTEXT('2D SPACE',''
  ) );
#2843 = ORIENTED_EDGE('',*,*,#1130,.T.);
#2844 = ORIENTED_EDGE('',*,*,#958,.F.);
#2845 = ORIENTED_EDGE('',*,*,#2846,.F.);
#2846 = EDGE_CURVE('',#2847,#931,#2849,.T.);
#2847 = VERTEX_POINT('',#2848);
#2848 = CARTESIAN_POINT('',(-18.6,-5.1,0.1));
#2849 = SURFACE_CURVE('',#2850,(#2854,#2861),.PCURVE_S1.);
#2850 = LINE('',#2851,#2852);
#2851 = CARTESIAN_POINT('',(-21.2,-5.1,0.1));
#2852 = VECTOR('',#2853,1.);
#2853 = DIRECTION('',(1.,0.,0.));
#2854 = PCURVE('',#974,#2855);
#2855 = DEFINITIONAL_REPRESENTATION('',(#2856),#2860);
#2856 = LINE('',#2857,#2858);
#2857 = CARTESIAN_POINT('',(-6.2,3.8));
#2858 = VECTOR('',#2859,1.);
#2859 = DIRECTION('',(1.,0.));
#2860 = ( GEOMETRIC_REPRESENTATION_CONTEXT(2) 
PARAMETRIC_REPRESENTATION_CONTEXT() REPRESENTATION_CONTEXT('2D SPACE',''
  ) );
#2861 = PCURVE('',#946,#2862);
#2862 = DEFINITIONAL_REPRESENTATION('',(#2863),#2867);
#2863 = LINE('',#2864,#2865);
#2864 = CARTESIAN_POINT('',(0.,-6.2));
#2865 = VECTOR('',#2866,1.);
#2866 = DIRECTION('',(0.,1.));
#2867 = ( GEOMETRIC_REPRESENTATION_CONTEXT(2) 
PARAMETRIC_REPRESENTATION_CONTEXT() REPRESENTATION_CONTEXT('2D SPACE',''
  ) );
#2868 = ORIENTED_EDGE('',*,*,#2869,.F.);
#2869 = EDGE_CURVE('',#2870,#2847,#2872,.T.);
#2870 = VERTEX_POINT('',#2871);
#2871 = CARTESIAN_POINT('',(-19.8,-4.8,0.1));
#2872 = SURFACE_CURVE('',#2873,(#2877,#2884),.PCURVE_S1.);
#2873 = LINE('',#2874,#2875);
#2874 = CARTESIAN_POINT('',(-19.8,-4.8,0.1));
#2875 = VECTOR('',#2876,1.);
#2876 = DIRECTION('',(0.970142500145,-0.242535625036,0.));
#2877 = PCURVE('',#974,#2878);
#2878 = DEFINITIONAL_REPRESENTATION('',(#2879),#2883);
#2879 = LINE('',#2880,#2881);
#2880 = CARTESIAN_POINT('',(-4.8,4.1));
#2881 = VECTOR('',#2882,1.);
#2882 = DIRECTION('',(0.970142500145,-0.242535625036));
#2883 = ( GEOMETRIC_REPRESENTATION_CONTEXT(2) 
PARAMETRIC_REPRESENTATION_CONTEXT() REPRESENTATION_CONTEXT('2D SPACE',''
  ) );
#2884 = PCURVE('',#2885,#2890);
#2885 = PLANE('',#2886);
#2886 = AXIS2_PLACEMENT_3D('',#2887,#2888,#2889);
#2887 = CARTESIAN_POINT('',(-19.8,-4.8,3.));
#2888 = DIRECTION('',(0.242535625036,0.970142500145,-0.));
#2889 = DIRECTION('',(0.970142500145,-0.242535625036,0.));
#2890 = DEFINITIONAL_REPRESENTATION('',(#2891),#2895);
#2891 = LINE('',#2892,#2893);
#2892 = CARTESIAN_POINT('',(0.,2.9));
#2893 = VECTOR('',#2894,1.);
#2894 = DIRECTION('',(1.,0.));
#2895 = ( GEOMETRIC_REPRESENTATION_CONTEXT(2) 
PARAMETRIC_REPRESENTATION_CONTEXT() REPRESENTATION_CONTEXT('2D SPACE',''
  ) );
#2896 = ORIENTED_EDGE('',*,*,#2897,.F.);
#2897 = EDGE_CURVE('',#2656,#2870,#2898,.T.);
#2898 = SURFACE_CURVE('',#2899,(#2903,#2910),.PCURVE_S1.);
#2899 = LINE('',#2900,#2901);
#2900 = CARTESIAN_POINT('',(-21.,-5.1,0.1));
#2901 = VECTOR('',#2902,1.);
#2902 = DIRECTION('',(0.970142500145,0.242535625036,0.));
#2903 = PCURVE('',#974,#2904);
#2904 = DEFINITIONAL_REPRESENTATION('',(#2905),#2909);
#2905 = LINE('',#2906,#2907);
#2906 = CARTESIAN_POINT('',(-6.,3.8));
#2907 = VECTOR('',#2908,1.);
#2908 = DIRECTION('',(0.970142500145,0.242535625036));
#2909 = ( GEOMETRIC_REPRESENTATION_CONTEXT(2) 
PARAMETRIC_REPRESENTATION_CONTEXT() REPRESENTATION_CONTEXT('2D SPACE',''
  ) );
#2910 = PCURVE('',#2911,#2916);
#2911 = PLANE('',#2912);
#2912 = AXIS2_PLACEMENT_3D('',#2913,#2914,#2915);
#2913 = CARTESIAN_POINT('',(-21.,-5.1,3.));
#2914 = DIRECTION('',(-0.242535625036,0.970142500145,0.));
#2915 = DIRECTION('',(0.970142500145,0.242535625036,0.));
#2916 = DEFINITIONAL_REPRESENTATION('',(#2917),#2921);
#2917 = LINE('',#2918,#2919);
#2918 = CARTESIAN_POINT('',(0.,2.9));
#2919 = VECTOR('',#2920,1.);
#2920 = DIRECTION('',(1.,0.));
#2921 = ( GEOMETRIC_REPRESENTATION_CONTEXT(2) 
PARAMETRIC_REPRESENTATION_CONTEXT() REPRESENTATION_CONTEXT('2D SPACE',''
  ) );
#2922 = FACE_BOUND('',#2923,.F.);
#2923 = EDGE_LOOP('',(#2924,#2954,#2982,#3010));
#2924 = ORIENTED_EDGE('',*,*,#2925,.F.);
#2925 = EDGE_CURVE('',#2926,#2928,#2930,.T.);
#2926 = VERTEX_POINT('',#2927);
#2927 = CARTESIAN_POINT('',(-16.1,-6.3,0.1));
#2928 = VERTEX_POINT('',#2929);
#2929 = CARTESIAN_POINT('',(-21.1,-6.3,0.1));
#2930 = SURFACE_CURVE('',#2931,(#2935,#2942),.PCURVE_S1.);
#2931 = LINE('',#2932,#2933);
#2932 = CARTESIAN_POINT('',(-21.15,-6.3,0.1));
#2933 = VECTOR('',#2934,1.);
#2934 = DIRECTION('',(-1.,0.,0.));
#2935 = PCURVE('',#974,#2936);
#2936 = DEFINITIONAL_REPRESENTATION('',(#2937),#2941);
#2937 = LINE('',#2938,#2939);
#2938 = CARTESIAN_POINT('',(-6.15,2.6));
#2939 = VECTOR('',#2940,1.);
#2940 = DIRECTION('',(-1.,0.));
#2941 = ( GEOMETRIC_REPRESENTATION_CONTEXT(2) 
PARAMETRIC_REPRESENTATION_CONTEXT() REPRESENTATION_CONTEXT('2D SPACE',''
  ) );
#2942 = PCURVE('',#2943,#2948);
#2943 = PLANE('',#2944);
#2944 = AXIS2_PLACEMENT_3D('',#2945,#2946,#2947);
#2945 = CARTESIAN_POINT('',(-21.1,-6.3,-0.1));
#2946 = DIRECTION('',(0.,1.,0.));
#2947 = DIRECTION('',(0.,0.,1.));
#2948 = DEFINITIONAL_REPRESENTATION('',(#2949),#2953);
#2949 = LINE('',#2950,#2951);
#2950 = CARTESIAN_POINT('',(0.2,-5.E-02));
#2951 = VECTOR('',#2952,1.);
#2952 = DIRECTION('',(0.,-1.));
#2953 = ( GEOMETRIC_REPRESENTATION_CONTEXT(2) 
PARAMETRIC_REPRESENTATION_CONTEXT() REPRESENTATION_CONTEXT('2D SPACE',''
  ) );
#2954 = ORIENTED_EDGE('',*,*,#2955,.F.);
#2955 = EDGE_CURVE('',#2956,#2926,#2958,.T.);
#2956 = VERTEX_POINT('',#2957);
#2957 = CARTESIAN_POINT('',(-16.1,-7.7,0.1));
#2958 = SURFACE_CURVE('',#2959,(#2963,#2970),.PCURVE_S1.);
#2959 = LINE('',#2960,#2961);
#2960 = CARTESIAN_POINT('',(-16.1,-8.3,0.1));
#2961 = VECTOR('',#2962,1.);
#2962 = DIRECTION('',(0.,1.,0.));
#2963 = PCURVE('',#974,#2964);
#2964 = DEFINITIONAL_REPRESENTATION('',(#2965),#2969);
#2965 = LINE('',#2966,#2967);
#2966 = CARTESIAN_POINT('',(-1.1,0.6));
#2967 = VECTOR('',#2968,1.);
#2968 = DIRECTION('',(0.,1.));
#2969 = ( GEOMETRIC_REPRESENTATION_CONTEXT(2) 
PARAMETRIC_REPRESENTATION_CONTEXT() REPRESENTATION_CONTEXT('2D SPACE',''
  ) );
#2970 = PCURVE('',#2971,#2976);
#2971 = PLANE('',#2972);
#2972 = AXIS2_PLACEMENT_3D('',#2973,#2974,#2975);
#2973 = CARTESIAN_POINT('',(-16.1,-7.7,-0.1));
#2974 = DIRECTION('',(1.,0.,0.));
#2975 = DIRECTION('',(0.,0.,1.));
#2976 = DEFINITIONAL_REPRESENTATION('',(#2977),#2981);
#2977 = LINE('',#2978,#2979);
#2978 = CARTESIAN_POINT('',(0.2,0.6));
#2979 = VECTOR('',#2980,1.);
#2980 = DIRECTION('',(0.,-1.));
#2981 = ( GEOMETRIC_REPRESENTATION_CONTEXT(2) 
PARAMETRIC_REPRESENTATION_CONTEXT() REPRESENTATION_CONTEXT('2D SPACE',''
  ) );
#2982 = ORIENTED_EDGE('',*,*,#2983,.T.);
#2983 = EDGE_CURVE('',#2956,#2984,#2986,.T.);
#2984 = VERTEX_POINT('',#2985);
#2985 = CARTESIAN_POINT('',(-21.1,-7.7,0.1));
#2986 = SURFACE_CURVE('',#2987,(#2991,#2998),.PCURVE_S1.);
#2987 = LINE('',#2988,#2989);
#2988 = CARTESIAN_POINT('',(-21.15,-7.7,0.1));
#2989 = VECTOR('',#2990,1.);
#2990 = DIRECTION('',(-1.,0.,0.));
#2991 = PCURVE('',#974,#2992);
#2992 = DEFINITIONAL_REPRESENTATION('',(#2993),#2997);
#2993 = LINE('',#2994,#2995);
#2994 = CARTESIAN_POINT('',(-6.15,1.2));
#2995 = VECTOR('',#2996,1.);
#2996 = DIRECTION('',(-1.,0.));
#2997 = ( GEOMETRIC_REPRESENTATION_CONTEXT(2) 
PARAMETRIC_REPRESENTATION_CONTEXT() REPRESENTATION_CONTEXT('2D SPACE',''
  ) );
#2998 = PCURVE('',#2999,#3004);
#2999 = PLANE('',#3000);
#3000 = AXIS2_PLACEMENT_3D('',#3001,#3002,#3003);
#3001 = CARTESIAN_POINT('',(-21.1,-7.7,-0.1));
#3002 = DIRECTION('',(0.,1.,0.));
#3003 = DIRECTION('',(0.,0.,1.));
#3004 = DEFINITIONAL_REPRESENTATION('',(#3005),#3009);
#3005 = LINE('',#3006,#3007);
#3006 = CARTESIAN_POINT('',(0.2,-5.E-02));
#3007 = VECTOR('',#3008,1.);
#3008 = DIRECTION('',(0.,-1.));
#3009 = ( GEOMETRIC_REPRESENTATION_CONTEXT(2) 
PARAMETRIC_REPRESENTATION_CONTEXT() REPRESENTATION_CONTEXT('2D SPACE',''
  ) );
#3010 = ORIENTED_EDGE('',*,*,#3011,.T.);
#3011 = EDGE_CURVE('',#2984,#2928,#3012,.T.);
#3012 = SURFACE_CURVE('',#3013,(#3017,#3024),.PCURVE_S1.);
#3013 = LINE('',#3014,#3015);
#3014 = CARTESIAN_POINT('',(-21.1,-8.3,0.1));
#3015 = VECTOR('',#3016,1.);
#3016 = DIRECTION('',(0.,1.,0.));
#3017 = PCURVE('',#974,#3018);
#3018 = DEFINITIONAL_REPRESENTATION('',(#3019),#3023);
#3019 = LINE('',#3020,#3021);
#3020 = CARTESIAN_POINT('',(-6.1,0.6));
#3021 = VECTOR('',#3022,1.);
#3022 = DIRECTION('',(0.,1.));
#3023 = ( GEOMETRIC_REPRESENTATION_CONTEXT(2) 
PARAMETRIC_REPRESENTATION_CONTEXT() REPRESENTATION_CONTEXT('2D SPACE',''
  ) );
#3024 = PCURVE('',#3025,#3030);
#3025 = PLANE('',#3026);
#3026 = AXIS2_PLACEMENT_3D('',#3027,#3028,#3029);
#3027 = CARTESIAN_POINT('',(-21.1,-7.7,-0.1));
#3028 = DIRECTION('',(1.,0.,0.));
#3029 = DIRECTION('',(0.,0.,1.));
#3030 = DEFINITIONAL_REPRESENTATION('',(#3031),#3035);
#3031 = LINE('',#3032,#3033);
#3032 = CARTESIAN_POINT('',(0.2,0.6));
#3033 = VECTOR('',#3034,1.);
#3034 = DIRECTION('',(0.,-1.));
#3035 = ( GEOMETRIC_REPRESENTATION_CONTEXT(2) 
PARAMETRIC_REPRESENTATION_CONTEXT() REPRESENTATION_CONTEXT('2D SPACE',''
  ) );
#3036 = ADVANCED_FACE('',(#3037),#946,.T.);
#3037 = FACE_BOUND('',#3038,.T.);
#3038 = EDGE_LOOP('',(#3039,#3040,#3063,#3084));
#3039 = ORIENTED_EDGE('',*,*,#2846,.F.);
#3040 = ORIENTED_EDGE('',*,*,#3041,.T.);
#3041 = EDGE_CURVE('',#2847,#3042,#3044,.T.);
#3042 = VERTEX_POINT('',#3043);
#3043 = CARTESIAN_POINT('',(-18.6,-5.1,5.9));
#3044 = SURFACE_CURVE('',#3045,(#3049,#3056),.PCURVE_S1.);
#3045 = LINE('',#3046,#3047);
#3046 = CARTESIAN_POINT('',(-18.6,-5.1,0.1));
#3047 = VECTOR('',#3048,1.);
#3048 = DIRECTION('',(0.,0.,1.));
#3049 = PCURVE('',#946,#3050);
#3050 = DEFINITIONAL_REPRESENTATION('',(#3051),#3055);
#3051 = LINE('',#3052,#3053);
#3052 = CARTESIAN_POINT('',(0.,-3.6));
#3053 = VECTOR('',#3054,1.);
#3054 = DIRECTION('',(1.,0.));
#3055 = ( GEOMETRIC_REPRESENTATION_CONTEXT(2) 
PARAMETRIC_REPRESENTATION_CONTEXT() REPRESENTATION_CONTEXT('2D SPACE',''
  ) );
#3056 = PCURVE('',#2885,#3057);
#3057 = DEFINITIONAL_REPRESENTATION('',(#3058),#3062);
#3058 = LINE('',#3059,#3060);
#3059 = CARTESIAN_POINT('',(1.236931687685,2.9));
#3060 = VECTOR('',#3061,1.);
#3061 = DIRECTION('',(0.,-1.));
#3062 = ( GEOMETRIC_REPRESENTATION_CONTEXT(2) 
PARAMETRIC_REPRESENTATION_CONTEXT() REPRESENTATION_CONTEXT('2D SPACE',''
  ) );
#3063 = ORIENTED_EDGE('',*,*,#3064,.F.);
#3064 = EDGE_CURVE('',#903,#3042,#3065,.T.);
#3065 = SURFACE_CURVE('',#3066,(#3070,#3077),.PCURVE_S1.);
#3066 = LINE('',#3067,#3068);
#3067 = CARTESIAN_POINT('',(-11.5,-5.1,5.9));
#3068 = VECTOR('',#3069,1.);
#3069 = DIRECTION('',(-1.,0.,0.));
#3070 = PCURVE('',#946,#3071);
#3071 = DEFINITIONAL_REPRESENTATION('',(#3072),#3076);
#3072 = LINE('',#3073,#3074);
#3073 = CARTESIAN_POINT('',(5.8,3.5));
#3074 = VECTOR('',#3075,1.);
#3075 = DIRECTION('',(0.,-1.));
#3076 = ( GEOMETRIC_REPRESENTATION_CONTEXT(2) 
PARAMETRIC_REPRESENTATION_CONTEXT() REPRESENTATION_CONTEXT('2D SPACE',''
  ) );
#3077 = PCURVE('',#918,#3078);
#3078 = DEFINITIONAL_REPRESENTATION('',(#3079),#3083);
#3079 = LINE('',#3080,#3081);
#3080 = CARTESIAN_POINT('',(3.5,3.8));
#3081 = VECTOR('',#3082,1.);
#3082 = DIRECTION('',(-1.,0.));
#3083 = ( GEOMETRIC_REPRESENTATION_CONTEXT(2) 
PARAMETRIC_REPRESENTATION_CONTEXT() REPRESENTATION_CONTEXT('2D SPACE',''
  ) );
#3084 = ORIENTED_EDGE('',*,*,#930,.F.);
#3085 = ADVANCED_FACE('',(#3086,#3296),#918,.T.);
#3086 = FACE_BOUND('',#3087,.T.);
#3087 = EDGE_LOOP('',(#3088,#3113,#3136,#3159,#3182,#3205,#3228,#3249,
    #3250,#3251,#3252,#3275));
#3088 = ORIENTED_EDGE('',*,*,#3089,.T.);
#3089 = EDGE_CURVE('',#3090,#3092,#3094,.T.);
#3090 = VERTEX_POINT('',#3091);
#3091 = CARTESIAN_POINT('',(-21.,-5.1,5.9));
#3092 = VERTEX_POINT('',#3093);
#3093 = CARTESIAN_POINT('',(-21.2,-5.1,5.9));
#3094 = SURFACE_CURVE('',#3095,(#3099,#3106),.PCURVE_S1.);
#3095 = LINE('',#3096,#3097);
#3096 = CARTESIAN_POINT('',(-11.5,-5.1,5.9));
#3097 = VECTOR('',#3098,1.);
#3098 = DIRECTION('',(-1.,0.,0.));
#3099 = PCURVE('',#918,#3100);
#3100 = DEFINITIONAL_REPRESENTATION('',(#3101),#3105);
#3101 = LINE('',#3102,#3103);
#3102 = CARTESIAN_POINT('',(3.5,3.8));
#3103 = VECTOR('',#3104,1.);
#3104 = DIRECTION('',(-1.,0.));
#3105 = ( GEOMETRIC_REPRESENTATION_CONTEXT(2) 
PARAMETRIC_REPRESENTATION_CONTEXT() REPRESENTATION_CONTEXT('2D SPACE',''
  ) );
#3106 = PCURVE('',#2671,#3107);
#3107 = DEFINITIONAL_REPRESENTATION('',(#3108),#3112);
#3108 = LINE('',#3109,#3110);
#3109 = CARTESIAN_POINT('',(5.8,3.5));
#3110 = VECTOR('',#3111,1.);
#3111 = DIRECTION('',(0.,-1.));
#3112 = ( GEOMETRIC_REPRESENTATION_CONTEXT(2) 
PARAMETRIC_REPRESENTATION_CONTEXT() REPRESENTATION_CONTEXT('2D SPACE',''
  ) );
#3113 = ORIENTED_EDGE('',*,*,#3114,.F.);
#3114 = EDGE_CURVE('',#3115,#3092,#3117,.T.);
#3115 = VERTEX_POINT('',#3116);
#3116 = CARTESIAN_POINT('',(-21.2,-8.9,5.9));
#3117 = SURFACE_CURVE('',#3118,(#3122,#3129),.PCURVE_S1.);
#3118 = LINE('',#3119,#3120);
#3119 = CARTESIAN_POINT('',(-21.2,-8.9,5.9));
#3120 = VECTOR('',#3121,1.);
#3121 = DIRECTION('',(0.,1.,0.));
#3122 = PCURVE('',#918,#3123);
#3123 = DEFINITIONAL_REPRESENTATION('',(#3124),#3128);
#3124 = LINE('',#3125,#3126);
#3125 = CARTESIAN_POINT('',(-6.2,0.));
#3126 = VECTOR('',#3127,1.);
#3127 = DIRECTION('',(0.,1.));
#3128 = ( GEOMETRIC_REPRESENTATION_CONTEXT(2) 
PARAMETRIC_REPRESENTATION_CONTEXT() REPRESENTATION_CONTEXT('2D SPACE',''
  ) );
#3129 = PCURVE('',#2699,#3130);
#3130 = DEFINITIONAL_REPRESENTATION('',(#3131),#3135);
#3131 = LINE('',#3132,#3133);
#3132 = CARTESIAN_POINT('',(5.8,0.));
#3133 = VECTOR('',#3134,1.);
#3134 = DIRECTION('',(0.,-1.));
#3135 = ( GEOMETRIC_REPRESENTATION_CONTEXT(2) 
PARAMETRIC_REPRESENTATION_CONTEXT() REPRESENTATION_CONTEXT('2D SPACE',''
  ) );
#3136 = ORIENTED_EDGE('',*,*,#3137,.F.);
#3137 = EDGE_CURVE('',#3138,#3115,#3140,.T.);
#3138 = VERTEX_POINT('',#3139);
#3139 = CARTESIAN_POINT('',(-21.,-8.9,5.9));
#3140 = SURFACE_CURVE('',#3141,(#3145,#3152),.PCURVE_S1.);
#3141 = LINE('',#3142,#3143);
#3142 = CARTESIAN_POINT('',(-11.5,-8.9,5.9));
#3143 = VECTOR('',#3144,1.);
#3144 = DIRECTION('',(-1.,0.,0.));
#3145 = PCURVE('',#918,#3146);
#3146 = DEFINITIONAL_REPRESENTATION('',(#3147),#3151);
#3147 = LINE('',#3148,#3149);
#3148 = CARTESIAN_POINT('',(3.5,0.));
#3149 = VECTOR('',#3150,1.);
#3150 = DIRECTION('',(-1.,0.));
#3151 = ( GEOMETRIC_REPRESENTATION_CONTEXT(2) 
PARAMETRIC_REPRESENTATION_CONTEXT() REPRESENTATION_CONTEXT('2D SPACE',''
  ) );
#3152 = PCURVE('',#2727,#3153);
#3153 = DEFINITIONAL_REPRESENTATION('',(#3154),#3158);
#3154 = LINE('',#3155,#3156);
#3155 = CARTESIAN_POINT('',(5.8,3.5));
#3156 = VECTOR('',#3157,1.);
#3157 = DIRECTION('',(0.,-1.));
#3158 = ( GEOMETRIC_REPRESENTATION_CONTEXT(2) 
PARAMETRIC_REPRESENTATION_CONTEXT() REPRESENTATION_CONTEXT('2D SPACE',''
  ) );
#3159 = ORIENTED_EDGE('',*,*,#3160,.T.);
#3160 = EDGE_CURVE('',#3138,#3161,#3163,.T.);
#3161 = VERTEX_POINT('',#3162);
#3162 = CARTESIAN_POINT('',(-19.8,-9.2,5.9));
#3163 = SURFACE_CURVE('',#3164,(#3168,#3175),.PCURVE_S1.);
#3164 = LINE('',#3165,#3166);
#3165 = CARTESIAN_POINT('',(-21.,-8.9,5.9));
#3166 = VECTOR('',#3167,1.);
#3167 = DIRECTION('',(0.970142500145,-0.242535625036,0.));
#3168 = PCURVE('',#918,#3169);
#3169 = DEFINITIONAL_REPRESENTATION('',(#3170),#3174);
#3170 = LINE('',#3171,#3172);
#3171 = CARTESIAN_POINT('',(-6.,0.));
#3172 = VECTOR('',#3173,1.);
#3173 = DIRECTION('',(0.970142500145,-0.242535625036));
#3174 = ( GEOMETRIC_REPRESENTATION_CONTEXT(2) 
PARAMETRIC_REPRESENTATION_CONTEXT() REPRESENTATION_CONTEXT('2D SPACE',''
  ) );
#3175 = PCURVE('',#2755,#3176);
#3176 = DEFINITIONAL_REPRESENTATION('',(#3177),#3181);
#3177 = LINE('',#3178,#3179);
#3178 = CARTESIAN_POINT('',(0.,-2.9));
#3179 = VECTOR('',#3180,1.);
#3180 = DIRECTION('',(1.,0.));
#3181 = ( GEOMETRIC_REPRESENTATION_CONTEXT(2) 
PARAMETRIC_REPRESENTATION_CONTEXT() REPRESENTATION_CONTEXT('2D SPACE',''
  ) );
#3182 = ORIENTED_EDGE('',*,*,#3183,.T.);
#3183 = EDGE_CURVE('',#3161,#3184,#3186,.T.);
#3184 = VERTEX_POINT('',#3185);
#3185 = CARTESIAN_POINT('',(-18.6,-8.9,5.9));
#3186 = SURFACE_CURVE('',#3187,(#3191,#3198),.PCURVE_S1.);
#3187 = LINE('',#3188,#3189);
#3188 = CARTESIAN_POINT('',(-19.8,-9.2,5.9));
#3189 = VECTOR('',#3190,1.);
#3190 = DIRECTION('',(0.970142500145,0.242535625036,0.));
#3191 = PCURVE('',#918,#3192);
#3192 = DEFINITIONAL_REPRESENTATION('',(#3193),#3197);
#3193 = LINE('',#3194,#3195);
#3194 = CARTESIAN_POINT('',(-4.8,-0.3));
#3195 = VECTOR('',#3196,1.);
#3196 = DIRECTION('',(0.970142500145,0.242535625036));
#3197 = ( GEOMETRIC_REPRESENTATION_CONTEXT(2) 
PARAMETRIC_REPRESENTATION_CONTEXT() REPRESENTATION_CONTEXT('2D SPACE',''
  ) );
#3198 = PCURVE('',#2783,#3199);
#3199 = DEFINITIONAL_REPRESENTATION('',(#3200),#3204);
#3200 = LINE('',#3201,#3202);
#3201 = CARTESIAN_POINT('',(0.,-2.9));
#3202 = VECTOR('',#3203,1.);
#3203 = DIRECTION('',(1.,0.));
#3204 = ( GEOMETRIC_REPRESENTATION_CONTEXT(2) 
PARAMETRIC_REPRESENTATION_CONTEXT() REPRESENTATION_CONTEXT('2D SPACE',''
  ) );
#3205 = ORIENTED_EDGE('',*,*,#3206,.F.);
#3206 = EDGE_CURVE('',#3207,#3184,#3209,.T.);
#3207 = VERTEX_POINT('',#3208);
#3208 = CARTESIAN_POINT('',(-11.5,-8.9,5.9));
#3209 = SURFACE_CURVE('',#3210,(#3214,#3221),.PCURVE_S1.);
#3210 = LINE('',#3211,#3212);
#3211 = CARTESIAN_POINT('',(-11.5,-8.9,5.9));
#3212 = VECTOR('',#3213,1.);
#3213 = DIRECTION('',(-1.,0.,0.));
#3214 = PCURVE('',#918,#3215);
#3215 = DEFINITIONAL_REPRESENTATION('',(#3216),#3220);
#3216 = LINE('',#3217,#3218);
#3217 = CARTESIAN_POINT('',(3.5,0.));
#3218 = VECTOR('',#3219,1.);
#3219 = DIRECTION('',(-1.,0.));
#3220 = ( GEOMETRIC_REPRESENTATION_CONTEXT(2) 
PARAMETRIC_REPRESENTATION_CONTEXT() REPRESENTATION_CONTEXT('2D SPACE',''
  ) );
#3221 = PCURVE('',#2811,#3222);
#3222 = DEFINITIONAL_REPRESENTATION('',(#3223),#3227);
#3223 = LINE('',#3224,#3225);
#3224 = CARTESIAN_POINT('',(5.8,3.5));
#3225 = VECTOR('',#3226,1.);
#3226 = DIRECTION('',(0.,-1.));
#3227 = ( GEOMETRIC_REPRESENTATION_CONTEXT(2) 
PARAMETRIC_REPRESENTATION_CONTEXT() REPRESENTATION_CONTEXT('2D SPACE',''
  ) );
#3228 = ORIENTED_EDGE('',*,*,#3229,.T.);
#3229 = EDGE_CURVE('',#3207,#1080,#3230,.T.);
#3230 = SURFACE_CURVE('',#3231,(#3235,#3242),.PCURVE_S1.);
#3231 = LINE('',#3232,#3233);
#3232 = CARTESIAN_POINT('',(-11.5,-8.9,5.9));
#3233 = VECTOR('',#3234,1.);
#3234 = DIRECTION('',(0.,1.,0.));
#3235 = PCURVE('',#918,#3236);
#3236 = DEFINITIONAL_REPRESENTATION('',(#3237),#3241);
#3237 = LINE('',#3238,#3239);
#3238 = CARTESIAN_POINT('',(3.5,0.));
#3239 = VECTOR('',#3240,1.);
#3240 = DIRECTION('',(0.,1.));
#3241 = ( GEOMETRIC_REPRESENTATION_CONTEXT(2) 
PARAMETRIC_REPRESENTATION_CONTEXT() REPRESENTATION_CONTEXT('2D SPACE',''
  ) );
#3242 = PCURVE('',#1118,#3243);
#3243 = DEFINITIONAL_REPRESENTATION('',(#3244),#3248);
#3244 = LINE('',#3245,#3246);
#3245 = CARTESIAN_POINT('',(5.8,0.));
#3246 = VECTOR('',#3247,1.);
#3247 = DIRECTION('',(0.,-1.));
#3248 = ( GEOMETRIC_REPRESENTATION_CONTEXT(2) 
PARAMETRIC_REPRESENTATION_CONTEXT() REPRESENTATION_CONTEXT('2D SPACE',''
  ) );
#3249 = ORIENTED_EDGE('',*,*,#1079,.T.);
#3250 = ORIENTED_EDGE('',*,*,#902,.F.);
#3251 = ORIENTED_EDGE('',*,*,#3064,.T.);
#3252 = ORIENTED_EDGE('',*,*,#3253,.F.);
#3253 = EDGE_CURVE('',#3254,#3042,#3256,.T.);
#3254 = VERTEX_POINT('',#3255);
#3255 = CARTESIAN_POINT('',(-19.8,-4.8,5.9));
#3256 = SURFACE_CURVE('',#3257,(#3261,#3268),.PCURVE_S1.);
#3257 = LINE('',#3258,#3259);
#3258 = CARTESIAN_POINT('',(-19.8,-4.8,5.9));
#3259 = VECTOR('',#3260,1.);
#3260 = DIRECTION('',(0.970142500145,-0.242535625036,0.));
#3261 = PCURVE('',#918,#3262);
#3262 = DEFINITIONAL_REPRESENTATION('',(#3263),#3267);
#3263 = LINE('',#3264,#3265);
#3264 = CARTESIAN_POINT('',(-4.8,4.1));
#3265 = VECTOR('',#3266,1.);
#3266 = DIRECTION('',(0.970142500145,-0.242535625036));
#3267 = ( GEOMETRIC_REPRESENTATION_CONTEXT(2) 
PARAMETRIC_REPRESENTATION_CONTEXT() REPRESENTATION_CONTEXT('2D SPACE',''
  ) );
#3268 = PCURVE('',#2885,#3269);
#3269 = DEFINITIONAL_REPRESENTATION('',(#3270),#3274);
#3270 = LINE('',#3271,#3272);
#3271 = CARTESIAN_POINT('',(0.,-2.9));
#3272 = VECTOR('',#3273,1.);
#3273 = DIRECTION('',(1.,0.));
#3274 = ( GEOMETRIC_REPRESENTATION_CONTEXT(2) 
PARAMETRIC_REPRESENTATION_CONTEXT() REPRESENTATION_CONTEXT('2D SPACE',''
  ) );
#3275 = ORIENTED_EDGE('',*,*,#3276,.F.);
#3276 = EDGE_CURVE('',#3090,#3254,#3277,.T.);
#3277 = SURFACE_CURVE('',#3278,(#3282,#3289),.PCURVE_S1.);
#3278 = LINE('',#3279,#3280);
#3279 = CARTESIAN_POINT('',(-21.,-5.1,5.9));
#3280 = VECTOR('',#3281,1.);
#3281 = DIRECTION('',(0.970142500145,0.242535625036,0.));
#3282 = PCURVE('',#918,#3283);
#3283 = DEFINITIONAL_REPRESENTATION('',(#3284),#3288);
#3284 = LINE('',#3285,#3286);
#3285 = CARTESIAN_POINT('',(-6.,3.8));
#3286 = VECTOR('',#3287,1.);
#3287 = DIRECTION('',(0.970142500145,0.242535625036));
#3288 = ( GEOMETRIC_REPRESENTATION_CONTEXT(2) 
PARAMETRIC_REPRESENTATION_CONTEXT() REPRESENTATION_CONTEXT('2D SPACE',''
  ) );
#3289 = PCURVE('',#2911,#3290);
#3290 = DEFINITIONAL_REPRESENTATION('',(#3291),#3295);
#3291 = LINE('',#3292,#3293);
#3292 = CARTESIAN_POINT('',(0.,-2.9));
#3293 = VECTOR('',#3294,1.);
#3294 = DIRECTION('',(1.,0.));
#3295 = ( GEOMETRIC_REPRESENTATION_CONTEXT(2) 
PARAMETRIC_REPRESENTATION_CONTEXT() REPRESENTATION_CONTEXT('2D SPACE',''
  ) );
#3296 = FACE_BOUND('',#3297,.T.);
#3297 = EDGE_LOOP('',(#3298,#3323,#3346,#3369));
#3298 = ORIENTED_EDGE('',*,*,#3299,.F.);
#3299 = EDGE_CURVE('',#3300,#3302,#3304,.T.);
#3300 = VERTEX_POINT('',#3301);
#3301 = CARTESIAN_POINT('',(-16.1,-6.3,5.9));
#3302 = VERTEX_POINT('',#3303);
#3303 = CARTESIAN_POINT('',(-21.1,-6.3,5.9));
#3304 = SURFACE_CURVE('',#3305,(#3309,#3316),.PCURVE_S1.);
#3305 = LINE('',#3306,#3307);
#3306 = CARTESIAN_POINT('',(-21.15,-6.3,5.9));
#3307 = VECTOR('',#3308,1.);
#3308 = DIRECTION('',(-1.,0.,0.));
#3309 = PCURVE('',#918,#3310);
#3310 = DEFINITIONAL_REPRESENTATION('',(#3311),#3315);
#3311 = LINE('',#3312,#3313);
#3312 = CARTESIAN_POINT('',(-6.15,2.6));
#3313 = VECTOR('',#3314,1.);
#3314 = DIRECTION('',(-1.,0.));
#3315 = ( GEOMETRIC_REPRESENTATION_CONTEXT(2) 
PARAMETRIC_REPRESENTATION_CONTEXT() REPRESENTATION_CONTEXT('2D SPACE',''
  ) );
#3316 = PCURVE('',#2943,#3317);
#3317 = DEFINITIONAL_REPRESENTATION('',(#3318),#3322);
#3318 = LINE('',#3319,#3320);
#3319 = CARTESIAN_POINT('',(6.,-5.E-02));
#3320 = VECTOR('',#3321,1.);
#3321 = DIRECTION('',(0.,-1.));
#3322 = ( GEOMETRIC_REPRESENTATION_CONTEXT(2) 
PARAMETRIC_REPRESENTATION_CONTEXT() REPRESENTATION_CONTEXT('2D SPACE',''
  ) );
#3323 = ORIENTED_EDGE('',*,*,#3324,.F.);
#3324 = EDGE_CURVE('',#3325,#3300,#3327,.T.);
#3325 = VERTEX_POINT('',#3326);
#3326 = CARTESIAN_POINT('',(-16.1,-7.7,5.9));
#3327 = SURFACE_CURVE('',#3328,(#3332,#3339),.PCURVE_S1.);
#3328 = LINE('',#3329,#3330);
#3329 = CARTESIAN_POINT('',(-16.1,-8.3,5.9));
#3330 = VECTOR('',#3331,1.);
#3331 = DIRECTION('',(0.,1.,0.));
#3332 = PCURVE('',#918,#3333);
#3333 = DEFINITIONAL_REPRESENTATION('',(#3334),#3338);
#3334 = LINE('',#3335,#3336);
#3335 = CARTESIAN_POINT('',(-1.1,0.6));
#3336 = VECTOR('',#3337,1.);
#3337 = DIRECTION('',(0.,1.));
#3338 = ( GEOMETRIC_REPRESENTATION_CONTEXT(2) 
PARAMETRIC_REPRESENTATION_CONTEXT() REPRESENTATION_CONTEXT('2D SPACE',''
  ) );
#3339 = PCURVE('',#2971,#3340);
#3340 = DEFINITIONAL_REPRESENTATION('',(#3341),#3345);
#3341 = LINE('',#3342,#3343);
#3342 = CARTESIAN_POINT('',(6.,0.6));
#3343 = VECTOR('',#3344,1.);
#3344 = DIRECTION('',(0.,-1.));
#3345 = ( GEOMETRIC_REPRESENTATION_CONTEXT(2) 
PARAMETRIC_REPRESENTATION_CONTEXT() REPRESENTATION_CONTEXT('2D SPACE',''
  ) );
#3346 = ORIENTED_EDGE('',*,*,#3347,.T.);
#3347 = EDGE_CURVE('',#3325,#3348,#3350,.T.);
#3348 = VERTEX_POINT('',#3349);
#3349 = CARTESIAN_POINT('',(-21.1,-7.7,5.9));
#3350 = SURFACE_CURVE('',#3351,(#3355,#3362),.PCURVE_S1.);
#3351 = LINE('',#3352,#3353);
#3352 = CARTESIAN_POINT('',(-21.15,-7.7,5.9));
#3353 = VECTOR('',#3354,1.);
#3354 = DIRECTION('',(-1.,0.,0.));
#3355 = PCURVE('',#918,#3356);
#3356 = DEFINITIONAL_REPRESENTATION('',(#3357),#3361);
#3357 = LINE('',#3358,#3359);
#3358 = CARTESIAN_POINT('',(-6.15,1.2));
#3359 = VECTOR('',#3360,1.);
#3360 = DIRECTION('',(-1.,0.));
#3361 = ( GEOMETRIC_REPRESENTATION_CONTEXT(2) 
PARAMETRIC_REPRESENTATION_CONTEXT() REPRESENTATION_CONTEXT('2D SPACE',''
  ) );
#3362 = PCURVE('',#2999,#3363);
#3363 = DEFINITIONAL_REPRESENTATION('',(#3364),#3368);
#3364 = LINE('',#3365,#3366);
#3365 = CARTESIAN_POINT('',(6.,-5.E-02));
#3366 = VECTOR('',#3367,1.);
#3367 = DIRECTION('',(0.,-1.));
#3368 = ( GEOMETRIC_REPRESENTATION_CONTEXT(2) 
PARAMETRIC_REPRESENTATION_CONTEXT() REPRESENTATION_CONTEXT('2D SPACE',''
  ) );
#3369 = ORIENTED_EDGE('',*,*,#3370,.T.);
#3370 = EDGE_CURVE('',#3348,#3302,#3371,.T.);
#3371 = SURFACE_CURVE('',#3372,(#3376,#3383),.PCURVE_S1.);
#3372 = LINE('',#3373,#3374);
#3373 = CARTESIAN_POINT('',(-21.1,-8.3,5.9));
#3374 = VECTOR('',#3375,1.);
#3375 = DIRECTION('',(0.,1.,0.));
#3376 = PCURVE('',#918,#3377);
#3377 = DEFINITIONAL_REPRESENTATION('',(#3378),#3382);
#3378 = LINE('',#3379,#3380);
#3379 = CARTESIAN_POINT('',(-6.1,0.6));
#3380 = VECTOR('',#3381,1.);
#3381 = DIRECTION('',(0.,1.));
#3382 = ( GEOMETRIC_REPRESENTATION_CONTEXT(2) 
PARAMETRIC_REPRESENTATION_CONTEXT() REPRESENTATION_CONTEXT('2D SPACE',''
  ) );
#3383 = PCURVE('',#3025,#3384);
#3384 = DEFINITIONAL_REPRESENTATION('',(#3385),#3389);
#3385 = LINE('',#3386,#3387);
#3386 = CARTESIAN_POINT('',(6.,0.6));
#3387 = VECTOR('',#3388,1.);
#3388 = DIRECTION('',(0.,-1.));
#3389 = ( GEOMETRIC_REPRESENTATION_CONTEXT(2) 
PARAMETRIC_REPRESENTATION_CONTEXT() REPRESENTATION_CONTEXT('2D SPACE',''
  ) );
#3390 = ADVANCED_FACE('',(#3391),#1118,.T.);
#3391 = FACE_BOUND('',#3392,.T.);
#3392 = EDGE_LOOP('',(#3393,#3394,#3415,#3416));
#3393 = ORIENTED_EDGE('',*,*,#3229,.F.);
#3394 = ORIENTED_EDGE('',*,*,#3395,.F.);
#3395 = EDGE_CURVE('',#2796,#3207,#3396,.T.);
#3396 = SURFACE_CURVE('',#3397,(#3401,#3408),.PCURVE_S1.);
#3397 = LINE('',#3398,#3399);
#3398 = CARTESIAN_POINT('',(-11.5,-8.9,0.1));
#3399 = VECTOR('',#3400,1.);
#3400 = DIRECTION('',(0.,0.,1.));
#3401 = PCURVE('',#1118,#3402);
#3402 = DEFINITIONAL_REPRESENTATION('',(#3403),#3407);
#3403 = LINE('',#3404,#3405);
#3404 = CARTESIAN_POINT('',(0.,0.));
#3405 = VECTOR('',#3406,1.);
#3406 = DIRECTION('',(1.,0.));
#3407 = ( GEOMETRIC_REPRESENTATION_CONTEXT(2) 
PARAMETRIC_REPRESENTATION_CONTEXT() REPRESENTATION_CONTEXT('2D SPACE',''
  ) );
#3408 = PCURVE('',#2811,#3409);
#3409 = DEFINITIONAL_REPRESENTATION('',(#3410),#3414);
#3410 = LINE('',#3411,#3412);
#3411 = CARTESIAN_POINT('',(0.,3.5));
#3412 = VECTOR('',#3413,1.);
#3413 = DIRECTION('',(1.,0.));
#3414 = ( GEOMETRIC_REPRESENTATION_CONTEXT(2) 
PARAMETRIC_REPRESENTATION_CONTEXT() REPRESENTATION_CONTEXT('2D SPACE',''
  ) );
#3415 = ORIENTED_EDGE('',*,*,#2823,.T.);
#3416 = ORIENTED_EDGE('',*,*,#1102,.T.);
#3417 = ADVANCED_FACE('',(#3418,#3690),#1880,.F.);
#3418 = FACE_BOUND('',#3419,.F.);
#3419 = EDGE_LOOP('',(#3420,#3443,#3444,#3445,#3468,#3496,#3524,#3552,
    #3580,#3608,#3636,#3664));
#3420 = ORIENTED_EDGE('',*,*,#3421,.F.);
#3421 = EDGE_CURVE('',#1942,#3422,#3424,.T.);
#3422 = VERTEX_POINT('',#3423);
#3423 = CARTESIAN_POINT('',(11.5,8.9,0.1));
#3424 = SURFACE_CURVE('',#3425,(#3429,#3436),.PCURVE_S1.);
#3425 = LINE('',#3426,#3427);
#3426 = CARTESIAN_POINT('',(11.5,5.1,0.1));
#3427 = VECTOR('',#3428,1.);
#3428 = DIRECTION('',(0.,1.,0.));
#3429 = PCURVE('',#1880,#3430);
#3430 = DEFINITIONAL_REPRESENTATION('',(#3431),#3435);
#3431 = LINE('',#3432,#3433);
#3432 = CARTESIAN_POINT('',(0.,0.));
#3433 = VECTOR('',#3434,1.);
#3434 = DIRECTION('',(0.,1.));
#3435 = ( GEOMETRIC_REPRESENTATION_CONTEXT(2) 
PARAMETRIC_REPRESENTATION_CONTEXT() REPRESENTATION_CONTEXT('2D SPACE',''
  ) );
#3436 = PCURVE('',#1980,#3437);
#3437 = DEFINITIONAL_REPRESENTATION('',(#3438),#3442);
#3438 = LINE('',#3439,#3440);
#3439 = CARTESIAN_POINT('',(0.,0.));
#3440 = VECTOR('',#3441,1.);
#3441 = DIRECTION('',(0.,-1.));
#3442 = ( GEOMETRIC_REPRESENTATION_CONTEXT(2) 
PARAMETRIC_REPRESENTATION_CONTEXT() REPRESENTATION_CONTEXT('2D SPACE',''
  ) );
#3443 = ORIENTED_EDGE('',*,*,#1941,.F.);
#3444 = ORIENTED_EDGE('',*,*,#1864,.F.);
#3445 = ORIENTED_EDGE('',*,*,#3446,.T.);
#3446 = EDGE_CURVE('',#1837,#3447,#3449,.T.);
#3447 = VERTEX_POINT('',#3448);
#3448 = CARTESIAN_POINT('',(18.6,5.1,0.1));
#3449 = SURFACE_CURVE('',#3450,(#3454,#3461),.PCURVE_S1.);
#3450 = LINE('',#3451,#3452);
#3451 = CARTESIAN_POINT('',(11.5,5.1,0.1));
#3452 = VECTOR('',#3453,1.);
#3453 = DIRECTION('',(1.,0.,0.));
#3454 = PCURVE('',#1880,#3455);
#3455 = DEFINITIONAL_REPRESENTATION('',(#3456),#3460);
#3456 = LINE('',#3457,#3458);
#3457 = CARTESIAN_POINT('',(0.,0.));
#3458 = VECTOR('',#3459,1.);
#3459 = DIRECTION('',(1.,0.));
#3460 = ( GEOMETRIC_REPRESENTATION_CONTEXT(2) 
PARAMETRIC_REPRESENTATION_CONTEXT() REPRESENTATION_CONTEXT('2D SPACE',''
  ) );
#3461 = PCURVE('',#1852,#3462);
#3462 = DEFINITIONAL_REPRESENTATION('',(#3463),#3467);
#3463 = LINE('',#3464,#3465);
#3464 = CARTESIAN_POINT('',(0.,0.));
#3465 = VECTOR('',#3466,1.);
#3466 = DIRECTION('',(0.,1.));
#3467 = ( GEOMETRIC_REPRESENTATION_CONTEXT(2) 
PARAMETRIC_REPRESENTATION_CONTEXT() REPRESENTATION_CONTEXT('2D SPACE',''
  ) );
#3468 = ORIENTED_EDGE('',*,*,#3469,.F.);
#3469 = EDGE_CURVE('',#3470,#3447,#3472,.T.);
#3470 = VERTEX_POINT('',#3471);
#3471 = CARTESIAN_POINT('',(19.8,4.8,0.1));
#3472 = SURFACE_CURVE('',#3473,(#3477,#3484),.PCURVE_S1.);
#3473 = LINE('',#3474,#3475);
#3474 = CARTESIAN_POINT('',(19.8,4.8,0.1));
#3475 = VECTOR('',#3476,1.);
#3476 = DIRECTION('',(-0.970142500145,0.242535625036,0.));
#3477 = PCURVE('',#1880,#3478);
#3478 = DEFINITIONAL_REPRESENTATION('',(#3479),#3483);
#3479 = LINE('',#3480,#3481);
#3480 = CARTESIAN_POINT('',(8.3,-0.3));
#3481 = VECTOR('',#3482,1.);
#3482 = DIRECTION('',(-0.970142500145,0.242535625036));
#3483 = ( GEOMETRIC_REPRESENTATION_CONTEXT(2) 
PARAMETRIC_REPRESENTATION_CONTEXT() REPRESENTATION_CONTEXT('2D SPACE',''
  ) );
#3484 = PCURVE('',#3485,#3490);
#3485 = PLANE('',#3486);
#3486 = AXIS2_PLACEMENT_3D('',#3487,#3488,#3489);
#3487 = CARTESIAN_POINT('',(19.8,4.8,3.));
#3488 = DIRECTION('',(-0.242535625036,-0.970142500145,0.));
#3489 = DIRECTION('',(-0.970142500145,0.242535625036,0.));
#3490 = DEFINITIONAL_REPRESENTATION('',(#3491),#3495);
#3491 = LINE('',#3492,#3493);
#3492 = CARTESIAN_POINT('',(0.,2.9));
#3493 = VECTOR('',#3494,1.);
#3494 = DIRECTION('',(1.,0.));
#3495 = ( GEOMETRIC_REPRESENTATION_CONTEXT(2) 
PARAMETRIC_REPRESENTATION_CONTEXT() REPRESENTATION_CONTEXT('2D SPACE',''
  ) );
#3496 = ORIENTED_EDGE('',*,*,#3497,.F.);
#3497 = EDGE_CURVE('',#3498,#3470,#3500,.T.);
#3498 = VERTEX_POINT('',#3499);
#3499 = CARTESIAN_POINT('',(21.,5.1,0.1));
#3500 = SURFACE_CURVE('',#3501,(#3505,#3512),.PCURVE_S1.);
#3501 = LINE('',#3502,#3503);
#3502 = CARTESIAN_POINT('',(21.,5.1,0.1));
#3503 = VECTOR('',#3504,1.);
#3504 = DIRECTION('',(-0.970142500145,-0.242535625036,0.));
#3505 = PCURVE('',#1880,#3506);
#3506 = DEFINITIONAL_REPRESENTATION('',(#3507),#3511);
#3507 = LINE('',#3508,#3509);
#3508 = CARTESIAN_POINT('',(9.5,0.));
#3509 = VECTOR('',#3510,1.);
#3510 = DIRECTION('',(-0.970142500145,-0.242535625036));
#3511 = ( GEOMETRIC_REPRESENTATION_CONTEXT(2) 
PARAMETRIC_REPRESENTATION_CONTEXT() REPRESENTATION_CONTEXT('2D SPACE',''
  ) );
#3512 = PCURVE('',#3513,#3518);
#3513 = PLANE('',#3514);
#3514 = AXIS2_PLACEMENT_3D('',#3515,#3516,#3517);
#3515 = CARTESIAN_POINT('',(21.,5.1,3.));
#3516 = DIRECTION('',(0.242535625036,-0.970142500145,0.));
#3517 = DIRECTION('',(-0.970142500145,-0.242535625036,0.));
#3518 = DEFINITIONAL_REPRESENTATION('',(#3519),#3523);
#3519 = LINE('',#3520,#3521);
#3520 = CARTESIAN_POINT('',(-0.,2.9));
#3521 = VECTOR('',#3522,1.);
#3522 = DIRECTION('',(1.,0.));
#3523 = ( GEOMETRIC_REPRESENTATION_CONTEXT(2) 
PARAMETRIC_REPRESENTATION_CONTEXT() REPRESENTATION_CONTEXT('2D SPACE',''
  ) );
#3524 = ORIENTED_EDGE('',*,*,#3525,.T.);
#3525 = EDGE_CURVE('',#3498,#3526,#3528,.T.);
#3526 = VERTEX_POINT('',#3527);
#3527 = CARTESIAN_POINT('',(21.2,5.1,0.1));
#3528 = SURFACE_CURVE('',#3529,(#3533,#3540),.PCURVE_S1.);
#3529 = LINE('',#3530,#3531);
#3530 = CARTESIAN_POINT('',(11.5,5.1,0.1));
#3531 = VECTOR('',#3532,1.);
#3532 = DIRECTION('',(1.,0.,0.));
#3533 = PCURVE('',#1880,#3534);
#3534 = DEFINITIONAL_REPRESENTATION('',(#3535),#3539);
#3535 = LINE('',#3536,#3537);
#3536 = CARTESIAN_POINT('',(0.,0.));
#3537 = VECTOR('',#3538,1.);
#3538 = DIRECTION('',(1.,0.));
#3539 = ( GEOMETRIC_REPRESENTATION_CONTEXT(2) 
PARAMETRIC_REPRESENTATION_CONTEXT() REPRESENTATION_CONTEXT('2D SPACE',''
  ) );
#3540 = PCURVE('',#3541,#3546);
#3541 = PLANE('',#3542);
#3542 = AXIS2_PLACEMENT_3D('',#3543,#3544,#3545);
#3543 = CARTESIAN_POINT('',(11.5,5.1,0.1));
#3544 = DIRECTION('',(0.,1.,0.));
#3545 = DIRECTION('',(0.,0.,1.));
#3546 = DEFINITIONAL_REPRESENTATION('',(#3547),#3551);
#3547 = LINE('',#3548,#3549);
#3548 = CARTESIAN_POINT('',(0.,0.));
#3549 = VECTOR('',#3550,1.);
#3550 = DIRECTION('',(0.,1.));
#3551 = ( GEOMETRIC_REPRESENTATION_CONTEXT(2) 
PARAMETRIC_REPRESENTATION_CONTEXT() REPRESENTATION_CONTEXT('2D SPACE',''
  ) );
#3552 = ORIENTED_EDGE('',*,*,#3553,.T.);
#3553 = EDGE_CURVE('',#3526,#3554,#3556,.T.);
#3554 = VERTEX_POINT('',#3555);
#3555 = CARTESIAN_POINT('',(21.2,8.9,0.1));
#3556 = SURFACE_CURVE('',#3557,(#3561,#3568),.PCURVE_S1.);
#3557 = LINE('',#3558,#3559);
#3558 = CARTESIAN_POINT('',(21.2,5.1,0.1));
#3559 = VECTOR('',#3560,1.);
#3560 = DIRECTION('',(0.,1.,0.));
#3561 = PCURVE('',#1880,#3562);
#3562 = DEFINITIONAL_REPRESENTATION('',(#3563),#3567);
#3563 = LINE('',#3564,#3565);
#3564 = CARTESIAN_POINT('',(9.7,0.));
#3565 = VECTOR('',#3566,1.);
#3566 = DIRECTION('',(0.,1.));
#3567 = ( GEOMETRIC_REPRESENTATION_CONTEXT(2) 
PARAMETRIC_REPRESENTATION_CONTEXT() REPRESENTATION_CONTEXT('2D SPACE',''
  ) );
#3568 = PCURVE('',#3569,#3574);
#3569 = PLANE('',#3570);
#3570 = AXIS2_PLACEMENT_3D('',#3571,#3572,#3573);
#3571 = CARTESIAN_POINT('',(21.2,5.1,0.1));
#3572 = DIRECTION('',(1.,0.,0.));
#3573 = DIRECTION('',(0.,0.,1.));
#3574 = DEFINITIONAL_REPRESENTATION('',(#3575),#3579);
#3575 = LINE('',#3576,#3577);
#3576 = CARTESIAN_POINT('',(0.,0.));
#3577 = VECTOR('',#3578,1.);
#3578 = DIRECTION('',(0.,-1.));
#3579 = ( GEOMETRIC_REPRESENTATION_CONTEXT(2) 
PARAMETRIC_REPRESENTATION_CONTEXT() REPRESENTATION_CONTEXT('2D SPACE',''
  ) );
#3580 = ORIENTED_EDGE('',*,*,#3581,.T.);
#3581 = EDGE_CURVE('',#3554,#3582,#3584,.T.);
#3582 = VERTEX_POINT('',#3583);
#3583 = CARTESIAN_POINT('',(21.,8.9,0.1));
#3584 = SURFACE_CURVE('',#3585,(#3589,#3596),.PCURVE_S1.);
#3585 = LINE('',#3586,#3587);
#3586 = CARTESIAN_POINT('',(21.2,8.9,0.1));
#3587 = VECTOR('',#3588,1.);
#3588 = DIRECTION('',(-1.,0.,0.));
#3589 = PCURVE('',#1880,#3590);
#3590 = DEFINITIONAL_REPRESENTATION('',(#3591),#3595);
#3591 = LINE('',#3592,#3593);
#3592 = CARTESIAN_POINT('',(9.7,3.8));
#3593 = VECTOR('',#3594,1.);
#3594 = DIRECTION('',(-1.,0.));
#3595 = ( GEOMETRIC_REPRESENTATION_CONTEXT(2) 
PARAMETRIC_REPRESENTATION_CONTEXT() REPRESENTATION_CONTEXT('2D SPACE',''
  ) );
#3596 = PCURVE('',#3597,#3602);
#3597 = PLANE('',#3598);
#3598 = AXIS2_PLACEMENT_3D('',#3599,#3600,#3601);
#3599 = CARTESIAN_POINT('',(11.5,8.9,0.1));
#3600 = DIRECTION('',(0.,1.,0.));
#3601 = DIRECTION('',(0.,0.,1.));
#3602 = DEFINITIONAL_REPRESENTATION('',(#3603),#3607);
#3603 = LINE('',#3604,#3605);
#3604 = CARTESIAN_POINT('',(0.,9.7));
#3605 = VECTOR('',#3606,1.);
#3606 = DIRECTION('',(0.,-1.));
#3607 = ( GEOMETRIC_REPRESENTATION_CONTEXT(2) 
PARAMETRIC_REPRESENTATION_CONTEXT() REPRESENTATION_CONTEXT('2D SPACE',''
  ) );
#3608 = ORIENTED_EDGE('',*,*,#3609,.T.);
#3609 = EDGE_CURVE('',#3582,#3610,#3612,.T.);
#3610 = VERTEX_POINT('',#3611);
#3611 = CARTESIAN_POINT('',(19.8,9.2,0.1));
#3612 = SURFACE_CURVE('',#3613,(#3617,#3624),.PCURVE_S1.);
#3613 = LINE('',#3614,#3615);
#3614 = CARTESIAN_POINT('',(21.,8.9,0.1));
#3615 = VECTOR('',#3616,1.);
#3616 = DIRECTION('',(-0.970142500145,0.242535625036,0.));
#3617 = PCURVE('',#1880,#3618);
#3618 = DEFINITIONAL_REPRESENTATION('',(#3619),#3623);
#3619 = LINE('',#3620,#3621);
#3620 = CARTESIAN_POINT('',(9.5,3.8));
#3621 = VECTOR('',#3622,1.);
#3622 = DIRECTION('',(-0.970142500145,0.242535625036));
#3623 = ( GEOMETRIC_REPRESENTATION_CONTEXT(2) 
PARAMETRIC_REPRESENTATION_CONTEXT() REPRESENTATION_CONTEXT('2D SPACE',''
  ) );
#3624 = PCURVE('',#3625,#3630);
#3625 = PLANE('',#3626);
#3626 = AXIS2_PLACEMENT_3D('',#3627,#3628,#3629);
#3627 = CARTESIAN_POINT('',(21.,8.9,3.));
#3628 = DIRECTION('',(-0.242535625036,-0.970142500145,0.));
#3629 = DIRECTION('',(-0.970142500145,0.242535625036,0.));
#3630 = DEFINITIONAL_REPRESENTATION('',(#3631),#3635);
#3631 = LINE('',#3632,#3633);
#3632 = CARTESIAN_POINT('',(0.,2.9));
#3633 = VECTOR('',#3634,1.);
#3634 = DIRECTION('',(1.,0.));
#3635 = ( GEOMETRIC_REPRESENTATION_CONTEXT(2) 
PARAMETRIC_REPRESENTATION_CONTEXT() REPRESENTATION_CONTEXT('2D SPACE',''
  ) );
#3636 = ORIENTED_EDGE('',*,*,#3637,.T.);
#3637 = EDGE_CURVE('',#3610,#3638,#3640,.T.);
#3638 = VERTEX_POINT('',#3639);
#3639 = CARTESIAN_POINT('',(18.6,8.9,0.1));
#3640 = SURFACE_CURVE('',#3641,(#3645,#3652),.PCURVE_S1.);
#3641 = LINE('',#3642,#3643);
#3642 = CARTESIAN_POINT('',(19.8,9.2,0.1));
#3643 = VECTOR('',#3644,1.);
#3644 = DIRECTION('',(-0.970142500145,-0.242535625036,0.));
#3645 = PCURVE('',#1880,#3646);
#3646 = DEFINITIONAL_REPRESENTATION('',(#3647),#3651);
#3647 = LINE('',#3648,#3649);
#3648 = CARTESIAN_POINT('',(8.3,4.1));
#3649 = VECTOR('',#3650,1.);
#3650 = DIRECTION('',(-0.970142500145,-0.242535625036));
#3651 = ( GEOMETRIC_REPRESENTATION_CONTEXT(2) 
PARAMETRIC_REPRESENTATION_CONTEXT() REPRESENTATION_CONTEXT('2D SPACE',''
  ) );
#3652 = PCURVE('',#3653,#3658);
#3653 = PLANE('',#3654);
#3654 = AXIS2_PLACEMENT_3D('',#3655,#3656,#3657);
#3655 = CARTESIAN_POINT('',(19.8,9.2,3.));
#3656 = DIRECTION('',(0.242535625036,-0.970142500145,0.));
#3657 = DIRECTION('',(-0.970142500145,-0.242535625036,0.));
#3658 = DEFINITIONAL_REPRESENTATION('',(#3659),#3663);
#3659 = LINE('',#3660,#3661);
#3660 = CARTESIAN_POINT('',(-0.,2.9));
#3661 = VECTOR('',#3662,1.);
#3662 = DIRECTION('',(1.,0.));
#3663 = ( GEOMETRIC_REPRESENTATION_CONTEXT(2) 
PARAMETRIC_REPRESENTATION_CONTEXT() REPRESENTATION_CONTEXT('2D SPACE',''
  ) );
#3664 = ORIENTED_EDGE('',*,*,#3665,.T.);
#3665 = EDGE_CURVE('',#3638,#3422,#3666,.T.);
#3666 = SURFACE_CURVE('',#3667,(#3671,#3678),.PCURVE_S1.);
#3667 = LINE('',#3668,#3669);
#3668 = CARTESIAN_POINT('',(21.2,8.9,0.1));
#3669 = VECTOR('',#3670,1.);
#3670 = DIRECTION('',(-1.,0.,0.));
#3671 = PCURVE('',#1880,#3672);
#3672 = DEFINITIONAL_REPRESENTATION('',(#3673),#3677);
#3673 = LINE('',#3674,#3675);
#3674 = CARTESIAN_POINT('',(9.7,3.8));
#3675 = VECTOR('',#3676,1.);
#3676 = DIRECTION('',(-1.,0.));
#3677 = ( GEOMETRIC_REPRESENTATION_CONTEXT(2) 
PARAMETRIC_REPRESENTATION_CONTEXT() REPRESENTATION_CONTEXT('2D SPACE',''
  ) );
#3678 = PCURVE('',#3679,#3684);
#3679 = PLANE('',#3680);
#3680 = AXIS2_PLACEMENT_3D('',#3681,#3682,#3683);
#3681 = CARTESIAN_POINT('',(11.5,8.9,0.1));
#3682 = DIRECTION('',(0.,1.,0.));
#3683 = DIRECTION('',(0.,0.,1.));
#3684 = DEFINITIONAL_REPRESENTATION('',(#3685),#3689);
#3685 = LINE('',#3686,#3687);
#3686 = CARTESIAN_POINT('',(0.,9.7));
#3687 = VECTOR('',#3688,1.);
#3688 = DIRECTION('',(0.,-1.));
#3689 = ( GEOMETRIC_REPRESENTATION_CONTEXT(2) 
PARAMETRIC_REPRESENTATION_CONTEXT() REPRESENTATION_CONTEXT('2D SPACE',''
  ) );
#3690 = FACE_BOUND('',#3691,.F.);
#3691 = EDGE_LOOP('',(#3692,#3722,#3750,#3778));
#3692 = ORIENTED_EDGE('',*,*,#3693,.F.);
#3693 = EDGE_CURVE('',#3694,#3696,#3698,.T.);
#3694 = VERTEX_POINT('',#3695);
#3695 = CARTESIAN_POINT('',(21.1,7.7,0.1));
#3696 = VERTEX_POINT('',#3697);
#3697 = CARTESIAN_POINT('',(16.1,7.7,0.1));
#3698 = SURFACE_CURVE('',#3699,(#3703,#3710),.PCURVE_S1.);
#3699 = LINE('',#3700,#3701);
#3700 = CARTESIAN_POINT('',(15.45,7.7,0.1));
#3701 = VECTOR('',#3702,1.);
#3702 = DIRECTION('',(-1.,0.,0.));
#3703 = PCURVE('',#1880,#3704);
#3704 = DEFINITIONAL_REPRESENTATION('',(#3705),#3709);
#3705 = LINE('',#3706,#3707);
#3706 = CARTESIAN_POINT('',(3.95,2.6));
#3707 = VECTOR('',#3708,1.);
#3708 = DIRECTION('',(-1.,0.));
#3709 = ( GEOMETRIC_REPRESENTATION_CONTEXT(2) 
PARAMETRIC_REPRESENTATION_CONTEXT() REPRESENTATION_CONTEXT('2D SPACE',''
  ) );
#3710 = PCURVE('',#3711,#3716);
#3711 = PLANE('',#3712);
#3712 = AXIS2_PLACEMENT_3D('',#3713,#3714,#3715);
#3713 = CARTESIAN_POINT('',(16.1,7.7,-0.1));
#3714 = DIRECTION('',(0.,1.,0.));
#3715 = DIRECTION('',(0.,0.,1.));
#3716 = DEFINITIONAL_REPRESENTATION('',(#3717),#3721);
#3717 = LINE('',#3718,#3719);
#3718 = CARTESIAN_POINT('',(0.2,-0.65));
#3719 = VECTOR('',#3720,1.);
#3720 = DIRECTION('',(0.,-1.));
#3721 = ( GEOMETRIC_REPRESENTATION_CONTEXT(2) 
PARAMETRIC_REPRESENTATION_CONTEXT() REPRESENTATION_CONTEXT('2D SPACE',''
  ) );
#3722 = ORIENTED_EDGE('',*,*,#3723,.F.);
#3723 = EDGE_CURVE('',#3724,#3694,#3726,.T.);
#3724 = VERTEX_POINT('',#3725);
#3725 = CARTESIAN_POINT('',(21.1,6.3,0.1));
#3726 = SURFACE_CURVE('',#3727,(#3731,#3738),.PCURVE_S1.);
#3727 = LINE('',#3728,#3729);
#3728 = CARTESIAN_POINT('',(21.1,5.7,0.1));
#3729 = VECTOR('',#3730,1.);
#3730 = DIRECTION('',(0.,1.,0.));
#3731 = PCURVE('',#1880,#3732);
#3732 = DEFINITIONAL_REPRESENTATION('',(#3733),#3737);
#3733 = LINE('',#3734,#3735);
#3734 = CARTESIAN_POINT('',(9.6,0.6));
#3735 = VECTOR('',#3736,1.);
#3736 = DIRECTION('',(0.,1.));
#3737 = ( GEOMETRIC_REPRESENTATION_CONTEXT(2) 
PARAMETRIC_REPRESENTATION_CONTEXT() REPRESENTATION_CONTEXT('2D SPACE',''
  ) );
#3738 = PCURVE('',#3739,#3744);
#3739 = PLANE('',#3740);
#3740 = AXIS2_PLACEMENT_3D('',#3741,#3742,#3743);
#3741 = CARTESIAN_POINT('',(21.1,6.3,-0.1));
#3742 = DIRECTION('',(1.,0.,0.));
#3743 = DIRECTION('',(0.,0.,1.));
#3744 = DEFINITIONAL_REPRESENTATION('',(#3745),#3749);
#3745 = LINE('',#3746,#3747);
#3746 = CARTESIAN_POINT('',(0.2,0.6));
#3747 = VECTOR('',#3748,1.);
#3748 = DIRECTION('',(0.,-1.));
#3749 = ( GEOMETRIC_REPRESENTATION_CONTEXT(2) 
PARAMETRIC_REPRESENTATION_CONTEXT() REPRESENTATION_CONTEXT('2D SPACE',''
  ) );
#3750 = ORIENTED_EDGE('',*,*,#3751,.T.);
#3751 = EDGE_CURVE('',#3724,#3752,#3754,.T.);
#3752 = VERTEX_POINT('',#3753);
#3753 = CARTESIAN_POINT('',(16.1,6.3,0.1));
#3754 = SURFACE_CURVE('',#3755,(#3759,#3766),.PCURVE_S1.);
#3755 = LINE('',#3756,#3757);
#3756 = CARTESIAN_POINT('',(15.45,6.3,0.1));
#3757 = VECTOR('',#3758,1.);
#3758 = DIRECTION('',(-1.,0.,0.));
#3759 = PCURVE('',#1880,#3760);
#3760 = DEFINITIONAL_REPRESENTATION('',(#3761),#3765);
#3761 = LINE('',#3762,#3763);
#3762 = CARTESIAN_POINT('',(3.95,1.2));
#3763 = VECTOR('',#3764,1.);
#3764 = DIRECTION('',(-1.,0.));
#3765 = ( GEOMETRIC_REPRESENTATION_CONTEXT(2) 
PARAMETRIC_REPRESENTATION_CONTEXT() REPRESENTATION_CONTEXT('2D SPACE',''
  ) );
#3766 = PCURVE('',#3767,#3772);
#3767 = PLANE('',#3768);
#3768 = AXIS2_PLACEMENT_3D('',#3769,#3770,#3771);
#3769 = CARTESIAN_POINT('',(16.1,6.3,-0.1));
#3770 = DIRECTION('',(0.,1.,0.));
#3771 = DIRECTION('',(0.,0.,1.));
#3772 = DEFINITIONAL_REPRESENTATION('',(#3773),#3777);
#3773 = LINE('',#3774,#3775);
#3774 = CARTESIAN_POINT('',(0.2,-0.65));
#3775 = VECTOR('',#3776,1.);
#3776 = DIRECTION('',(0.,-1.));
#3777 = ( GEOMETRIC_REPRESENTATION_CONTEXT(2) 
PARAMETRIC_REPRESENTATION_CONTEXT() REPRESENTATION_CONTEXT('2D SPACE',''
  ) );
#3778 = ORIENTED_EDGE('',*,*,#3779,.T.);
#3779 = EDGE_CURVE('',#3752,#3696,#3780,.T.);
#3780 = SURFACE_CURVE('',#3781,(#3785,#3792),.PCURVE_S1.);
#3781 = LINE('',#3782,#3783);
#3782 = CARTESIAN_POINT('',(16.1,5.7,0.1));
#3783 = VECTOR('',#3784,1.);
#3784 = DIRECTION('',(0.,1.,0.));
#3785 = PCURVE('',#1880,#3786);
#3786 = DEFINITIONAL_REPRESENTATION('',(#3787),#3791);
#3787 = LINE('',#3788,#3789);
#3788 = CARTESIAN_POINT('',(4.6,0.6));
#3789 = VECTOR('',#3790,1.);
#3790 = DIRECTION('',(0.,1.));
#3791 = ( GEOMETRIC_REPRESENTATION_CONTEXT(2) 
PARAMETRIC_REPRESENTATION_CONTEXT() REPRESENTATION_CONTEXT('2D SPACE',''
  ) );
#3792 = PCURVE('',#3793,#3798);
#3793 = PLANE('',#3794);
#3794 = AXIS2_PLACEMENT_3D('',#3795,#3796,#3797);
#3795 = CARTESIAN_POINT('',(16.1,6.3,-0.1));
#3796 = DIRECTION('',(1.,0.,0.));
#3797 = DIRECTION('',(0.,0.,1.));
#3798 = DEFINITIONAL_REPRESENTATION('',(#3799),#3803);
#3799 = LINE('',#3800,#3801);
#3800 = CARTESIAN_POINT('',(0.2,0.6));
#3801 = VECTOR('',#3802,1.);
#3802 = DIRECTION('',(0.,-1.));
#3803 = ( GEOMETRIC_REPRESENTATION_CONTEXT(2) 
PARAMETRIC_REPRESENTATION_CONTEXT() REPRESENTATION_CONTEXT('2D SPACE',''
  ) );
#3804 = ADVANCED_FACE('',(#3805),#1852,.F.);
#3805 = FACE_BOUND('',#3806,.F.);
#3806 = EDGE_LOOP('',(#3807,#3808,#3809,#3832));
#3807 = ORIENTED_EDGE('',*,*,#3446,.F.);
#3808 = ORIENTED_EDGE('',*,*,#1836,.F.);
#3809 = ORIENTED_EDGE('',*,*,#3810,.F.);
#3810 = EDGE_CURVE('',#3811,#1809,#3813,.T.);
#3811 = VERTEX_POINT('',#3812);
#3812 = CARTESIAN_POINT('',(18.6,5.1,5.9));
#3813 = SURFACE_CURVE('',#3814,(#3818,#3825),.PCURVE_S1.);
#3814 = LINE('',#3815,#3816);
#3815 = CARTESIAN_POINT('',(21.2,5.1,5.9));
#3816 = VECTOR('',#3817,1.);
#3817 = DIRECTION('',(-1.,0.,0.));
#3818 = PCURVE('',#1852,#3819);
#3819 = DEFINITIONAL_REPRESENTATION('',(#3820),#3824);
#3820 = LINE('',#3821,#3822);
#3821 = CARTESIAN_POINT('',(5.8,9.7));
#3822 = VECTOR('',#3823,1.);
#3823 = DIRECTION('',(0.,-1.));
#3824 = ( GEOMETRIC_REPRESENTATION_CONTEXT(2) 
PARAMETRIC_REPRESENTATION_CONTEXT() REPRESENTATION_CONTEXT('2D SPACE',''
  ) );
#3825 = PCURVE('',#1824,#3826);
#3826 = DEFINITIONAL_REPRESENTATION('',(#3827),#3831);
#3827 = LINE('',#3828,#3829);
#3828 = CARTESIAN_POINT('',(9.7,0.));
#3829 = VECTOR('',#3830,1.);
#3830 = DIRECTION('',(-1.,0.));
#3831 = ( GEOMETRIC_REPRESENTATION_CONTEXT(2) 
PARAMETRIC_REPRESENTATION_CONTEXT() REPRESENTATION_CONTEXT('2D SPACE',''
  ) );
#3832 = ORIENTED_EDGE('',*,*,#3833,.F.);
#3833 = EDGE_CURVE('',#3447,#3811,#3834,.T.);
#3834 = SURFACE_CURVE('',#3835,(#3839,#3846),.PCURVE_S1.);
#3835 = LINE('',#3836,#3837);
#3836 = CARTESIAN_POINT('',(18.6,5.1,0.1));
#3837 = VECTOR('',#3838,1.);
#3838 = DIRECTION('',(0.,0.,1.));
#3839 = PCURVE('',#1852,#3840);
#3840 = DEFINITIONAL_REPRESENTATION('',(#3841),#3845);
#3841 = LINE('',#3842,#3843);
#3842 = CARTESIAN_POINT('',(0.,7.1));
#3843 = VECTOR('',#3844,1.);
#3844 = DIRECTION('',(1.,0.));
#3845 = ( GEOMETRIC_REPRESENTATION_CONTEXT(2) 
PARAMETRIC_REPRESENTATION_CONTEXT() REPRESENTATION_CONTEXT('2D SPACE',''
  ) );
#3846 = PCURVE('',#3485,#3847);
#3847 = DEFINITIONAL_REPRESENTATION('',(#3848),#3852);
#3848 = LINE('',#3849,#3850);
#3849 = CARTESIAN_POINT('',(1.236931687685,2.9));
#3850 = VECTOR('',#3851,1.);
#3851 = DIRECTION('',(0.,-1.));
#3852 = ( GEOMETRIC_REPRESENTATION_CONTEXT(2) 
PARAMETRIC_REPRESENTATION_CONTEXT() REPRESENTATION_CONTEXT('2D SPACE',''
  ) );
#3853 = ADVANCED_FACE('',(#3854,#4064),#1824,.T.);
#3854 = FACE_BOUND('',#3855,.T.);
#3855 = EDGE_LOOP('',(#3856,#3879,#3880,#3881,#3882,#3905,#3928,#3951,
    #3974,#3997,#4020,#4043));
#3856 = ORIENTED_EDGE('',*,*,#3857,.F.);
#3857 = EDGE_CURVE('',#1965,#3858,#3860,.T.);
#3858 = VERTEX_POINT('',#3859);
#3859 = CARTESIAN_POINT('',(11.5,8.9,5.9));
#3860 = SURFACE_CURVE('',#3861,(#3865,#3872),.PCURVE_S1.);
#3861 = LINE('',#3862,#3863);
#3862 = CARTESIAN_POINT('',(11.5,5.1,5.9));
#3863 = VECTOR('',#3864,1.);
#3864 = DIRECTION('',(0.,1.,0.));
#3865 = PCURVE('',#1824,#3866);
#3866 = DEFINITIONAL_REPRESENTATION('',(#3867),#3871);
#3867 = LINE('',#3868,#3869);
#3868 = CARTESIAN_POINT('',(0.,0.));
#3869 = VECTOR('',#3870,1.);
#3870 = DIRECTION('',(0.,1.));
#3871 = ( GEOMETRIC_REPRESENTATION_CONTEXT(2) 
PARAMETRIC_REPRESENTATION_CONTEXT() REPRESENTATION_CONTEXT('2D SPACE',''
  ) );
#3872 = PCURVE('',#1980,#3873);
#3873 = DEFINITIONAL_REPRESENTATION('',(#3874),#3878);
#3874 = LINE('',#3875,#3876);
#3875 = CARTESIAN_POINT('',(5.8,0.));
#3876 = VECTOR('',#3877,1.);
#3877 = DIRECTION('',(0.,-1.));
#3878 = ( GEOMETRIC_REPRESENTATION_CONTEXT(2) 
PARAMETRIC_REPRESENTATION_CONTEXT() REPRESENTATION_CONTEXT('2D SPACE',''
  ) );
#3879 = ORIENTED_EDGE('',*,*,#1992,.F.);
#3880 = ORIENTED_EDGE('',*,*,#1808,.F.);
#3881 = ORIENTED_EDGE('',*,*,#3810,.F.);
#3882 = ORIENTED_EDGE('',*,*,#3883,.F.);
#3883 = EDGE_CURVE('',#3884,#3811,#3886,.T.);
#3884 = VERTEX_POINT('',#3885);
#3885 = CARTESIAN_POINT('',(19.8,4.8,5.9));
#3886 = SURFACE_CURVE('',#3887,(#3891,#3898),.PCURVE_S1.);
#3887 = LINE('',#3888,#3889);
#3888 = CARTESIAN_POINT('',(19.8,4.8,5.9));
#3889 = VECTOR('',#3890,1.);
#3890 = DIRECTION('',(-0.970142500145,0.242535625036,0.));
#3891 = PCURVE('',#1824,#3892);
#3892 = DEFINITIONAL_REPRESENTATION('',(#3893),#3897);
#3893 = LINE('',#3894,#3895);
#3894 = CARTESIAN_POINT('',(8.3,-0.3));
#3895 = VECTOR('',#3896,1.);
#3896 = DIRECTION('',(-0.970142500145,0.242535625036));
#3897 = ( GEOMETRIC_REPRESENTATION_CONTEXT(2) 
PARAMETRIC_REPRESENTATION_CONTEXT() REPRESENTATION_CONTEXT('2D SPACE',''
  ) );
#3898 = PCURVE('',#3485,#3899);
#3899 = DEFINITIONAL_REPRESENTATION('',(#3900),#3904);
#3900 = LINE('',#3901,#3902);
#3901 = CARTESIAN_POINT('',(0.,-2.9));
#3902 = VECTOR('',#3903,1.);
#3903 = DIRECTION('',(1.,0.));
#3904 = ( GEOMETRIC_REPRESENTATION_CONTEXT(2) 
PARAMETRIC_REPRESENTATION_CONTEXT() REPRESENTATION_CONTEXT('2D SPACE',''
  ) );
#3905 = ORIENTED_EDGE('',*,*,#3906,.F.);
#3906 = EDGE_CURVE('',#3907,#3884,#3909,.T.);
#3907 = VERTEX_POINT('',#3908);
#3908 = CARTESIAN_POINT('',(21.,5.1,5.9));
#3909 = SURFACE_CURVE('',#3910,(#3914,#3921),.PCURVE_S1.);
#3910 = LINE('',#3911,#3912);
#3911 = CARTESIAN_POINT('',(21.,5.1,5.9));
#3912 = VECTOR('',#3913,1.);
#3913 = DIRECTION('',(-0.970142500145,-0.242535625036,0.));
#3914 = PCURVE('',#1824,#3915);
#3915 = DEFINITIONAL_REPRESENTATION('',(#3916),#3920);
#3916 = LINE('',#3917,#3918);
#3917 = CARTESIAN_POINT('',(9.5,0.));
#3918 = VECTOR('',#3919,1.);
#3919 = DIRECTION('',(-0.970142500145,-0.242535625036));
#3920 = ( GEOMETRIC_REPRESENTATION_CONTEXT(2) 
PARAMETRIC_REPRESENTATION_CONTEXT() REPRESENTATION_CONTEXT('2D SPACE',''
  ) );
#3921 = PCURVE('',#3513,#3922);
#3922 = DEFINITIONAL_REPRESENTATION('',(#3923),#3927);
#3923 = LINE('',#3924,#3925);
#3924 = CARTESIAN_POINT('',(0.,-2.9));
#3925 = VECTOR('',#3926,1.);
#3926 = DIRECTION('',(1.,0.));
#3927 = ( GEOMETRIC_REPRESENTATION_CONTEXT(2) 
PARAMETRIC_REPRESENTATION_CONTEXT() REPRESENTATION_CONTEXT('2D SPACE',''
  ) );
#3928 = ORIENTED_EDGE('',*,*,#3929,.F.);
#3929 = EDGE_CURVE('',#3930,#3907,#3932,.T.);
#3930 = VERTEX_POINT('',#3931);
#3931 = CARTESIAN_POINT('',(21.2,5.1,5.9));
#3932 = SURFACE_CURVE('',#3933,(#3937,#3944),.PCURVE_S1.);
#3933 = LINE('',#3934,#3935);
#3934 = CARTESIAN_POINT('',(21.2,5.1,5.9));
#3935 = VECTOR('',#3936,1.);
#3936 = DIRECTION('',(-1.,0.,0.));
#3937 = PCURVE('',#1824,#3938);
#3938 = DEFINITIONAL_REPRESENTATION('',(#3939),#3943);
#3939 = LINE('',#3940,#3941);
#3940 = CARTESIAN_POINT('',(9.7,0.));
#3941 = VECTOR('',#3942,1.);
#3942 = DIRECTION('',(-1.,0.));
#3943 = ( GEOMETRIC_REPRESENTATION_CONTEXT(2) 
PARAMETRIC_REPRESENTATION_CONTEXT() REPRESENTATION_CONTEXT('2D SPACE',''
  ) );
#3944 = PCURVE('',#3541,#3945);
#3945 = DEFINITIONAL_REPRESENTATION('',(#3946),#3950);
#3946 = LINE('',#3947,#3948);
#3947 = CARTESIAN_POINT('',(5.8,9.7));
#3948 = VECTOR('',#3949,1.);
#3949 = DIRECTION('',(0.,-1.));
#3950 = ( GEOMETRIC_REPRESENTATION_CONTEXT(2) 
PARAMETRIC_REPRESENTATION_CONTEXT() REPRESENTATION_CONTEXT('2D SPACE',''
  ) );
#3951 = ORIENTED_EDGE('',*,*,#3952,.T.);
#3952 = EDGE_CURVE('',#3930,#3953,#3955,.T.);
#3953 = VERTEX_POINT('',#3954);
#3954 = CARTESIAN_POINT('',(21.2,8.9,5.9));
#3955 = SURFACE_CURVE('',#3956,(#3960,#3967),.PCURVE_S1.);
#3956 = LINE('',#3957,#3958);
#3957 = CARTESIAN_POINT('',(21.2,5.1,5.9));
#3958 = VECTOR('',#3959,1.);
#3959 = DIRECTION('',(0.,1.,0.));
#3960 = PCURVE('',#1824,#3961);
#3961 = DEFINITIONAL_REPRESENTATION('',(#3962),#3966);
#3962 = LINE('',#3963,#3964);
#3963 = CARTESIAN_POINT('',(9.7,0.));
#3964 = VECTOR('',#3965,1.);
#3965 = DIRECTION('',(0.,1.));
#3966 = ( GEOMETRIC_REPRESENTATION_CONTEXT(2) 
PARAMETRIC_REPRESENTATION_CONTEXT() REPRESENTATION_CONTEXT('2D SPACE',''
  ) );
#3967 = PCURVE('',#3569,#3968);
#3968 = DEFINITIONAL_REPRESENTATION('',(#3969),#3973);
#3969 = LINE('',#3970,#3971);
#3970 = CARTESIAN_POINT('',(5.8,0.));
#3971 = VECTOR('',#3972,1.);
#3972 = DIRECTION('',(0.,-1.));
#3973 = ( GEOMETRIC_REPRESENTATION_CONTEXT(2) 
PARAMETRIC_REPRESENTATION_CONTEXT() REPRESENTATION_CONTEXT('2D SPACE',''
  ) );
#3974 = ORIENTED_EDGE('',*,*,#3975,.T.);
#3975 = EDGE_CURVE('',#3953,#3976,#3978,.T.);
#3976 = VERTEX_POINT('',#3977);
#3977 = CARTESIAN_POINT('',(21.,8.9,5.9));
#3978 = SURFACE_CURVE('',#3979,(#3983,#3990),.PCURVE_S1.);
#3979 = LINE('',#3980,#3981);
#3980 = CARTESIAN_POINT('',(21.2,8.9,5.9));
#3981 = VECTOR('',#3982,1.);
#3982 = DIRECTION('',(-1.,0.,0.));
#3983 = PCURVE('',#1824,#3984);
#3984 = DEFINITIONAL_REPRESENTATION('',(#3985),#3989);
#3985 = LINE('',#3986,#3987);
#3986 = CARTESIAN_POINT('',(9.7,3.8));
#3987 = VECTOR('',#3988,1.);
#3988 = DIRECTION('',(-1.,0.));
#3989 = ( GEOMETRIC_REPRESENTATION_CONTEXT(2) 
PARAMETRIC_REPRESENTATION_CONTEXT() REPRESENTATION_CONTEXT('2D SPACE',''
  ) );
#3990 = PCURVE('',#3597,#3991);
#3991 = DEFINITIONAL_REPRESENTATION('',(#3992),#3996);
#3992 = LINE('',#3993,#3994);
#3993 = CARTESIAN_POINT('',(5.8,9.7));
#3994 = VECTOR('',#3995,1.);
#3995 = DIRECTION('',(0.,-1.));
#3996 = ( GEOMETRIC_REPRESENTATION_CONTEXT(2) 
PARAMETRIC_REPRESENTATION_CONTEXT() REPRESENTATION_CONTEXT('2D SPACE',''
  ) );
#3997 = ORIENTED_EDGE('',*,*,#3998,.T.);
#3998 = EDGE_CURVE('',#3976,#3999,#4001,.T.);
#3999 = VERTEX_POINT('',#4000);
#4000 = CARTESIAN_POINT('',(19.8,9.2,5.9));
#4001 = SURFACE_CURVE('',#4002,(#4006,#4013),.PCURVE_S1.);
#4002 = LINE('',#4003,#4004);
#4003 = CARTESIAN_POINT('',(21.,8.9,5.9));
#4004 = VECTOR('',#4005,1.);
#4005 = DIRECTION('',(-0.970142500145,0.242535625036,0.));
#4006 = PCURVE('',#1824,#4007);
#4007 = DEFINITIONAL_REPRESENTATION('',(#4008),#4012);
#4008 = LINE('',#4009,#4010);
#4009 = CARTESIAN_POINT('',(9.5,3.8));
#4010 = VECTOR('',#4011,1.);
#4011 = DIRECTION('',(-0.970142500145,0.242535625036));
#4012 = ( GEOMETRIC_REPRESENTATION_CONTEXT(2) 
PARAMETRIC_REPRESENTATION_CONTEXT() REPRESENTATION_CONTEXT('2D SPACE',''
  ) );
#4013 = PCURVE('',#3625,#4014);
#4014 = DEFINITIONAL_REPRESENTATION('',(#4015),#4019);
#4015 = LINE('',#4016,#4017);
#4016 = CARTESIAN_POINT('',(0.,-2.9));
#4017 = VECTOR('',#4018,1.);
#4018 = DIRECTION('',(1.,0.));
#4019 = ( GEOMETRIC_REPRESENTATION_CONTEXT(2) 
PARAMETRIC_REPRESENTATION_CONTEXT() REPRESENTATION_CONTEXT('2D SPACE',''
  ) );
#4020 = ORIENTED_EDGE('',*,*,#4021,.T.);
#4021 = EDGE_CURVE('',#3999,#4022,#4024,.T.);
#4022 = VERTEX_POINT('',#4023);
#4023 = CARTESIAN_POINT('',(18.6,8.9,5.9));
#4024 = SURFACE_CURVE('',#4025,(#4029,#4036),.PCURVE_S1.);
#4025 = LINE('',#4026,#4027);
#4026 = CARTESIAN_POINT('',(19.8,9.2,5.9));
#4027 = VECTOR('',#4028,1.);
#4028 = DIRECTION('',(-0.970142500145,-0.242535625036,0.));
#4029 = PCURVE('',#1824,#4030);
#4030 = DEFINITIONAL_REPRESENTATION('',(#4031),#4035);
#4031 = LINE('',#4032,#4033);
#4032 = CARTESIAN_POINT('',(8.3,4.1));
#4033 = VECTOR('',#4034,1.);
#4034 = DIRECTION('',(-0.970142500145,-0.242535625036));
#4035 = ( GEOMETRIC_REPRESENTATION_CONTEXT(2) 
PARAMETRIC_REPRESENTATION_CONTEXT() REPRESENTATION_CONTEXT('2D SPACE',''
  ) );
#4036 = PCURVE('',#3653,#4037);
#4037 = DEFINITIONAL_REPRESENTATION('',(#4038),#4042);
#4038 = LINE('',#4039,#4040);
#4039 = CARTESIAN_POINT('',(0.,-2.9));
#4040 = VECTOR('',#4041,1.);
#4041 = DIRECTION('',(1.,0.));
#4042 = ( GEOMETRIC_REPRESENTATION_CONTEXT(2) 
PARAMETRIC_REPRESENTATION_CONTEXT() REPRESENTATION_CONTEXT('2D SPACE',''
  ) );
#4043 = ORIENTED_EDGE('',*,*,#4044,.T.);
#4044 = EDGE_CURVE('',#4022,#3858,#4045,.T.);
#4045 = SURFACE_CURVE('',#4046,(#4050,#4057),.PCURVE_S1.);
#4046 = LINE('',#4047,#4048);
#4047 = CARTESIAN_POINT('',(21.2,8.9,5.9));
#4048 = VECTOR('',#4049,1.);
#4049 = DIRECTION('',(-1.,0.,0.));
#4050 = PCURVE('',#1824,#4051);
#4051 = DEFINITIONAL_REPRESENTATION('',(#4052),#4056);
#4052 = LINE('',#4053,#4054);
#4053 = CARTESIAN_POINT('',(9.7,3.8));
#4054 = VECTOR('',#4055,1.);
#4055 = DIRECTION('',(-1.,0.));
#4056 = ( GEOMETRIC_REPRESENTATION_CONTEXT(2) 
PARAMETRIC_REPRESENTATION_CONTEXT() REPRESENTATION_CONTEXT('2D SPACE',''
  ) );
#4057 = PCURVE('',#3679,#4058);
#4058 = DEFINITIONAL_REPRESENTATION('',(#4059),#4063);
#4059 = LINE('',#4060,#4061);
#4060 = CARTESIAN_POINT('',(5.8,9.7));
#4061 = VECTOR('',#4062,1.);
#4062 = DIRECTION('',(0.,-1.));
#4063 = ( GEOMETRIC_REPRESENTATION_CONTEXT(2) 
PARAMETRIC_REPRESENTATION_CONTEXT() REPRESENTATION_CONTEXT('2D SPACE',''
  ) );
#4064 = FACE_BOUND('',#4065,.T.);
#4065 = EDGE_LOOP('',(#4066,#4091,#4114,#4137));
#4066 = ORIENTED_EDGE('',*,*,#4067,.F.);
#4067 = EDGE_CURVE('',#4068,#4070,#4072,.T.);
#4068 = VERTEX_POINT('',#4069);
#4069 = CARTESIAN_POINT('',(21.1,7.7,5.9));
#4070 = VERTEX_POINT('',#4071);
#4071 = CARTESIAN_POINT('',(16.1,7.7,5.9));
#4072 = SURFACE_CURVE('',#4073,(#4077,#4084),.PCURVE_S1.);
#4073 = LINE('',#4074,#4075);
#4074 = CARTESIAN_POINT('',(15.45,7.7,5.9));
#4075 = VECTOR('',#4076,1.);
#4076 = DIRECTION('',(-1.,0.,0.));
#4077 = PCURVE('',#1824,#4078);
#4078 = DEFINITIONAL_REPRESENTATION('',(#4079),#4083);
#4079 = LINE('',#4080,#4081);
#4080 = CARTESIAN_POINT('',(3.95,2.6));
#4081 = VECTOR('',#4082,1.);
#4082 = DIRECTION('',(-1.,0.));
#4083 = ( GEOMETRIC_REPRESENTATION_CONTEXT(2) 
PARAMETRIC_REPRESENTATION_CONTEXT() REPRESENTATION_CONTEXT('2D SPACE',''
  ) );
#4084 = PCURVE('',#3711,#4085);
#4085 = DEFINITIONAL_REPRESENTATION('',(#4086),#4090);
#4086 = LINE('',#4087,#4088);
#4087 = CARTESIAN_POINT('',(6.,-0.65));
#4088 = VECTOR('',#4089,1.);
#4089 = DIRECTION('',(0.,-1.));
#4090 = ( GEOMETRIC_REPRESENTATION_CONTEXT(2) 
PARAMETRIC_REPRESENTATION_CONTEXT() REPRESENTATION_CONTEXT('2D SPACE',''
  ) );
#4091 = ORIENTED_EDGE('',*,*,#4092,.F.);
#4092 = EDGE_CURVE('',#4093,#4068,#4095,.T.);
#4093 = VERTEX_POINT('',#4094);
#4094 = CARTESIAN_POINT('',(21.1,6.3,5.9));
#4095 = SURFACE_CURVE('',#4096,(#4100,#4107),.PCURVE_S1.);
#4096 = LINE('',#4097,#4098);
#4097 = CARTESIAN_POINT('',(21.1,5.7,5.9));
#4098 = VECTOR('',#4099,1.);
#4099 = DIRECTION('',(0.,1.,0.));
#4100 = PCURVE('',#1824,#4101);
#4101 = DEFINITIONAL_REPRESENTATION('',(#4102),#4106);
#4102 = LINE('',#4103,#4104);
#4103 = CARTESIAN_POINT('',(9.6,0.6));
#4104 = VECTOR('',#4105,1.);
#4105 = DIRECTION('',(0.,1.));
#4106 = ( GEOMETRIC_REPRESENTATION_CONTEXT(2) 
PARAMETRIC_REPRESENTATION_CONTEXT() REPRESENTATION_CONTEXT('2D SPACE',''
  ) );
#4107 = PCURVE('',#3739,#4108);
#4108 = DEFINITIONAL_REPRESENTATION('',(#4109),#4113);
#4109 = LINE('',#4110,#4111);
#4110 = CARTESIAN_POINT('',(6.,0.6));
#4111 = VECTOR('',#4112,1.);
#4112 = DIRECTION('',(0.,-1.));
#4113 = ( GEOMETRIC_REPRESENTATION_CONTEXT(2) 
PARAMETRIC_REPRESENTATION_CONTEXT() REPRESENTATION_CONTEXT('2D SPACE',''
  ) );
#4114 = ORIENTED_EDGE('',*,*,#4115,.T.);
#4115 = EDGE_CURVE('',#4093,#4116,#4118,.T.);
#4116 = VERTEX_POINT('',#4117);
#4117 = CARTESIAN_POINT('',(16.1,6.3,5.9));
#4118 = SURFACE_CURVE('',#4119,(#4123,#4130),.PCURVE_S1.);
#4119 = LINE('',#4120,#4121);
#4120 = CARTESIAN_POINT('',(15.45,6.3,5.9));
#4121 = VECTOR('',#4122,1.);
#4122 = DIRECTION('',(-1.,0.,0.));
#4123 = PCURVE('',#1824,#4124);
#4124 = DEFINITIONAL_REPRESENTATION('',(#4125),#4129);
#4125 = LINE('',#4126,#4127);
#4126 = CARTESIAN_POINT('',(3.95,1.2));
#4127 = VECTOR('',#4128,1.);
#4128 = DIRECTION('',(-1.,0.));
#4129 = ( GEOMETRIC_REPRESENTATION_CONTEXT(2) 
PARAMETRIC_REPRESENTATION_CONTEXT() REPRESENTATION_CONTEXT('2D SPACE',''
  ) );
#4130 = PCURVE('',#3767,#4131);
#4131 = DEFINITIONAL_REPRESENTATION('',(#4132),#4136);
#4132 = LINE('',#4133,#4134);
#4133 = CARTESIAN_POINT('',(6.,-0.65));
#4134 = VECTOR('',#4135,1.);
#4135 = DIRECTION('',(0.,-1.));
#4136 = ( GEOMETRIC_REPRESENTATION_CONTEXT(2) 
PARAMETRIC_REPRESENTATION_CONTEXT() REPRESENTATION_CONTEXT('2D SPACE',''
  ) );
#4137 = ORIENTED_EDGE('',*,*,#4138,.T.);
#4138 = EDGE_CURVE('',#4116,#4070,#4139,.T.);
#4139 = SURFACE_CURVE('',#4140,(#4144,#4151),.PCURVE_S1.);
#4140 = LINE('',#4141,#4142);
#4141 = CARTESIAN_POINT('',(16.1,5.7,5.9));
#4142 = VECTOR('',#4143,1.);
#4143 = DIRECTION('',(0.,1.,0.));
#4144 = PCURVE('',#1824,#4145);
#4145 = DEFINITIONAL_REPRESENTATION('',(#4146),#4150);
#4146 = LINE('',#4147,#4148);
#4147 = CARTESIAN_POINT('',(4.6,0.6));
#4148 = VECTOR('',#4149,1.);
#4149 = DIRECTION('',(0.,1.));
#4150 = ( GEOMETRIC_REPRESENTATION_CONTEXT(2) 
PARAMETRIC_REPRESENTATION_CONTEXT() REPRESENTATION_CONTEXT('2D SPACE',''
  ) );
#4151 = PCURVE('',#3793,#4152);
#4152 = DEFINITIONAL_REPRESENTATION('',(#4153),#4157);
#4153 = LINE('',#4154,#4155);
#4154 = CARTESIAN_POINT('',(6.,0.6));
#4155 = VECTOR('',#4156,1.);
#4156 = DIRECTION('',(0.,-1.));
#4157 = ( GEOMETRIC_REPRESENTATION_CONTEXT(2) 
PARAMETRIC_REPRESENTATION_CONTEXT() REPRESENTATION_CONTEXT('2D SPACE',''
  ) );
#4158 = ADVANCED_FACE('',(#4159),#1980,.F.);
#4159 = FACE_BOUND('',#4160,.F.);
#4160 = EDGE_LOOP('',(#4161,#4162,#4163,#4164));
#4161 = ORIENTED_EDGE('',*,*,#3857,.F.);
#4162 = ORIENTED_EDGE('',*,*,#1964,.F.);
#4163 = ORIENTED_EDGE('',*,*,#3421,.T.);
#4164 = ORIENTED_EDGE('',*,*,#4165,.T.);
#4165 = EDGE_CURVE('',#3422,#3858,#4166,.T.);
#4166 = SURFACE_CURVE('',#4167,(#4171,#4178),.PCURVE_S1.);
#4167 = LINE('',#4168,#4169);
#4168 = CARTESIAN_POINT('',(11.5,8.9,0.1));
#4169 = VECTOR('',#4170,1.);
#4170 = DIRECTION('',(0.,0.,1.));
#4171 = PCURVE('',#1980,#4172);
#4172 = DEFINITIONAL_REPRESENTATION('',(#4173),#4177);
#4173 = LINE('',#4174,#4175);
#4174 = CARTESIAN_POINT('',(0.,-3.8));
#4175 = VECTOR('',#4176,1.);
#4176 = DIRECTION('',(1.,0.));
#4177 = ( GEOMETRIC_REPRESENTATION_CONTEXT(2) 
PARAMETRIC_REPRESENTATION_CONTEXT() REPRESENTATION_CONTEXT('2D SPACE',''
  ) );
#4178 = PCURVE('',#3679,#4179);
#4179 = DEFINITIONAL_REPRESENTATION('',(#4180),#4184);
#4180 = LINE('',#4181,#4182);
#4181 = CARTESIAN_POINT('',(0.,0.));
#4182 = VECTOR('',#4183,1.);
#4183 = DIRECTION('',(1.,0.));
#4184 = ( GEOMETRIC_REPRESENTATION_CONTEXT(2) 
PARAMETRIC_REPRESENTATION_CONTEXT() REPRESENTATION_CONTEXT('2D SPACE',''
  ) );
#4185 = ADVANCED_FACE('',(#4186),#2671,.T.);
#4186 = FACE_BOUND('',#4187,.T.);
#4187 = EDGE_LOOP('',(#4188,#4189,#4210,#4211));
#4188 = ORIENTED_EDGE('',*,*,#2653,.F.);
#4189 = ORIENTED_EDGE('',*,*,#4190,.T.);
#4190 = EDGE_CURVE('',#2654,#3092,#4191,.T.);
#4191 = SURFACE_CURVE('',#4192,(#4196,#4203),.PCURVE_S1.);
#4192 = LINE('',#4193,#4194);
#4193 = CARTESIAN_POINT('',(-21.2,-5.1,0.1));
#4194 = VECTOR('',#4195,1.);
#4195 = DIRECTION('',(0.,0.,1.));
#4196 = PCURVE('',#2671,#4197);
#4197 = DEFINITIONAL_REPRESENTATION('',(#4198),#4202);
#4198 = LINE('',#4199,#4200);
#4199 = CARTESIAN_POINT('',(0.,-6.2));
#4200 = VECTOR('',#4201,1.);
#4201 = DIRECTION('',(1.,0.));
#4202 = ( GEOMETRIC_REPRESENTATION_CONTEXT(2) 
PARAMETRIC_REPRESENTATION_CONTEXT() REPRESENTATION_CONTEXT('2D SPACE',''
  ) );
#4203 = PCURVE('',#2699,#4204);
#4204 = DEFINITIONAL_REPRESENTATION('',(#4205),#4209);
#4205 = LINE('',#4206,#4207);
#4206 = CARTESIAN_POINT('',(0.,-3.8));
#4207 = VECTOR('',#4208,1.);
#4208 = DIRECTION('',(1.,0.));
#4209 = ( GEOMETRIC_REPRESENTATION_CONTEXT(2) 
PARAMETRIC_REPRESENTATION_CONTEXT() REPRESENTATION_CONTEXT('2D SPACE',''
  ) );
#4210 = ORIENTED_EDGE('',*,*,#3089,.F.);
#4211 = ORIENTED_EDGE('',*,*,#4212,.F.);
#4212 = EDGE_CURVE('',#2656,#3090,#4213,.T.);
#4213 = SURFACE_CURVE('',#4214,(#4218,#4225),.PCURVE_S1.);
#4214 = LINE('',#4215,#4216);
#4215 = CARTESIAN_POINT('',(-21.,-5.1,0.1));
#4216 = VECTOR('',#4217,1.);
#4217 = DIRECTION('',(0.,0.,1.));
#4218 = PCURVE('',#2671,#4219);
#4219 = DEFINITIONAL_REPRESENTATION('',(#4220),#4224);
#4220 = LINE('',#4221,#4222);
#4221 = CARTESIAN_POINT('',(0.,-6.));
#4222 = VECTOR('',#4223,1.);
#4223 = DIRECTION('',(1.,0.));
#4224 = ( GEOMETRIC_REPRESENTATION_CONTEXT(2) 
PARAMETRIC_REPRESENTATION_CONTEXT() REPRESENTATION_CONTEXT('2D SPACE',''
  ) );
#4225 = PCURVE('',#2911,#4226);
#4226 = DEFINITIONAL_REPRESENTATION('',(#4227),#4231);
#4227 = LINE('',#4228,#4229);
#4228 = CARTESIAN_POINT('',(0.,2.9));
#4229 = VECTOR('',#4230,1.);
#4230 = DIRECTION('',(0.,-1.));
#4231 = ( GEOMETRIC_REPRESENTATION_CONTEXT(2) 
PARAMETRIC_REPRESENTATION_CONTEXT() REPRESENTATION_CONTEXT('2D SPACE',''
  ) );
#4232 = ADVANCED_FACE('',(#4233),#2911,.T.);
#4233 = FACE_BOUND('',#4234,.T.);
#4234 = EDGE_LOOP('',(#4235,#4236,#4257,#4258));
#4235 = ORIENTED_EDGE('',*,*,#3276,.T.);
#4236 = ORIENTED_EDGE('',*,*,#4237,.T.);
#4237 = EDGE_CURVE('',#3254,#2870,#4238,.T.);
#4238 = SURFACE_CURVE('',#4239,(#4243,#4250),.PCURVE_S1.);
#4239 = LINE('',#4240,#4241);
#4240 = CARTESIAN_POINT('',(-19.8,-4.8,5.9));
#4241 = VECTOR('',#4242,1.);
#4242 = DIRECTION('',(0.,0.,-1.));
#4243 = PCURVE('',#2911,#4244);
#4244 = DEFINITIONAL_REPRESENTATION('',(#4245),#4249);
#4245 = LINE('',#4246,#4247);
#4246 = CARTESIAN_POINT('',(1.236931687685,-2.9));
#4247 = VECTOR('',#4248,1.);
#4248 = DIRECTION('',(0.,1.));
#4249 = ( GEOMETRIC_REPRESENTATION_CONTEXT(2) 
PARAMETRIC_REPRESENTATION_CONTEXT() REPRESENTATION_CONTEXT('2D SPACE',''
  ) );
#4250 = PCURVE('',#2885,#4251);
#4251 = DEFINITIONAL_REPRESENTATION('',(#4252),#4256);
#4252 = LINE('',#4253,#4254);
#4253 = CARTESIAN_POINT('',(0.,-2.9));
#4254 = VECTOR('',#4255,1.);
#4255 = DIRECTION('',(0.,1.));
#4256 = ( GEOMETRIC_REPRESENTATION_CONTEXT(2) 
PARAMETRIC_REPRESENTATION_CONTEXT() REPRESENTATION_CONTEXT('2D SPACE',''
  ) );
#4257 = ORIENTED_EDGE('',*,*,#2897,.F.);
#4258 = ORIENTED_EDGE('',*,*,#4212,.T.);
#4259 = ADVANCED_FACE('',(#4260),#2885,.T.);
#4260 = FACE_BOUND('',#4261,.T.);
#4261 = EDGE_LOOP('',(#4262,#4263,#4264,#4265));
#4262 = ORIENTED_EDGE('',*,*,#4237,.F.);
#4263 = ORIENTED_EDGE('',*,*,#3253,.T.);
#4264 = ORIENTED_EDGE('',*,*,#3041,.F.);
#4265 = ORIENTED_EDGE('',*,*,#2869,.F.);
#4266 = ADVANCED_FACE('',(#4267),#2811,.F.);
#4267 = FACE_BOUND('',#4268,.F.);
#4268 = EDGE_LOOP('',(#4269,#4270,#4291,#4292));
#4269 = ORIENTED_EDGE('',*,*,#2795,.F.);
#4270 = ORIENTED_EDGE('',*,*,#4271,.F.);
#4271 = EDGE_CURVE('',#3184,#2768,#4272,.T.);
#4272 = SURFACE_CURVE('',#4273,(#4277,#4284),.PCURVE_S1.);
#4273 = LINE('',#4274,#4275);
#4274 = CARTESIAN_POINT('',(-18.6,-8.9,5.9));
#4275 = VECTOR('',#4276,1.);
#4276 = DIRECTION('',(0.,0.,-1.));
#4277 = PCURVE('',#2811,#4278);
#4278 = DEFINITIONAL_REPRESENTATION('',(#4279),#4283);
#4279 = LINE('',#4280,#4281);
#4280 = CARTESIAN_POINT('',(5.8,-3.6));
#4281 = VECTOR('',#4282,1.);
#4282 = DIRECTION('',(-1.,0.));
#4283 = ( GEOMETRIC_REPRESENTATION_CONTEXT(2) 
PARAMETRIC_REPRESENTATION_CONTEXT() REPRESENTATION_CONTEXT('2D SPACE',''
  ) );
#4284 = PCURVE('',#2783,#4285);
#4285 = DEFINITIONAL_REPRESENTATION('',(#4286),#4290);
#4286 = LINE('',#4287,#4288);
#4287 = CARTESIAN_POINT('',(1.236931687685,-2.9));
#4288 = VECTOR('',#4289,1.);
#4289 = DIRECTION('',(0.,1.));
#4290 = ( GEOMETRIC_REPRESENTATION_CONTEXT(2) 
PARAMETRIC_REPRESENTATION_CONTEXT() REPRESENTATION_CONTEXT('2D SPACE',''
  ) );
#4291 = ORIENTED_EDGE('',*,*,#3206,.F.);
#4292 = ORIENTED_EDGE('',*,*,#3395,.F.);
#4293 = ADVANCED_FACE('',(#4294),#2783,.F.);
#4294 = FACE_BOUND('',#4295,.F.);
#4295 = EDGE_LOOP('',(#4296,#4297,#4298,#4299));
#4296 = ORIENTED_EDGE('',*,*,#3183,.T.);
#4297 = ORIENTED_EDGE('',*,*,#4271,.T.);
#4298 = ORIENTED_EDGE('',*,*,#2767,.F.);
#4299 = ORIENTED_EDGE('',*,*,#4300,.T.);
#4300 = EDGE_CURVE('',#2740,#3161,#4301,.T.);
#4301 = SURFACE_CURVE('',#4302,(#4306,#4313),.PCURVE_S1.);
#4302 = LINE('',#4303,#4304);
#4303 = CARTESIAN_POINT('',(-19.8,-9.2,0.1));
#4304 = VECTOR('',#4305,1.);
#4305 = DIRECTION('',(0.,0.,1.));
#4306 = PCURVE('',#2783,#4307);
#4307 = DEFINITIONAL_REPRESENTATION('',(#4308),#4312);
#4308 = LINE('',#4309,#4310);
#4309 = CARTESIAN_POINT('',(0.,2.9));
#4310 = VECTOR('',#4311,1.);
#4311 = DIRECTION('',(0.,-1.));
#4312 = ( GEOMETRIC_REPRESENTATION_CONTEXT(2) 
PARAMETRIC_REPRESENTATION_CONTEXT() REPRESENTATION_CONTEXT('2D SPACE',''
  ) );
#4313 = PCURVE('',#2755,#4314);
#4314 = DEFINITIONAL_REPRESENTATION('',(#4315),#4319);
#4315 = LINE('',#4316,#4317);
#4316 = CARTESIAN_POINT('',(1.236931687685,2.9));
#4317 = VECTOR('',#4318,1.);
#4318 = DIRECTION('',(0.,-1.));
#4319 = ( GEOMETRIC_REPRESENTATION_CONTEXT(2) 
PARAMETRIC_REPRESENTATION_CONTEXT() REPRESENTATION_CONTEXT('2D SPACE',''
  ) );
#4320 = ADVANCED_FACE('',(#4321),#2755,.F.);
#4321 = FACE_BOUND('',#4322,.F.);
#4322 = EDGE_LOOP('',(#4323,#4344,#4345,#4346));
#4323 = ORIENTED_EDGE('',*,*,#4324,.F.);
#4324 = EDGE_CURVE('',#3138,#2712,#4325,.T.);
#4325 = SURFACE_CURVE('',#4326,(#4330,#4337),.PCURVE_S1.);
#4326 = LINE('',#4327,#4328);
#4327 = CARTESIAN_POINT('',(-21.,-8.9,5.9));
#4328 = VECTOR('',#4329,1.);
#4329 = DIRECTION('',(0.,0.,-1.));
#4330 = PCURVE('',#2755,#4331);
#4331 = DEFINITIONAL_REPRESENTATION('',(#4332),#4336);
#4332 = LINE('',#4333,#4334);
#4333 = CARTESIAN_POINT('',(0.,-2.9));
#4334 = VECTOR('',#4335,1.);
#4335 = DIRECTION('',(0.,1.));
#4336 = ( GEOMETRIC_REPRESENTATION_CONTEXT(2) 
PARAMETRIC_REPRESENTATION_CONTEXT() REPRESENTATION_CONTEXT('2D SPACE',''
  ) );
#4337 = PCURVE('',#2727,#4338);
#4338 = DEFINITIONAL_REPRESENTATION('',(#4339),#4343);
#4339 = LINE('',#4340,#4341);
#4340 = CARTESIAN_POINT('',(5.8,-6.));
#4341 = VECTOR('',#4342,1.);
#4342 = DIRECTION('',(-1.,0.));
#4343 = ( GEOMETRIC_REPRESENTATION_CONTEXT(2) 
PARAMETRIC_REPRESENTATION_CONTEXT() REPRESENTATION_CONTEXT('2D SPACE',''
  ) );
#4344 = ORIENTED_EDGE('',*,*,#3160,.T.);
#4345 = ORIENTED_EDGE('',*,*,#4300,.F.);
#4346 = ORIENTED_EDGE('',*,*,#2739,.F.);
#4347 = ADVANCED_FACE('',(#4348),#2727,.F.);
#4348 = FACE_BOUND('',#4349,.F.);
#4349 = EDGE_LOOP('',(#4350,#4351,#4372,#4373));
#4350 = ORIENTED_EDGE('',*,*,#2711,.F.);
#4351 = ORIENTED_EDGE('',*,*,#4352,.T.);
#4352 = EDGE_CURVE('',#2684,#3115,#4353,.T.);
#4353 = SURFACE_CURVE('',#4354,(#4358,#4365),.PCURVE_S1.);
#4354 = LINE('',#4355,#4356);
#4355 = CARTESIAN_POINT('',(-21.2,-8.9,0.1));
#4356 = VECTOR('',#4357,1.);
#4357 = DIRECTION('',(0.,0.,1.));
#4358 = PCURVE('',#2727,#4359);
#4359 = DEFINITIONAL_REPRESENTATION('',(#4360),#4364);
#4360 = LINE('',#4361,#4362);
#4361 = CARTESIAN_POINT('',(0.,-6.2));
#4362 = VECTOR('',#4363,1.);
#4363 = DIRECTION('',(1.,0.));
#4364 = ( GEOMETRIC_REPRESENTATION_CONTEXT(2) 
PARAMETRIC_REPRESENTATION_CONTEXT() REPRESENTATION_CONTEXT('2D SPACE',''
  ) );
#4365 = PCURVE('',#2699,#4366);
#4366 = DEFINITIONAL_REPRESENTATION('',(#4367),#4371);
#4367 = LINE('',#4368,#4369);
#4368 = CARTESIAN_POINT('',(0.,0.));
#4369 = VECTOR('',#4370,1.);
#4370 = DIRECTION('',(1.,0.));
#4371 = ( GEOMETRIC_REPRESENTATION_CONTEXT(2) 
PARAMETRIC_REPRESENTATION_CONTEXT() REPRESENTATION_CONTEXT('2D SPACE',''
  ) );
#4372 = ORIENTED_EDGE('',*,*,#3137,.F.);
#4373 = ORIENTED_EDGE('',*,*,#4324,.T.);
#4374 = ADVANCED_FACE('',(#4375),#2699,.F.);
#4375 = FACE_BOUND('',#4376,.F.);
#4376 = EDGE_LOOP('',(#4377,#4378,#4379,#4380));
#4377 = ORIENTED_EDGE('',*,*,#4352,.F.);
#4378 = ORIENTED_EDGE('',*,*,#2683,.T.);
#4379 = ORIENTED_EDGE('',*,*,#4190,.T.);
#4380 = ORIENTED_EDGE('',*,*,#3114,.F.);
#4381 = ADVANCED_FACE('',(#4382),#2943,.F.);
#4382 = FACE_BOUND('',#4383,.F.);
#4383 = EDGE_LOOP('',(#4384,#4405,#4406,#4427));
#4384 = ORIENTED_EDGE('',*,*,#4385,.F.);
#4385 = EDGE_CURVE('',#2926,#3300,#4386,.T.);
#4386 = SURFACE_CURVE('',#4387,(#4391,#4398),.PCURVE_S1.);
#4387 = LINE('',#4388,#4389);
#4388 = CARTESIAN_POINT('',(-16.1,-6.3,-0.1));
#4389 = VECTOR('',#4390,1.);
#4390 = DIRECTION('',(0.,0.,1.));
#4391 = PCURVE('',#2943,#4392);
#4392 = DEFINITIONAL_REPRESENTATION('',(#4393),#4397);
#4393 = LINE('',#4394,#4395);
#4394 = CARTESIAN_POINT('',(0.,5.));
#4395 = VECTOR('',#4396,1.);
#4396 = DIRECTION('',(1.,0.));
#4397 = ( GEOMETRIC_REPRESENTATION_CONTEXT(2) 
PARAMETRIC_REPRESENTATION_CONTEXT() REPRESENTATION_CONTEXT('2D SPACE',''
  ) );
#4398 = PCURVE('',#2971,#4399);
#4399 = DEFINITIONAL_REPRESENTATION('',(#4400),#4404);
#4400 = LINE('',#4401,#4402);
#4401 = CARTESIAN_POINT('',(0.,-1.4));
#4402 = VECTOR('',#4403,1.);
#4403 = DIRECTION('',(1.,0.));
#4404 = ( GEOMETRIC_REPRESENTATION_CONTEXT(2) 
PARAMETRIC_REPRESENTATION_CONTEXT() REPRESENTATION_CONTEXT('2D SPACE',''
  ) );
#4405 = ORIENTED_EDGE('',*,*,#2925,.T.);
#4406 = ORIENTED_EDGE('',*,*,#4407,.T.);
#4407 = EDGE_CURVE('',#2928,#3302,#4408,.T.);
#4408 = SURFACE_CURVE('',#4409,(#4413,#4420),.PCURVE_S1.);
#4409 = LINE('',#4410,#4411);
#4410 = CARTESIAN_POINT('',(-21.1,-6.3,-0.1));
#4411 = VECTOR('',#4412,1.);
#4412 = DIRECTION('',(0.,0.,1.));
#4413 = PCURVE('',#2943,#4414);
#4414 = DEFINITIONAL_REPRESENTATION('',(#4415),#4419);
#4415 = LINE('',#4416,#4417);
#4416 = CARTESIAN_POINT('',(0.,0.));
#4417 = VECTOR('',#4418,1.);
#4418 = DIRECTION('',(1.,0.));
#4419 = ( GEOMETRIC_REPRESENTATION_CONTEXT(2) 
PARAMETRIC_REPRESENTATION_CONTEXT() REPRESENTATION_CONTEXT('2D SPACE',''
  ) );
#4420 = PCURVE('',#3025,#4421);
#4421 = DEFINITIONAL_REPRESENTATION('',(#4422),#4426);
#4422 = LINE('',#4423,#4424);
#4423 = CARTESIAN_POINT('',(0.,-1.4));
#4424 = VECTOR('',#4425,1.);
#4425 = DIRECTION('',(1.,0.));
#4426 = ( GEOMETRIC_REPRESENTATION_CONTEXT(2) 
PARAMETRIC_REPRESENTATION_CONTEXT() REPRESENTATION_CONTEXT('2D SPACE',''
  ) );
#4427 = ORIENTED_EDGE('',*,*,#3299,.F.);
#4428 = ADVANCED_FACE('',(#4429),#2971,.F.);
#4429 = FACE_BOUND('',#4430,.F.);
#4430 = EDGE_LOOP('',(#4431,#4452,#4453,#4454));
#4431 = ORIENTED_EDGE('',*,*,#4432,.F.);
#4432 = EDGE_CURVE('',#2956,#3325,#4433,.T.);
#4433 = SURFACE_CURVE('',#4434,(#4438,#4445),.PCURVE_S1.);
#4434 = LINE('',#4435,#4436);
#4435 = CARTESIAN_POINT('',(-16.1,-7.7,-0.1));
#4436 = VECTOR('',#4437,1.);
#4437 = DIRECTION('',(0.,0.,1.));
#4438 = PCURVE('',#2971,#4439);
#4439 = DEFINITIONAL_REPRESENTATION('',(#4440),#4444);
#4440 = LINE('',#4441,#4442);
#4441 = CARTESIAN_POINT('',(0.,0.));
#4442 = VECTOR('',#4443,1.);
#4443 = DIRECTION('',(1.,0.));
#4444 = ( GEOMETRIC_REPRESENTATION_CONTEXT(2) 
PARAMETRIC_REPRESENTATION_CONTEXT() REPRESENTATION_CONTEXT('2D SPACE',''
  ) );
#4445 = PCURVE('',#2999,#4446);
#4446 = DEFINITIONAL_REPRESENTATION('',(#4447),#4451);
#4447 = LINE('',#4448,#4449);
#4448 = CARTESIAN_POINT('',(0.,5.));
#4449 = VECTOR('',#4450,1.);
#4450 = DIRECTION('',(1.,0.));
#4451 = ( GEOMETRIC_REPRESENTATION_CONTEXT(2) 
PARAMETRIC_REPRESENTATION_CONTEXT() REPRESENTATION_CONTEXT('2D SPACE',''
  ) );
#4452 = ORIENTED_EDGE('',*,*,#2955,.T.);
#4453 = ORIENTED_EDGE('',*,*,#4385,.T.);
#4454 = ORIENTED_EDGE('',*,*,#3324,.F.);
#4455 = ADVANCED_FACE('',(#4456),#3025,.T.);
#4456 = FACE_BOUND('',#4457,.T.);
#4457 = EDGE_LOOP('',(#4458,#4479,#4480,#4481));
#4458 = ORIENTED_EDGE('',*,*,#4459,.F.);
#4459 = EDGE_CURVE('',#2984,#3348,#4460,.T.);
#4460 = SURFACE_CURVE('',#4461,(#4465,#4472),.PCURVE_S1.);
#4461 = LINE('',#4462,#4463);
#4462 = CARTESIAN_POINT('',(-21.1,-7.7,-0.1));
#4463 = VECTOR('',#4464,1.);
#4464 = DIRECTION('',(0.,0.,1.));
#4465 = PCURVE('',#3025,#4466);
#4466 = DEFINITIONAL_REPRESENTATION('',(#4467),#4471);
#4467 = LINE('',#4468,#4469);
#4468 = CARTESIAN_POINT('',(0.,0.));
#4469 = VECTOR('',#4470,1.);
#4470 = DIRECTION('',(1.,0.));
#4471 = ( GEOMETRIC_REPRESENTATION_CONTEXT(2) 
PARAMETRIC_REPRESENTATION_CONTEXT() REPRESENTATION_CONTEXT('2D SPACE',''
  ) );
#4472 = PCURVE('',#2999,#4473);
#4473 = DEFINITIONAL_REPRESENTATION('',(#4474),#4478);
#4474 = LINE('',#4475,#4476);
#4475 = CARTESIAN_POINT('',(0.,0.));
#4476 = VECTOR('',#4477,1.);
#4477 = DIRECTION('',(1.,0.));
#4478 = ( GEOMETRIC_REPRESENTATION_CONTEXT(2) 
PARAMETRIC_REPRESENTATION_CONTEXT() REPRESENTATION_CONTEXT('2D SPACE',''
  ) );
#4479 = ORIENTED_EDGE('',*,*,#3011,.T.);
#4480 = ORIENTED_EDGE('',*,*,#4407,.T.);
#4481 = ORIENTED_EDGE('',*,*,#3370,.F.);
#4482 = ADVANCED_FACE('',(#4483),#2999,.T.);
#4483 = FACE_BOUND('',#4484,.T.);
#4484 = EDGE_LOOP('',(#4485,#4486,#4487,#4488));
#4485 = ORIENTED_EDGE('',*,*,#4432,.F.);
#4486 = ORIENTED_EDGE('',*,*,#2983,.T.);
#4487 = ORIENTED_EDGE('',*,*,#4459,.T.);
#4488 = ORIENTED_EDGE('',*,*,#3347,.F.);
#4489 = ADVANCED_FACE('',(#4490),#3679,.T.);
#4490 = FACE_BOUND('',#4491,.T.);
#4491 = EDGE_LOOP('',(#4492,#4493,#4494,#4515));
#4492 = ORIENTED_EDGE('',*,*,#4165,.T.);
#4493 = ORIENTED_EDGE('',*,*,#4044,.F.);
#4494 = ORIENTED_EDGE('',*,*,#4495,.T.);
#4495 = EDGE_CURVE('',#4022,#3638,#4496,.T.);
#4496 = SURFACE_CURVE('',#4497,(#4501,#4508),.PCURVE_S1.);
#4497 = LINE('',#4498,#4499);
#4498 = CARTESIAN_POINT('',(18.6,8.9,5.9));
#4499 = VECTOR('',#4500,1.);
#4500 = DIRECTION('',(0.,0.,-1.));
#4501 = PCURVE('',#3679,#4502);
#4502 = DEFINITIONAL_REPRESENTATION('',(#4503),#4507);
#4503 = LINE('',#4504,#4505);
#4504 = CARTESIAN_POINT('',(5.8,7.1));
#4505 = VECTOR('',#4506,1.);
#4506 = DIRECTION('',(-1.,0.));
#4507 = ( GEOMETRIC_REPRESENTATION_CONTEXT(2) 
PARAMETRIC_REPRESENTATION_CONTEXT() REPRESENTATION_CONTEXT('2D SPACE',''
  ) );
#4508 = PCURVE('',#3653,#4509);
#4509 = DEFINITIONAL_REPRESENTATION('',(#4510),#4514);
#4510 = LINE('',#4511,#4512);
#4511 = CARTESIAN_POINT('',(1.236931687685,-2.9));
#4512 = VECTOR('',#4513,1.);
#4513 = DIRECTION('',(-0.,1.));
#4514 = ( GEOMETRIC_REPRESENTATION_CONTEXT(2) 
PARAMETRIC_REPRESENTATION_CONTEXT() REPRESENTATION_CONTEXT('2D SPACE',''
  ) );
#4515 = ORIENTED_EDGE('',*,*,#3665,.T.);
#4516 = ADVANCED_FACE('',(#4517),#3653,.F.);
#4517 = FACE_BOUND('',#4518,.F.);
#4518 = EDGE_LOOP('',(#4519,#4520,#4521,#4522));
#4519 = ORIENTED_EDGE('',*,*,#4021,.T.);
#4520 = ORIENTED_EDGE('',*,*,#4495,.T.);
#4521 = ORIENTED_EDGE('',*,*,#3637,.F.);
#4522 = ORIENTED_EDGE('',*,*,#4523,.T.);
#4523 = EDGE_CURVE('',#3610,#3999,#4524,.T.);
#4524 = SURFACE_CURVE('',#4525,(#4529,#4536),.PCURVE_S1.);
#4525 = LINE('',#4526,#4527);
#4526 = CARTESIAN_POINT('',(19.8,9.2,0.1));
#4527 = VECTOR('',#4528,1.);
#4528 = DIRECTION('',(0.,0.,1.));
#4529 = PCURVE('',#3653,#4530);
#4530 = DEFINITIONAL_REPRESENTATION('',(#4531),#4535);
#4531 = LINE('',#4532,#4533);
#4532 = CARTESIAN_POINT('',(-0.,2.9));
#4533 = VECTOR('',#4534,1.);
#4534 = DIRECTION('',(0.,-1.));
#4535 = ( GEOMETRIC_REPRESENTATION_CONTEXT(2) 
PARAMETRIC_REPRESENTATION_CONTEXT() REPRESENTATION_CONTEXT('2D SPACE',''
  ) );
#4536 = PCURVE('',#3625,#4537);
#4537 = DEFINITIONAL_REPRESENTATION('',(#4538),#4542);
#4538 = LINE('',#4539,#4540);
#4539 = CARTESIAN_POINT('',(1.236931687685,2.9));
#4540 = VECTOR('',#4541,1.);
#4541 = DIRECTION('',(0.,-1.));
#4542 = ( GEOMETRIC_REPRESENTATION_CONTEXT(2) 
PARAMETRIC_REPRESENTATION_CONTEXT() REPRESENTATION_CONTEXT('2D SPACE',''
  ) );
#4543 = ADVANCED_FACE('',(#4544),#3625,.F.);
#4544 = FACE_BOUND('',#4545,.F.);
#4545 = EDGE_LOOP('',(#4546,#4567,#4568,#4569));
#4546 = ORIENTED_EDGE('',*,*,#4547,.F.);
#4547 = EDGE_CURVE('',#3976,#3582,#4548,.T.);
#4548 = SURFACE_CURVE('',#4549,(#4553,#4560),.PCURVE_S1.);
#4549 = LINE('',#4550,#4551);
#4550 = CARTESIAN_POINT('',(21.,8.9,5.9));
#4551 = VECTOR('',#4552,1.);
#4552 = DIRECTION('',(0.,0.,-1.));
#4553 = PCURVE('',#3625,#4554);
#4554 = DEFINITIONAL_REPRESENTATION('',(#4555),#4559);
#4555 = LINE('',#4556,#4557);
#4556 = CARTESIAN_POINT('',(0.,-2.9));
#4557 = VECTOR('',#4558,1.);
#4558 = DIRECTION('',(0.,1.));
#4559 = ( GEOMETRIC_REPRESENTATION_CONTEXT(2) 
PARAMETRIC_REPRESENTATION_CONTEXT() REPRESENTATION_CONTEXT('2D SPACE',''
  ) );
#4560 = PCURVE('',#3597,#4561);
#4561 = DEFINITIONAL_REPRESENTATION('',(#4562),#4566);
#4562 = LINE('',#4563,#4564);
#4563 = CARTESIAN_POINT('',(5.8,9.5));
#4564 = VECTOR('',#4565,1.);
#4565 = DIRECTION('',(-1.,0.));
#4566 = ( GEOMETRIC_REPRESENTATION_CONTEXT(2) 
PARAMETRIC_REPRESENTATION_CONTEXT() REPRESENTATION_CONTEXT('2D SPACE',''
  ) );
#4567 = ORIENTED_EDGE('',*,*,#3998,.T.);
#4568 = ORIENTED_EDGE('',*,*,#4523,.F.);
#4569 = ORIENTED_EDGE('',*,*,#3609,.F.);
#4570 = ADVANCED_FACE('',(#4571),#3597,.T.);
#4571 = FACE_BOUND('',#4572,.T.);
#4572 = EDGE_LOOP('',(#4573,#4574,#4575,#4596));
#4573 = ORIENTED_EDGE('',*,*,#4547,.F.);
#4574 = ORIENTED_EDGE('',*,*,#3975,.F.);
#4575 = ORIENTED_EDGE('',*,*,#4576,.F.);
#4576 = EDGE_CURVE('',#3554,#3953,#4577,.T.);
#4577 = SURFACE_CURVE('',#4578,(#4582,#4589),.PCURVE_S1.);
#4578 = LINE('',#4579,#4580);
#4579 = CARTESIAN_POINT('',(21.2,8.9,0.1));
#4580 = VECTOR('',#4581,1.);
#4581 = DIRECTION('',(0.,0.,1.));
#4582 = PCURVE('',#3597,#4583);
#4583 = DEFINITIONAL_REPRESENTATION('',(#4584),#4588);
#4584 = LINE('',#4585,#4586);
#4585 = CARTESIAN_POINT('',(0.,9.7));
#4586 = VECTOR('',#4587,1.);
#4587 = DIRECTION('',(1.,0.));
#4588 = ( GEOMETRIC_REPRESENTATION_CONTEXT(2) 
PARAMETRIC_REPRESENTATION_CONTEXT() REPRESENTATION_CONTEXT('2D SPACE',''
  ) );
#4589 = PCURVE('',#3569,#4590);
#4590 = DEFINITIONAL_REPRESENTATION('',(#4591),#4595);
#4591 = LINE('',#4592,#4593);
#4592 = CARTESIAN_POINT('',(0.,-3.8));
#4593 = VECTOR('',#4594,1.);
#4594 = DIRECTION('',(1.,0.));
#4595 = ( GEOMETRIC_REPRESENTATION_CONTEXT(2) 
PARAMETRIC_REPRESENTATION_CONTEXT() REPRESENTATION_CONTEXT('2D SPACE',''
  ) );
#4596 = ORIENTED_EDGE('',*,*,#3581,.T.);
#4597 = ADVANCED_FACE('',(#4598),#3569,.T.);
#4598 = FACE_BOUND('',#4599,.T.);
#4599 = EDGE_LOOP('',(#4600,#4621,#4622,#4623));
#4600 = ORIENTED_EDGE('',*,*,#4601,.F.);
#4601 = EDGE_CURVE('',#3526,#3930,#4602,.T.);
#4602 = SURFACE_CURVE('',#4603,(#4607,#4614),.PCURVE_S1.);
#4603 = LINE('',#4604,#4605);
#4604 = CARTESIAN_POINT('',(21.2,5.1,0.1));
#4605 = VECTOR('',#4606,1.);
#4606 = DIRECTION('',(0.,0.,1.));
#4607 = PCURVE('',#3569,#4608);
#4608 = DEFINITIONAL_REPRESENTATION('',(#4609),#4613);
#4609 = LINE('',#4610,#4611);
#4610 = CARTESIAN_POINT('',(0.,0.));
#4611 = VECTOR('',#4612,1.);
#4612 = DIRECTION('',(1.,0.));
#4613 = ( GEOMETRIC_REPRESENTATION_CONTEXT(2) 
PARAMETRIC_REPRESENTATION_CONTEXT() REPRESENTATION_CONTEXT('2D SPACE',''
  ) );
#4614 = PCURVE('',#3541,#4615);
#4615 = DEFINITIONAL_REPRESENTATION('',(#4616),#4620);
#4616 = LINE('',#4617,#4618);
#4617 = CARTESIAN_POINT('',(0.,9.7));
#4618 = VECTOR('',#4619,1.);
#4619 = DIRECTION('',(1.,0.));
#4620 = ( GEOMETRIC_REPRESENTATION_CONTEXT(2) 
PARAMETRIC_REPRESENTATION_CONTEXT() REPRESENTATION_CONTEXT('2D SPACE',''
  ) );
#4621 = ORIENTED_EDGE('',*,*,#3553,.T.);
#4622 = ORIENTED_EDGE('',*,*,#4576,.T.);
#4623 = ORIENTED_EDGE('',*,*,#3952,.F.);
#4624 = ADVANCED_FACE('',(#4625),#3541,.F.);
#4625 = FACE_BOUND('',#4626,.F.);
#4626 = EDGE_LOOP('',(#4627,#4628,#4649,#4650));
#4627 = ORIENTED_EDGE('',*,*,#3525,.F.);
#4628 = ORIENTED_EDGE('',*,*,#4629,.T.);
#4629 = EDGE_CURVE('',#3498,#3907,#4630,.T.);
#4630 = SURFACE_CURVE('',#4631,(#4635,#4642),.PCURVE_S1.);
#4631 = LINE('',#4632,#4633);
#4632 = CARTESIAN_POINT('',(21.,5.1,0.1));
#4633 = VECTOR('',#4634,1.);
#4634 = DIRECTION('',(0.,0.,1.));
#4635 = PCURVE('',#3541,#4636);
#4636 = DEFINITIONAL_REPRESENTATION('',(#4637),#4641);
#4637 = LINE('',#4638,#4639);
#4638 = CARTESIAN_POINT('',(0.,9.5));
#4639 = VECTOR('',#4640,1.);
#4640 = DIRECTION('',(1.,0.));
#4641 = ( GEOMETRIC_REPRESENTATION_CONTEXT(2) 
PARAMETRIC_REPRESENTATION_CONTEXT() REPRESENTATION_CONTEXT('2D SPACE',''
  ) );
#4642 = PCURVE('',#3513,#4643);
#4643 = DEFINITIONAL_REPRESENTATION('',(#4644),#4648);
#4644 = LINE('',#4645,#4646);
#4645 = CARTESIAN_POINT('',(-0.,2.9));
#4646 = VECTOR('',#4647,1.);
#4647 = DIRECTION('',(0.,-1.));
#4648 = ( GEOMETRIC_REPRESENTATION_CONTEXT(2) 
PARAMETRIC_REPRESENTATION_CONTEXT() REPRESENTATION_CONTEXT('2D SPACE',''
  ) );
#4649 = ORIENTED_EDGE('',*,*,#3929,.F.);
#4650 = ORIENTED_EDGE('',*,*,#4601,.F.);
#4651 = ADVANCED_FACE('',(#4652),#3513,.T.);
#4652 = FACE_BOUND('',#4653,.T.);
#4653 = EDGE_LOOP('',(#4654,#4655,#4676,#4677));
#4654 = ORIENTED_EDGE('',*,*,#3906,.T.);
#4655 = ORIENTED_EDGE('',*,*,#4656,.T.);
#4656 = EDGE_CURVE('',#3884,#3470,#4657,.T.);
#4657 = SURFACE_CURVE('',#4658,(#4662,#4669),.PCURVE_S1.);
#4658 = LINE('',#4659,#4660);
#4659 = CARTESIAN_POINT('',(19.8,4.8,5.9));
#4660 = VECTOR('',#4661,1.);
#4661 = DIRECTION('',(0.,0.,-1.));
#4662 = PCURVE('',#3513,#4663);
#4663 = DEFINITIONAL_REPRESENTATION('',(#4664),#4668);
#4664 = LINE('',#4665,#4666);
#4665 = CARTESIAN_POINT('',(1.236931687685,-2.9));
#4666 = VECTOR('',#4667,1.);
#4667 = DIRECTION('',(-0.,1.));
#4668 = ( GEOMETRIC_REPRESENTATION_CONTEXT(2) 
PARAMETRIC_REPRESENTATION_CONTEXT() REPRESENTATION_CONTEXT('2D SPACE',''
  ) );
#4669 = PCURVE('',#3485,#4670);
#4670 = DEFINITIONAL_REPRESENTATION('',(#4671),#4675);
#4671 = LINE('',#4672,#4673);
#4672 = CARTESIAN_POINT('',(0.,-2.9));
#4673 = VECTOR('',#4674,1.);
#4674 = DIRECTION('',(0.,1.));
#4675 = ( GEOMETRIC_REPRESENTATION_CONTEXT(2) 
PARAMETRIC_REPRESENTATION_CONTEXT() REPRESENTATION_CONTEXT('2D SPACE',''
  ) );
#4676 = ORIENTED_EDGE('',*,*,#3497,.F.);
#4677 = ORIENTED_EDGE('',*,*,#4629,.T.);
#4678 = ADVANCED_FACE('',(#4679),#3485,.T.);
#4679 = FACE_BOUND('',#4680,.T.);
#4680 = EDGE_LOOP('',(#4681,#4682,#4683,#4684));
#4681 = ORIENTED_EDGE('',*,*,#4656,.F.);
#4682 = ORIENTED_EDGE('',*,*,#3883,.T.);
#4683 = ORIENTED_EDGE('',*,*,#3833,.F.);
#4684 = ORIENTED_EDGE('',*,*,#3469,.F.);
#4685 = ADVANCED_FACE('',(#4686),#3711,.F.);
#4686 = FACE_BOUND('',#4687,.F.);
#4687 = EDGE_LOOP('',(#4688,#4709,#4710,#4731));
#4688 = ORIENTED_EDGE('',*,*,#4689,.F.);
#4689 = EDGE_CURVE('',#3694,#4068,#4690,.T.);
#4690 = SURFACE_CURVE('',#4691,(#4695,#4702),.PCURVE_S1.);
#4691 = LINE('',#4692,#4693);
#4692 = CARTESIAN_POINT('',(21.1,7.7,-0.1));
#4693 = VECTOR('',#4694,1.);
#4694 = DIRECTION('',(0.,0.,1.));
#4695 = PCURVE('',#3711,#4696);
#4696 = DEFINITIONAL_REPRESENTATION('',(#4697),#4701);
#4697 = LINE('',#4698,#4699);
#4698 = CARTESIAN_POINT('',(0.,5.));
#4699 = VECTOR('',#4700,1.);
#4700 = DIRECTION('',(1.,0.));
#4701 = ( GEOMETRIC_REPRESENTATION_CONTEXT(2) 
PARAMETRIC_REPRESENTATION_CONTEXT() REPRESENTATION_CONTEXT('2D SPACE',''
  ) );
#4702 = PCURVE('',#3739,#4703);
#4703 = DEFINITIONAL_REPRESENTATION('',(#4704),#4708);
#4704 = LINE('',#4705,#4706);
#4705 = CARTESIAN_POINT('',(0.,-1.4));
#4706 = VECTOR('',#4707,1.);
#4707 = DIRECTION('',(1.,0.));
#4708 = ( GEOMETRIC_REPRESENTATION_CONTEXT(2) 
PARAMETRIC_REPRESENTATION_CONTEXT() REPRESENTATION_CONTEXT('2D SPACE',''
  ) );
#4709 = ORIENTED_EDGE('',*,*,#3693,.T.);
#4710 = ORIENTED_EDGE('',*,*,#4711,.T.);
#4711 = EDGE_CURVE('',#3696,#4070,#4712,.T.);
#4712 = SURFACE_CURVE('',#4713,(#4717,#4724),.PCURVE_S1.);
#4713 = LINE('',#4714,#4715);
#4714 = CARTESIAN_POINT('',(16.1,7.7,-0.1));
#4715 = VECTOR('',#4716,1.);
#4716 = DIRECTION('',(0.,0.,1.));
#4717 = PCURVE('',#3711,#4718);
#4718 = DEFINITIONAL_REPRESENTATION('',(#4719),#4723);
#4719 = LINE('',#4720,#4721);
#4720 = CARTESIAN_POINT('',(0.,0.));
#4721 = VECTOR('',#4722,1.);
#4722 = DIRECTION('',(1.,0.));
#4723 = ( GEOMETRIC_REPRESENTATION_CONTEXT(2) 
PARAMETRIC_REPRESENTATION_CONTEXT() REPRESENTATION_CONTEXT('2D SPACE',''
  ) );
#4724 = PCURVE('',#3793,#4725);
#4725 = DEFINITIONAL_REPRESENTATION('',(#4726),#4730);
#4726 = LINE('',#4727,#4728);
#4727 = CARTESIAN_POINT('',(0.,-1.4));
#4728 = VECTOR('',#4729,1.);
#4729 = DIRECTION('',(1.,0.));
#4730 = ( GEOMETRIC_REPRESENTATION_CONTEXT(2) 
PARAMETRIC_REPRESENTATION_CONTEXT() REPRESENTATION_CONTEXT('2D SPACE',''
  ) );
#4731 = ORIENTED_EDGE('',*,*,#4067,.F.);
#4732 = ADVANCED_FACE('',(#4733),#3739,.F.);
#4733 = FACE_BOUND('',#4734,.F.);
#4734 = EDGE_LOOP('',(#4735,#4756,#4757,#4758));
#4735 = ORIENTED_EDGE('',*,*,#4736,.F.);
#4736 = EDGE_CURVE('',#3724,#4093,#4737,.T.);
#4737 = SURFACE_CURVE('',#4738,(#4742,#4749),.PCURVE_S1.);
#4738 = LINE('',#4739,#4740);
#4739 = CARTESIAN_POINT('',(21.1,6.3,-0.1));
#4740 = VECTOR('',#4741,1.);
#4741 = DIRECTION('',(0.,0.,1.));
#4742 = PCURVE('',#3739,#4743);
#4743 = DEFINITIONAL_REPRESENTATION('',(#4744),#4748);
#4744 = LINE('',#4745,#4746);
#4745 = CARTESIAN_POINT('',(0.,0.));
#4746 = VECTOR('',#4747,1.);
#4747 = DIRECTION('',(1.,0.));
#4748 = ( GEOMETRIC_REPRESENTATION_CONTEXT(2) 
PARAMETRIC_REPRESENTATION_CONTEXT() REPRESENTATION_CONTEXT('2D SPACE',''
  ) );
#4749 = PCURVE('',#3767,#4750);
#4750 = DEFINITIONAL_REPRESENTATION('',(#4751),#4755);
#4751 = LINE('',#4752,#4753);
#4752 = CARTESIAN_POINT('',(0.,5.));
#4753 = VECTOR('',#4754,1.);
#4754 = DIRECTION('',(1.,0.));
#4755 = ( GEOMETRIC_REPRESENTATION_CONTEXT(2) 
PARAMETRIC_REPRESENTATION_CONTEXT() REPRESENTATION_CONTEXT('2D SPACE',''
  ) );
#4756 = ORIENTED_EDGE('',*,*,#3723,.T.);
#4757 = ORIENTED_EDGE('',*,*,#4689,.T.);
#4758 = ORIENTED_EDGE('',*,*,#4092,.F.);
#4759 = ADVANCED_FACE('',(#4760),#3793,.T.);
#4760 = FACE_BOUND('',#4761,.T.);
#4761 = EDGE_LOOP('',(#4762,#4783,#4784,#4785));
#4762 = ORIENTED_EDGE('',*,*,#4763,.F.);
#4763 = EDGE_CURVE('',#3752,#4116,#4764,.T.);
#4764 = SURFACE_CURVE('',#4765,(#4769,#4776),.PCURVE_S1.);
#4765 = LINE('',#4766,#4767);
#4766 = CARTESIAN_POINT('',(16.1,6.3,-0.1));
#4767 = VECTOR('',#4768,1.);
#4768 = DIRECTION('',(0.,0.,1.));
#4769 = PCURVE('',#3793,#4770);
#4770 = DEFINITIONAL_REPRESENTATION('',(#4771),#4775);
#4771 = LINE('',#4772,#4773);
#4772 = CARTESIAN_POINT('',(0.,0.));
#4773 = VECTOR('',#4774,1.);
#4774 = DIRECTION('',(1.,0.));
#4775 = ( GEOMETRIC_REPRESENTATION_CONTEXT(2) 
PARAMETRIC_REPRESENTATION_CONTEXT() REPRESENTATION_CONTEXT('2D SPACE',''
  ) );
#4776 = PCURVE('',#3767,#4777);
#4777 = DEFINITIONAL_REPRESENTATION('',(#4778),#4782);
#4778 = LINE('',#4779,#4780);
#4779 = CARTESIAN_POINT('',(0.,0.));
#4780 = VECTOR('',#4781,1.);
#4781 = DIRECTION('',(1.,0.));
#4782 = ( GEOMETRIC_REPRESENTATION_CONTEXT(2) 
PARAMETRIC_REPRESENTATION_CONTEXT() REPRESENTATION_CONTEXT('2D SPACE',''
  ) );
#4783 = ORIENTED_EDGE('',*,*,#3779,.T.);
#4784 = ORIENTED_EDGE('',*,*,#4711,.T.);
#4785 = ORIENTED_EDGE('',*,*,#4138,.F.);
#4786 = ADVANCED_FACE('',(#4787),#3767,.T.);
#4787 = FACE_BOUND('',#4788,.T.);
#4788 = EDGE_LOOP('',(#4789,#4790,#4791,#4792));
#4789 = ORIENTED_EDGE('',*,*,#4736,.F.);
#4790 = ORIENTED_EDGE('',*,*,#3751,.T.);
#4791 = ORIENTED_EDGE('',*,*,#4763,.T.);
#4792 = ORIENTED_EDGE('',*,*,#4115,.F.);
#4793 = ( GEOMETRIC_REPRESENTATION_CONTEXT(3) 
GLOBAL_UNCERTAINTY_ASSIGNED_CONTEXT((#4797)) 
GLOBAL_UNIT_ASSIGNED_CONTEXT((#4794,#4795,#4796)) REPRESENTATION_CONTEXT
('Context #1','3D Context with UNIT and UNCERTAINTY') );
#4794 = ( LENGTH_UNIT() NAMED_UNIT(*) SI_UNIT(.MILLI.,.METRE.) );
#4795 = ( NAMED_UNIT(*) PLANE_ANGLE_UNIT() SI_UNIT($,.RADIAN.) );
#4796 = ( NAMED_UNIT(*) SI_UNIT($,.STERADIAN.) SOLID_ANGLE_UNIT() );
#4797 = UNCERTAINTY_MEASURE_WITH_UNIT(LENGTH_MEASURE(1.E-07),#4794,
  'distance_accuracy_value','confusion accuracy');
#4798 = PRODUCT_RELATED_PRODUCT_CATEGORY('part',$,(#7));
ENDSEC;
END-ISO-10303-21;
